timestamp_folder,pig_id,pig_timestamp,rgb_jpg,ir_jpg,depth_jpg,label
20260123-14-46-37,0,20260123-14-47-04,/Users/akbar/Downloads/paal_pipeline/data/20260123-14-46-37/pig0_rgb_20260123-14-47-04.jpg,/Users/akbar/Downloads/paal_pipeline/data/20260123-14-46-37/pig0_ir_vis_20260123-14-47-04.jpg,/Users/akbar/Downloads/paal_pipeline/data/20260123-14-46-37/pig0_depth_vis_20260123-14-47-04.jpg,0
20260123-14-46-37,2,20260123-14-47-21,/Users/akbar/Downloads/paal_pipeline/data/20260123-14-46-37/pig2_rgb_20260123-14-47-21.jpg,/Users/akbar/Downloads/paal_pipeline/data/20260123-14-46-37/pig2_ir_vis_20260123-14-47-21.jpg,/Users/akbar/Downloads/paal_pipeline/data/20260123-14-46-37/pig2_depth_vis_20260123-14-47-21.jpg,0
20260123-14-46-37,3,20260123-14-47-30,/Users/akbar/Downloads/paal_pipeline/data/20260123-14-46-37/pig3_rgb_20260123-14-47-30.jpg,/Users/akbar/Downloads/paal_pipeline/data/20260123-14-46-37/pig3_ir_vis_20260123-14-47-30.jpg,/Users/akbar/Downloads/paal_pipeline/data/20260123-14-46-37/pig3_depth_vis_20260123-14-47-30.jpg,0
20260123-14-46-37,4,20260123-14-47-48,/Users/akbar/Downloads/paal_pipeline/data/20260123-14-46-37/pig4_rgb_20260123-14-47-48.jpg,/Users/akbar/Downloads/paal_pipeline/data/20260123-14-46-37/pig4_ir_vis_20260123-14-47-48.jpg,/Users/akbar/Downloads/paal_pipeline/data/20260123-14-46-37/pig4_depth_vis_20260123-14-47-48.jpg,0
20260123-14-46-37,5,20260123-14-47-57,/Users/akbar/Downloads/paal_pipeline/data/20260123-14-46-37/pig5_rgb_20260123-14-47-57.jpg,/Users/akbar/Downloads/paal_pipeline/data/20260123-14-46-37/pig5_ir_vis_20260123-14-47-57.jpg,/Users/akbar/Downloads/paal_pipeline/data/20260123-14-46-37/pig5_depth_vis_20260123-14-47-57.jpg,0
20260123-14-46-37,6,20260123-14-48-06,/Users/akbar/Downloads/paal_pipeline/data/20260123-14-46-37/pig6_rgb_20260123-14-48-06.jpg,/Users/akbar/Downloads/paal_pipeline/data/20260123-14-46-37/pig6_ir_vis_20260123-14-48-06.jpg,/Users/akbar/Downloads/paal_pipeline/data/20260123-14-46-37/pig6_depth_vis_20260123-14-48-06.jpg,0
20260123-14-46-37,7,20260123-14-48-15,/Users/akbar/Downloads/paal_pipeline/data/20260123-14-46-37/pig7_rgb_20260123-14-48-15.jpg,/Users/akbar/Downloads/paal_pipeline/data/20260123-14-46-37/pig7_ir_vis_20260123-14-48-15.jpg,/Users/akbar/Downloads/paal_pipeline/data/20260123-14-46-37/pig7_depth_vis_20260123-14-48-15.jpg,0
20260123-14-46-37,8,20260123-14-48-24,/Users/akbar/Downloads/paal_pipeline/data/20260123-14-46-37/pig8_rgb_20260123-14-48-24.jpg,/Users/akbar/Downloads/paal_pipeline/data/20260123-14-46-37/pig8_ir_vis_20260123-14-48-24.jpg,/Users/akbar/Downloads/paal_pipeline/data/20260123-14-46-37/pig8_depth_vis_20260123-14-48-24.jpg,0
20260123-14-46-37,9,20260123-14-48-33,/Users/akbar/Downloads/paal_pipeline/data/20260123-14-46-37/pig9_rgb_20260123-14-48-33.jpg,/Users/akbar/Downloads/paal_pipeline/data/20260123-14-46-37/pig9_ir_vis_20260123-14-48-33.jpg,/Users/akbar/Downloads/paal_pipeline/data/20260123-14-46-37/pig9_depth_vis_20260123-14-48-33.jpg,0
20260123-14-46-37,10,20260123-14-48-42,/Users/akbar/Downloads/paal_pipeline/data/20260123-14-46-37/pig10_rgb_20260123-14-48-42.jpg,/Users/akbar/Downloads/paal_pipeline/data/20260123-14-46-37/pig10_ir_vis_20260123-14-48-42.jpg,/Users/akbar/Downloads/paal_pipeline/data/20260123-14-46-37/pig10_depth_vis_20260123-14-48-42.jpg,0
20260123-14-46-37,11,20260123-14-48-51,/Users/akbar/Downloads/paal_pipeline/data/20260123-14-46-37/pig11_rgb_20260123-14-48-51.jpg,/Users/akbar/Downloads/paal_pipeline/data/20260123-14-46-37/pig11_ir_vis_20260123-14-48-51.jpg,/Users/akbar/Downloads/paal_pipeline/data/20260123-14-46-37/pig11_depth_vis_20260123-14-48-51.jpg,0
20260123-14-46-37,13,20260123-14-49-08,/Users/akbar/Downloads/paal_pipeline/data/20260123-14-46-37/pig13_rgb_20260123-14-49-08.jpg,/Users/akbar/Downloads/paal_pipeline/data/20260123-14-46-37/pig13_ir_vis_20260123-14-49-08.jpg,/Users/akbar/Downloads/paal_pipeline/data/20260123-14-46-37/pig13_depth_vis_20260123-14-49-08.jpg,0
20260123-14-46-37,14,20260123-14-49-18,/Users/akbar/Downloads/paal_pipeline/data/20260123-14-46-37/pig14_rgb_20260123-14-49-18.jpg,/Users/akbar/Downloads/paal_pipeline/data/20260123-14-46-37/pig14_ir_vis_20260123-14-49-18.jpg,/Users/akbar/Downloads/paal_pipeline/data/20260123-14-46-37/pig14_depth_vis_20260123-14-49-18.jpg,0
20260123-14-46-37,15,20260123-14-49-26,/Users/akbar/Downloads/paal_pipeline/data/20260123-14-46-37/pig15_rgb_20260123-14-49-26.jpg,/Users/akbar/Downloads/paal_pipeline/data/20260123-14-46-37/pig15_ir_vis_20260123-14-49-26.jpg,/Users/akbar/Downloads/paal_pipeline/data/20260123-14-46-37/pig15_depth_vis_20260123-14-49-26.jpg,0
20260123-14-46-37,17,20260123-14-49-44,/Users/akbar/Downloads/paal_pipeline/data/20260123-14-46-37/pig17_rgb_20260123-14-49-44.jpg,/Users/akbar/Downloads/paal_pipeline/data/20260123-14-46-37/pig17_ir_vis_20260123-14-49-44.jpg,/Users/akbar/Downloads/paal_pipeline/data/20260123-14-46-37/pig17_depth_vis_20260123-14-49-44.jpg,0
20260123-15-29-16,0,20260123-15-29-42,/Users/akbar/Downloads/paal_pipeline/data/20260123-15-29-16/pig0_rgb_20260123-15-29-42.jpg,/Users/akbar/Downloads/paal_pipeline/data/20260123-15-29-16/pig0_ir_vis_20260123-15-29-42.jpg,/Users/akbar/Downloads/paal_pipeline/data/20260123-15-29-16/pig0_depth_vis_20260123-15-29-42.jpg,0
20260123-15-29-16,2,20260123-15-30-00,/Users/akbar/Downloads/paal_pipeline/data/20260123-15-29-16/pig2_rgb_20260123-15-30-00.jpg,/Users/akbar/Downloads/paal_pipeline/data/20260123-15-29-16/pig2_ir_vis_20260123-15-30-00.jpg,/Users/akbar/Downloads/paal_pipeline/data/20260123-15-29-16/pig2_depth_vis_20260123-15-30-00.jpg,0
20260123-15-29-16,3,20260123-15-30-09,/Users/akbar/Downloads/paal_pipeline/data/20260123-15-29-16/pig3_rgb_20260123-15-30-09.jpg,/Users/akbar/Downloads/paal_pipeline/data/20260123-15-29-16/pig3_ir_vis_20260123-15-30-09.jpg,/Users/akbar/Downloads/paal_pipeline/data/20260123-15-29-16/pig3_depth_vis_20260123-15-30-09.jpg,0
20260123-15-29-16,4,20260123-15-30-27,/Users/akbar/Downloads/paal_pipeline/data/20260123-15-29-16/pig4_rgb_20260123-15-30-27.jpg,/Users/akbar/Downloads/paal_pipeline/data/20260123-15-29-16/pig4_ir_vis_20260123-15-30-27.jpg,/Users/akbar/Downloads/paal_pipeline/data/20260123-15-29-16/pig4_depth_vis_20260123-15-30-27.jpg,0
20260123-15-29-16,5,20260123-15-30-36,/Users/akbar/Downloads/paal_pipeline/data/20260123-15-29-16/pig5_rgb_20260123-15-30-36.jpg,/Users/akbar/Downloads/paal_pipeline/data/20260123-15-29-16/pig5_ir_vis_20260123-15-30-36.jpg,/Users/akbar/Downloads/paal_pipeline/data/20260123-15-29-16/pig5_depth_vis_20260123-15-30-36.jpg,0
20260123-15-29-16,6,20260123-15-30-45,/Users/akbar/Downloads/paal_pipeline/data/20260123-15-29-16/pig6_rgb_20260123-15-30-45.jpg,/Users/akbar/Downloads/paal_pipeline/data/20260123-15-29-16/pig6_ir_vis_20260123-15-30-45.jpg,/Users/akbar/Downloads/paal_pipeline/data/20260123-15-29-16/pig6_depth_vis_20260123-15-30-45.jpg,0
20260123-15-29-16,7,20260123-15-30-54,/Users/akbar/Downloads/paal_pipeline/data/20260123-15-29-16/pig7_rgb_20260123-15-30-54.jpg,/Users/akbar/Downloads/paal_pipeline/data/20260123-15-29-16/pig7_ir_vis_20260123-15-30-54.jpg,/Users/akbar/Downloads/paal_pipeline/data/20260123-15-29-16/pig7_depth_vis_20260123-15-30-54.jpg,0
20260123-15-29-16,8,20260123-15-31-02,/Users/akbar/Downloads/paal_pipeline/data/20260123-15-29-16/pig8_rgb_20260123-15-31-02.jpg,/Users/akbar/Downloads/paal_pipeline/data/20260123-15-29-16/pig8_ir_vis_20260123-15-31-02.jpg,/Users/akbar/Downloads/paal_pipeline/data/20260123-15-29-16/pig8_depth_vis_20260123-15-31-02.jpg,0
20260123-15-29-16,9,20260123-15-31-11,/Users/akbar/Downloads/paal_pipeline/data/20260123-15-29-16/pig9_rgb_20260123-15-31-11.jpg,/Users/akbar/Downloads/paal_pipeline/data/20260123-15-29-16/pig9_ir_vis_20260123-15-31-11.jpg,/Users/akbar/Downloads/paal_pipeline/data/20260123-15-29-16/pig9_depth_vis_20260123-15-31-11.jpg,0
20260123-15-29-16,10,20260123-15-31-20,/Users/akbar/Downloads/paal_pipeline/data/20260123-15-29-16/pig10_rgb_20260123-15-31-20.jpg,/Users/akbar/Downloads/paal_pipeline/data/20260123-15-29-16/pig10_ir_vis_20260123-15-31-20.jpg,/Users/akbar/Downloads/paal_pipeline/data/20260123-15-29-16/pig10_depth_vis_20260123-15-31-20.jpg,0
20260123-15-29-16,11,20260123-15-31-29,/Users/akbar/Downloads/paal_pipeline/data/20260123-15-29-16/pig11_rgb_20260123-15-31-29.jpg,/Users/akbar/Downloads/paal_pipeline/data/20260123-15-29-16/pig11_ir_vis_20260123-15-31-29.jpg,/Users/akbar/Downloads/paal_pipeline/data/20260123-15-29-16/pig11_depth_vis_20260123-15-31-29.jpg,0
20260123-15-29-16,13,20260123-15-31-47,/Users/akbar/Downloads/paal_pipeline/data/20260123-15-29-16/pig13_rgb_20260123-15-31-47.jpg,/Users/akbar/Downloads/paal_pipeline/data/20260123-15-29-16/pig13_ir_vis_20260123-15-31-47.jpg,/Users/akbar/Downloads/paal_pipeline/data/20260123-15-29-16/pig13_depth_vis_20260123-15-31-47.jpg,0
20260123-15-29-16,14,20260123-15-31-56,/Users/akbar/Downloads/paal_pipeline/data/20260123-15-29-16/pig14_rgb_20260123-15-31-56.jpg,/Users/akbar/Downloads/paal_pipeline/data/20260123-15-29-16/pig14_ir_vis_20260123-15-31-56.jpg,/Users/akbar/Downloads/paal_pipeline/data/20260123-15-29-16/pig14_depth_vis_20260123-15-31-56.jpg,0
20260123-15-29-16,15,20260123-15-32-05,/Users/akbar/Downloads/paal_pipeline/data/20260123-15-29-16/pig15_rgb_20260123-15-32-05.jpg,/Users/akbar/Downloads/paal_pipeline/data/20260123-15-29-16/pig15_ir_vis_20260123-15-32-05.jpg,/Users/akbar/Downloads/paal_pipeline/data/20260123-15-29-16/pig15_depth_vis_20260123-15-32-05.jpg,0
20260123-15-29-16,17,20260123-15-32-22,/Users/akbar/Downloads/paal_pipeline/data/20260123-15-29-16/pig17_rgb_20260123-15-32-22.jpg,/Users/akbar/Downloads/paal_pipeline/data/20260123-15-29-16/pig17_ir_vis_20260123-15-32-22.jpg,/Users/akbar/Downloads/paal_pipeline/data/20260123-15-29-16/pig17_depth_vis_20260123-15-32-22.jpg,0
20260123-20-02-26,0,20260123-20-02-52,/Users/akbar/Downloads/paal_pipeline/data/20260123-20-02-26/pig0_rgb_20260123-20-02-52.jpg,/Users/akbar/Downloads/paal_pipeline/data/20260123-20-02-26/pig0_ir_vis_20260123-20-02-52.jpg,/Users/akbar/Downloads/paal_pipeline/data/20260123-20-02-26/pig0_depth_vis_20260123-20-02-52.jpg,2
20260123-20-02-26,2,20260123-20-03-10,/Users/akbar/Downloads/paal_pipeline/data/20260123-20-02-26/pig2_rgb_20260123-20-03-10.jpg,/Users/akbar/Downloads/paal_pipeline/data/20260123-20-02-26/pig2_ir_vis_20260123-20-03-10.jpg,/Users/akbar/Downloads/paal_pipeline/data/20260123-20-02-26/pig2_depth_vis_20260123-20-03-10.jpg,0
20260123-20-02-26,3,20260123-20-03-19,/Users/akbar/Downloads/paal_pipeline/data/20260123-20-02-26/pig3_rgb_20260123-20-03-19.jpg,/Users/akbar/Downloads/paal_pipeline/data/20260123-20-02-26/pig3_ir_vis_20260123-20-03-19.jpg,/Users/akbar/Downloads/paal_pipeline/data/20260123-20-02-26/pig3_depth_vis_20260123-20-03-19.jpg,0
20260123-20-02-26,4,20260123-20-03-28,/Users/akbar/Downloads/paal_pipeline/data/20260123-20-02-26/pig4_rgb_20260123-20-03-28.jpg,/Users/akbar/Downloads/paal_pipeline/data/20260123-20-02-26/pig4_ir_vis_20260123-20-03-28.jpg,/Users/akbar/Downloads/paal_pipeline/data/20260123-20-02-26/pig4_depth_vis_20260123-20-03-28.jpg,2
20260123-20-02-26,5,20260123-20-03-37,/Users/akbar/Downloads/paal_pipeline/data/20260123-20-02-26/pig5_rgb_20260123-20-03-37.jpg,/Users/akbar/Downloads/paal_pipeline/data/20260123-20-02-26/pig5_ir_vis_20260123-20-03-37.jpg,/Users/akbar/Downloads/paal_pipeline/data/20260123-20-02-26/pig5_depth_vis_20260123-20-03-37.jpg,2
20260123-20-02-26,6,20260123-20-03-46,/Users/akbar/Downloads/paal_pipeline/data/20260123-20-02-26/pig6_rgb_20260123-20-03-46.jpg,/Users/akbar/Downloads/paal_pipeline/data/20260123-20-02-26/pig6_ir_vis_20260123-20-03-46.jpg,/Users/akbar/Downloads/paal_pipeline/data/20260123-20-02-26/pig6_depth_vis_20260123-20-03-46.jpg,2
20260123-20-02-26,7,20260123-20-03-55,/Users/akbar/Downloads/paal_pipeline/data/20260123-20-02-26/pig7_rgb_20260123-20-03-55.jpg,/Users/akbar/Downloads/paal_pipeline/data/20260123-20-02-26/pig7_ir_vis_20260123-20-03-55.jpg,/Users/akbar/Downloads/paal_pipeline/data/20260123-20-02-26/pig7_depth_vis_20260123-20-03-55.jpg,0
20260123-20-02-26,8,20260123-20-04-04,/Users/akbar/Downloads/paal_pipeline/data/20260123-20-02-26/pig8_rgb_20260123-20-04-04.jpg,/Users/akbar/Downloads/paal_pipeline/data/20260123-20-02-26/pig8_ir_vis_20260123-20-04-04.jpg,/Users/akbar/Downloads/paal_pipeline/data/20260123-20-02-26/pig8_depth_vis_20260123-20-04-04.jpg,0
20260123-20-02-26,9,20260123-20-04-12,/Users/akbar/Downloads/paal_pipeline/data/20260123-20-02-26/pig9_rgb_20260123-20-04-12.jpg,/Users/akbar/Downloads/paal_pipeline/data/20260123-20-02-26/pig9_ir_vis_20260123-20-04-12.jpg,/Users/akbar/Downloads/paal_pipeline/data/20260123-20-02-26/pig9_depth_vis_20260123-20-04-12.jpg,2
20260123-20-02-26,10,20260123-20-04-21,/Users/akbar/Downloads/paal_pipeline/data/20260123-20-02-26/pig10_rgb_20260123-20-04-21.jpg,/Users/akbar/Downloads/paal_pipeline/data/20260123-20-02-26/pig10_ir_vis_20260123-20-04-21.jpg,/Users/akbar/Downloads/paal_pipeline/data/20260123-20-02-26/pig10_depth_vis_20260123-20-04-21.jpg,0
20260123-20-02-26,11,20260123-20-04-30,/Users/akbar/Downloads/paal_pipeline/data/20260123-20-02-26/pig11_rgb_20260123-20-04-30.jpg,/Users/akbar/Downloads/paal_pipeline/data/20260123-20-02-26/pig11_ir_vis_20260123-20-04-30.jpg,/Users/akbar/Downloads/paal_pipeline/data/20260123-20-02-26/pig11_depth_vis_20260123-20-04-30.jpg,0
20260123-20-02-26,12,20260123-20-04-39,/Users/akbar/Downloads/paal_pipeline/data/20260123-20-02-26/pig12_rgb_20260123-20-04-39.jpg,/Users/akbar/Downloads/paal_pipeline/data/20260123-20-02-26/pig12_ir_vis_20260123-20-04-39.jpg,/Users/akbar/Downloads/paal_pipeline/data/20260123-20-02-26/pig12_depth_vis_20260123-20-04-39.jpg,2
20260123-20-02-26,14,20260123-20-04-57,/Users/akbar/Downloads/paal_pipeline/data/20260123-20-02-26/pig14_rgb_20260123-20-04-57.jpg,/Users/akbar/Downloads/paal_pipeline/data/20260123-20-02-26/pig14_ir_vis_20260123-20-04-57.jpg,/Users/akbar/Downloads/paal_pipeline/data/20260123-20-02-26/pig14_depth_vis_20260123-20-04-57.jpg,2
20260123-20-02-26,15,20260123-20-05-06,/Users/akbar/Downloads/paal_pipeline/data/20260123-20-02-26/pig15_rgb_20260123-20-05-06.jpg,/Users/akbar/Downloads/paal_pipeline/data/20260123-20-02-26/pig15_ir_vis_20260123-20-05-06.jpg,/Users/akbar/Downloads/paal_pipeline/data/20260123-20-02-26/pig15_depth_vis_20260123-20-05-06.jpg,2
20260123-20-02-26,16,20260123-20-05-15,/Users/akbar/Downloads/paal_pipeline/data/20260123-20-02-26/pig16_rgb_20260123-20-05-15.jpg,/Users/akbar/Downloads/paal_pipeline/data/20260123-20-02-26/pig16_ir_vis_20260123-20-05-15.jpg,/Users/akbar/Downloads/paal_pipeline/data/20260123-20-02-26/pig16_depth_vis_20260123-20-05-15.jpg,2
20260123-20-02-26,18,20260123-20-05-32,/Users/akbar/Downloads/paal_pipeline/data/20260123-20-02-26/pig18_rgb_20260123-20-05-32.jpg,/Users/akbar/Downloads/paal_pipeline/data/20260123-20-02-26/pig18_ir_vis_20260123-20-05-32.jpg,/Users/akbar/Downloads/paal_pipeline/data/20260123-20-02-26/pig18_depth_vis_20260123-20-05-32.jpg,2
20260124-04-02-05,0,20260124-04-02-31,/Users/akbar/Downloads/paal_pipeline/data/20260124-04-02-05/pig0_rgb_20260124-04-02-31.jpg,/Users/akbar/Downloads/paal_pipeline/data/20260124-04-02-05/pig0_ir_vis_20260124-04-02-31.jpg,/Users/akbar/Downloads/paal_pipeline/data/20260124-04-02-05/pig0_depth_vis_20260124-04-02-31.jpg,2
20260124-04-02-05,2,20260124-04-02-49,/Users/akbar/Downloads/paal_pipeline/data/20260124-04-02-05/pig2_rgb_20260124-04-02-49.jpg,/Users/akbar/Downloads/paal_pipeline/data/20260124-04-02-05/pig2_ir_vis_20260124-04-02-49.jpg,/Users/akbar/Downloads/paal_pipeline/data/20260124-04-02-05/pig2_depth_vis_20260124-04-02-49.jpg,2
20260124-04-02-05,3,20260124-04-02-58,/Users/akbar/Downloads/paal_pipeline/data/20260124-04-02-05/pig3_rgb_20260124-04-02-58.jpg,/Users/akbar/Downloads/paal_pipeline/data/20260124-04-02-05/pig3_ir_vis_20260124-04-02-58.jpg,/Users/akbar/Downloads/paal_pipeline/data/20260124-04-02-05/pig3_depth_vis_20260124-04-02-58.jpg,2
20260124-04-02-05,4,20260124-04-03-07,/Users/akbar/Downloads/paal_pipeline/data/20260124-04-02-05/pig4_rgb_20260124-04-03-07.jpg,/Users/akbar/Downloads/paal_pipeline/data/20260124-04-02-05/pig4_ir_vis_20260124-04-03-07.jpg,/Users/akbar/Downloads/paal_pipeline/data/20260124-04-02-05/pig4_depth_vis_20260124-04-03-07.jpg,2
20260124-04-02-05,5,20260124-04-03-16,/Users/akbar/Downloads/paal_pipeline/data/20260124-04-02-05/pig5_rgb_20260124-04-03-16.jpg,/Users/akbar/Downloads/paal_pipeline/data/20260124-04-02-05/pig5_ir_vis_20260124-04-03-16.jpg,/Users/akbar/Downloads/paal_pipeline/data/20260124-04-02-05/pig5_depth_vis_20260124-04-03-16.jpg,2
20260124-04-02-05,6,20260124-04-03-24,/Users/akbar/Downloads/paal_pipeline/data/20260124-04-02-05/pig6_rgb_20260124-04-03-24.jpg,/Users/akbar/Downloads/paal_pipeline/data/20260124-04-02-05/pig6_ir_vis_20260124-04-03-24.jpg,/Users/akbar/Downloads/paal_pipeline/data/20260124-04-02-05/pig6_depth_vis_20260124-04-03-24.jpg,2
20260124-04-02-05,7,20260124-04-03-33,/Users/akbar/Downloads/paal_pipeline/data/20260124-04-02-05/pig7_rgb_20260124-04-03-33.jpg,/Users/akbar/Downloads/paal_pipeline/data/20260124-04-02-05/pig7_ir_vis_20260124-04-03-33.jpg,/Users/akbar/Downloads/paal_pipeline/data/20260124-04-02-05/pig7_depth_vis_20260124-04-03-33.jpg,2
20260124-04-02-05,8,20260124-04-03-42,/Users/akbar/Downloads/paal_pipeline/data/20260124-04-02-05/pig8_rgb_20260124-04-03-42.jpg,/Users/akbar/Downloads/paal_pipeline/data/20260124-04-02-05/pig8_ir_vis_20260124-04-03-42.jpg,/Users/akbar/Downloads/paal_pipeline/data/20260124-04-02-05/pig8_depth_vis_20260124-04-03-42.jpg,2
20260124-04-02-05,9,20260124-04-03-51,/Users/akbar/Downloads/paal_pipeline/data/20260124-04-02-05/pig9_rgb_20260124-04-03-51.jpg,/Users/akbar/Downloads/paal_pipeline/data/20260124-04-02-05/pig9_ir_vis_20260124-04-03-51.jpg,/Users/akbar/Downloads/paal_pipeline/data/20260124-04-02-05/pig9_depth_vis_20260124-04-03-51.jpg,0
20260124-04-02-05,10,20260124-04-04-00,/Users/akbar/Downloads/paal_pipeline/data/20260124-04-02-05/pig10_rgb_20260124-04-04-00.jpg,/Users/akbar/Downloads/paal_pipeline/data/20260124-04-02-05/pig10_ir_vis_20260124-04-04-00.jpg,/Users/akbar/Downloads/paal_pipeline/data/20260124-04-02-05/pig10_depth_vis_20260124-04-04-00.jpg,0
20260124-04-02-05,11,20260124-04-04-09,/Users/akbar/Downloads/paal_pipeline/data/20260124-04-02-05/pig11_rgb_20260124-04-04-09.jpg,/Users/akbar/Downloads/paal_pipeline/data/20260124-04-02-05/pig11_ir_vis_20260124-04-04-09.jpg,/Users/akbar/Downloads/paal_pipeline/data/20260124-04-02-05/pig11_depth_vis_20260124-04-04-09.jpg,2
20260124-04-02-05,12,20260124-04-04-18,/Users/akbar/Downloads/paal_pipeline/data/20260124-04-02-05/pig12_rgb_20260124-04-04-18.jpg,/Users/akbar/Downloads/paal_pipeline/data/20260124-04-02-05/pig12_ir_vis_20260124-04-04-18.jpg,/Users/akbar/Downloads/paal_pipeline/data/20260124-04-02-05/pig12_depth_vis_20260124-04-04-18.jpg,2
20260124-04-02-05,14,20260124-04-04-36,/Users/akbar/Downloads/paal_pipeline/data/20260124-04-02-05/pig14_rgb_20260124-04-04-36.jpg,/Users/akbar/Downloads/paal_pipeline/data/20260124-04-02-05/pig14_ir_vis_20260124-04-04-36.jpg,/Users/akbar/Downloads/paal_pipeline/data/20260124-04-02-05/pig14_depth_vis_20260124-04-04-36.jpg,2
20260124-04-02-05,15,20260124-04-04-45,/Users/akbar/Downloads/paal_pipeline/data/20260124-04-02-05/pig15_rgb_20260124-04-04-45.jpg,/Users/akbar/Downloads/paal_pipeline/data/20260124-04-02-05/pig15_ir_vis_20260124-04-04-45.jpg,/Users/akbar/Downloads/paal_pipeline/data/20260124-04-02-05/pig15_depth_vis_20260124-04-04-45.jpg,2
20260124-04-02-05,16,20260124-04-04-54,/Users/akbar/Downloads/paal_pipeline/data/20260124-04-02-05/pig16_rgb_20260124-04-04-54.jpg,/Users/akbar/Downloads/paal_pipeline/data/20260124-04-02-05/pig16_ir_vis_20260124-04-04-54.jpg,/Users/akbar/Downloads/paal_pipeline/data/20260124-04-02-05/pig16_depth_vis_20260124-04-04-54.jpg,2
20260124-04-02-05,18,20260124-04-05-11,/Users/akbar/Downloads/paal_pipeline/data/20260124-04-02-05/pig18_rgb_20260124-04-05-11.jpg,/Users/akbar/Downloads/paal_pipeline/data/20260124-04-02-05/pig18_ir_vis_20260124-04-05-11.jpg,/Users/akbar/Downloads/paal_pipeline/data/20260124-04-02-05/pig18_depth_vis_20260124-04-05-11.jpg,2
20260124-07-45-55,0,20260124-07-46-21,/Users/akbar/Downloads/paal_pipeline/data/20260124-07-45-55/pig0_rgb_20260124-07-46-21.jpg,/Users/akbar/Downloads/paal_pipeline/data/20260124-07-45-55/pig0_ir_vis_20260124-07-46-21.jpg,/Users/akbar/Downloads/paal_pipeline/data/20260124-07-45-55/pig0_depth_vis_20260124-07-46-21.jpg,0
20260124-07-45-55,2,20260124-07-46-39,/Users/akbar/Downloads/paal_pipeline/data/20260124-07-45-55/pig2_rgb_20260124-07-46-39.jpg,/Users/akbar/Downloads/paal_pipeline/data/20260124-07-45-55/pig2_ir_vis_20260124-07-46-39.jpg,/Users/akbar/Downloads/paal_pipeline/data/20260124-07-45-55/pig2_depth_vis_20260124-07-46-39.jpg,0
20260124-07-45-55,3,20260124-07-46-48,/Users/akbar/Downloads/paal_pipeline/data/20260124-07-45-55/pig3_rgb_20260124-07-46-48.jpg,/Users/akbar/Downloads/paal_pipeline/data/20260124-07-45-55/pig3_ir_vis_20260124-07-46-48.jpg,/Users/akbar/Downloads/paal_pipeline/data/20260124-07-45-55/pig3_depth_vis_20260124-07-46-48.jpg,0
20260124-07-45-55,4,20260124-07-46-57,/Users/akbar/Downloads/paal_pipeline/data/20260124-07-45-55/pig4_rgb_20260124-07-46-57.jpg,/Users/akbar/Downloads/paal_pipeline/data/20260124-07-45-55/pig4_ir_vis_20260124-07-46-57.jpg,/Users/akbar/Downloads/paal_pipeline/data/20260124-07-45-55/pig4_depth_vis_20260124-07-46-57.jpg,0
20260124-07-45-55,5,20260124-07-47-06,/Users/akbar/Downloads/paal_pipeline/data/20260124-07-45-55/pig5_rgb_20260124-07-47-06.jpg,/Users/akbar/Downloads/paal_pipeline/data/20260124-07-45-55/pig5_ir_vis_20260124-07-47-06.jpg,/Users/akbar/Downloads/paal_pipeline/data/20260124-07-45-55/pig5_depth_vis_20260124-07-47-06.jpg,0
20260124-07-45-55,6,20260124-07-47-15,/Users/akbar/Downloads/paal_pipeline/data/20260124-07-45-55/pig6_rgb_20260124-07-47-15.jpg,/Users/akbar/Downloads/paal_pipeline/data/20260124-07-45-55/pig6_ir_vis_20260124-07-47-15.jpg,/Users/akbar/Downloads/paal_pipeline/data/20260124-07-45-55/pig6_depth_vis_20260124-07-47-15.jpg,0
20260124-07-45-55,7,20260124-07-47-24,/Users/akbar/Downloads/paal_pipeline/data/20260124-07-45-55/pig7_rgb_20260124-07-47-24.jpg,/Users/akbar/Downloads/paal_pipeline/data/20260124-07-45-55/pig7_ir_vis_20260124-07-47-24.jpg,/Users/akbar/Downloads/paal_pipeline/data/20260124-07-45-55/pig7_depth_vis_20260124-07-47-24.jpg,0
20260124-07-45-55,8,20260124-07-47-33,/Users/akbar/Downloads/paal_pipeline/data/20260124-07-45-55/pig8_rgb_20260124-07-47-33.jpg,/Users/akbar/Downloads/paal_pipeline/data/20260124-07-45-55/pig8_ir_vis_20260124-07-47-33.jpg,/Users/akbar/Downloads/paal_pipeline/data/20260124-07-45-55/pig8_depth_vis_20260124-07-47-33.jpg,0
20260124-07-45-55,9,20260124-07-47-41,/Users/akbar/Downloads/paal_pipeline/data/20260124-07-45-55/pig9_rgb_20260124-07-47-41.jpg,/Users/akbar/Downloads/paal_pipeline/data/20260124-07-45-55/pig9_ir_vis_20260124-07-47-41.jpg,/Users/akbar/Downloads/paal_pipeline/data/20260124-07-45-55/pig9_depth_vis_20260124-07-47-41.jpg,0
20260124-07-45-55,10,20260124-07-47-50,/Users/akbar/Downloads/paal_pipeline/data/20260124-07-45-55/pig10_rgb_20260124-07-47-50.jpg,/Users/akbar/Downloads/paal_pipeline/data/20260124-07-45-55/pig10_ir_vis_20260124-07-47-50.jpg,/Users/akbar/Downloads/paal_pipeline/data/20260124-07-45-55/pig10_depth_vis_20260124-07-47-50.jpg,0
20260124-07-45-55,11,20260124-07-47-59,/Users/akbar/Downloads/paal_pipeline/data/20260124-07-45-55/pig11_rgb_20260124-07-47-59.jpg,/Users/akbar/Downloads/paal_pipeline/data/20260124-07-45-55/pig11_ir_vis_20260124-07-47-59.jpg,/Users/akbar/Downloads/paal_pipeline/data/20260124-07-45-55/pig11_depth_vis_20260124-07-47-59.jpg,0
20260124-07-45-55,12,20260124-07-48-08,/Users/akbar/Downloads/paal_pipeline/data/20260124-07-45-55/pig12_rgb_20260124-07-48-08.jpg,/Users/akbar/Downloads/paal_pipeline/data/20260124-07-45-55/pig12_ir_vis_20260124-07-48-08.jpg,/Users/akbar/Downloads/paal_pipeline/data/20260124-07-45-55/pig12_depth_vis_20260124-07-48-08.jpg,0
20260124-07-45-55,14,20260124-07-48-26,/Users/akbar/Downloads/paal_pipeline/data/20260124-07-45-55/pig14_rgb_20260124-07-48-26.jpg,/Users/akbar/Downloads/paal_pipeline/data/20260124-07-45-55/pig14_ir_vis_20260124-07-48-26.jpg,/Users/akbar/Downloads/paal_pipeline/data/20260124-07-45-55/pig14_depth_vis_20260124-07-48-26.jpg,0
20260124-07-45-55,15,20260124-07-48-35,/Users/akbar/Downloads/paal_pipeline/data/20260124-07-45-55/pig15_rgb_20260124-07-48-35.jpg,/Users/akbar/Downloads/paal_pipeline/data/20260124-07-45-55/pig15_ir_vis_20260124-07-48-35.jpg,/Users/akbar/Downloads/paal_pipeline/data/20260124-07-45-55/pig15_depth_vis_20260124-07-48-35.jpg,0
20260124-07-45-55,16,20260124-07-48-44,/Users/akbar/Downloads/paal_pipeline/data/20260124-07-45-55/pig16_rgb_20260124-07-48-44.jpg,/Users/akbar/Downloads/paal_pipeline/data/20260124-07-45-55/pig16_ir_vis_20260124-07-48-44.jpg,/Users/akbar/Downloads/paal_pipeline/data/20260124-07-45-55/pig16_depth_vis_20260124-07-48-44.jpg,0
20260124-07-45-55,18,20260124-07-49-01,/Users/akbar/Downloads/paal_pipeline/data/20260124-07-45-55/pig18_rgb_20260124-07-49-01.jpg,/Users/akbar/Downloads/paal_pipeline/data/20260124-07-45-55/pig18_ir_vis_20260124-07-49-01.jpg,/Users/akbar/Downloads/paal_pipeline/data/20260124-07-45-55/pig18_depth_vis_20260124-07-49-01.jpg,0
20260124-14-09-40,0,20260124-14-10-06,/Users/akbar/Downloads/paal_pipeline/data/20260124-14-09-40/pig0_rgb_20260124-14-10-06.jpg,/Users/akbar/Downloads/paal_pipeline/data/20260124-14-09-40/pig0_ir_vis_20260124-14-10-06.jpg,/Users/akbar/Downloads/paal_pipeline/data/20260124-14-09-40/pig0_depth_vis_20260124-14-10-06.jpg,0
20260124-14-09-40,2,20260124-14-10-24,/Users/akbar/Downloads/paal_pipeline/data/20260124-14-09-40/pig2_rgb_20260124-14-10-24.jpg,/Users/akbar/Downloads/paal_pipeline/data/20260124-14-09-40/pig2_ir_vis_20260124-14-10-24.jpg,/Users/akbar/Downloads/paal_pipeline/data/20260124-14-09-40/pig2_depth_vis_20260124-14-10-24.jpg,0
20260124-14-09-40,3,20260124-14-10-33,/Users/akbar/Downloads/paal_pipeline/data/20260124-14-09-40/pig3_rgb_20260124-14-10-33.jpg,/Users/akbar/Downloads/paal_pipeline/data/20260124-14-09-40/pig3_ir_vis_20260124-14-10-33.jpg,/Users/akbar/Downloads/paal_pipeline/data/20260124-14-09-40/pig3_depth_vis_20260124-14-10-33.jpg,0
20260124-14-09-40,4,20260124-14-10-42,/Users/akbar/Downloads/paal_pipeline/data/20260124-14-09-40/pig4_rgb_20260124-14-10-42.jpg,/Users/akbar/Downloads/paal_pipeline/data/20260124-14-09-40/pig4_ir_vis_20260124-14-10-42.jpg,/Users/akbar/Downloads/paal_pipeline/data/20260124-14-09-40/pig4_depth_vis_20260124-14-10-42.jpg,0
20260124-14-09-40,5,20260124-14-10-51,/Users/akbar/Downloads/paal_pipeline/data/20260124-14-09-40/pig5_rgb_20260124-14-10-51.jpg,/Users/akbar/Downloads/paal_pipeline/data/20260124-14-09-40/pig5_ir_vis_20260124-14-10-51.jpg,/Users/akbar/Downloads/paal_pipeline/data/20260124-14-09-40/pig5_depth_vis_20260124-14-10-51.jpg,0
20260124-14-09-40,6,20260124-14-11-00,/Users/akbar/Downloads/paal_pipeline/data/20260124-14-09-40/pig6_rgb_20260124-14-11-00.jpg,/Users/akbar/Downloads/paal_pipeline/data/20260124-14-09-40/pig6_ir_vis_20260124-14-11-00.jpg,/Users/akbar/Downloads/paal_pipeline/data/20260124-14-09-40/pig6_depth_vis_20260124-14-11-00.jpg,0
20260124-14-09-40,7,20260124-14-11-09,/Users/akbar/Downloads/paal_pipeline/data/20260124-14-09-40/pig7_rgb_20260124-14-11-09.jpg,/Users/akbar/Downloads/paal_pipeline/data/20260124-14-09-40/pig7_ir_vis_20260124-14-11-09.jpg,/Users/akbar/Downloads/paal_pipeline/data/20260124-14-09-40/pig7_depth_vis_20260124-14-11-09.jpg,0
20260124-14-09-40,8,20260124-14-11-18,/Users/akbar/Downloads/paal_pipeline/data/20260124-14-09-40/pig8_rgb_20260124-14-11-18.jpg,/Users/akbar/Downloads/paal_pipeline/data/20260124-14-09-40/pig8_ir_vis_20260124-14-11-18.jpg,/Users/akbar/Downloads/paal_pipeline/data/20260124-14-09-40/pig8_depth_vis_20260124-14-11-18.jpg,0
20260124-14-09-40,9,20260124-14-11-26,/Users/akbar/Downloads/paal_pipeline/data/20260124-14-09-40/pig9_rgb_20260124-14-11-26.jpg,/Users/akbar/Downloads/paal_pipeline/data/20260124-14-09-40/pig9_ir_vis_20260124-14-11-26.jpg,/Users/akbar/Downloads/paal_pipeline/data/20260124-14-09-40/pig9_depth_vis_20260124-14-11-26.jpg,0
20260124-14-09-40,10,20260124-14-11-35,/Users/akbar/Downloads/paal_pipeline/data/20260124-14-09-40/pig10_rgb_20260124-14-11-35.jpg,/Users/akbar/Downloads/paal_pipeline/data/20260124-14-09-40/pig10_ir_vis_20260124-14-11-35.jpg,/Users/akbar/Downloads/paal_pipeline/data/20260124-14-09-40/pig10_depth_vis_20260124-14-11-35.jpg,0
20260124-14-09-40,11,20260124-14-11-44,/Users/akbar/Downloads/paal_pipeline/data/20260124-14-09-40/pig11_rgb_20260124-14-11-44.jpg,/Users/akbar/Downloads/paal_pipeline/data/20260124-14-09-40/pig11_ir_vis_20260124-14-11-44.jpg,/Users/akbar/Downloads/paal_pipeline/data/20260124-14-09-40/pig11_depth_vis_20260124-14-11-44.jpg,0
20260124-14-09-40,12,20260124-14-11-53,/Users/akbar/Downloads/paal_pipeline/data/20260124-14-09-40/pig12_rgb_20260124-14-11-53.jpg,/Users/akbar/Downloads/paal_pipeline/data/20260124-14-09-40/pig12_ir_vis_20260124-14-11-53.jpg,/Users/akbar/Downloads/paal_pipeline/data/20260124-14-09-40/pig12_depth_vis_20260124-14-11-53.jpg,0
20260124-14-09-40,14,20260124-14-12-11,/Users/akbar/Downloads/paal_pipeline/data/20260124-14-09-40/pig14_rgb_20260124-14-12-11.jpg,/Users/akbar/Downloads/paal_pipeline/data/20260124-14-09-40/pig14_ir_vis_20260124-14-12-11.jpg,/Users/akbar/Downloads/paal_pipeline/data/20260124-14-09-40/pig14_depth_vis_20260124-14-12-11.jpg,0
20260124-14-09-40,15,20260124-14-12-20,/Users/akbar/Downloads/paal_pipeline/data/20260124-14-09-40/pig15_rgb_20260124-14-12-20.jpg,/Users/akbar/Downloads/paal_pipeline/data/20260124-14-09-40/pig15_ir_vis_20260124-14-12-20.jpg,/Users/akbar/Downloads/paal_pipeline/data/20260124-14-09-40/pig15_depth_vis_20260124-14-12-20.jpg,0
20260124-14-09-40,16,20260124-14-12-29,/Users/akbar/Downloads/paal_pipeline/data/20260124-14-09-40/pig16_rgb_20260124-14-12-29.jpg,/Users/akbar/Downloads/paal_pipeline/data/20260124-14-09-40/pig16_ir_vis_20260124-14-12-29.jpg,/Users/akbar/Downloads/paal_pipeline/data/20260124-14-09-40/pig16_depth_vis_20260124-14-12-29.jpg,0
20260124-14-09-40,18,20260124-14-12-46,/Users/akbar/Downloads/paal_pipeline/data/20260124-14-09-40/pig18_rgb_20260124-14-12-46.jpg,/Users/akbar/Downloads/paal_pipeline/data/20260124-14-09-40/pig18_ir_vis_20260124-14-12-46.jpg,/Users/akbar/Downloads/paal_pipeline/data/20260124-14-09-40/pig18_depth_vis_20260124-14-12-46.jpg,0
20260124-15-24-17,0,20260124-15-24-43,/Users/akbar/Downloads/paal_pipeline/data/20260124-15-24-17/pig0_rgb_20260124-15-24-43.jpg,/Users/akbar/Downloads/paal_pipeline/data/20260124-15-24-17/pig0_ir_vis_20260124-15-24-43.jpg,/Users/akbar/Downloads/paal_pipeline/data/20260124-15-24-17/pig0_depth_vis_20260124-15-24-43.jpg,0
20260124-15-24-17,2,20260124-15-25-01,/Users/akbar/Downloads/paal_pipeline/data/20260124-15-24-17/pig2_rgb_20260124-15-25-01.jpg,/Users/akbar/Downloads/paal_pipeline/data/20260124-15-24-17/pig2_ir_vis_20260124-15-25-01.jpg,/Users/akbar/Downloads/paal_pipeline/data/20260124-15-24-17/pig2_depth_vis_20260124-15-25-01.jpg,0
20260124-15-24-17,3,20260124-15-25-10,/Users/akbar/Downloads/paal_pipeline/data/20260124-15-24-17/pig3_rgb_20260124-15-25-10.jpg,/Users/akbar/Downloads/paal_pipeline/data/20260124-15-24-17/pig3_ir_vis_20260124-15-25-10.jpg,/Users/akbar/Downloads/paal_pipeline/data/20260124-15-24-17/pig3_depth_vis_20260124-15-25-10.jpg,0
20260124-15-24-17,4,20260124-15-25-19,/Users/akbar/Downloads/paal_pipeline/data/20260124-15-24-17/pig4_rgb_20260124-15-25-19.jpg,/Users/akbar/Downloads/paal_pipeline/data/20260124-15-24-17/pig4_ir_vis_20260124-15-25-19.jpg,/Users/akbar/Downloads/paal_pipeline/data/20260124-15-24-17/pig4_depth_vis_20260124-15-25-19.jpg,0
20260124-15-24-17,5,20260124-15-25-28,/Users/akbar/Downloads/paal_pipeline/data/20260124-15-24-17/pig5_rgb_20260124-15-25-28.jpg,/Users/akbar/Downloads/paal_pipeline/data/20260124-15-24-17/pig5_ir_vis_20260124-15-25-28.jpg,/Users/akbar/Downloads/paal_pipeline/data/20260124-15-24-17/pig5_depth_vis_20260124-15-25-28.jpg,0
20260124-15-24-17,6,20260124-15-25-37,/Users/akbar/Downloads/paal_pipeline/data/20260124-15-24-17/pig6_rgb_20260124-15-25-37.jpg,/Users/akbar/Downloads/paal_pipeline/data/20260124-15-24-17/pig6_ir_vis_20260124-15-25-37.jpg,/Users/akbar/Downloads/paal_pipeline/data/20260124-15-24-17/pig6_depth_vis_20260124-15-25-37.jpg,0
20260124-15-24-17,7,20260124-15-25-46,/Users/akbar/Downloads/paal_pipeline/data/20260124-15-24-17/pig7_rgb_20260124-15-25-46.jpg,/Users/akbar/Downloads/paal_pipeline/data/20260124-15-24-17/pig7_ir_vis_20260124-15-25-46.jpg,/Users/akbar/Downloads/paal_pipeline/data/20260124-15-24-17/pig7_depth_vis_20260124-15-25-46.jpg,0
20260124-15-24-17,8,20260124-15-25-55,/Users/akbar/Downloads/paal_pipeline/data/20260124-15-24-17/pig8_rgb_20260124-15-25-55.jpg,/Users/akbar/Downloads/paal_pipeline/data/20260124-15-24-17/pig8_ir_vis_20260124-15-25-55.jpg,/Users/akbar/Downloads/paal_pipeline/data/20260124-15-24-17/pig8_depth_vis_20260124-15-25-55.jpg,0
20260124-15-24-17,9,20260124-15-26-03,/Users/akbar/Downloads/paal_pipeline/data/20260124-15-24-17/pig9_rgb_20260124-15-26-03.jpg,/Users/akbar/Downloads/paal_pipeline/data/20260124-15-24-17/pig9_ir_vis_20260124-15-26-03.jpg,/Users/akbar/Downloads/paal_pipeline/data/20260124-15-24-17/pig9_depth_vis_20260124-15-26-03.jpg,0
20260124-15-24-17,10,20260124-15-26-12,/Users/akbar/Downloads/paal_pipeline/data/20260124-15-24-17/pig10_rgb_20260124-15-26-12.jpg,/Users/akbar/Downloads/paal_pipeline/data/20260124-15-24-17/pig10_ir_vis_20260124-15-26-12.jpg,/Users/akbar/Downloads/paal_pipeline/data/20260124-15-24-17/pig10_depth_vis_20260124-15-26-12.jpg,0
20260124-15-24-17,11,20260124-15-26-21,/Users/akbar/Downloads/paal_pipeline/data/20260124-15-24-17/pig11_rgb_20260124-15-26-21.jpg,/Users/akbar/Downloads/paal_pipeline/data/20260124-15-24-17/pig11_ir_vis_20260124-15-26-21.jpg,/Users/akbar/Downloads/paal_pipeline/data/20260124-15-24-17/pig11_depth_vis_20260124-15-26-21.jpg,0
20260124-15-24-17,12,20260124-15-26-30,/Users/akbar/Downloads/paal_pipeline/data/20260124-15-24-17/pig12_rgb_20260124-15-26-30.jpg,/Users/akbar/Downloads/paal_pipeline/data/20260124-15-24-17/pig12_ir_vis_20260124-15-26-30.jpg,/Users/akbar/Downloads/paal_pipeline/data/20260124-15-24-17/pig12_depth_vis_20260124-15-26-30.jpg,0
20260124-15-24-17,14,20260124-15-26-48,/Users/akbar/Downloads/paal_pipeline/data/20260124-15-24-17/pig14_rgb_20260124-15-26-48.jpg,/Users/akbar/Downloads/paal_pipeline/data/20260124-15-24-17/pig14_ir_vis_20260124-15-26-48.jpg,/Users/akbar/Downloads/paal_pipeline/data/20260124-15-24-17/pig14_depth_vis_20260124-15-26-48.jpg,0
20260124-15-24-17,15,20260124-15-26-57,/Users/akbar/Downloads/paal_pipeline/data/20260124-15-24-17/pig15_rgb_20260124-15-26-57.jpg,/Users/akbar/Downloads/paal_pipeline/data/20260124-15-24-17/pig15_ir_vis_20260124-15-26-57.jpg,/Users/akbar/Downloads/paal_pipeline/data/20260124-15-24-17/pig15_depth_vis_20260124-15-26-57.jpg,0
20260124-15-24-17,16,20260124-15-27-06,/Users/akbar/Downloads/paal_pipeline/data/20260124-15-24-17/pig16_rgb_20260124-15-27-06.jpg,/Users/akbar/Downloads/paal_pipeline/data/20260124-15-24-17/pig16_ir_vis_20260124-15-27-06.jpg,/Users/akbar/Downloads/paal_pipeline/data/20260124-15-24-17/pig16_depth_vis_20260124-15-27-06.jpg,0
20260124-15-24-17,18,20260124-15-27-23,/Users/akbar/Downloads/paal_pipeline/data/20260124-15-24-17/pig18_rgb_20260124-15-27-23.jpg,/Users/akbar/Downloads/paal_pipeline/data/20260124-15-24-17/pig18_ir_vis_20260124-15-27-23.jpg,/Users/akbar/Downloads/paal_pipeline/data/20260124-15-24-17/pig18_depth_vis_20260124-15-27-23.jpg,0
20260124-23-02-40,0,20260124-23-03-07,/Users/akbar/Downloads/paal_pipeline/data/20260124-23-02-40/pig0_rgb_20260124-23-03-07.jpg,/Users/akbar/Downloads/paal_pipeline/data/20260124-23-02-40/pig0_ir_vis_20260124-23-03-07.jpg,/Users/akbar/Downloads/paal_pipeline/data/20260124-23-02-40/pig0_depth_vis_20260124-23-03-07.jpg,2
20260124-23-02-40,2,20260124-23-03-25,/Users/akbar/Downloads/paal_pipeline/data/20260124-23-02-40/pig2_rgb_20260124-23-03-25.jpg,/Users/akbar/Downloads/paal_pipeline/data/20260124-23-02-40/pig2_ir_vis_20260124-23-03-25.jpg,/Users/akbar/Downloads/paal_pipeline/data/20260124-23-02-40/pig2_depth_vis_20260124-23-03-25.jpg,0
20260124-23-02-40,3,20260124-23-03-34,/Users/akbar/Downloads/paal_pipeline/data/20260124-23-02-40/pig3_rgb_20260124-23-03-34.jpg,/Users/akbar/Downloads/paal_pipeline/data/20260124-23-02-40/pig3_ir_vis_20260124-23-03-34.jpg,/Users/akbar/Downloads/paal_pipeline/data/20260124-23-02-40/pig3_depth_vis_20260124-23-03-34.jpg,2
20260124-23-02-40,4,20260124-23-03-42,/Users/akbar/Downloads/paal_pipeline/data/20260124-23-02-40/pig4_rgb_20260124-23-03-42.jpg,/Users/akbar/Downloads/paal_pipeline/data/20260124-23-02-40/pig4_ir_vis_20260124-23-03-42.jpg,/Users/akbar/Downloads/paal_pipeline/data/20260124-23-02-40/pig4_depth_vis_20260124-23-03-42.jpg,2
20260124-23-02-40,5,20260124-23-03-51,/Users/akbar/Downloads/paal_pipeline/data/20260124-23-02-40/pig5_rgb_20260124-23-03-51.jpg,/Users/akbar/Downloads/paal_pipeline/data/20260124-23-02-40/pig5_ir_vis_20260124-23-03-51.jpg,/Users/akbar/Downloads/paal_pipeline/data/20260124-23-02-40/pig5_depth_vis_20260124-23-03-51.jpg,2
20260124-23-02-40,6,20260124-23-04-00,/Users/akbar/Downloads/paal_pipeline/data/20260124-23-02-40/pig6_rgb_20260124-23-04-00.jpg,/Users/akbar/Downloads/paal_pipeline/data/20260124-23-02-40/pig6_ir_vis_20260124-23-04-00.jpg,/Users/akbar/Downloads/paal_pipeline/data/20260124-23-02-40/pig6_depth_vis_20260124-23-04-00.jpg,2
20260124-23-02-40,7,20260124-23-04-09,/Users/akbar/Downloads/paal_pipeline/data/20260124-23-02-40/pig7_rgb_20260124-23-04-09.jpg,/Users/akbar/Downloads/paal_pipeline/data/20260124-23-02-40/pig7_ir_vis_20260124-23-04-09.jpg,/Users/akbar/Downloads/paal_pipeline/data/20260124-23-02-40/pig7_depth_vis_20260124-23-04-09.jpg,2
20260124-23-02-40,8,20260124-23-04-18,/Users/akbar/Downloads/paal_pipeline/data/20260124-23-02-40/pig8_rgb_20260124-23-04-18.jpg,/Users/akbar/Downloads/paal_pipeline/data/20260124-23-02-40/pig8_ir_vis_20260124-23-04-18.jpg,/Users/akbar/Downloads/paal_pipeline/data/20260124-23-02-40/pig8_depth_vis_20260124-23-04-18.jpg,2
20260124-23-02-40,9,20260124-23-04-27,/Users/akbar/Downloads/paal_pipeline/data/20260124-23-02-40/pig9_rgb_20260124-23-04-27.jpg,/Users/akbar/Downloads/paal_pipeline/data/20260124-23-02-40/pig9_ir_vis_20260124-23-04-27.jpg,/Users/akbar/Downloads/paal_pipeline/data/20260124-23-02-40/pig9_depth_vis_20260124-23-04-27.jpg,2
20260124-23-02-40,10,20260124-23-04-36,/Users/akbar/Downloads/paal_pipeline/data/20260124-23-02-40/pig10_rgb_20260124-23-04-36.jpg,/Users/akbar/Downloads/paal_pipeline/data/20260124-23-02-40/pig10_ir_vis_20260124-23-04-36.jpg,/Users/akbar/Downloads/paal_pipeline/data/20260124-23-02-40/pig10_depth_vis_20260124-23-04-36.jpg,2
20260124-23-02-40,11,20260124-23-04-45,/Users/akbar/Downloads/paal_pipeline/data/20260124-23-02-40/pig11_rgb_20260124-23-04-45.jpg,/Users/akbar/Downloads/paal_pipeline/data/20260124-23-02-40/pig11_ir_vis_20260124-23-04-45.jpg,/Users/akbar/Downloads/paal_pipeline/data/20260124-23-02-40/pig11_depth_vis_20260124-23-04-45.jpg,2
20260124-23-02-40,12,20260124-23-04-54,/Users/akbar/Downloads/paal_pipeline/data/20260124-23-02-40/pig12_rgb_20260124-23-04-54.jpg,/Users/akbar/Downloads/paal_pipeline/data/20260124-23-02-40/pig12_ir_vis_20260124-23-04-54.jpg,/Users/akbar/Downloads/paal_pipeline/data/20260124-23-02-40/pig12_depth_vis_20260124-23-04-54.jpg,2
20260124-23-02-40,14,20260124-23-05-11,/Users/akbar/Downloads/paal_pipeline/data/20260124-23-02-40/pig14_rgb_20260124-23-05-11.jpg,/Users/akbar/Downloads/paal_pipeline/data/20260124-23-02-40/pig14_ir_vis_20260124-23-05-11.jpg,/Users/akbar/Downloads/paal_pipeline/data/20260124-23-02-40/pig14_depth_vis_20260124-23-05-11.jpg,2
20260124-23-02-40,15,20260124-23-05-21,/Users/akbar/Downloads/paal_pipeline/data/20260124-23-02-40/pig15_rgb_20260124-23-05-21.jpg,/Users/akbar/Downloads/paal_pipeline/data/20260124-23-02-40/pig15_ir_vis_20260124-23-05-21.jpg,/Users/akbar/Downloads/paal_pipeline/data/20260124-23-02-40/pig15_depth_vis_20260124-23-05-21.jpg,2
20260124-23-02-40,16,20260124-23-05-29,/Users/akbar/Downloads/paal_pipeline/data/20260124-23-02-40/pig16_rgb_20260124-23-05-29.jpg,/Users/akbar/Downloads/paal_pipeline/data/20260124-23-02-40/pig16_ir_vis_20260124-23-05-29.jpg,/Users/akbar/Downloads/paal_pipeline/data/20260124-23-02-40/pig16_depth_vis_20260124-23-05-29.jpg,2
20260124-23-02-40,18,20260124-23-05-47,/Users/akbar/Downloads/paal_pipeline/data/20260124-23-02-40/pig18_rgb_20260124-23-05-47.jpg,/Users/akbar/Downloads/paal_pipeline/data/20260124-23-02-40/pig18_ir_vis_20260124-23-05-47.jpg,/Users/akbar/Downloads/paal_pipeline/data/20260124-23-02-40/pig18_depth_vis_20260124-23-05-47.jpg,2
20260125-10-03-32,0,20260125-10-03-58,/Users/akbar/Downloads/paal_pipeline/data/20260125-10-03-32/pig0_rgb_20260125-10-03-58.jpg,/Users/akbar/Downloads/paal_pipeline/data/20260125-10-03-32/pig0_ir_vis_20260125-10-03-58.jpg,/Users/akbar/Downloads/paal_pipeline/data/20260125-10-03-32/pig0_depth_vis_20260125-10-03-58.jpg,0
20260125-10-03-32,2,20260125-10-04-16,/Users/akbar/Downloads/paal_pipeline/data/20260125-10-03-32/pig2_rgb_20260125-10-04-16.jpg,/Users/akbar/Downloads/paal_pipeline/data/20260125-10-03-32/pig2_ir_vis_20260125-10-04-16.jpg,/Users/akbar/Downloads/paal_pipeline/data/20260125-10-03-32/pig2_depth_vis_20260125-10-04-16.jpg,0
20260125-10-03-32,3,20260125-10-04-25,/Users/akbar/Downloads/paal_pipeline/data/20260125-10-03-32/pig3_rgb_20260125-10-04-25.jpg,/Users/akbar/Downloads/paal_pipeline/data/20260125-10-03-32/pig3_ir_vis_20260125-10-04-25.jpg,/Users/akbar/Downloads/paal_pipeline/data/20260125-10-03-32/pig3_depth_vis_20260125-10-04-25.jpg,0
20260125-10-03-32,4,20260125-10-04-34,/Users/akbar/Downloads/paal_pipeline/data/20260125-10-03-32/pig4_rgb_20260125-10-04-34.jpg,/Users/akbar/Downloads/paal_pipeline/data/20260125-10-03-32/pig4_ir_vis_20260125-10-04-34.jpg,/Users/akbar/Downloads/paal_pipeline/data/20260125-10-03-32/pig4_depth_vis_20260125-10-04-34.jpg,0
20260125-10-03-32,5,20260125-10-04-43,/Users/akbar/Downloads/paal_pipeline/data/20260125-10-03-32/pig5_rgb_20260125-10-04-43.jpg,/Users/akbar/Downloads/paal_pipeline/data/20260125-10-03-32/pig5_ir_vis_20260125-10-04-43.jpg,/Users/akbar/Downloads/paal_pipeline/data/20260125-10-03-32/pig5_depth_vis_20260125-10-04-43.jpg,0
20260125-10-03-32,6,20260125-10-04-52,/Users/akbar/Downloads/paal_pipeline/data/20260125-10-03-32/pig6_rgb_20260125-10-04-52.jpg,/Users/akbar/Downloads/paal_pipeline/data/20260125-10-03-32/pig6_ir_vis_20260125-10-04-52.jpg,/Users/akbar/Downloads/paal_pipeline/data/20260125-10-03-32/pig6_depth_vis_20260125-10-04-52.jpg,0
20260125-10-03-32,7,20260125-10-05-01,/Users/akbar/Downloads/paal_pipeline/data/20260125-10-03-32/pig7_rgb_20260125-10-05-01.jpg,/Users/akbar/Downloads/paal_pipeline/data/20260125-10-03-32/pig7_ir_vis_20260125-10-05-01.jpg,/Users/akbar/Downloads/paal_pipeline/data/20260125-10-03-32/pig7_depth_vis_20260125-10-05-01.jpg,0
20260125-10-03-32,8,20260125-10-05-10,/Users/akbar/Downloads/paal_pipeline/data/20260125-10-03-32/pig8_rgb_20260125-10-05-10.jpg,/Users/akbar/Downloads/paal_pipeline/data/20260125-10-03-32/pig8_ir_vis_20260125-10-05-10.jpg,/Users/akbar/Downloads/paal_pipeline/data/20260125-10-03-32/pig8_depth_vis_20260125-10-05-10.jpg,0
20260125-10-03-32,9,20260125-10-05-18,/Users/akbar/Downloads/paal_pipeline/data/20260125-10-03-32/pig9_rgb_20260125-10-05-18.jpg,/Users/akbar/Downloads/paal_pipeline/data/20260125-10-03-32/pig9_ir_vis_20260125-10-05-18.jpg,/Users/akbar/Downloads/paal_pipeline/data/20260125-10-03-32/pig9_depth_vis_20260125-10-05-18.jpg,0
20260125-10-03-32,10,20260125-10-05-27,/Users/akbar/Downloads/paal_pipeline/data/20260125-10-03-32/pig10_rgb_20260125-10-05-27.jpg,/Users/akbar/Downloads/paal_pipeline/data/20260125-10-03-32/pig10_ir_vis_20260125-10-05-27.jpg,/Users/akbar/Downloads/paal_pipeline/data/20260125-10-03-32/pig10_depth_vis_20260125-10-05-27.jpg,0
20260125-10-03-32,11,20260125-10-05-37,/Users/akbar/Downloads/paal_pipeline/data/20260125-10-03-32/pig11_rgb_20260125-10-05-37.jpg,/Users/akbar/Downloads/paal_pipeline/data/20260125-10-03-32/pig11_ir_vis_20260125-10-05-37.jpg,/Users/akbar/Downloads/paal_pipeline/data/20260125-10-03-32/pig11_depth_vis_20260125-10-05-37.jpg,0
20260125-10-03-32,12,20260125-10-05-45,/Users/akbar/Downloads/paal_pipeline/data/20260125-10-03-32/pig12_rgb_20260125-10-05-45.jpg,/Users/akbar/Downloads/paal_pipeline/data/20260125-10-03-32/pig12_ir_vis_20260125-10-05-45.jpg,/Users/akbar/Downloads/paal_pipeline/data/20260125-10-03-32/pig12_depth_vis_20260125-10-05-45.jpg,0
20260125-10-03-32,14,20260125-10-06-03,/Users/akbar/Downloads/paal_pipeline/data/20260125-10-03-32/pig14_rgb_20260125-10-06-03.jpg,/Users/akbar/Downloads/paal_pipeline/data/20260125-10-03-32/pig14_ir_vis_20260125-10-06-03.jpg,/Users/akbar/Downloads/paal_pipeline/data/20260125-10-03-32/pig14_depth_vis_20260125-10-06-03.jpg,0
20260125-10-03-32,15,20260125-10-06-12,/Users/akbar/Downloads/paal_pipeline/data/20260125-10-03-32/pig15_rgb_20260125-10-06-12.jpg,/Users/akbar/Downloads/paal_pipeline/data/20260125-10-03-32/pig15_ir_vis_20260125-10-06-12.jpg,/Users/akbar/Downloads/paal_pipeline/data/20260125-10-03-32/pig15_depth_vis_20260125-10-06-12.jpg,0
20260125-10-03-32,16,20260125-10-06-21,/Users/akbar/Downloads/paal_pipeline/data/20260125-10-03-32/pig16_rgb_20260125-10-06-21.jpg,/Users/akbar/Downloads/paal_pipeline/data/20260125-10-03-32/pig16_ir_vis_20260125-10-06-21.jpg,/Users/akbar/Downloads/paal_pipeline/data/20260125-10-03-32/pig16_depth_vis_20260125-10-06-21.jpg,0
20260125-10-03-32,18,20260125-10-06-38,/Users/akbar/Downloads/paal_pipeline/data/20260125-10-03-32/pig18_rgb_20260125-10-06-38.jpg,/Users/akbar/Downloads/paal_pipeline/data/20260125-10-03-32/pig18_ir_vis_20260125-10-06-38.jpg,/Users/akbar/Downloads/paal_pipeline/data/20260125-10-03-32/pig18_depth_vis_20260125-10-06-38.jpg,0
20260125-14-30-01,0,20260125-14-30-27,/Users/akbar/Downloads/paal_pipeline/data/20260125-14-30-01/pig0_rgb_20260125-14-30-27.jpg,/Users/akbar/Downloads/paal_pipeline/data/20260125-14-30-01/pig0_ir_vis_20260125-14-30-27.jpg,/Users/akbar/Downloads/paal_pipeline/data/20260125-14-30-01/pig0_depth_vis_20260125-14-30-27.jpg,0
20260125-14-30-01,2,20260125-14-30-45,/Users/akbar/Downloads/paal_pipeline/data/20260125-14-30-01/pig2_rgb_20260125-14-30-45.jpg,/Users/akbar/Downloads/paal_pipeline/data/20260125-14-30-01/pig2_ir_vis_20260125-14-30-45.jpg,/Users/akbar/Downloads/paal_pipeline/data/20260125-14-30-01/pig2_depth_vis_20260125-14-30-45.jpg,0
20260125-14-30-01,3,20260125-14-30-54,/Users/akbar/Downloads/paal_pipeline/data/20260125-14-30-01/pig3_rgb_20260125-14-30-54.jpg,/Users/akbar/Downloads/paal_pipeline/data/20260125-14-30-01/pig3_ir_vis_20260125-14-30-54.jpg,/Users/akbar/Downloads/paal_pipeline/data/20260125-14-30-01/pig3_depth_vis_20260125-14-30-54.jpg,0
20260125-14-30-01,4,20260125-14-31-03,/Users/akbar/Downloads/paal_pipeline/data/20260125-14-30-01/pig4_rgb_20260125-14-31-03.jpg,/Users/akbar/Downloads/paal_pipeline/data/20260125-14-30-01/pig4_ir_vis_20260125-14-31-03.jpg,/Users/akbar/Downloads/paal_pipeline/data/20260125-14-30-01/pig4_depth_vis_20260125-14-31-03.jpg,1
20260125-14-30-01,5,20260125-14-31-12,/Users/akbar/Downloads/paal_pipeline/data/20260125-14-30-01/pig5_rgb_20260125-14-31-12.jpg,/Users/akbar/Downloads/paal_pipeline/data/20260125-14-30-01/pig5_ir_vis_20260125-14-31-12.jpg,/Users/akbar/Downloads/paal_pipeline/data/20260125-14-30-01/pig5_depth_vis_20260125-14-31-12.jpg,0
20260125-14-30-01,6,20260125-14-31-21,/Users/akbar/Downloads/paal_pipeline/data/20260125-14-30-01/pig6_rgb_20260125-14-31-21.jpg,/Users/akbar/Downloads/paal_pipeline/data/20260125-14-30-01/pig6_ir_vis_20260125-14-31-21.jpg,/Users/akbar/Downloads/paal_pipeline/data/20260125-14-30-01/pig6_depth_vis_20260125-14-31-21.jpg,0
20260125-14-30-01,7,20260125-14-31-30,/Users/akbar/Downloads/paal_pipeline/data/20260125-14-30-01/pig7_rgb_20260125-14-31-30.jpg,/Users/akbar/Downloads/paal_pipeline/data/20260125-14-30-01/pig7_ir_vis_20260125-14-31-30.jpg,/Users/akbar/Downloads/paal_pipeline/data/20260125-14-30-01/pig7_depth_vis_20260125-14-31-30.jpg,0
20260125-14-30-01,8,20260125-14-31-39,/Users/akbar/Downloads/paal_pipeline/data/20260125-14-30-01/pig8_rgb_20260125-14-31-39.jpg,/Users/akbar/Downloads/paal_pipeline/data/20260125-14-30-01/pig8_ir_vis_20260125-14-31-39.jpg,/Users/akbar/Downloads/paal_pipeline/data/20260125-14-30-01/pig8_depth_vis_20260125-14-31-39.jpg,0
20260125-14-30-01,9,20260125-14-31-47,/Users/akbar/Downloads/paal_pipeline/data/20260125-14-30-01/pig9_rgb_20260125-14-31-47.jpg,/Users/akbar/Downloads/paal_pipeline/data/20260125-14-30-01/pig9_ir_vis_20260125-14-31-47.jpg,/Users/akbar/Downloads/paal_pipeline/data/20260125-14-30-01/pig9_depth_vis_20260125-14-31-47.jpg,2
20260125-14-30-01,10,20260125-14-31-56,/Users/akbar/Downloads/paal_pipeline/data/20260125-14-30-01/pig10_rgb_20260125-14-31-56.jpg,/Users/akbar/Downloads/paal_pipeline/data/20260125-14-30-01/pig10_ir_vis_20260125-14-31-56.jpg,/Users/akbar/Downloads/paal_pipeline/data/20260125-14-30-01/pig10_depth_vis_20260125-14-31-56.jpg,0
20260125-14-30-01,11,20260125-14-32-05,/Users/akbar/Downloads/paal_pipeline/data/20260125-14-30-01/pig11_rgb_20260125-14-32-05.jpg,/Users/akbar/Downloads/paal_pipeline/data/20260125-14-30-01/pig11_ir_vis_20260125-14-32-05.jpg,/Users/akbar/Downloads/paal_pipeline/data/20260125-14-30-01/pig11_depth_vis_20260125-14-32-05.jpg,0
20260125-14-30-01,12,20260125-14-32-14,/Users/akbar/Downloads/paal_pipeline/data/20260125-14-30-01/pig12_rgb_20260125-14-32-14.jpg,/Users/akbar/Downloads/paal_pipeline/data/20260125-14-30-01/pig12_ir_vis_20260125-14-32-14.jpg,/Users/akbar/Downloads/paal_pipeline/data/20260125-14-30-01/pig12_depth_vis_20260125-14-32-14.jpg,0
20260125-14-30-01,14,20260125-14-32-32,/Users/akbar/Downloads/paal_pipeline/data/20260125-14-30-01/pig14_rgb_20260125-14-32-32.jpg,/Users/akbar/Downloads/paal_pipeline/data/20260125-14-30-01/pig14_ir_vis_20260125-14-32-32.jpg,/Users/akbar/Downloads/paal_pipeline/data/20260125-14-30-01/pig14_depth_vis_20260125-14-32-32.jpg,0
20260125-14-30-01,15,20260125-14-32-41,/Users/akbar/Downloads/paal_pipeline/data/20260125-14-30-01/pig15_rgb_20260125-14-32-41.jpg,/Users/akbar/Downloads/paal_pipeline/data/20260125-14-30-01/pig15_ir_vis_20260125-14-32-41.jpg,/Users/akbar/Downloads/paal_pipeline/data/20260125-14-30-01/pig15_depth_vis_20260125-14-32-41.jpg,1
20260125-14-30-01,16,20260125-14-32-50,/Users/akbar/Downloads/paal_pipeline/data/20260125-14-30-01/pig16_rgb_20260125-14-32-50.jpg,/Users/akbar/Downloads/paal_pipeline/data/20260125-14-30-01/pig16_ir_vis_20260125-14-32-50.jpg,/Users/akbar/Downloads/paal_pipeline/data/20260125-14-30-01/pig16_depth_vis_20260125-14-32-50.jpg,0
20260125-14-30-01,18,20260125-14-33-07,/Users/akbar/Downloads/paal_pipeline/data/20260125-14-30-01/pig18_rgb_20260125-14-33-07.jpg,/Users/akbar/Downloads/paal_pipeline/data/20260125-14-30-01/pig18_ir_vis_20260125-14-33-07.jpg,/Users/akbar/Downloads/paal_pipeline/data/20260125-14-30-01/pig18_depth_vis_20260125-14-33-07.jpg,0
20260130-02-03-36,0,20260130-02-04-02,/Users/akbar/Downloads/paal_pipeline/data/20260130-02-03-36/pig0_rgb_20260130-02-04-02.jpg,/Users/akbar/Downloads/paal_pipeline/data/20260130-02-03-36/pig0_ir_vis_20260130-02-04-02.jpg,/Users/akbar/Downloads/paal_pipeline/data/20260130-02-03-36/pig0_depth_vis_20260130-02-04-02.jpg,2
20260130-02-03-36,2,20260130-02-04-20,/Users/akbar/Downloads/paal_pipeline/data/20260130-02-03-36/pig2_rgb_20260130-02-04-20.jpg,/Users/akbar/Downloads/paal_pipeline/data/20260130-02-03-36/pig2_ir_vis_20260130-02-04-20.jpg,/Users/akbar/Downloads/paal_pipeline/data/20260130-02-03-36/pig2_depth_vis_20260130-02-04-20.jpg,2
20260130-02-03-36,3,20260130-02-04-29,/Users/akbar/Downloads/paal_pipeline/data/20260130-02-03-36/pig3_rgb_20260130-02-04-29.jpg,/Users/akbar/Downloads/paal_pipeline/data/20260130-02-03-36/pig3_ir_vis_20260130-02-04-29.jpg,/Users/akbar/Downloads/paal_pipeline/data/20260130-02-03-36/pig3_depth_vis_20260130-02-04-29.jpg,2
20260130-02-03-36,4,20260130-02-04-38,/Users/akbar/Downloads/paal_pipeline/data/20260130-02-03-36/pig4_rgb_20260130-02-04-38.jpg,/Users/akbar/Downloads/paal_pipeline/data/20260130-02-03-36/pig4_ir_vis_20260130-02-04-38.jpg,/Users/akbar/Downloads/paal_pipeline/data/20260130-02-03-36/pig4_depth_vis_20260130-02-04-38.jpg,2
20260130-02-03-36,5,20260130-02-04-47,/Users/akbar/Downloads/paal_pipeline/data/20260130-02-03-36/pig5_rgb_20260130-02-04-47.jpg,/Users/akbar/Downloads/paal_pipeline/data/20260130-02-03-36/pig5_ir_vis_20260130-02-04-47.jpg,/Users/akbar/Downloads/paal_pipeline/data/20260130-02-03-36/pig5_depth_vis_20260130-02-04-47.jpg,2
20260130-02-03-36,6,20260130-02-04-56,/Users/akbar/Downloads/paal_pipeline/data/20260130-02-03-36/pig6_rgb_20260130-02-04-56.jpg,/Users/akbar/Downloads/paal_pipeline/data/20260130-02-03-36/pig6_ir_vis_20260130-02-04-56.jpg,/Users/akbar/Downloads/paal_pipeline/data/20260130-02-03-36/pig6_depth_vis_20260130-02-04-56.jpg,2
20260130-02-03-36,7,20260130-02-05-05,/Users/akbar/Downloads/paal_pipeline/data/20260130-02-03-36/pig7_rgb_20260130-02-05-05.jpg,/Users/akbar/Downloads/paal_pipeline/data/20260130-02-03-36/pig7_ir_vis_20260130-02-05-05.jpg,/Users/akbar/Downloads/paal_pipeline/data/20260130-02-03-36/pig7_depth_vis_20260130-02-05-05.jpg,2
20260130-02-03-36,8,20260130-02-05-14,/Users/akbar/Downloads/paal_pipeline/data/20260130-02-03-36/pig8_rgb_20260130-02-05-14.jpg,/Users/akbar/Downloads/paal_pipeline/data/20260130-02-03-36/pig8_ir_vis_20260130-02-05-14.jpg,/Users/akbar/Downloads/paal_pipeline/data/20260130-02-03-36/pig8_depth_vis_20260130-02-05-14.jpg,2
20260130-02-03-36,9,20260130-02-05-22,/Users/akbar/Downloads/paal_pipeline/data/20260130-02-03-36/pig9_rgb_20260130-02-05-22.jpg,/Users/akbar/Downloads/paal_pipeline/data/20260130-02-03-36/pig9_ir_vis_20260130-02-05-22.jpg,/Users/akbar/Downloads/paal_pipeline/data/20260130-02-03-36/pig9_depth_vis_20260130-02-05-22.jpg,2
20260130-02-03-36,10,20260130-02-05-31,/Users/akbar/Downloads/paal_pipeline/data/20260130-02-03-36/pig10_rgb_20260130-02-05-31.jpg,/Users/akbar/Downloads/paal_pipeline/data/20260130-02-03-36/pig10_ir_vis_20260130-02-05-31.jpg,/Users/akbar/Downloads/paal_pipeline/data/20260130-02-03-36/pig10_depth_vis_20260130-02-05-31.jpg,2
20260130-02-03-36,11,20260130-02-05-41,/Users/akbar/Downloads/paal_pipeline/data/20260130-02-03-36/pig11_rgb_20260130-02-05-41.jpg,/Users/akbar/Downloads/paal_pipeline/data/20260130-02-03-36/pig11_ir_vis_20260130-02-05-41.jpg,/Users/akbar/Downloads/paal_pipeline/data/20260130-02-03-36/pig11_depth_vis_20260130-02-05-41.jpg,2
20260130-02-03-36,12,20260130-02-05-49,/Users/akbar/Downloads/paal_pipeline/data/20260130-02-03-36/pig12_rgb_20260130-02-05-49.jpg,/Users/akbar/Downloads/paal_pipeline/data/20260130-02-03-36/pig12_ir_vis_20260130-02-05-49.jpg,/Users/akbar/Downloads/paal_pipeline/data/20260130-02-03-36/pig12_depth_vis_20260130-02-05-49.jpg,2
20260130-02-03-36,14,20260130-02-06-07,/Users/akbar/Downloads/paal_pipeline/data/20260130-02-03-36/pig14_rgb_20260130-02-06-07.jpg,/Users/akbar/Downloads/paal_pipeline/data/20260130-02-03-36/pig14_ir_vis_20260130-02-06-07.jpg,/Users/akbar/Downloads/paal_pipeline/data/20260130-02-03-36/pig14_depth_vis_20260130-02-06-07.jpg,2
20260130-02-03-36,15,20260130-02-06-16,/Users/akbar/Downloads/paal_pipeline/data/20260130-02-03-36/pig15_rgb_20260130-02-06-16.jpg,/Users/akbar/Downloads/paal_pipeline/data/20260130-02-03-36/pig15_ir_vis_20260130-02-06-16.jpg,/Users/akbar/Downloads/paal_pipeline/data/20260130-02-03-36/pig15_depth_vis_20260130-02-06-16.jpg,2
20260130-02-03-36,16,20260130-02-06-25,/Users/akbar/Downloads/paal_pipeline/data/20260130-02-03-36/pig16_rgb_20260130-02-06-25.jpg,/Users/akbar/Downloads/paal_pipeline/data/20260130-02-03-36/pig16_ir_vis_20260130-02-06-25.jpg,/Users/akbar/Downloads/paal_pipeline/data/20260130-02-03-36/pig16_depth_vis_20260130-02-06-25.jpg,2
20260130-02-03-36,18,20260130-02-06-42,/Users/akbar/Downloads/paal_pipeline/data/20260130-02-03-36/pig18_rgb_20260130-02-06-42.jpg,/Users/akbar/Downloads/paal_pipeline/data/20260130-02-03-36/pig18_ir_vis_20260130-02-06-42.jpg,/Users/akbar/Downloads/paal_pipeline/data/20260130-02-03-36/pig18_depth_vis_20260130-02-06-42.jpg,2
20260130-05-04-48,0,20260130-05-05-14,/Users/akbar/Downloads/paal_pipeline/data/20260130-05-04-48/pig0_rgb_20260130-05-05-14.jpg,/Users/akbar/Downloads/paal_pipeline/data/20260130-05-04-48/pig0_ir_vis_20260130-05-05-14.jpg,/Users/akbar/Downloads/paal_pipeline/data/20260130-05-04-48/pig0_depth_vis_20260130-05-05-14.jpg,2
20260130-05-04-48,2,20260130-05-05-32,/Users/akbar/Downloads/paal_pipeline/data/20260130-05-04-48/pig2_rgb_20260130-05-05-32.jpg,/Users/akbar/Downloads/paal_pipeline/data/20260130-05-04-48/pig2_ir_vis_20260130-05-05-32.jpg,/Users/akbar/Downloads/paal_pipeline/data/20260130-05-04-48/pig2_depth_vis_20260130-05-05-32.jpg,2
20260130-05-04-48,3,20260130-05-05-41,/Users/akbar/Downloads/paal_pipeline/data/20260130-05-04-48/pig3_rgb_20260130-05-05-41.jpg,/Users/akbar/Downloads/paal_pipeline/data/20260130-05-04-48/pig3_ir_vis_20260130-05-05-41.jpg,/Users/akbar/Downloads/paal_pipeline/data/20260130-05-04-48/pig3_depth_vis_20260130-05-05-41.jpg,2
20260130-05-04-48,4,20260130-05-05-50,/Users/akbar/Downloads/paal_pipeline/data/20260130-05-04-48/pig4_rgb_20260130-05-05-50.jpg,/Users/akbar/Downloads/paal_pipeline/data/20260130-05-04-48/pig4_ir_vis_20260130-05-05-50.jpg,/Users/akbar/Downloads/paal_pipeline/data/20260130-05-04-48/pig4_depth_vis_20260130-05-05-50.jpg,2
20260130-05-04-48,5,20260130-05-05-59,/Users/akbar/Downloads/paal_pipeline/data/20260130-05-04-48/pig5_rgb_20260130-05-05-59.jpg,/Users/akbar/Downloads/paal_pipeline/data/20260130-05-04-48/pig5_ir_vis_20260130-05-05-59.jpg,/Users/akbar/Downloads/paal_pipeline/data/20260130-05-04-48/pig5_depth_vis_20260130-05-05-59.jpg,2
20260130-05-04-48,6,20260130-05-06-08,/Users/akbar/Downloads/paal_pipeline/data/20260130-05-04-48/pig6_rgb_20260130-05-06-08.jpg,/Users/akbar/Downloads/paal_pipeline/data/20260130-05-04-48/pig6_ir_vis_20260130-05-06-08.jpg,/Users/akbar/Downloads/paal_pipeline/data/20260130-05-04-48/pig6_depth_vis_20260130-05-06-08.jpg,2
20260130-05-04-48,7,20260130-05-06-17,/Users/akbar/Downloads/paal_pipeline/data/20260130-05-04-48/pig7_rgb_20260130-05-06-17.jpg,/Users/akbar/Downloads/paal_pipeline/data/20260130-05-04-48/pig7_ir_vis_20260130-05-06-17.jpg,/Users/akbar/Downloads/paal_pipeline/data/20260130-05-04-48/pig7_depth_vis_20260130-05-06-17.jpg,2
20260130-05-04-48,8,20260130-05-06-26,/Users/akbar/Downloads/paal_pipeline/data/20260130-05-04-48/pig8_rgb_20260130-05-06-26.jpg,/Users/akbar/Downloads/paal_pipeline/data/20260130-05-04-48/pig8_ir_vis_20260130-05-06-26.jpg,/Users/akbar/Downloads/paal_pipeline/data/20260130-05-04-48/pig8_depth_vis_20260130-05-06-26.jpg,2
20260130-05-04-48,9,20260130-05-06-34,/Users/akbar/Downloads/paal_pipeline/data/20260130-05-04-48/pig9_rgb_20260130-05-06-34.jpg,/Users/akbar/Downloads/paal_pipeline/data/20260130-05-04-48/pig9_ir_vis_20260130-05-06-34.jpg,/Users/akbar/Downloads/paal_pipeline/data/20260130-05-04-48/pig9_depth_vis_20260130-05-06-34.jpg,2
20260130-05-04-48,10,20260130-05-06-43,/Users/akbar/Downloads/paal_pipeline/data/20260130-05-04-48/pig10_rgb_20260130-05-06-43.jpg,/Users/akbar/Downloads/paal_pipeline/data/20260130-05-04-48/pig10_ir_vis_20260130-05-06-43.jpg,/Users/akbar/Downloads/paal_pipeline/data/20260130-05-04-48/pig10_depth_vis_20260130-05-06-43.jpg,2
20260130-05-04-48,11,20260130-05-06-53,/Users/akbar/Downloads/paal_pipeline/data/20260130-05-04-48/pig11_rgb_20260130-05-06-53.jpg,/Users/akbar/Downloads/paal_pipeline/data/20260130-05-04-48/pig11_ir_vis_20260130-05-06-53.jpg,/Users/akbar/Downloads/paal_pipeline/data/20260130-05-04-48/pig11_depth_vis_20260130-05-06-53.jpg,2
20260130-05-04-48,12,20260130-05-07-01,/Users/akbar/Downloads/paal_pipeline/data/20260130-05-04-48/pig12_rgb_20260130-05-07-01.jpg,/Users/akbar/Downloads/paal_pipeline/data/20260130-05-04-48/pig12_ir_vis_20260130-05-07-01.jpg,/Users/akbar/Downloads/paal_pipeline/data/20260130-05-04-48/pig12_depth_vis_20260130-05-07-01.jpg,2
20260130-05-04-48,14,20260130-05-07-19,/Users/akbar/Downloads/paal_pipeline/data/20260130-05-04-48/pig14_rgb_20260130-05-07-19.jpg,/Users/akbar/Downloads/paal_pipeline/data/20260130-05-04-48/pig14_ir_vis_20260130-05-07-19.jpg,/Users/akbar/Downloads/paal_pipeline/data/20260130-05-04-48/pig14_depth_vis_20260130-05-07-19.jpg,2
20260130-05-04-48,15,20260130-05-07-28,/Users/akbar/Downloads/paal_pipeline/data/20260130-05-04-48/pig15_rgb_20260130-05-07-28.jpg,/Users/akbar/Downloads/paal_pipeline/data/20260130-05-04-48/pig15_ir_vis_20260130-05-07-28.jpg,/Users/akbar/Downloads/paal_pipeline/data/20260130-05-04-48/pig15_depth_vis_20260130-05-07-28.jpg,2
20260130-05-04-48,16,20260130-05-07-37,/Users/akbar/Downloads/paal_pipeline/data/20260130-05-04-48/pig16_rgb_20260130-05-07-37.jpg,/Users/akbar/Downloads/paal_pipeline/data/20260130-05-04-48/pig16_ir_vis_20260130-05-07-37.jpg,/Users/akbar/Downloads/paal_pipeline/data/20260130-05-04-48/pig16_depth_vis_20260130-05-07-37.jpg,2
20260130-05-04-48,18,20260130-05-07-54,/Users/akbar/Downloads/paal_pipeline/data/20260130-05-04-48/pig18_rgb_20260130-05-07-54.jpg,/Users/akbar/Downloads/paal_pipeline/data/20260130-05-04-48/pig18_ir_vis_20260130-05-07-54.jpg,/Users/akbar/Downloads/paal_pipeline/data/20260130-05-04-48/pig18_depth_vis_20260130-05-07-54.jpg,2
20260130-08-16-40,0,20260130-08-17-06,/Users/akbar/Downloads/paal_pipeline/data/20260130-08-16-40/pig0_rgb_20260130-08-17-06.jpg,/Users/akbar/Downloads/paal_pipeline/data/20260130-08-16-40/pig0_ir_vis_20260130-08-17-06.jpg,/Users/akbar/Downloads/paal_pipeline/data/20260130-08-16-40/pig0_depth_vis_20260130-08-17-06.jpg,0
20260130-08-16-40,2,20260130-08-17-24,/Users/akbar/Downloads/paal_pipeline/data/20260130-08-16-40/pig2_rgb_20260130-08-17-24.jpg,/Users/akbar/Downloads/paal_pipeline/data/20260130-08-16-40/pig2_ir_vis_20260130-08-17-24.jpg,/Users/akbar/Downloads/paal_pipeline/data/20260130-08-16-40/pig2_depth_vis_20260130-08-17-24.jpg,0
20260130-08-16-40,3,20260130-08-17-33,/Users/akbar/Downloads/paal_pipeline/data/20260130-08-16-40/pig3_rgb_20260130-08-17-33.jpg,/Users/akbar/Downloads/paal_pipeline/data/20260130-08-16-40/pig3_ir_vis_20260130-08-17-33.jpg,/Users/akbar/Downloads/paal_pipeline/data/20260130-08-16-40/pig3_depth_vis_20260130-08-17-33.jpg,0
20260130-08-16-40,4,20260130-08-17-42,/Users/akbar/Downloads/paal_pipeline/data/20260130-08-16-40/pig4_rgb_20260130-08-17-42.jpg,/Users/akbar/Downloads/paal_pipeline/data/20260130-08-16-40/pig4_ir_vis_20260130-08-17-42.jpg,/Users/akbar/Downloads/paal_pipeline/data/20260130-08-16-40/pig4_depth_vis_20260130-08-17-42.jpg,0
20260130-08-16-40,5,20260130-08-17-51,/Users/akbar/Downloads/paal_pipeline/data/20260130-08-16-40/pig5_rgb_20260130-08-17-51.jpg,/Users/akbar/Downloads/paal_pipeline/data/20260130-08-16-40/pig5_ir_vis_20260130-08-17-51.jpg,/Users/akbar/Downloads/paal_pipeline/data/20260130-08-16-40/pig5_depth_vis_20260130-08-17-51.jpg,0
20260130-08-16-40,6,20260130-08-18-00,/Users/akbar/Downloads/paal_pipeline/data/20260130-08-16-40/pig6_rgb_20260130-08-18-00.jpg,/Users/akbar/Downloads/paal_pipeline/data/20260130-08-16-40/pig6_ir_vis_20260130-08-18-00.jpg,/Users/akbar/Downloads/paal_pipeline/data/20260130-08-16-40/pig6_depth_vis_20260130-08-18-00.jpg,0
20260130-08-16-40,7,20260130-08-18-09,/Users/akbar/Downloads/paal_pipeline/data/20260130-08-16-40/pig7_rgb_20260130-08-18-09.jpg,/Users/akbar/Downloads/paal_pipeline/data/20260130-08-16-40/pig7_ir_vis_20260130-08-18-09.jpg,/Users/akbar/Downloads/paal_pipeline/data/20260130-08-16-40/pig7_depth_vis_20260130-08-18-09.jpg,0
20260130-08-16-40,8,20260130-08-18-18,/Users/akbar/Downloads/paal_pipeline/data/20260130-08-16-40/pig8_rgb_20260130-08-18-18.jpg,/Users/akbar/Downloads/paal_pipeline/data/20260130-08-16-40/pig8_ir_vis_20260130-08-18-18.jpg,/Users/akbar/Downloads/paal_pipeline/data/20260130-08-16-40/pig8_depth_vis_20260130-08-18-18.jpg,0
20260130-08-16-40,9,20260130-08-18-27,/Users/akbar/Downloads/paal_pipeline/data/20260130-08-16-40/pig9_rgb_20260130-08-18-27.jpg,/Users/akbar/Downloads/paal_pipeline/data/20260130-08-16-40/pig9_ir_vis_20260130-08-18-27.jpg,/Users/akbar/Downloads/paal_pipeline/data/20260130-08-16-40/pig9_depth_vis_20260130-08-18-27.jpg,2
20260130-08-16-40,10,20260130-08-18-36,/Users/akbar/Downloads/paal_pipeline/data/20260130-08-16-40/pig10_rgb_20260130-08-18-36.jpg,/Users/akbar/Downloads/paal_pipeline/data/20260130-08-16-40/pig10_ir_vis_20260130-08-18-36.jpg,/Users/akbar/Downloads/paal_pipeline/data/20260130-08-16-40/pig10_depth_vis_20260130-08-18-36.jpg,0
20260130-08-16-40,11,20260130-08-18-45,/Users/akbar/Downloads/paal_pipeline/data/20260130-08-16-40/pig11_rgb_20260130-08-18-45.jpg,/Users/akbar/Downloads/paal_pipeline/data/20260130-08-16-40/pig11_ir_vis_20260130-08-18-45.jpg,/Users/akbar/Downloads/paal_pipeline/data/20260130-08-16-40/pig11_depth_vis_20260130-08-18-45.jpg,0
20260130-08-16-40,12,20260130-08-18-53,/Users/akbar/Downloads/paal_pipeline/data/20260130-08-16-40/pig12_rgb_20260130-08-18-53.jpg,/Users/akbar/Downloads/paal_pipeline/data/20260130-08-16-40/pig12_ir_vis_20260130-08-18-53.jpg,/Users/akbar/Downloads/paal_pipeline/data/20260130-08-16-40/pig12_depth_vis_20260130-08-18-53.jpg,0
20260130-08-16-40,14,20260130-08-19-11,/Users/akbar/Downloads/paal_pipeline/data/20260130-08-16-40/pig14_rgb_20260130-08-19-11.jpg,/Users/akbar/Downloads/paal_pipeline/data/20260130-08-16-40/pig14_ir_vis_20260130-08-19-11.jpg,/Users/akbar/Downloads/paal_pipeline/data/20260130-08-16-40/pig14_depth_vis_20260130-08-19-11.jpg,0
20260130-08-16-40,15,20260130-08-19-20,/Users/akbar/Downloads/paal_pipeline/data/20260130-08-16-40/pig15_rgb_20260130-08-19-20.jpg,/Users/akbar/Downloads/paal_pipeline/data/20260130-08-16-40/pig15_ir_vis_20260130-08-19-20.jpg,/Users/akbar/Downloads/paal_pipeline/data/20260130-08-16-40/pig15_depth_vis_20260130-08-19-20.jpg,0
20260130-08-16-40,16,20260130-08-19-29,/Users/akbar/Downloads/paal_pipeline/data/20260130-08-16-40/pig16_rgb_20260130-08-19-29.jpg,/Users/akbar/Downloads/paal_pipeline/data/20260130-08-16-40/pig16_ir_vis_20260130-08-19-29.jpg,/Users/akbar/Downloads/paal_pipeline/data/20260130-08-16-40/pig16_depth_vis_20260130-08-19-29.jpg,0
20260130-08-16-40,18,20260130-08-19-46,/Users/akbar/Downloads/paal_pipeline/data/20260130-08-16-40/pig18_rgb_20260130-08-19-46.jpg,/Users/akbar/Downloads/paal_pipeline/data/20260130-08-16-40/pig18_ir_vis_20260130-08-19-46.jpg,/Users/akbar/Downloads/paal_pipeline/data/20260130-08-16-40/pig18_depth_vis_20260130-08-19-46.jpg,0
20260130-12-04-59,0,20260130-12-05-26,/Users/akbar/Downloads/paal_pipeline/data/20260130-12-04-59/pig0_rgb_20260130-12-05-26.jpg,/Users/akbar/Downloads/paal_pipeline/data/20260130-12-04-59/pig0_ir_vis_20260130-12-05-26.jpg,/Users/akbar/Downloads/paal_pipeline/data/20260130-12-04-59/pig0_depth_vis_20260130-12-05-26.jpg,0
20260130-12-04-59,2,20260130-12-05-43,/Users/akbar/Downloads/paal_pipeline/data/20260130-12-04-59/pig2_rgb_20260130-12-05-43.jpg,/Users/akbar/Downloads/paal_pipeline/data/20260130-12-04-59/pig2_ir_vis_20260130-12-05-43.jpg,/Users/akbar/Downloads/paal_pipeline/data/20260130-12-04-59/pig2_depth_vis_20260130-12-05-43.jpg,0
20260130-12-04-59,3,20260130-12-05-52,/Users/akbar/Downloads/paal_pipeline/data/20260130-12-04-59/pig3_rgb_20260130-12-05-52.jpg,/Users/akbar/Downloads/paal_pipeline/data/20260130-12-04-59/pig3_ir_vis_20260130-12-05-52.jpg,/Users/akbar/Downloads/paal_pipeline/data/20260130-12-04-59/pig3_depth_vis_20260130-12-05-52.jpg,0
20260130-12-04-59,4,20260130-12-06-01,/Users/akbar/Downloads/paal_pipeline/data/20260130-12-04-59/pig4_rgb_20260130-12-06-01.jpg,/Users/akbar/Downloads/paal_pipeline/data/20260130-12-04-59/pig4_ir_vis_20260130-12-06-01.jpg,/Users/akbar/Downloads/paal_pipeline/data/20260130-12-04-59/pig4_depth_vis_20260130-12-06-01.jpg,2
20260130-12-04-59,5,20260130-12-06-10,/Users/akbar/Downloads/paal_pipeline/data/20260130-12-04-59/pig5_rgb_20260130-12-06-10.jpg,/Users/akbar/Downloads/paal_pipeline/data/20260130-12-04-59/pig5_ir_vis_20260130-12-06-10.jpg,/Users/akbar/Downloads/paal_pipeline/data/20260130-12-04-59/pig5_depth_vis_20260130-12-06-10.jpg,0
20260130-12-04-59,6,20260130-12-06-19,/Users/akbar/Downloads/paal_pipeline/data/20260130-12-04-59/pig6_rgb_20260130-12-06-19.jpg,/Users/akbar/Downloads/paal_pipeline/data/20260130-12-04-59/pig6_ir_vis_20260130-12-06-19.jpg,/Users/akbar/Downloads/paal_pipeline/data/20260130-12-04-59/pig6_depth_vis_20260130-12-06-19.jpg,0
20260130-12-04-59,7,20260130-12-06-28,/Users/akbar/Downloads/paal_pipeline/data/20260130-12-04-59/pig7_rgb_20260130-12-06-28.jpg,/Users/akbar/Downloads/paal_pipeline/data/20260130-12-04-59/pig7_ir_vis_20260130-12-06-28.jpg,/Users/akbar/Downloads/paal_pipeline/data/20260130-12-04-59/pig7_depth_vis_20260130-12-06-28.jpg,0
20260130-12-04-59,8,20260130-12-06-37,/Users/akbar/Downloads/paal_pipeline/data/20260130-12-04-59/pig8_rgb_20260130-12-06-37.jpg,/Users/akbar/Downloads/paal_pipeline/data/20260130-12-04-59/pig8_ir_vis_20260130-12-06-37.jpg,/Users/akbar/Downloads/paal_pipeline/data/20260130-12-04-59/pig8_depth_vis_20260130-12-06-37.jpg,0
20260130-12-04-59,9,20260130-12-06-46,/Users/akbar/Downloads/paal_pipeline/data/20260130-12-04-59/pig9_rgb_20260130-12-06-46.jpg,/Users/akbar/Downloads/paal_pipeline/data/20260130-12-04-59/pig9_ir_vis_20260130-12-06-46.jpg,/Users/akbar/Downloads/paal_pipeline/data/20260130-12-04-59/pig9_depth_vis_20260130-12-06-46.jpg,2
20260130-12-04-59,10,20260130-12-06-55,/Users/akbar/Downloads/paal_pipeline/data/20260130-12-04-59/pig10_rgb_20260130-12-06-55.jpg,/Users/akbar/Downloads/paal_pipeline/data/20260130-12-04-59/pig10_ir_vis_20260130-12-06-55.jpg,/Users/akbar/Downloads/paal_pipeline/data/20260130-12-04-59/pig10_depth_vis_20260130-12-06-55.jpg,0
20260130-12-04-59,11,20260130-12-07-04,/Users/akbar/Downloads/paal_pipeline/data/20260130-12-04-59/pig11_rgb_20260130-12-07-04.jpg,/Users/akbar/Downloads/paal_pipeline/data/20260130-12-04-59/pig11_ir_vis_20260130-12-07-04.jpg,/Users/akbar/Downloads/paal_pipeline/data/20260130-12-04-59/pig11_depth_vis_20260130-12-07-04.jpg,0
20260130-12-04-59,12,20260130-12-07-12,/Users/akbar/Downloads/paal_pipeline/data/20260130-12-04-59/pig12_rgb_20260130-12-07-12.jpg,/Users/akbar/Downloads/paal_pipeline/data/20260130-12-04-59/pig12_ir_vis_20260130-12-07-12.jpg,/Users/akbar/Downloads/paal_pipeline/data/20260130-12-04-59/pig12_depth_vis_20260130-12-07-12.jpg,0
20260130-12-04-59,14,20260130-12-07-30,/Users/akbar/Downloads/paal_pipeline/data/20260130-12-04-59/pig14_rgb_20260130-12-07-30.jpg,/Users/akbar/Downloads/paal_pipeline/data/20260130-12-04-59/pig14_ir_vis_20260130-12-07-30.jpg,/Users/akbar/Downloads/paal_pipeline/data/20260130-12-04-59/pig14_depth_vis_20260130-12-07-30.jpg,0
20260130-12-04-59,15,20260130-12-07-39,/Users/akbar/Downloads/paal_pipeline/data/20260130-12-04-59/pig15_rgb_20260130-12-07-39.jpg,/Users/akbar/Downloads/paal_pipeline/data/20260130-12-04-59/pig15_ir_vis_20260130-12-07-39.jpg,/Users/akbar/Downloads/paal_pipeline/data/20260130-12-04-59/pig15_depth_vis_20260130-12-07-39.jpg,0
20260130-12-04-59,16,20260130-12-07-48,/Users/akbar/Downloads/paal_pipeline/data/20260130-12-04-59/pig16_rgb_20260130-12-07-48.jpg,/Users/akbar/Downloads/paal_pipeline/data/20260130-12-04-59/pig16_ir_vis_20260130-12-07-48.jpg,/Users/akbar/Downloads/paal_pipeline/data/20260130-12-04-59/pig16_depth_vis_20260130-12-07-48.jpg,0
20260130-12-04-59,18,20260130-12-08-05,/Users/akbar/Downloads/paal_pipeline/data/20260130-12-04-59/pig18_rgb_20260130-12-08-05.jpg,/Users/akbar/Downloads/paal_pipeline/data/20260130-12-04-59/pig18_ir_vis_20260130-12-08-05.jpg,/Users/akbar/Downloads/paal_pipeline/data/20260130-12-04-59/pig18_depth_vis_20260130-12-08-05.jpg,0
20260130-15-59-29,0,20260130-15-59-56,/Users/akbar/Downloads/paal_pipeline/data/20260130-15-59-29/pig0_rgb_20260130-15-59-56.jpg,/Users/akbar/Downloads/paal_pipeline/data/20260130-15-59-29/pig0_ir_vis_20260130-15-59-56.jpg,/Users/akbar/Downloads/paal_pipeline/data/20260130-15-59-29/pig0_depth_vis_20260130-15-59-56.jpg,0
20260130-15-59-29,2,20260130-16-00-14,/Users/akbar/Downloads/paal_pipeline/data/20260130-15-59-29/pig2_rgb_20260130-16-00-14.jpg,/Users/akbar/Downloads/paal_pipeline/data/20260130-15-59-29/pig2_ir_vis_20260130-16-00-14.jpg,/Users/akbar/Downloads/paal_pipeline/data/20260130-15-59-29/pig2_depth_vis_20260130-16-00-14.jpg,0
20260130-15-59-29,3,20260130-16-00-23,/Users/akbar/Downloads/paal_pipeline/data/20260130-15-59-29/pig3_rgb_20260130-16-00-23.jpg,/Users/akbar/Downloads/paal_pipeline/data/20260130-15-59-29/pig3_ir_vis_20260130-16-00-23.jpg,/Users/akbar/Downloads/paal_pipeline/data/20260130-15-59-29/pig3_depth_vis_20260130-16-00-23.jpg,0
20260130-15-59-29,4,20260130-16-00-31,/Users/akbar/Downloads/paal_pipeline/data/20260130-15-59-29/pig4_rgb_20260130-16-00-31.jpg,/Users/akbar/Downloads/paal_pipeline/data/20260130-15-59-29/pig4_ir_vis_20260130-16-00-31.jpg,/Users/akbar/Downloads/paal_pipeline/data/20260130-15-59-29/pig4_depth_vis_20260130-16-00-31.jpg,0
20260130-15-59-29,5,20260130-16-00-40,/Users/akbar/Downloads/paal_pipeline/data/20260130-15-59-29/pig5_rgb_20260130-16-00-40.jpg,/Users/akbar/Downloads/paal_pipeline/data/20260130-15-59-29/pig5_ir_vis_20260130-16-00-40.jpg,/Users/akbar/Downloads/paal_pipeline/data/20260130-15-59-29/pig5_depth_vis_20260130-16-00-40.jpg,0
20260130-15-59-29,6,20260130-16-00-49,/Users/akbar/Downloads/paal_pipeline/data/20260130-15-59-29/pig6_rgb_20260130-16-00-49.jpg,/Users/akbar/Downloads/paal_pipeline/data/20260130-15-59-29/pig6_ir_vis_20260130-16-00-49.jpg,/Users/akbar/Downloads/paal_pipeline/data/20260130-15-59-29/pig6_depth_vis_20260130-16-00-49.jpg,0
20260130-15-59-29,7,20260130-16-00-58,/Users/akbar/Downloads/paal_pipeline/data/20260130-15-59-29/pig7_rgb_20260130-16-00-58.jpg,/Users/akbar/Downloads/paal_pipeline/data/20260130-15-59-29/pig7_ir_vis_20260130-16-00-58.jpg,/Users/akbar/Downloads/paal_pipeline/data/20260130-15-59-29/pig7_depth_vis_20260130-16-00-58.jpg,0
20260130-15-59-29,8,20260130-16-01-07,/Users/akbar/Downloads/paal_pipeline/data/20260130-15-59-29/pig8_rgb_20260130-16-01-07.jpg,/Users/akbar/Downloads/paal_pipeline/data/20260130-15-59-29/pig8_ir_vis_20260130-16-01-07.jpg,/Users/akbar/Downloads/paal_pipeline/data/20260130-15-59-29/pig8_depth_vis_20260130-16-01-07.jpg,0
20260130-15-59-29,9,20260130-16-01-16,/Users/akbar/Downloads/paal_pipeline/data/20260130-15-59-29/pig9_rgb_20260130-16-01-16.jpg,/Users/akbar/Downloads/paal_pipeline/data/20260130-15-59-29/pig9_ir_vis_20260130-16-01-16.jpg,/Users/akbar/Downloads/paal_pipeline/data/20260130-15-59-29/pig9_depth_vis_20260130-16-01-16.jpg,2
20260130-15-59-29,10,20260130-16-01-25,/Users/akbar/Downloads/paal_pipeline/data/20260130-15-59-29/pig10_rgb_20260130-16-01-25.jpg,/Users/akbar/Downloads/paal_pipeline/data/20260130-15-59-29/pig10_ir_vis_20260130-16-01-25.jpg,/Users/akbar/Downloads/paal_pipeline/data/20260130-15-59-29/pig10_depth_vis_20260130-16-01-25.jpg,0
20260130-15-59-29,11,20260130-16-01-34,/Users/akbar/Downloads/paal_pipeline/data/20260130-15-59-29/pig11_rgb_20260130-16-01-34.jpg,/Users/akbar/Downloads/paal_pipeline/data/20260130-15-59-29/pig11_ir_vis_20260130-16-01-34.jpg,/Users/akbar/Downloads/paal_pipeline/data/20260130-15-59-29/pig11_depth_vis_20260130-16-01-34.jpg,0
20260130-15-59-29,12,20260130-16-01-43,/Users/akbar/Downloads/paal_pipeline/data/20260130-15-59-29/pig12_rgb_20260130-16-01-43.jpg,/Users/akbar/Downloads/paal_pipeline/data/20260130-15-59-29/pig12_ir_vis_20260130-16-01-43.jpg,/Users/akbar/Downloads/paal_pipeline/data/20260130-15-59-29/pig12_depth_vis_20260130-16-01-43.jpg,0
20260130-15-59-29,14,20260130-16-02-00,/Users/akbar/Downloads/paal_pipeline/data/20260130-15-59-29/pig14_rgb_20260130-16-02-00.jpg,/Users/akbar/Downloads/paal_pipeline/data/20260130-15-59-29/pig14_ir_vis_20260130-16-02-00.jpg,/Users/akbar/Downloads/paal_pipeline/data/20260130-15-59-29/pig14_depth_vis_20260130-16-02-00.jpg,0
20260130-15-59-29,15,20260130-16-02-10,/Users/akbar/Downloads/paal_pipeline/data/20260130-15-59-29/pig15_rgb_20260130-16-02-10.jpg,/Users/akbar/Downloads/paal_pipeline/data/20260130-15-59-29/pig15_ir_vis_20260130-16-02-10.jpg,/Users/akbar/Downloads/paal_pipeline/data/20260130-15-59-29/pig15_depth_vis_20260130-16-02-10.jpg,0
20260130-15-59-29,16,20260130-16-02-18,/Users/akbar/Downloads/paal_pipeline/data/20260130-15-59-29/pig16_rgb_20260130-16-02-18.jpg,/Users/akbar/Downloads/paal_pipeline/data/20260130-15-59-29/pig16_ir_vis_20260130-16-02-18.jpg,/Users/akbar/Downloads/paal_pipeline/data/20260130-15-59-29/pig16_depth_vis_20260130-16-02-18.jpg,0
20260130-15-59-29,18,20260130-16-02-36,/Users/akbar/Downloads/paal_pipeline/data/20260130-15-59-29/pig18_rgb_20260130-16-02-36.jpg,/Users/akbar/Downloads/paal_pipeline/data/20260130-15-59-29/pig18_ir_vis_20260130-16-02-36.jpg,/Users/akbar/Downloads/paal_pipeline/data/20260130-15-59-29/pig18_depth_vis_20260130-16-02-36.jpg,0
20260130-18-39-23,0,20260130-18-39-50,/Users/akbar/Downloads/paal_pipeline/data/20260130-18-39-23/pig0_rgb_20260130-18-39-50.jpg,/Users/akbar/Downloads/paal_pipeline/data/20260130-18-39-23/pig0_ir_vis_20260130-18-39-50.jpg,/Users/akbar/Downloads/paal_pipeline/data/20260130-18-39-23/pig0_depth_vis_20260130-18-39-50.jpg,2
20260130-18-39-23,2,20260130-18-40-07,/Users/akbar/Downloads/paal_pipeline/data/20260130-18-39-23/pig2_rgb_20260130-18-40-07.jpg,/Users/akbar/Downloads/paal_pipeline/data/20260130-18-39-23/pig2_ir_vis_20260130-18-40-07.jpg,/Users/akbar/Downloads/paal_pipeline/data/20260130-18-39-23/pig2_depth_vis_20260130-18-40-07.jpg,2
20260130-18-39-23,3,20260130-18-40-16,/Users/akbar/Downloads/paal_pipeline/data/20260130-18-39-23/pig3_rgb_20260130-18-40-16.jpg,/Users/akbar/Downloads/paal_pipeline/data/20260130-18-39-23/pig3_ir_vis_20260130-18-40-16.jpg,/Users/akbar/Downloads/paal_pipeline/data/20260130-18-39-23/pig3_depth_vis_20260130-18-40-16.jpg,2
20260130-18-39-23,4,20260130-18-40-25,/Users/akbar/Downloads/paal_pipeline/data/20260130-18-39-23/pig4_rgb_20260130-18-40-25.jpg,/Users/akbar/Downloads/paal_pipeline/data/20260130-18-39-23/pig4_ir_vis_20260130-18-40-25.jpg,/Users/akbar/Downloads/paal_pipeline/data/20260130-18-39-23/pig4_depth_vis_20260130-18-40-25.jpg,2
20260130-18-39-23,5,20260130-18-40-34,/Users/akbar/Downloads/paal_pipeline/data/20260130-18-39-23/pig5_rgb_20260130-18-40-34.jpg,/Users/akbar/Downloads/paal_pipeline/data/20260130-18-39-23/pig5_ir_vis_20260130-18-40-34.jpg,/Users/akbar/Downloads/paal_pipeline/data/20260130-18-39-23/pig5_depth_vis_20260130-18-40-34.jpg,0
20260130-18-39-23,6,20260130-18-40-43,/Users/akbar/Downloads/paal_pipeline/data/20260130-18-39-23/pig6_rgb_20260130-18-40-43.jpg,/Users/akbar/Downloads/paal_pipeline/data/20260130-18-39-23/pig6_ir_vis_20260130-18-40-43.jpg,/Users/akbar/Downloads/paal_pipeline/data/20260130-18-39-23/pig6_depth_vis_20260130-18-40-43.jpg,2
20260130-18-39-23,7,20260130-18-40-52,/Users/akbar/Downloads/paal_pipeline/data/20260130-18-39-23/pig7_rgb_20260130-18-40-52.jpg,/Users/akbar/Downloads/paal_pipeline/data/20260130-18-39-23/pig7_ir_vis_20260130-18-40-52.jpg,/Users/akbar/Downloads/paal_pipeline/data/20260130-18-39-23/pig7_depth_vis_20260130-18-40-52.jpg,2
20260130-18-39-23,8,20260130-18-41-01,/Users/akbar/Downloads/paal_pipeline/data/20260130-18-39-23/pig8_rgb_20260130-18-41-01.jpg,/Users/akbar/Downloads/paal_pipeline/data/20260130-18-39-23/pig8_ir_vis_20260130-18-41-01.jpg,/Users/akbar/Downloads/paal_pipeline/data/20260130-18-39-23/pig8_depth_vis_20260130-18-41-01.jpg,0
20260130-18-39-23,9,20260130-18-41-10,/Users/akbar/Downloads/paal_pipeline/data/20260130-18-39-23/pig9_rgb_20260130-18-41-10.jpg,/Users/akbar/Downloads/paal_pipeline/data/20260130-18-39-23/pig9_ir_vis_20260130-18-41-10.jpg,/Users/akbar/Downloads/paal_pipeline/data/20260130-18-39-23/pig9_depth_vis_20260130-18-41-10.jpg,2
20260130-18-39-23,10,20260130-18-41-19,/Users/akbar/Downloads/paal_pipeline/data/20260130-18-39-23/pig10_rgb_20260130-18-41-19.jpg,/Users/akbar/Downloads/paal_pipeline/data/20260130-18-39-23/pig10_ir_vis_20260130-18-41-19.jpg,/Users/akbar/Downloads/paal_pipeline/data/20260130-18-39-23/pig10_depth_vis_20260130-18-41-19.jpg,0
20260130-18-39-23,11,20260130-18-41-28,/Users/akbar/Downloads/paal_pipeline/data/20260130-18-39-23/pig11_rgb_20260130-18-41-28.jpg,/Users/akbar/Downloads/paal_pipeline/data/20260130-18-39-23/pig11_ir_vis_20260130-18-41-28.jpg,/Users/akbar/Downloads/paal_pipeline/data/20260130-18-39-23/pig11_depth_vis_20260130-18-41-28.jpg,0
20260130-18-39-23,12,20260130-18-41-36,/Users/akbar/Downloads/paal_pipeline/data/20260130-18-39-23/pig12_rgb_20260130-18-41-36.jpg,/Users/akbar/Downloads/paal_pipeline/data/20260130-18-39-23/pig12_ir_vis_20260130-18-41-36.jpg,/Users/akbar/Downloads/paal_pipeline/data/20260130-18-39-23/pig12_depth_vis_20260130-18-41-36.jpg,2
20260130-18-39-23,14,20260130-18-41-54,/Users/akbar/Downloads/paal_pipeline/data/20260130-18-39-23/pig14_rgb_20260130-18-41-54.jpg,/Users/akbar/Downloads/paal_pipeline/data/20260130-18-39-23/pig14_ir_vis_20260130-18-41-54.jpg,/Users/akbar/Downloads/paal_pipeline/data/20260130-18-39-23/pig14_depth_vis_20260130-18-41-54.jpg,0
20260130-18-39-23,15,20260130-18-42-03,/Users/akbar/Downloads/paal_pipeline/data/20260130-18-39-23/pig15_rgb_20260130-18-42-03.jpg,/Users/akbar/Downloads/paal_pipeline/data/20260130-18-39-23/pig15_ir_vis_20260130-18-42-03.jpg,/Users/akbar/Downloads/paal_pipeline/data/20260130-18-39-23/pig15_depth_vis_20260130-18-42-03.jpg,2
20260130-18-39-23,16,20260130-18-42-12,/Users/akbar/Downloads/paal_pipeline/data/20260130-18-39-23/pig16_rgb_20260130-18-42-12.jpg,/Users/akbar/Downloads/paal_pipeline/data/20260130-18-39-23/pig16_ir_vis_20260130-18-42-12.jpg,/Users/akbar/Downloads/paal_pipeline/data/20260130-18-39-23/pig16_depth_vis_20260130-18-42-12.jpg,0
20260130-18-39-23,18,20260130-18-42-29,/Users/akbar/Downloads/paal_pipeline/data/20260130-18-39-23/pig18_rgb_20260130-18-42-29.jpg,/Users/akbar/Downloads/paal_pipeline/data/20260130-18-39-23/pig18_ir_vis_20260130-18-42-29.jpg,/Users/akbar/Downloads/paal_pipeline/data/20260130-18-39-23/pig18_depth_vis_20260130-18-42-29.jpg,2
20260130-21-08-37,0,20260130-21-09-04,/Users/akbar/Downloads/paal_pipeline/data/20260130-21-08-37/pig0_rgb_20260130-21-09-04.jpg,/Users/akbar/Downloads/paal_pipeline/data/20260130-21-08-37/pig0_ir_vis_20260130-21-09-04.jpg,/Users/akbar/Downloads/paal_pipeline/data/20260130-21-08-37/pig0_depth_vis_20260130-21-09-04.jpg,2
20260130-21-08-37,2,20260130-21-09-21,/Users/akbar/Downloads/paal_pipeline/data/20260130-21-08-37/pig2_rgb_20260130-21-09-21.jpg,/Users/akbar/Downloads/paal_pipeline/data/20260130-21-08-37/pig2_ir_vis_20260130-21-09-21.jpg,/Users/akbar/Downloads/paal_pipeline/data/20260130-21-08-37/pig2_depth_vis_20260130-21-09-21.jpg,2
20260130-21-08-37,3,20260130-21-09-30,/Users/akbar/Downloads/paal_pipeline/data/20260130-21-08-37/pig3_rgb_20260130-21-09-30.jpg,/Users/akbar/Downloads/paal_pipeline/data/20260130-21-08-37/pig3_ir_vis_20260130-21-09-30.jpg,/Users/akbar/Downloads/paal_pipeline/data/20260130-21-08-37/pig3_depth_vis_20260130-21-09-30.jpg,2
20260130-21-08-37,4,20260130-21-09-39,/Users/akbar/Downloads/paal_pipeline/data/20260130-21-08-37/pig4_rgb_20260130-21-09-39.jpg,/Users/akbar/Downloads/paal_pipeline/data/20260130-21-08-37/pig4_ir_vis_20260130-21-09-39.jpg,/Users/akbar/Downloads/paal_pipeline/data/20260130-21-08-37/pig4_depth_vis_20260130-21-09-39.jpg,2
20260130-21-08-37,5,20260130-21-09-48,/Users/akbar/Downloads/paal_pipeline/data/20260130-21-08-37/pig5_rgb_20260130-21-09-48.jpg,/Users/akbar/Downloads/paal_pipeline/data/20260130-21-08-37/pig5_ir_vis_20260130-21-09-48.jpg,/Users/akbar/Downloads/paal_pipeline/data/20260130-21-08-37/pig5_depth_vis_20260130-21-09-48.jpg,2
20260130-21-08-37,6,20260130-21-09-57,/Users/akbar/Downloads/paal_pipeline/data/20260130-21-08-37/pig6_rgb_20260130-21-09-57.jpg,/Users/akbar/Downloads/paal_pipeline/data/20260130-21-08-37/pig6_ir_vis_20260130-21-09-57.jpg,/Users/akbar/Downloads/paal_pipeline/data/20260130-21-08-37/pig6_depth_vis_20260130-21-09-57.jpg,2
20260130-21-08-37,7,20260130-21-10-06,/Users/akbar/Downloads/paal_pipeline/data/20260130-21-08-37/pig7_rgb_20260130-21-10-06.jpg,/Users/akbar/Downloads/paal_pipeline/data/20260130-21-08-37/pig7_ir_vis_20260130-21-10-06.jpg,/Users/akbar/Downloads/paal_pipeline/data/20260130-21-08-37/pig7_depth_vis_20260130-21-10-06.jpg,2
20260130-21-08-37,8,20260130-21-10-15,/Users/akbar/Downloads/paal_pipeline/data/20260130-21-08-37/pig8_rgb_20260130-21-10-15.jpg,/Users/akbar/Downloads/paal_pipeline/data/20260130-21-08-37/pig8_ir_vis_20260130-21-10-15.jpg,/Users/akbar/Downloads/paal_pipeline/data/20260130-21-08-37/pig8_depth_vis_20260130-21-10-15.jpg,0
20260130-21-08-37,9,20260130-21-10-24,/Users/akbar/Downloads/paal_pipeline/data/20260130-21-08-37/pig9_rgb_20260130-21-10-24.jpg,/Users/akbar/Downloads/paal_pipeline/data/20260130-21-08-37/pig9_ir_vis_20260130-21-10-24.jpg,/Users/akbar/Downloads/paal_pipeline/data/20260130-21-08-37/pig9_depth_vis_20260130-21-10-24.jpg,2
20260130-21-08-37,10,20260130-21-10-33,/Users/akbar/Downloads/paal_pipeline/data/20260130-21-08-37/pig10_rgb_20260130-21-10-33.jpg,/Users/akbar/Downloads/paal_pipeline/data/20260130-21-08-37/pig10_ir_vis_20260130-21-10-33.jpg,/Users/akbar/Downloads/paal_pipeline/data/20260130-21-08-37/pig10_depth_vis_20260130-21-10-33.jpg,0
20260130-21-08-37,11,20260130-21-10-42,/Users/akbar/Downloads/paal_pipeline/data/20260130-21-08-37/pig11_rgb_20260130-21-10-42.jpg,/Users/akbar/Downloads/paal_pipeline/data/20260130-21-08-37/pig11_ir_vis_20260130-21-10-42.jpg,/Users/akbar/Downloads/paal_pipeline/data/20260130-21-08-37/pig11_depth_vis_20260130-21-10-42.jpg,0
20260130-21-08-37,12,20260130-21-10-51,/Users/akbar/Downloads/paal_pipeline/data/20260130-21-08-37/pig12_rgb_20260130-21-10-51.jpg,/Users/akbar/Downloads/paal_pipeline/data/20260130-21-08-37/pig12_ir_vis_20260130-21-10-51.jpg,/Users/akbar/Downloads/paal_pipeline/data/20260130-21-08-37/pig12_depth_vis_20260130-21-10-51.jpg,2
20260130-21-08-37,14,20260130-21-11-08,/Users/akbar/Downloads/paal_pipeline/data/20260130-21-08-37/pig14_rgb_20260130-21-11-08.jpg,/Users/akbar/Downloads/paal_pipeline/data/20260130-21-08-37/pig14_ir_vis_20260130-21-11-08.jpg,/Users/akbar/Downloads/paal_pipeline/data/20260130-21-08-37/pig14_depth_vis_20260130-21-11-08.jpg,2
20260130-21-08-37,15,20260130-21-11-18,/Users/akbar/Downloads/paal_pipeline/data/20260130-21-08-37/pig15_rgb_20260130-21-11-18.jpg,/Users/akbar/Downloads/paal_pipeline/data/20260130-21-08-37/pig15_ir_vis_20260130-21-11-18.jpg,/Users/akbar/Downloads/paal_pipeline/data/20260130-21-08-37/pig15_depth_vis_20260130-21-11-18.jpg,2
20260130-21-08-37,16,20260130-21-11-26,/Users/akbar/Downloads/paal_pipeline/data/20260130-21-08-37/pig16_rgb_20260130-21-11-26.jpg,/Users/akbar/Downloads/paal_pipeline/data/20260130-21-08-37/pig16_ir_vis_20260130-21-11-26.jpg,/Users/akbar/Downloads/paal_pipeline/data/20260130-21-08-37/pig16_depth_vis_20260130-21-11-26.jpg,2
20260130-21-08-37,18,20260130-21-11-44,/Users/akbar/Downloads/paal_pipeline/data/20260130-21-08-37/pig18_rgb_20260130-21-11-44.jpg,/Users/akbar/Downloads/paal_pipeline/data/20260130-21-08-37/pig18_ir_vis_20260130-21-11-44.jpg,/Users/akbar/Downloads/paal_pipeline/data/20260130-21-08-37/pig18_depth_vis_20260130-21-11-44.jpg,2
20260130-23-59-10,0,20260130-23-59-37,/Users/akbar/Downloads/paal_pipeline/data/20260130-23-59-10/pig0_rgb_20260130-23-59-37.jpg,/Users/akbar/Downloads/paal_pipeline/data/20260130-23-59-10/pig0_ir_vis_20260130-23-59-37.jpg,/Users/akbar/Downloads/paal_pipeline/data/20260130-23-59-10/pig0_depth_vis_20260130-23-59-37.jpg,2
20260130-23-59-10,2,20260130-23-59-55,/Users/akbar/Downloads/paal_pipeline/data/20260130-23-59-10/pig2_rgb_20260130-23-59-55.jpg,/Users/akbar/Downloads/paal_pipeline/data/20260130-23-59-10/pig2_ir_vis_20260130-23-59-55.jpg,/Users/akbar/Downloads/paal_pipeline/data/20260130-23-59-10/pig2_depth_vis_20260130-23-59-55.jpg,2
20260130-23-59-10,3,20260131-00-00-04,/Users/akbar/Downloads/paal_pipeline/data/20260130-23-59-10/pig3_rgb_20260131-00-00-04.jpg,/Users/akbar/Downloads/paal_pipeline/data/20260130-23-59-10/pig3_ir_vis_20260131-00-00-04.jpg,/Users/akbar/Downloads/paal_pipeline/data/20260130-23-59-10/pig3_depth_vis_20260131-00-00-04.jpg,2
20260130-23-59-10,4,20260131-00-00-12,/Users/akbar/Downloads/paal_pipeline/data/20260130-23-59-10/pig4_rgb_20260131-00-00-12.jpg,/Users/akbar/Downloads/paal_pipeline/data/20260130-23-59-10/pig4_ir_vis_20260131-00-00-12.jpg,/Users/akbar/Downloads/paal_pipeline/data/20260130-23-59-10/pig4_depth_vis_20260131-00-00-12.jpg,2
20260130-23-59-10,5,20260131-00-00-21,/Users/akbar/Downloads/paal_pipeline/data/20260130-23-59-10/pig5_rgb_20260131-00-00-21.jpg,/Users/akbar/Downloads/paal_pipeline/data/20260130-23-59-10/pig5_ir_vis_20260131-00-00-21.jpg,/Users/akbar/Downloads/paal_pipeline/data/20260130-23-59-10/pig5_depth_vis_20260131-00-00-21.jpg,2
20260130-23-59-10,6,20260131-00-00-30,/Users/akbar/Downloads/paal_pipeline/data/20260130-23-59-10/pig6_rgb_20260131-00-00-30.jpg,/Users/akbar/Downloads/paal_pipeline/data/20260130-23-59-10/pig6_ir_vis_20260131-00-00-30.jpg,/Users/akbar/Downloads/paal_pipeline/data/20260130-23-59-10/pig6_depth_vis_20260131-00-00-30.jpg,2
20260130-23-59-10,7,20260131-00-00-39,/Users/akbar/Downloads/paal_pipeline/data/20260130-23-59-10/pig7_rgb_20260131-00-00-39.jpg,/Users/akbar/Downloads/paal_pipeline/data/20260130-23-59-10/pig7_ir_vis_20260131-00-00-39.jpg,/Users/akbar/Downloads/paal_pipeline/data/20260130-23-59-10/pig7_depth_vis_20260131-00-00-39.jpg,2
20260130-23-59-10,8,20260131-00-00-48,/Users/akbar/Downloads/paal_pipeline/data/20260130-23-59-10/pig8_rgb_20260131-00-00-48.jpg,/Users/akbar/Downloads/paal_pipeline/data/20260130-23-59-10/pig8_ir_vis_20260131-00-00-48.jpg,/Users/akbar/Downloads/paal_pipeline/data/20260130-23-59-10/pig8_depth_vis_20260131-00-00-48.jpg,2
20260130-23-59-10,9,20260131-00-00-57,/Users/akbar/Downloads/paal_pipeline/data/20260130-23-59-10/pig9_rgb_20260131-00-00-57.jpg,/Users/akbar/Downloads/paal_pipeline/data/20260130-23-59-10/pig9_ir_vis_20260131-00-00-57.jpg,/Users/akbar/Downloads/paal_pipeline/data/20260130-23-59-10/pig9_depth_vis_20260131-00-00-57.jpg,2
20260130-23-59-10,10,20260131-00-01-06,/Users/akbar/Downloads/paal_pipeline/data/20260130-23-59-10/pig10_rgb_20260131-00-01-06.jpg,/Users/akbar/Downloads/paal_pipeline/data/20260130-23-59-10/pig10_ir_vis_20260131-00-01-06.jpg,/Users/akbar/Downloads/paal_pipeline/data/20260130-23-59-10/pig10_depth_vis_20260131-00-01-06.jpg,2
20260130-23-59-10,11,20260131-00-01-15,/Users/akbar/Downloads/paal_pipeline/data/20260130-23-59-10/pig11_rgb_20260131-00-01-15.jpg,/Users/akbar/Downloads/paal_pipeline/data/20260130-23-59-10/pig11_ir_vis_20260131-00-01-15.jpg,/Users/akbar/Downloads/paal_pipeline/data/20260130-23-59-10/pig11_depth_vis_20260131-00-01-15.jpg,2
20260130-23-59-10,12,20260131-00-01-24,/Users/akbar/Downloads/paal_pipeline/data/20260130-23-59-10/pig12_rgb_20260131-00-01-24.jpg,/Users/akbar/Downloads/paal_pipeline/data/20260130-23-59-10/pig12_ir_vis_20260131-00-01-24.jpg,/Users/akbar/Downloads/paal_pipeline/data/20260130-23-59-10/pig12_depth_vis_20260131-00-01-24.jpg,2
20260130-23-59-10,14,20260131-00-01-41,/Users/akbar/Downloads/paal_pipeline/data/20260130-23-59-10/pig14_rgb_20260131-00-01-41.jpg,/Users/akbar/Downloads/paal_pipeline/data/20260130-23-59-10/pig14_ir_vis_20260131-00-01-41.jpg,/Users/akbar/Downloads/paal_pipeline/data/20260130-23-59-10/pig14_depth_vis_20260131-00-01-41.jpg,2
20260130-23-59-10,15,20260131-00-01-51,/Users/akbar/Downloads/paal_pipeline/data/20260130-23-59-10/pig15_rgb_20260131-00-01-51.jpg,/Users/akbar/Downloads/paal_pipeline/data/20260130-23-59-10/pig15_ir_vis_20260131-00-01-51.jpg,/Users/akbar/Downloads/paal_pipeline/data/20260130-23-59-10/pig15_depth_vis_20260131-00-01-51.jpg,2
20260130-23-59-10,16,20260131-00-01-59,/Users/akbar/Downloads/paal_pipeline/data/20260130-23-59-10/pig16_rgb_20260131-00-01-59.jpg,/Users/akbar/Downloads/paal_pipeline/data/20260130-23-59-10/pig16_ir_vis_20260131-00-01-59.jpg,/Users/akbar/Downloads/paal_pipeline/data/20260130-23-59-10/pig16_depth_vis_20260131-00-01-59.jpg,2
20260130-23-59-10,18,20260131-00-02-17,/Users/akbar/Downloads/paal_pipeline/data/20260130-23-59-10/pig18_rgb_20260131-00-02-17.jpg,/Users/akbar/Downloads/paal_pipeline/data/20260130-23-59-10/pig18_ir_vis_20260131-00-02-17.jpg,/Users/akbar/Downloads/paal_pipeline/data/20260130-23-59-10/pig18_depth_vis_20260131-00-02-17.jpg,2
20260131-00-20-29,0,20260131-00-20-56,/Users/akbar/Downloads/paal_pipeline/data/20260131-00-20-29/pig0_rgb_20260131-00-20-56.jpg,/Users/akbar/Downloads/paal_pipeline/data/20260131-00-20-29/pig0_ir_vis_20260131-00-20-56.jpg,/Users/akbar/Downloads/paal_pipeline/data/20260131-00-20-29/pig0_depth_vis_20260131-00-20-56.jpg,2
20260131-00-20-29,2,20260131-00-21-14,/Users/akbar/Downloads/paal_pipeline/data/20260131-00-20-29/pig2_rgb_20260131-00-21-14.jpg,/Users/akbar/Downloads/paal_pipeline/data/20260131-00-20-29/pig2_ir_vis_20260131-00-21-14.jpg,/Users/akbar/Downloads/paal_pipeline/data/20260131-00-20-29/pig2_depth_vis_20260131-00-21-14.jpg,2
20260131-00-20-29,3,20260131-00-21-23,/Users/akbar/Downloads/paal_pipeline/data/20260131-00-20-29/pig3_rgb_20260131-00-21-23.jpg,/Users/akbar/Downloads/paal_pipeline/data/20260131-00-20-29/pig3_ir_vis_20260131-00-21-23.jpg,/Users/akbar/Downloads/paal_pipeline/data/20260131-00-20-29/pig3_depth_vis_20260131-00-21-23.jpg,2
20260131-00-20-29,4,20260131-00-21-32,/Users/akbar/Downloads/paal_pipeline/data/20260131-00-20-29/pig4_rgb_20260131-00-21-32.jpg,/Users/akbar/Downloads/paal_pipeline/data/20260131-00-20-29/pig4_ir_vis_20260131-00-21-32.jpg,/Users/akbar/Downloads/paal_pipeline/data/20260131-00-20-29/pig4_depth_vis_20260131-00-21-32.jpg,2
20260131-00-20-29,5,20260131-00-21-40,/Users/akbar/Downloads/paal_pipeline/data/20260131-00-20-29/pig5_rgb_20260131-00-21-40.jpg,/Users/akbar/Downloads/paal_pipeline/data/20260131-00-20-29/pig5_ir_vis_20260131-00-21-40.jpg,/Users/akbar/Downloads/paal_pipeline/data/20260131-00-20-29/pig5_depth_vis_20260131-00-21-40.jpg,2
20260131-00-20-29,6,20260131-00-21-49,/Users/akbar/Downloads/paal_pipeline/data/20260131-00-20-29/pig6_rgb_20260131-00-21-49.jpg,/Users/akbar/Downloads/paal_pipeline/data/20260131-00-20-29/pig6_ir_vis_20260131-00-21-49.jpg,/Users/akbar/Downloads/paal_pipeline/data/20260131-00-20-29/pig6_depth_vis_20260131-00-21-49.jpg,2
20260131-00-20-29,7,20260131-00-21-58,/Users/akbar/Downloads/paal_pipeline/data/20260131-00-20-29/pig7_rgb_20260131-00-21-58.jpg,/Users/akbar/Downloads/paal_pipeline/data/20260131-00-20-29/pig7_ir_vis_20260131-00-21-58.jpg,/Users/akbar/Downloads/paal_pipeline/data/20260131-00-20-29/pig7_depth_vis_20260131-00-21-58.jpg,2
20260131-00-20-29,8,20260131-00-22-07,/Users/akbar/Downloads/paal_pipeline/data/20260131-00-20-29/pig8_rgb_20260131-00-22-07.jpg,/Users/akbar/Downloads/paal_pipeline/data/20260131-00-20-29/pig8_ir_vis_20260131-00-22-07.jpg,/Users/akbar/Downloads/paal_pipeline/data/20260131-00-20-29/pig8_depth_vis_20260131-00-22-07.jpg,2
20260131-00-20-29,9,20260131-00-22-16,/Users/akbar/Downloads/paal_pipeline/data/20260131-00-20-29/pig9_rgb_20260131-00-22-16.jpg,/Users/akbar/Downloads/paal_pipeline/data/20260131-00-20-29/pig9_ir_vis_20260131-00-22-16.jpg,/Users/akbar/Downloads/paal_pipeline/data/20260131-00-20-29/pig9_depth_vis_20260131-00-22-16.jpg,2
20260131-00-20-29,10,20260131-00-22-25,/Users/akbar/Downloads/paal_pipeline/data/20260131-00-20-29/pig10_rgb_20260131-00-22-25.jpg,/Users/akbar/Downloads/paal_pipeline/data/20260131-00-20-29/pig10_ir_vis_20260131-00-22-25.jpg,/Users/akbar/Downloads/paal_pipeline/data/20260131-00-20-29/pig10_depth_vis_20260131-00-22-25.jpg,2
20260131-00-20-29,11,20260131-00-22-34,/Users/akbar/Downloads/paal_pipeline/data/20260131-00-20-29/pig11_rgb_20260131-00-22-34.jpg,/Users/akbar/Downloads/paal_pipeline/data/20260131-00-20-29/pig11_ir_vis_20260131-00-22-34.jpg,/Users/akbar/Downloads/paal_pipeline/data/20260131-00-20-29/pig11_depth_vis_20260131-00-22-34.jpg,2
20260131-00-20-29,12,20260131-00-22-43,/Users/akbar/Downloads/paal_pipeline/data/20260131-00-20-29/pig12_rgb_20260131-00-22-43.jpg,/Users/akbar/Downloads/paal_pipeline/data/20260131-00-20-29/pig12_ir_vis_20260131-00-22-43.jpg,/Users/akbar/Downloads/paal_pipeline/data/20260131-00-20-29/pig12_depth_vis_20260131-00-22-43.jpg,2
20260131-00-20-29,14,20260131-00-23-01,/Users/akbar/Downloads/paal_pipeline/data/20260131-00-20-29/pig14_rgb_20260131-00-23-01.jpg,/Users/akbar/Downloads/paal_pipeline/data/20260131-00-20-29/pig14_ir_vis_20260131-00-23-01.jpg,/Users/akbar/Downloads/paal_pipeline/data/20260131-00-20-29/pig14_depth_vis_20260131-00-23-01.jpg,2
20260131-00-20-29,15,20260131-00-23-10,/Users/akbar/Downloads/paal_pipeline/data/20260131-00-20-29/pig15_rgb_20260131-00-23-10.jpg,/Users/akbar/Downloads/paal_pipeline/data/20260131-00-20-29/pig15_ir_vis_20260131-00-23-10.jpg,/Users/akbar/Downloads/paal_pipeline/data/20260131-00-20-29/pig15_depth_vis_20260131-00-23-10.jpg,2
20260131-00-20-29,16,20260131-00-23-19,/Users/akbar/Downloads/paal_pipeline/data/20260131-00-20-29/pig16_rgb_20260131-00-23-19.jpg,/Users/akbar/Downloads/paal_pipeline/data/20260131-00-20-29/pig16_ir_vis_20260131-00-23-19.jpg,/Users/akbar/Downloads/paal_pipeline/data/20260131-00-20-29/pig16_depth_vis_20260131-00-23-19.jpg,2
20260131-00-20-29,18,20260131-00-23-36,/Users/akbar/Downloads/paal_pipeline/data/20260131-00-20-29/pig18_rgb_20260131-00-23-36.jpg,/Users/akbar/Downloads/paal_pipeline/data/20260131-00-20-29/pig18_ir_vis_20260131-00-23-36.jpg,/Users/akbar/Downloads/paal_pipeline/data/20260131-00-20-29/pig18_depth_vis_20260131-00-23-36.jpg,2
20260131-03-11-03,0,20260131-03-11-29,/Users/akbar/Downloads/paal_pipeline/data/20260131-03-11-03/pig0_rgb_20260131-03-11-29.jpg,/Users/akbar/Downloads/paal_pipeline/data/20260131-03-11-03/pig0_ir_vis_20260131-03-11-29.jpg,/Users/akbar/Downloads/paal_pipeline/data/20260131-03-11-03/pig0_depth_vis_20260131-03-11-29.jpg,2
20260131-03-11-03,2,20260131-03-11-47,/Users/akbar/Downloads/paal_pipeline/data/20260131-03-11-03/pig2_rgb_20260131-03-11-47.jpg,/Users/akbar/Downloads/paal_pipeline/data/20260131-03-11-03/pig2_ir_vis_20260131-03-11-47.jpg,/Users/akbar/Downloads/paal_pipeline/data/20260131-03-11-03/pig2_depth_vis_20260131-03-11-47.jpg,2
20260131-03-11-03,3,20260131-03-11-56,/Users/akbar/Downloads/paal_pipeline/data/20260131-03-11-03/pig3_rgb_20260131-03-11-56.jpg,/Users/akbar/Downloads/paal_pipeline/data/20260131-03-11-03/pig3_ir_vis_20260131-03-11-56.jpg,/Users/akbar/Downloads/paal_pipeline/data/20260131-03-11-03/pig3_depth_vis_20260131-03-11-56.jpg,2
20260131-03-11-03,4,20260131-03-12-05,/Users/akbar/Downloads/paal_pipeline/data/20260131-03-11-03/pig4_rgb_20260131-03-12-05.jpg,/Users/akbar/Downloads/paal_pipeline/data/20260131-03-11-03/pig4_ir_vis_20260131-03-12-05.jpg,/Users/akbar/Downloads/paal_pipeline/data/20260131-03-11-03/pig4_depth_vis_20260131-03-12-05.jpg,2
20260131-03-11-03,5,20260131-03-12-14,/Users/akbar/Downloads/paal_pipeline/data/20260131-03-11-03/pig5_rgb_20260131-03-12-14.jpg,/Users/akbar/Downloads/paal_pipeline/data/20260131-03-11-03/pig5_ir_vis_20260131-03-12-14.jpg,/Users/akbar/Downloads/paal_pipeline/data/20260131-03-11-03/pig5_depth_vis_20260131-03-12-14.jpg,2
20260131-03-11-03,6,20260131-03-12-23,/Users/akbar/Downloads/paal_pipeline/data/20260131-03-11-03/pig6_rgb_20260131-03-12-23.jpg,/Users/akbar/Downloads/paal_pipeline/data/20260131-03-11-03/pig6_ir_vis_20260131-03-12-23.jpg,/Users/akbar/Downloads/paal_pipeline/data/20260131-03-11-03/pig6_depth_vis_20260131-03-12-23.jpg,2
20260131-03-11-03,7,20260131-03-12-32,/Users/akbar/Downloads/paal_pipeline/data/20260131-03-11-03/pig7_rgb_20260131-03-12-32.jpg,/Users/akbar/Downloads/paal_pipeline/data/20260131-03-11-03/pig7_ir_vis_20260131-03-12-32.jpg,/Users/akbar/Downloads/paal_pipeline/data/20260131-03-11-03/pig7_depth_vis_20260131-03-12-32.jpg,2
20260131-03-11-03,8,20260131-03-12-41,/Users/akbar/Downloads/paal_pipeline/data/20260131-03-11-03/pig8_rgb_20260131-03-12-41.jpg,/Users/akbar/Downloads/paal_pipeline/data/20260131-03-11-03/pig8_ir_vis_20260131-03-12-41.jpg,/Users/akbar/Downloads/paal_pipeline/data/20260131-03-11-03/pig8_depth_vis_20260131-03-12-41.jpg,2
20260131-03-11-03,9,20260131-03-12-49,/Users/akbar/Downloads/paal_pipeline/data/20260131-03-11-03/pig9_rgb_20260131-03-12-49.jpg,/Users/akbar/Downloads/paal_pipeline/data/20260131-03-11-03/pig9_ir_vis_20260131-03-12-49.jpg,/Users/akbar/Downloads/paal_pipeline/data/20260131-03-11-03/pig9_depth_vis_20260131-03-12-49.jpg,2
20260131-03-11-03,10,20260131-03-12-58,/Users/akbar/Downloads/paal_pipeline/data/20260131-03-11-03/pig10_rgb_20260131-03-12-58.jpg,/Users/akbar/Downloads/paal_pipeline/data/20260131-03-11-03/pig10_ir_vis_20260131-03-12-58.jpg,/Users/akbar/Downloads/paal_pipeline/data/20260131-03-11-03/pig10_depth_vis_20260131-03-12-58.jpg,2
20260131-03-11-03,11,20260131-03-13-07,/Users/akbar/Downloads/paal_pipeline/data/20260131-03-11-03/pig11_rgb_20260131-03-13-07.jpg,/Users/akbar/Downloads/paal_pipeline/data/20260131-03-11-03/pig11_ir_vis_20260131-03-13-07.jpg,/Users/akbar/Downloads/paal_pipeline/data/20260131-03-11-03/pig11_depth_vis_20260131-03-13-07.jpg,2
20260131-03-11-03,12,20260131-03-13-16,/Users/akbar/Downloads/paal_pipeline/data/20260131-03-11-03/pig12_rgb_20260131-03-13-16.jpg,/Users/akbar/Downloads/paal_pipeline/data/20260131-03-11-03/pig12_ir_vis_20260131-03-13-16.jpg,/Users/akbar/Downloads/paal_pipeline/data/20260131-03-11-03/pig12_depth_vis_20260131-03-13-16.jpg,2
20260131-03-11-03,14,20260131-03-13-34,/Users/akbar/Downloads/paal_pipeline/data/20260131-03-11-03/pig14_rgb_20260131-03-13-34.jpg,/Users/akbar/Downloads/paal_pipeline/data/20260131-03-11-03/pig14_ir_vis_20260131-03-13-34.jpg,/Users/akbar/Downloads/paal_pipeline/data/20260131-03-11-03/pig14_depth_vis_20260131-03-13-34.jpg,2
20260131-03-11-03,15,20260131-03-13-43,/Users/akbar/Downloads/paal_pipeline/data/20260131-03-11-03/pig15_rgb_20260131-03-13-43.jpg,/Users/akbar/Downloads/paal_pipeline/data/20260131-03-11-03/pig15_ir_vis_20260131-03-13-43.jpg,/Users/akbar/Downloads/paal_pipeline/data/20260131-03-11-03/pig15_depth_vis_20260131-03-13-43.jpg,2
20260131-03-11-03,16,20260131-03-13-52,/Users/akbar/Downloads/paal_pipeline/data/20260131-03-11-03/pig16_rgb_20260131-03-13-52.jpg,/Users/akbar/Downloads/paal_pipeline/data/20260131-03-11-03/pig16_ir_vis_20260131-03-13-52.jpg,/Users/akbar/Downloads/paal_pipeline/data/20260131-03-11-03/pig16_depth_vis_20260131-03-13-52.jpg,2
20260131-03-11-03,18,20260131-03-14-09,/Users/akbar/Downloads/paal_pipeline/data/20260131-03-11-03/pig18_rgb_20260131-03-14-09.jpg,/Users/akbar/Downloads/paal_pipeline/data/20260131-03-11-03/pig18_ir_vis_20260131-03-14-09.jpg,/Users/akbar/Downloads/paal_pipeline/data/20260131-03-11-03/pig18_depth_vis_20260131-03-14-09.jpg,2
20260131-06-44-14,0,20260131-06-44-41,/Users/akbar/Downloads/paal_pipeline/data/20260131-06-44-14/pig0_rgb_20260131-06-44-41.jpg,/Users/akbar/Downloads/paal_pipeline/data/20260131-06-44-14/pig0_ir_vis_20260131-06-44-41.jpg,/Users/akbar/Downloads/paal_pipeline/data/20260131-06-44-14/pig0_depth_vis_20260131-06-44-41.jpg,0
20260131-06-44-14,2,20260131-06-44-58,/Users/akbar/Downloads/paal_pipeline/data/20260131-06-44-14/pig2_rgb_20260131-06-44-58.jpg,/Users/akbar/Downloads/paal_pipeline/data/20260131-06-44-14/pig2_ir_vis_20260131-06-44-58.jpg,/Users/akbar/Downloads/paal_pipeline/data/20260131-06-44-14/pig2_depth_vis_20260131-06-44-58.jpg,0
20260131-06-44-14,3,20260131-06-45-07,/Users/akbar/Downloads/paal_pipeline/data/20260131-06-44-14/pig3_rgb_20260131-06-45-07.jpg,/Users/akbar/Downloads/paal_pipeline/data/20260131-06-44-14/pig3_ir_vis_20260131-06-45-07.jpg,/Users/akbar/Downloads/paal_pipeline/data/20260131-06-44-14/pig3_depth_vis_20260131-06-45-07.jpg,0
20260131-06-44-14,4,20260131-06-45-16,/Users/akbar/Downloads/paal_pipeline/data/20260131-06-44-14/pig4_rgb_20260131-06-45-16.jpg,/Users/akbar/Downloads/paal_pipeline/data/20260131-06-44-14/pig4_ir_vis_20260131-06-45-16.jpg,/Users/akbar/Downloads/paal_pipeline/data/20260131-06-44-14/pig4_depth_vis_20260131-06-45-16.jpg,1
20260131-06-44-14,5,20260131-06-45-25,/Users/akbar/Downloads/paal_pipeline/data/20260131-06-44-14/pig5_rgb_20260131-06-45-25.jpg,/Users/akbar/Downloads/paal_pipeline/data/20260131-06-44-14/pig5_ir_vis_20260131-06-45-25.jpg,/Users/akbar/Downloads/paal_pipeline/data/20260131-06-44-14/pig5_depth_vis_20260131-06-45-25.jpg,0
20260131-06-44-14,6,20260131-06-45-34,/Users/akbar/Downloads/paal_pipeline/data/20260131-06-44-14/pig6_rgb_20260131-06-45-34.jpg,/Users/akbar/Downloads/paal_pipeline/data/20260131-06-44-14/pig6_ir_vis_20260131-06-45-34.jpg,/Users/akbar/Downloads/paal_pipeline/data/20260131-06-44-14/pig6_depth_vis_20260131-06-45-34.jpg,0
20260131-06-44-14,7,20260131-06-45-43,/Users/akbar/Downloads/paal_pipeline/data/20260131-06-44-14/pig7_rgb_20260131-06-45-43.jpg,/Users/akbar/Downloads/paal_pipeline/data/20260131-06-44-14/pig7_ir_vis_20260131-06-45-43.jpg,/Users/akbar/Downloads/paal_pipeline/data/20260131-06-44-14/pig7_depth_vis_20260131-06-45-43.jpg,0
20260131-06-44-14,8,20260131-06-45-52,/Users/akbar/Downloads/paal_pipeline/data/20260131-06-44-14/pig8_rgb_20260131-06-45-52.jpg,/Users/akbar/Downloads/paal_pipeline/data/20260131-06-44-14/pig8_ir_vis_20260131-06-45-52.jpg,/Users/akbar/Downloads/paal_pipeline/data/20260131-06-44-14/pig8_depth_vis_20260131-06-45-52.jpg,0
20260131-06-44-14,9,20260131-06-46-01,/Users/akbar/Downloads/paal_pipeline/data/20260131-06-44-14/pig9_rgb_20260131-06-46-01.jpg,/Users/akbar/Downloads/paal_pipeline/data/20260131-06-44-14/pig9_ir_vis_20260131-06-46-01.jpg,/Users/akbar/Downloads/paal_pipeline/data/20260131-06-44-14/pig9_depth_vis_20260131-06-46-01.jpg,2
20260131-06-44-14,10,20260131-06-46-10,/Users/akbar/Downloads/paal_pipeline/data/20260131-06-44-14/pig10_rgb_20260131-06-46-10.jpg,/Users/akbar/Downloads/paal_pipeline/data/20260131-06-44-14/pig10_ir_vis_20260131-06-46-10.jpg,/Users/akbar/Downloads/paal_pipeline/data/20260131-06-44-14/pig10_depth_vis_20260131-06-46-10.jpg,2
20260131-06-44-14,11,20260131-06-46-19,/Users/akbar/Downloads/paal_pipeline/data/20260131-06-44-14/pig11_rgb_20260131-06-46-19.jpg,/Users/akbar/Downloads/paal_pipeline/data/20260131-06-44-14/pig11_ir_vis_20260131-06-46-19.jpg,/Users/akbar/Downloads/paal_pipeline/data/20260131-06-44-14/pig11_depth_vis_20260131-06-46-19.jpg,0
20260131-06-44-14,12,20260131-06-46-27,/Users/akbar/Downloads/paal_pipeline/data/20260131-06-44-14/pig12_rgb_20260131-06-46-27.jpg,/Users/akbar/Downloads/paal_pipeline/data/20260131-06-44-14/pig12_ir_vis_20260131-06-46-27.jpg,/Users/akbar/Downloads/paal_pipeline/data/20260131-06-44-14/pig12_depth_vis_20260131-06-46-27.jpg,0
20260131-06-44-14,14,20260131-06-46-45,/Users/akbar/Downloads/paal_pipeline/data/20260131-06-44-14/pig14_rgb_20260131-06-46-45.jpg,/Users/akbar/Downloads/paal_pipeline/data/20260131-06-44-14/pig14_ir_vis_20260131-06-46-45.jpg,/Users/akbar/Downloads/paal_pipeline/data/20260131-06-44-14/pig14_depth_vis_20260131-06-46-45.jpg,0
20260131-06-44-14,15,20260131-06-46-54,/Users/akbar/Downloads/paal_pipeline/data/20260131-06-44-14/pig15_rgb_20260131-06-46-54.jpg,/Users/akbar/Downloads/paal_pipeline/data/20260131-06-44-14/pig15_ir_vis_20260131-06-46-54.jpg,/Users/akbar/Downloads/paal_pipeline/data/20260131-06-44-14/pig15_depth_vis_20260131-06-46-54.jpg,2
20260131-06-44-14,16,20260131-06-47-03,/Users/akbar/Downloads/paal_pipeline/data/20260131-06-44-14/pig16_rgb_20260131-06-47-03.jpg,/Users/akbar/Downloads/paal_pipeline/data/20260131-06-44-14/pig16_ir_vis_20260131-06-47-03.jpg,/Users/akbar/Downloads/paal_pipeline/data/20260131-06-44-14/pig16_depth_vis_20260131-06-47-03.jpg,0
20260131-06-44-14,18,20260131-06-47-20,/Users/akbar/Downloads/paal_pipeline/data/20260131-06-44-14/pig18_rgb_20260131-06-47-20.jpg,/Users/akbar/Downloads/paal_pipeline/data/20260131-06-44-14/pig18_ir_vis_20260131-06-47-20.jpg,/Users/akbar/Downloads/paal_pipeline/data/20260131-06-44-14/pig18_depth_vis_20260131-06-47-20.jpg,2
20260131-09-02-48,0,20260131-09-03-15,/Users/akbar/Downloads/paal_pipeline/data/20260131-09-02-48/pig0_rgb_20260131-09-03-15.jpg,/Users/akbar/Downloads/paal_pipeline/data/20260131-09-02-48/pig0_ir_vis_20260131-09-03-15.jpg,/Users/akbar/Downloads/paal_pipeline/data/20260131-09-02-48/pig0_depth_vis_20260131-09-03-15.jpg,0
20260131-09-02-48,2,20260131-09-03-33,/Users/akbar/Downloads/paal_pipeline/data/20260131-09-02-48/pig2_rgb_20260131-09-03-33.jpg,/Users/akbar/Downloads/paal_pipeline/data/20260131-09-02-48/pig2_ir_vis_20260131-09-03-33.jpg,/Users/akbar/Downloads/paal_pipeline/data/20260131-09-02-48/pig2_depth_vis_20260131-09-03-33.jpg,0
20260131-09-02-48,3,20260131-09-03-42,/Users/akbar/Downloads/paal_pipeline/data/20260131-09-02-48/pig3_rgb_20260131-09-03-42.jpg,/Users/akbar/Downloads/paal_pipeline/data/20260131-09-02-48/pig3_ir_vis_20260131-09-03-42.jpg,/Users/akbar/Downloads/paal_pipeline/data/20260131-09-02-48/pig3_depth_vis_20260131-09-03-42.jpg,0
20260131-09-02-48,4,20260131-09-03-50,/Users/akbar/Downloads/paal_pipeline/data/20260131-09-02-48/pig4_rgb_20260131-09-03-50.jpg,/Users/akbar/Downloads/paal_pipeline/data/20260131-09-02-48/pig4_ir_vis_20260131-09-03-50.jpg,/Users/akbar/Downloads/paal_pipeline/data/20260131-09-02-48/pig4_depth_vis_20260131-09-03-50.jpg,0
20260131-09-02-48,5,20260131-09-03-59,/Users/akbar/Downloads/paal_pipeline/data/20260131-09-02-48/pig5_rgb_20260131-09-03-59.jpg,/Users/akbar/Downloads/paal_pipeline/data/20260131-09-02-48/pig5_ir_vis_20260131-09-03-59.jpg,/Users/akbar/Downloads/paal_pipeline/data/20260131-09-02-48/pig5_depth_vis_20260131-09-03-59.jpg,0
20260131-09-02-48,6,20260131-09-04-08,/Users/akbar/Downloads/paal_pipeline/data/20260131-09-02-48/pig6_rgb_20260131-09-04-08.jpg,/Users/akbar/Downloads/paal_pipeline/data/20260131-09-02-48/pig6_ir_vis_20260131-09-04-08.jpg,/Users/akbar/Downloads/paal_pipeline/data/20260131-09-02-48/pig6_depth_vis_20260131-09-04-08.jpg,0
20260131-09-02-48,7,20260131-09-04-17,/Users/akbar/Downloads/paal_pipeline/data/20260131-09-02-48/pig7_rgb_20260131-09-04-17.jpg,/Users/akbar/Downloads/paal_pipeline/data/20260131-09-02-48/pig7_ir_vis_20260131-09-04-17.jpg,/Users/akbar/Downloads/paal_pipeline/data/20260131-09-02-48/pig7_depth_vis_20260131-09-04-17.jpg,0
20260131-09-02-48,8,20260131-09-04-26,/Users/akbar/Downloads/paal_pipeline/data/20260131-09-02-48/pig8_rgb_20260131-09-04-26.jpg,/Users/akbar/Downloads/paal_pipeline/data/20260131-09-02-48/pig8_ir_vis_20260131-09-04-26.jpg,/Users/akbar/Downloads/paal_pipeline/data/20260131-09-02-48/pig8_depth_vis_20260131-09-04-26.jpg,0
20260131-09-02-48,9,20260131-09-04-35,/Users/akbar/Downloads/paal_pipeline/data/20260131-09-02-48/pig9_rgb_20260131-09-04-35.jpg,/Users/akbar/Downloads/paal_pipeline/data/20260131-09-02-48/pig9_ir_vis_20260131-09-04-35.jpg,/Users/akbar/Downloads/paal_pipeline/data/20260131-09-02-48/pig9_depth_vis_20260131-09-04-35.jpg,2
20260131-09-02-48,10,20260131-09-04-44,/Users/akbar/Downloads/paal_pipeline/data/20260131-09-02-48/pig10_rgb_20260131-09-04-44.jpg,/Users/akbar/Downloads/paal_pipeline/data/20260131-09-02-48/pig10_ir_vis_20260131-09-04-44.jpg,/Users/akbar/Downloads/paal_pipeline/data/20260131-09-02-48/pig10_depth_vis_20260131-09-04-44.jpg,0
20260131-09-02-48,11,20260131-09-04-53,/Users/akbar/Downloads/paal_pipeline/data/20260131-09-02-48/pig11_rgb_20260131-09-04-53.jpg,/Users/akbar/Downloads/paal_pipeline/data/20260131-09-02-48/pig11_ir_vis_20260131-09-04-53.jpg,/Users/akbar/Downloads/paal_pipeline/data/20260131-09-02-48/pig11_depth_vis_20260131-09-04-53.jpg,0
20260131-09-02-48,12,20260131-09-05-02,/Users/akbar/Downloads/paal_pipeline/data/20260131-09-02-48/pig12_rgb_20260131-09-05-02.jpg,/Users/akbar/Downloads/paal_pipeline/data/20260131-09-02-48/pig12_ir_vis_20260131-09-05-02.jpg,/Users/akbar/Downloads/paal_pipeline/data/20260131-09-02-48/pig12_depth_vis_20260131-09-05-02.jpg,0
20260131-09-02-48,14,20260131-09-05-19,/Users/akbar/Downloads/paal_pipeline/data/20260131-09-02-48/pig14_rgb_20260131-09-05-19.jpg,/Users/akbar/Downloads/paal_pipeline/data/20260131-09-02-48/pig14_ir_vis_20260131-09-05-19.jpg,/Users/akbar/Downloads/paal_pipeline/data/20260131-09-02-48/pig14_depth_vis_20260131-09-05-19.jpg,0
20260131-09-02-48,15,20260131-09-05-29,/Users/akbar/Downloads/paal_pipeline/data/20260131-09-02-48/pig15_rgb_20260131-09-05-29.jpg,/Users/akbar/Downloads/paal_pipeline/data/20260131-09-02-48/pig15_ir_vis_20260131-09-05-29.jpg,/Users/akbar/Downloads/paal_pipeline/data/20260131-09-02-48/pig15_depth_vis_20260131-09-05-29.jpg,0
20260131-09-02-48,16,20260131-09-05-37,/Users/akbar/Downloads/paal_pipeline/data/20260131-09-02-48/pig16_rgb_20260131-09-05-37.jpg,/Users/akbar/Downloads/paal_pipeline/data/20260131-09-02-48/pig16_ir_vis_20260131-09-05-37.jpg,/Users/akbar/Downloads/paal_pipeline/data/20260131-09-02-48/pig16_depth_vis_20260131-09-05-37.jpg,0
20260131-09-02-48,18,20260131-09-05-55,/Users/akbar/Downloads/paal_pipeline/data/20260131-09-02-48/pig18_rgb_20260131-09-05-55.jpg,/Users/akbar/Downloads/paal_pipeline/data/20260131-09-02-48/pig18_ir_vis_20260131-09-05-55.jpg,/Users/akbar/Downloads/paal_pipeline/data/20260131-09-02-48/pig18_depth_vis_20260131-09-05-55.jpg,0
20260131-12-14-40,0,20260131-12-15-07,/Users/akbar/Downloads/paal_pipeline/data/20260131-12-14-40/pig0_rgb_20260131-12-15-07.jpg,/Users/akbar/Downloads/paal_pipeline/data/20260131-12-14-40/pig0_ir_vis_20260131-12-15-07.jpg,/Users/akbar/Downloads/paal_pipeline/data/20260131-12-14-40/pig0_depth_vis_20260131-12-15-07.jpg,0
20260131-12-14-40,2,20260131-12-15-25,/Users/akbar/Downloads/paal_pipeline/data/20260131-12-14-40/pig2_rgb_20260131-12-15-25.jpg,/Users/akbar/Downloads/paal_pipeline/data/20260131-12-14-40/pig2_ir_vis_20260131-12-15-25.jpg,/Users/akbar/Downloads/paal_pipeline/data/20260131-12-14-40/pig2_depth_vis_20260131-12-15-25.jpg,0
20260131-12-14-40,3,20260131-12-15-33,/Users/akbar/Downloads/paal_pipeline/data/20260131-12-14-40/pig3_rgb_20260131-12-15-33.jpg,/Users/akbar/Downloads/paal_pipeline/data/20260131-12-14-40/pig3_ir_vis_20260131-12-15-33.jpg,/Users/akbar/Downloads/paal_pipeline/data/20260131-12-14-40/pig3_depth_vis_20260131-12-15-33.jpg,0
20260131-12-14-40,4,20260131-12-15-42,/Users/akbar/Downloads/paal_pipeline/data/20260131-12-14-40/pig4_rgb_20260131-12-15-42.jpg,/Users/akbar/Downloads/paal_pipeline/data/20260131-12-14-40/pig4_ir_vis_20260131-12-15-42.jpg,/Users/akbar/Downloads/paal_pipeline/data/20260131-12-14-40/pig4_depth_vis_20260131-12-15-42.jpg,1
20260131-12-14-40,5,20260131-12-15-51,/Users/akbar/Downloads/paal_pipeline/data/20260131-12-14-40/pig5_rgb_20260131-12-15-51.jpg,/Users/akbar/Downloads/paal_pipeline/data/20260131-12-14-40/pig5_ir_vis_20260131-12-15-51.jpg,/Users/akbar/Downloads/paal_pipeline/data/20260131-12-14-40/pig5_depth_vis_20260131-12-15-51.jpg,0
20260131-12-14-40,6,20260131-12-16-00,/Users/akbar/Downloads/paal_pipeline/data/20260131-12-14-40/pig6_rgb_20260131-12-16-00.jpg,/Users/akbar/Downloads/paal_pipeline/data/20260131-12-14-40/pig6_ir_vis_20260131-12-16-00.jpg,/Users/akbar/Downloads/paal_pipeline/data/20260131-12-14-40/pig6_depth_vis_20260131-12-16-00.jpg,0
20260131-12-14-40,7,20260131-12-16-09,/Users/akbar/Downloads/paal_pipeline/data/20260131-12-14-40/pig7_rgb_20260131-12-16-09.jpg,/Users/akbar/Downloads/paal_pipeline/data/20260131-12-14-40/pig7_ir_vis_20260131-12-16-09.jpg,/Users/akbar/Downloads/paal_pipeline/data/20260131-12-14-40/pig7_depth_vis_20260131-12-16-09.jpg,0
20260131-12-14-40,8,20260131-12-16-18,/Users/akbar/Downloads/paal_pipeline/data/20260131-12-14-40/pig8_rgb_20260131-12-16-18.jpg,/Users/akbar/Downloads/paal_pipeline/data/20260131-12-14-40/pig8_ir_vis_20260131-12-16-18.jpg,/Users/akbar/Downloads/paal_pipeline/data/20260131-12-14-40/pig8_depth_vis_20260131-12-16-18.jpg,0
20260131-12-14-40,9,20260131-12-16-27,/Users/akbar/Downloads/paal_pipeline/data/20260131-12-14-40/pig9_rgb_20260131-12-16-27.jpg,/Users/akbar/Downloads/paal_pipeline/data/20260131-12-14-40/pig9_ir_vis_20260131-12-16-27.jpg,/Users/akbar/Downloads/paal_pipeline/data/20260131-12-14-40/pig9_depth_vis_20260131-12-16-27.jpg,2
20260131-12-14-40,10,20260131-12-16-36,/Users/akbar/Downloads/paal_pipeline/data/20260131-12-14-40/pig10_rgb_20260131-12-16-36.jpg,/Users/akbar/Downloads/paal_pipeline/data/20260131-12-14-40/pig10_ir_vis_20260131-12-16-36.jpg,/Users/akbar/Downloads/paal_pipeline/data/20260131-12-14-40/pig10_depth_vis_20260131-12-16-36.jpg,0
20260131-12-14-40,11,20260131-12-16-45,/Users/akbar/Downloads/paal_pipeline/data/20260131-12-14-40/pig11_rgb_20260131-12-16-45.jpg,/Users/akbar/Downloads/paal_pipeline/data/20260131-12-14-40/pig11_ir_vis_20260131-12-16-45.jpg,/Users/akbar/Downloads/paal_pipeline/data/20260131-12-14-40/pig11_depth_vis_20260131-12-16-45.jpg,0
20260131-12-14-40,12,20260131-12-16-54,/Users/akbar/Downloads/paal_pipeline/data/20260131-12-14-40/pig12_rgb_20260131-12-16-54.jpg,/Users/akbar/Downloads/paal_pipeline/data/20260131-12-14-40/pig12_ir_vis_20260131-12-16-54.jpg,/Users/akbar/Downloads/paal_pipeline/data/20260131-12-14-40/pig12_depth_vis_20260131-12-16-54.jpg,0
20260131-12-14-40,14,20260131-12-17-11,/Users/akbar/Downloads/paal_pipeline/data/20260131-12-14-40/pig14_rgb_20260131-12-17-11.jpg,/Users/akbar/Downloads/paal_pipeline/data/20260131-12-14-40/pig14_ir_vis_20260131-12-17-11.jpg,/Users/akbar/Downloads/paal_pipeline/data/20260131-12-14-40/pig14_depth_vis_20260131-12-17-11.jpg,0
20260131-12-14-40,15,20260131-12-17-21,/Users/akbar/Downloads/paal_pipeline/data/20260131-12-14-40/pig15_rgb_20260131-12-17-21.jpg,/Users/akbar/Downloads/paal_pipeline/data/20260131-12-14-40/pig15_ir_vis_20260131-12-17-21.jpg,/Users/akbar/Downloads/paal_pipeline/data/20260131-12-14-40/pig15_depth_vis_20260131-12-17-21.jpg,0
20260131-12-14-40,16,20260131-12-17-29,/Users/akbar/Downloads/paal_pipeline/data/20260131-12-14-40/pig16_rgb_20260131-12-17-29.jpg,/Users/akbar/Downloads/paal_pipeline/data/20260131-12-14-40/pig16_ir_vis_20260131-12-17-29.jpg,/Users/akbar/Downloads/paal_pipeline/data/20260131-12-14-40/pig16_depth_vis_20260131-12-17-29.jpg,0
20260131-12-14-40,18,20260131-12-17-47,/Users/akbar/Downloads/paal_pipeline/data/20260131-12-14-40/pig18_rgb_20260131-12-17-47.jpg,/Users/akbar/Downloads/paal_pipeline/data/20260131-12-14-40/pig18_ir_vis_20260131-12-17-47.jpg,/Users/akbar/Downloads/paal_pipeline/data/20260131-12-14-40/pig18_depth_vis_20260131-12-17-47.jpg,0
20260131-15-15-55,0,20260131-15-16-22,/Users/akbar/Downloads/paal_pipeline/data/20260131-15-15-55/pig0_rgb_20260131-15-16-22.jpg,/Users/akbar/Downloads/paal_pipeline/data/20260131-15-15-55/pig0_ir_vis_20260131-15-16-22.jpg,/Users/akbar/Downloads/paal_pipeline/data/20260131-15-15-55/pig0_depth_vis_20260131-15-16-22.jpg,0
20260131-15-15-55,2,20260131-15-16-39,/Users/akbar/Downloads/paal_pipeline/data/20260131-15-15-55/pig2_rgb_20260131-15-16-39.jpg,/Users/akbar/Downloads/paal_pipeline/data/20260131-15-15-55/pig2_ir_vis_20260131-15-16-39.jpg,/Users/akbar/Downloads/paal_pipeline/data/20260131-15-15-55/pig2_depth_vis_20260131-15-16-39.jpg,0
20260131-15-15-55,3,20260131-15-16-48,/Users/akbar/Downloads/paal_pipeline/data/20260131-15-15-55/pig3_rgb_20260131-15-16-48.jpg,/Users/akbar/Downloads/paal_pipeline/data/20260131-15-15-55/pig3_ir_vis_20260131-15-16-48.jpg,/Users/akbar/Downloads/paal_pipeline/data/20260131-15-15-55/pig3_depth_vis_20260131-15-16-48.jpg,0
20260131-15-15-55,4,20260131-15-16-57,/Users/akbar/Downloads/paal_pipeline/data/20260131-15-15-55/pig4_rgb_20260131-15-16-57.jpg,/Users/akbar/Downloads/paal_pipeline/data/20260131-15-15-55/pig4_ir_vis_20260131-15-16-57.jpg,/Users/akbar/Downloads/paal_pipeline/data/20260131-15-15-55/pig4_depth_vis_20260131-15-16-57.jpg,0
20260131-15-15-55,5,20260131-15-17-06,/Users/akbar/Downloads/paal_pipeline/data/20260131-15-15-55/pig5_rgb_20260131-15-17-06.jpg,/Users/akbar/Downloads/paal_pipeline/data/20260131-15-15-55/pig5_ir_vis_20260131-15-17-06.jpg,/Users/akbar/Downloads/paal_pipeline/data/20260131-15-15-55/pig5_depth_vis_20260131-15-17-06.jpg,0
20260131-15-15-55,6,20260131-15-17-15,/Users/akbar/Downloads/paal_pipeline/data/20260131-15-15-55/pig6_rgb_20260131-15-17-15.jpg,/Users/akbar/Downloads/paal_pipeline/data/20260131-15-15-55/pig6_ir_vis_20260131-15-17-15.jpg,/Users/akbar/Downloads/paal_pipeline/data/20260131-15-15-55/pig6_depth_vis_20260131-15-17-15.jpg,0
20260131-15-15-55,7,20260131-15-17-24,/Users/akbar/Downloads/paal_pipeline/data/20260131-15-15-55/pig7_rgb_20260131-15-17-24.jpg,/Users/akbar/Downloads/paal_pipeline/data/20260131-15-15-55/pig7_ir_vis_20260131-15-17-24.jpg,/Users/akbar/Downloads/paal_pipeline/data/20260131-15-15-55/pig7_depth_vis_20260131-15-17-24.jpg,0
20260131-15-15-55,8,20260131-15-17-33,/Users/akbar/Downloads/paal_pipeline/data/20260131-15-15-55/pig8_rgb_20260131-15-17-33.jpg,/Users/akbar/Downloads/paal_pipeline/data/20260131-15-15-55/pig8_ir_vis_20260131-15-17-33.jpg,/Users/akbar/Downloads/paal_pipeline/data/20260131-15-15-55/pig8_depth_vis_20260131-15-17-33.jpg,0
20260131-15-15-55,9,20260131-15-17-42,/Users/akbar/Downloads/paal_pipeline/data/20260131-15-15-55/pig9_rgb_20260131-15-17-42.jpg,/Users/akbar/Downloads/paal_pipeline/data/20260131-15-15-55/pig9_ir_vis_20260131-15-17-42.jpg,/Users/akbar/Downloads/paal_pipeline/data/20260131-15-15-55/pig9_depth_vis_20260131-15-17-42.jpg,2
20260131-15-15-55,10,20260131-15-17-51,/Users/akbar/Downloads/paal_pipeline/data/20260131-15-15-55/pig10_rgb_20260131-15-17-51.jpg,/Users/akbar/Downloads/paal_pipeline/data/20260131-15-15-55/pig10_ir_vis_20260131-15-17-51.jpg,/Users/akbar/Downloads/paal_pipeline/data/20260131-15-15-55/pig10_depth_vis_20260131-15-17-51.jpg,0
20260131-15-15-55,11,20260131-15-18-00,/Users/akbar/Downloads/paal_pipeline/data/20260131-15-15-55/pig11_rgb_20260131-15-18-00.jpg,/Users/akbar/Downloads/paal_pipeline/data/20260131-15-15-55/pig11_ir_vis_20260131-15-18-00.jpg,/Users/akbar/Downloads/paal_pipeline/data/20260131-15-15-55/pig11_depth_vis_20260131-15-18-00.jpg,0
20260131-15-15-55,12,20260131-15-18-09,/Users/akbar/Downloads/paal_pipeline/data/20260131-15-15-55/pig12_rgb_20260131-15-18-09.jpg,/Users/akbar/Downloads/paal_pipeline/data/20260131-15-15-55/pig12_ir_vis_20260131-15-18-09.jpg,/Users/akbar/Downloads/paal_pipeline/data/20260131-15-15-55/pig12_depth_vis_20260131-15-18-09.jpg,0
20260131-15-15-55,14,20260131-15-18-26,/Users/akbar/Downloads/paal_pipeline/data/20260131-15-15-55/pig14_rgb_20260131-15-18-26.jpg,/Users/akbar/Downloads/paal_pipeline/data/20260131-15-15-55/pig14_ir_vis_20260131-15-18-26.jpg,/Users/akbar/Downloads/paal_pipeline/data/20260131-15-15-55/pig14_depth_vis_20260131-15-18-26.jpg,0
20260131-15-15-55,15,20260131-15-18-36,/Users/akbar/Downloads/paal_pipeline/data/20260131-15-15-55/pig15_rgb_20260131-15-18-36.jpg,/Users/akbar/Downloads/paal_pipeline/data/20260131-15-15-55/pig15_ir_vis_20260131-15-18-36.jpg,/Users/akbar/Downloads/paal_pipeline/data/20260131-15-15-55/pig15_depth_vis_20260131-15-18-36.jpg,0
20260131-15-15-55,16,20260131-15-18-44,/Users/akbar/Downloads/paal_pipeline/data/20260131-15-15-55/pig16_rgb_20260131-15-18-44.jpg,/Users/akbar/Downloads/paal_pipeline/data/20260131-15-15-55/pig16_ir_vis_20260131-15-18-44.jpg,/Users/akbar/Downloads/paal_pipeline/data/20260131-15-15-55/pig16_depth_vis_20260131-15-18-44.jpg,0
20260131-15-15-55,18,20260131-15-19-02,/Users/akbar/Downloads/paal_pipeline/data/20260131-15-15-55/pig18_rgb_20260131-15-19-02.jpg,/Users/akbar/Downloads/paal_pipeline/data/20260131-15-15-55/pig18_ir_vis_20260131-15-19-02.jpg,/Users/akbar/Downloads/paal_pipeline/data/20260131-15-15-55/pig18_depth_vis_20260131-15-19-02.jpg,0
20260131-18-27-50,0,20260131-18-28-16,/Users/akbar/Downloads/paal_pipeline/data/20260131-18-27-50/pig0_rgb_20260131-18-28-16.jpg,/Users/akbar/Downloads/paal_pipeline/data/20260131-18-27-50/pig0_ir_vis_20260131-18-28-16.jpg,/Users/akbar/Downloads/paal_pipeline/data/20260131-18-27-50/pig0_depth_vis_20260131-18-28-16.jpg,2
20260131-18-27-50,2,20260131-18-28-34,/Users/akbar/Downloads/paal_pipeline/data/20260131-18-27-50/pig2_rgb_20260131-18-28-34.jpg,/Users/akbar/Downloads/paal_pipeline/data/20260131-18-27-50/pig2_ir_vis_20260131-18-28-34.jpg,/Users/akbar/Downloads/paal_pipeline/data/20260131-18-27-50/pig2_depth_vis_20260131-18-28-34.jpg,0
20260131-18-27-50,3,20260131-18-28-43,/Users/akbar/Downloads/paal_pipeline/data/20260131-18-27-50/pig3_rgb_20260131-18-28-43.jpg,/Users/akbar/Downloads/paal_pipeline/data/20260131-18-27-50/pig3_ir_vis_20260131-18-28-43.jpg,/Users/akbar/Downloads/paal_pipeline/data/20260131-18-27-50/pig3_depth_vis_20260131-18-28-43.jpg,0
20260131-18-27-50,4,20260131-18-28-52,/Users/akbar/Downloads/paal_pipeline/data/20260131-18-27-50/pig4_rgb_20260131-18-28-52.jpg,/Users/akbar/Downloads/paal_pipeline/data/20260131-18-27-50/pig4_ir_vis_20260131-18-28-52.jpg,/Users/akbar/Downloads/paal_pipeline/data/20260131-18-27-50/pig4_depth_vis_20260131-18-28-52.jpg,2
20260131-18-27-50,5,20260131-18-29-01,/Users/akbar/Downloads/paal_pipeline/data/20260131-18-27-50/pig5_rgb_20260131-18-29-01.jpg,/Users/akbar/Downloads/paal_pipeline/data/20260131-18-27-50/pig5_ir_vis_20260131-18-29-01.jpg,/Users/akbar/Downloads/paal_pipeline/data/20260131-18-27-50/pig5_depth_vis_20260131-18-29-01.jpg,0
20260131-18-27-50,6,20260131-18-29-10,/Users/akbar/Downloads/paal_pipeline/data/20260131-18-27-50/pig6_rgb_20260131-18-29-10.jpg,/Users/akbar/Downloads/paal_pipeline/data/20260131-18-27-50/pig6_ir_vis_20260131-18-29-10.jpg,/Users/akbar/Downloads/paal_pipeline/data/20260131-18-27-50/pig6_depth_vis_20260131-18-29-10.jpg,2
20260131-18-27-50,7,20260131-18-29-19,/Users/akbar/Downloads/paal_pipeline/data/20260131-18-27-50/pig7_rgb_20260131-18-29-19.jpg,/Users/akbar/Downloads/paal_pipeline/data/20260131-18-27-50/pig7_ir_vis_20260131-18-29-19.jpg,/Users/akbar/Downloads/paal_pipeline/data/20260131-18-27-50/pig7_depth_vis_20260131-18-29-19.jpg,0
20260131-18-27-50,8,20260131-18-29-28,/Users/akbar/Downloads/paal_pipeline/data/20260131-18-27-50/pig8_rgb_20260131-18-29-28.jpg,/Users/akbar/Downloads/paal_pipeline/data/20260131-18-27-50/pig8_ir_vis_20260131-18-29-28.jpg,/Users/akbar/Downloads/paal_pipeline/data/20260131-18-27-50/pig8_depth_vis_20260131-18-29-28.jpg,0
20260131-18-27-50,9,20260131-18-29-37,/Users/akbar/Downloads/paal_pipeline/data/20260131-18-27-50/pig9_rgb_20260131-18-29-37.jpg,/Users/akbar/Downloads/paal_pipeline/data/20260131-18-27-50/pig9_ir_vis_20260131-18-29-37.jpg,/Users/akbar/Downloads/paal_pipeline/data/20260131-18-27-50/pig9_depth_vis_20260131-18-29-37.jpg,2
20260131-18-27-50,10,20260131-18-29-46,/Users/akbar/Downloads/paal_pipeline/data/20260131-18-27-50/pig10_rgb_20260131-18-29-46.jpg,/Users/akbar/Downloads/paal_pipeline/data/20260131-18-27-50/pig10_ir_vis_20260131-18-29-46.jpg,/Users/akbar/Downloads/paal_pipeline/data/20260131-18-27-50/pig10_depth_vis_20260131-18-29-46.jpg,0
20260131-18-27-50,11,20260131-18-29-55,/Users/akbar/Downloads/paal_pipeline/data/20260131-18-27-50/pig11_rgb_20260131-18-29-55.jpg,/Users/akbar/Downloads/paal_pipeline/data/20260131-18-27-50/pig11_ir_vis_20260131-18-29-55.jpg,/Users/akbar/Downloads/paal_pipeline/data/20260131-18-27-50/pig11_depth_vis_20260131-18-29-55.jpg,0
20260131-18-27-50,12,20260131-18-30-03,/Users/akbar/Downloads/paal_pipeline/data/20260131-18-27-50/pig12_rgb_20260131-18-30-03.jpg,/Users/akbar/Downloads/paal_pipeline/data/20260131-18-27-50/pig12_ir_vis_20260131-18-30-03.jpg,/Users/akbar/Downloads/paal_pipeline/data/20260131-18-27-50/pig12_depth_vis_20260131-18-30-03.jpg,2
20260131-18-27-50,14,20260131-18-30-21,/Users/akbar/Downloads/paal_pipeline/data/20260131-18-27-50/pig14_rgb_20260131-18-30-21.jpg,/Users/akbar/Downloads/paal_pipeline/data/20260131-18-27-50/pig14_ir_vis_20260131-18-30-21.jpg,/Users/akbar/Downloads/paal_pipeline/data/20260131-18-27-50/pig14_depth_vis_20260131-18-30-21.jpg,2
20260131-18-27-50,15,20260131-18-30-30,/Users/akbar/Downloads/paal_pipeline/data/20260131-18-27-50/pig15_rgb_20260131-18-30-30.jpg,/Users/akbar/Downloads/paal_pipeline/data/20260131-18-27-50/pig15_ir_vis_20260131-18-30-30.jpg,/Users/akbar/Downloads/paal_pipeline/data/20260131-18-27-50/pig15_depth_vis_20260131-18-30-30.jpg,2
20260131-18-27-50,16,20260131-18-30-39,/Users/akbar/Downloads/paal_pipeline/data/20260131-18-27-50/pig16_rgb_20260131-18-30-39.jpg,/Users/akbar/Downloads/paal_pipeline/data/20260131-18-27-50/pig16_ir_vis_20260131-18-30-39.jpg,/Users/akbar/Downloads/paal_pipeline/data/20260131-18-27-50/pig16_depth_vis_20260131-18-30-39.jpg,2
20260131-18-27-50,18,20260131-18-30-56,/Users/akbar/Downloads/paal_pipeline/data/20260131-18-27-50/pig18_rgb_20260131-18-30-56.jpg,/Users/akbar/Downloads/paal_pipeline/data/20260131-18-27-50/pig18_ir_vis_20260131-18-30-56.jpg,/Users/akbar/Downloads/paal_pipeline/data/20260131-18-27-50/pig18_depth_vis_20260131-18-30-56.jpg,2
20260131-21-07-44,0,20260131-21-08-10,/Users/akbar/Downloads/paal_pipeline/data/20260131-21-07-44/pig0_rgb_20260131-21-08-10.jpg,/Users/akbar/Downloads/paal_pipeline/data/20260131-21-07-44/pig0_ir_vis_20260131-21-08-10.jpg,/Users/akbar/Downloads/paal_pipeline/data/20260131-21-07-44/pig0_depth_vis_20260131-21-08-10.jpg,2
20260131-21-07-44,2,20260131-21-08-28,/Users/akbar/Downloads/paal_pipeline/data/20260131-21-07-44/pig2_rgb_20260131-21-08-28.jpg,/Users/akbar/Downloads/paal_pipeline/data/20260131-21-07-44/pig2_ir_vis_20260131-21-08-28.jpg,/Users/akbar/Downloads/paal_pipeline/data/20260131-21-07-44/pig2_depth_vis_20260131-21-08-28.jpg,0
20260131-21-07-44,3,20260131-21-08-37,/Users/akbar/Downloads/paal_pipeline/data/20260131-21-07-44/pig3_rgb_20260131-21-08-37.jpg,/Users/akbar/Downloads/paal_pipeline/data/20260131-21-07-44/pig3_ir_vis_20260131-21-08-37.jpg,/Users/akbar/Downloads/paal_pipeline/data/20260131-21-07-44/pig3_depth_vis_20260131-21-08-37.jpg,2
20260131-21-07-44,4,20260131-21-08-46,/Users/akbar/Downloads/paal_pipeline/data/20260131-21-07-44/pig4_rgb_20260131-21-08-46.jpg,/Users/akbar/Downloads/paal_pipeline/data/20260131-21-07-44/pig4_ir_vis_20260131-21-08-46.jpg,/Users/akbar/Downloads/paal_pipeline/data/20260131-21-07-44/pig4_depth_vis_20260131-21-08-46.jpg,2
20260131-21-07-44,5,20260131-21-08-55,/Users/akbar/Downloads/paal_pipeline/data/20260131-21-07-44/pig5_rgb_20260131-21-08-55.jpg,/Users/akbar/Downloads/paal_pipeline/data/20260131-21-07-44/pig5_ir_vis_20260131-21-08-55.jpg,/Users/akbar/Downloads/paal_pipeline/data/20260131-21-07-44/pig5_depth_vis_20260131-21-08-55.jpg,0
20260131-21-07-44,6,20260131-21-09-04,/Users/akbar/Downloads/paal_pipeline/data/20260131-21-07-44/pig6_rgb_20260131-21-09-04.jpg,/Users/akbar/Downloads/paal_pipeline/data/20260131-21-07-44/pig6_ir_vis_20260131-21-09-04.jpg,/Users/akbar/Downloads/paal_pipeline/data/20260131-21-07-44/pig6_depth_vis_20260131-21-09-04.jpg,2
20260131-21-07-44,7,20260131-21-09-13,/Users/akbar/Downloads/paal_pipeline/data/20260131-21-07-44/pig7_rgb_20260131-21-09-13.jpg,/Users/akbar/Downloads/paal_pipeline/data/20260131-21-07-44/pig7_ir_vis_20260131-21-09-13.jpg,/Users/akbar/Downloads/paal_pipeline/data/20260131-21-07-44/pig7_depth_vis_20260131-21-09-13.jpg,2
20260131-21-07-44,8,20260131-21-09-22,/Users/akbar/Downloads/paal_pipeline/data/20260131-21-07-44/pig8_rgb_20260131-21-09-22.jpg,/Users/akbar/Downloads/paal_pipeline/data/20260131-21-07-44/pig8_ir_vis_20260131-21-09-22.jpg,/Users/akbar/Downloads/paal_pipeline/data/20260131-21-07-44/pig8_depth_vis_20260131-21-09-22.jpg,0
20260131-21-07-44,9,20260131-21-09-30,/Users/akbar/Downloads/paal_pipeline/data/20260131-21-07-44/pig9_rgb_20260131-21-09-30.jpg,/Users/akbar/Downloads/paal_pipeline/data/20260131-21-07-44/pig9_ir_vis_20260131-21-09-30.jpg,/Users/akbar/Downloads/paal_pipeline/data/20260131-21-07-44/pig9_depth_vis_20260131-21-09-30.jpg,2
20260131-21-07-44,10,20260131-21-09-39,/Users/akbar/Downloads/paal_pipeline/data/20260131-21-07-44/pig10_rgb_20260131-21-09-39.jpg,/Users/akbar/Downloads/paal_pipeline/data/20260131-21-07-44/pig10_ir_vis_20260131-21-09-39.jpg,/Users/akbar/Downloads/paal_pipeline/data/20260131-21-07-44/pig10_depth_vis_20260131-21-09-39.jpg,2
20260131-21-07-44,11,20260131-21-09-48,/Users/akbar/Downloads/paal_pipeline/data/20260131-21-07-44/pig11_rgb_20260131-21-09-48.jpg,/Users/akbar/Downloads/paal_pipeline/data/20260131-21-07-44/pig11_ir_vis_20260131-21-09-48.jpg,/Users/akbar/Downloads/paal_pipeline/data/20260131-21-07-44/pig11_depth_vis_20260131-21-09-48.jpg,2
20260131-21-07-44,12,20260131-21-09-57,/Users/akbar/Downloads/paal_pipeline/data/20260131-21-07-44/pig12_rgb_20260131-21-09-57.jpg,/Users/akbar/Downloads/paal_pipeline/data/20260131-21-07-44/pig12_ir_vis_20260131-21-09-57.jpg,/Users/akbar/Downloads/paal_pipeline/data/20260131-21-07-44/pig12_depth_vis_20260131-21-09-57.jpg,2
20260131-21-07-44,14,20260131-21-10-15,/Users/akbar/Downloads/paal_pipeline/data/20260131-21-07-44/pig14_rgb_20260131-21-10-15.jpg,/Users/akbar/Downloads/paal_pipeline/data/20260131-21-07-44/pig14_ir_vis_20260131-21-10-15.jpg,/Users/akbar/Downloads/paal_pipeline/data/20260131-21-07-44/pig14_depth_vis_20260131-21-10-15.jpg,2
20260131-21-07-44,15,20260131-21-10-24,/Users/akbar/Downloads/paal_pipeline/data/20260131-21-07-44/pig15_rgb_20260131-21-10-24.jpg,/Users/akbar/Downloads/paal_pipeline/data/20260131-21-07-44/pig15_ir_vis_20260131-21-10-24.jpg,/Users/akbar/Downloads/paal_pipeline/data/20260131-21-07-44/pig15_depth_vis_20260131-21-10-24.jpg,2
20260131-21-07-44,16,20260131-21-10-33,/Users/akbar/Downloads/paal_pipeline/data/20260131-21-07-44/pig16_rgb_20260131-21-10-33.jpg,/Users/akbar/Downloads/paal_pipeline/data/20260131-21-07-44/pig16_ir_vis_20260131-21-10-33.jpg,/Users/akbar/Downloads/paal_pipeline/data/20260131-21-07-44/pig16_depth_vis_20260131-21-10-33.jpg,2
20260131-21-07-44,18,20260131-21-10-50,/Users/akbar/Downloads/paal_pipeline/data/20260131-21-07-44/pig18_rgb_20260131-21-10-50.jpg,/Users/akbar/Downloads/paal_pipeline/data/20260131-21-07-44/pig18_ir_vis_20260131-21-10-50.jpg,/Users/akbar/Downloads/paal_pipeline/data/20260131-21-07-44/pig18_depth_vis_20260131-21-10-50.jpg,2
20260201-01-12-54,0,20260201-01-13-21,/Users/akbar/Downloads/paal_pipeline/data/20260201-01-12-54/pig0_rgb_20260201-01-13-21.jpg,/Users/akbar/Downloads/paal_pipeline/data/20260201-01-12-54/pig0_ir_vis_20260201-01-13-21.jpg,/Users/akbar/Downloads/paal_pipeline/data/20260201-01-12-54/pig0_depth_vis_20260201-01-13-21.jpg,2
20260201-01-12-54,2,20260201-01-13-39,/Users/akbar/Downloads/paal_pipeline/data/20260201-01-12-54/pig2_rgb_20260201-01-13-39.jpg,/Users/akbar/Downloads/paal_pipeline/data/20260201-01-12-54/pig2_ir_vis_20260201-01-13-39.jpg,/Users/akbar/Downloads/paal_pipeline/data/20260201-01-12-54/pig2_depth_vis_20260201-01-13-39.jpg,2
20260201-01-12-54,3,20260201-01-13-48,/Users/akbar/Downloads/paal_pipeline/data/20260201-01-12-54/pig3_rgb_20260201-01-13-48.jpg,/Users/akbar/Downloads/paal_pipeline/data/20260201-01-12-54/pig3_ir_vis_20260201-01-13-48.jpg,/Users/akbar/Downloads/paal_pipeline/data/20260201-01-12-54/pig3_depth_vis_20260201-01-13-48.jpg,2
20260201-01-12-54,4,20260201-01-13-56,/Users/akbar/Downloads/paal_pipeline/data/20260201-01-12-54/pig4_rgb_20260201-01-13-56.jpg,/Users/akbar/Downloads/paal_pipeline/data/20260201-01-12-54/pig4_ir_vis_20260201-01-13-56.jpg,/Users/akbar/Downloads/paal_pipeline/data/20260201-01-12-54/pig4_depth_vis_20260201-01-13-56.jpg,2
20260201-01-12-54,5,20260201-01-14-05,/Users/akbar/Downloads/paal_pipeline/data/20260201-01-12-54/pig5_rgb_20260201-01-14-05.jpg,/Users/akbar/Downloads/paal_pipeline/data/20260201-01-12-54/pig5_ir_vis_20260201-01-14-05.jpg,/Users/akbar/Downloads/paal_pipeline/data/20260201-01-12-54/pig5_depth_vis_20260201-01-14-05.jpg,2
20260201-01-12-54,6,20260201-01-14-14,/Users/akbar/Downloads/paal_pipeline/data/20260201-01-12-54/pig6_rgb_20260201-01-14-14.jpg,/Users/akbar/Downloads/paal_pipeline/data/20260201-01-12-54/pig6_ir_vis_20260201-01-14-14.jpg,/Users/akbar/Downloads/paal_pipeline/data/20260201-01-12-54/pig6_depth_vis_20260201-01-14-14.jpg,2
20260201-01-12-54,7,20260201-01-14-23,/Users/akbar/Downloads/paal_pipeline/data/20260201-01-12-54/pig7_rgb_20260201-01-14-23.jpg,/Users/akbar/Downloads/paal_pipeline/data/20260201-01-12-54/pig7_ir_vis_20260201-01-14-23.jpg,/Users/akbar/Downloads/paal_pipeline/data/20260201-01-12-54/pig7_depth_vis_20260201-01-14-23.jpg,2
20260201-01-12-54,8,20260201-01-14-32,/Users/akbar/Downloads/paal_pipeline/data/20260201-01-12-54/pig8_rgb_20260201-01-14-32.jpg,/Users/akbar/Downloads/paal_pipeline/data/20260201-01-12-54/pig8_ir_vis_20260201-01-14-32.jpg,/Users/akbar/Downloads/paal_pipeline/data/20260201-01-12-54/pig8_depth_vis_20260201-01-14-32.jpg,2
20260201-01-12-54,9,20260201-01-14-41,/Users/akbar/Downloads/paal_pipeline/data/20260201-01-12-54/pig9_rgb_20260201-01-14-41.jpg,/Users/akbar/Downloads/paal_pipeline/data/20260201-01-12-54/pig9_ir_vis_20260201-01-14-41.jpg,/Users/akbar/Downloads/paal_pipeline/data/20260201-01-12-54/pig9_depth_vis_20260201-01-14-41.jpg,2
20260201-01-12-54,10,20260201-01-14-50,/Users/akbar/Downloads/paal_pipeline/data/20260201-01-12-54/pig10_rgb_20260201-01-14-50.jpg,/Users/akbar/Downloads/paal_pipeline/data/20260201-01-12-54/pig10_ir_vis_20260201-01-14-50.jpg,/Users/akbar/Downloads/paal_pipeline/data/20260201-01-12-54/pig10_depth_vis_20260201-01-14-50.jpg,2
20260201-01-12-54,11,20260201-01-14-59,/Users/akbar/Downloads/paal_pipeline/data/20260201-01-12-54/pig11_rgb_20260201-01-14-59.jpg,/Users/akbar/Downloads/paal_pipeline/data/20260201-01-12-54/pig11_ir_vis_20260201-01-14-59.jpg,/Users/akbar/Downloads/paal_pipeline/data/20260201-01-12-54/pig11_depth_vis_20260201-01-14-59.jpg,2
20260201-01-12-54,12,20260201-01-15-08,/Users/akbar/Downloads/paal_pipeline/data/20260201-01-12-54/pig12_rgb_20260201-01-15-08.jpg,/Users/akbar/Downloads/paal_pipeline/data/20260201-01-12-54/pig12_ir_vis_20260201-01-15-08.jpg,/Users/akbar/Downloads/paal_pipeline/data/20260201-01-12-54/pig12_depth_vis_20260201-01-15-08.jpg,2
20260201-01-12-54,14,20260201-01-15-25,/Users/akbar/Downloads/paal_pipeline/data/20260201-01-12-54/pig14_rgb_20260201-01-15-25.jpg,/Users/akbar/Downloads/paal_pipeline/data/20260201-01-12-54/pig14_ir_vis_20260201-01-15-25.jpg,/Users/akbar/Downloads/paal_pipeline/data/20260201-01-12-54/pig14_depth_vis_20260201-01-15-25.jpg,2
20260201-01-12-54,15,20260201-01-15-35,/Users/akbar/Downloads/paal_pipeline/data/20260201-01-12-54/pig15_rgb_20260201-01-15-35.jpg,/Users/akbar/Downloads/paal_pipeline/data/20260201-01-12-54/pig15_ir_vis_20260201-01-15-35.jpg,/Users/akbar/Downloads/paal_pipeline/data/20260201-01-12-54/pig15_depth_vis_20260201-01-15-35.jpg,2
20260201-01-12-54,16,20260201-01-15-43,/Users/akbar/Downloads/paal_pipeline/data/20260201-01-12-54/pig16_rgb_20260201-01-15-43.jpg,/Users/akbar/Downloads/paal_pipeline/data/20260201-01-12-54/pig16_ir_vis_20260201-01-15-43.jpg,/Users/akbar/Downloads/paal_pipeline/data/20260201-01-12-54/pig16_depth_vis_20260201-01-15-43.jpg,2
20260201-01-12-54,18,20260201-01-16-01,/Users/akbar/Downloads/paal_pipeline/data/20260201-01-12-54/pig18_rgb_20260201-01-16-01.jpg,/Users/akbar/Downloads/paal_pipeline/data/20260201-01-12-54/pig18_ir_vis_20260201-01-16-01.jpg,/Users/akbar/Downloads/paal_pipeline/data/20260201-01-12-54/pig18_depth_vis_20260201-01-16-01.jpg,2
20260201-04-24-46,0,20260201-04-25-13,/Users/akbar/Downloads/paal_pipeline/data/20260201-04-24-46/pig0_rgb_20260201-04-25-13.jpg,/Users/akbar/Downloads/paal_pipeline/data/20260201-04-24-46/pig0_ir_vis_20260201-04-25-13.jpg,/Users/akbar/Downloads/paal_pipeline/data/20260201-04-24-46/pig0_depth_vis_20260201-04-25-13.jpg,2
20260201-04-24-46,2,20260201-04-25-31,/Users/akbar/Downloads/paal_pipeline/data/20260201-04-24-46/pig2_rgb_20260201-04-25-31.jpg,/Users/akbar/Downloads/paal_pipeline/data/20260201-04-24-46/pig2_ir_vis_20260201-04-25-31.jpg,/Users/akbar/Downloads/paal_pipeline/data/20260201-04-24-46/pig2_depth_vis_20260201-04-25-31.jpg,2
20260201-04-24-46,3,20260201-04-25-40,/Users/akbar/Downloads/paal_pipeline/data/20260201-04-24-46/pig3_rgb_20260201-04-25-40.jpg,/Users/akbar/Downloads/paal_pipeline/data/20260201-04-24-46/pig3_ir_vis_20260201-04-25-40.jpg,/Users/akbar/Downloads/paal_pipeline/data/20260201-04-24-46/pig3_depth_vis_20260201-04-25-40.jpg,2
20260201-04-24-46,4,20260201-04-25-48,/Users/akbar/Downloads/paal_pipeline/data/20260201-04-24-46/pig4_rgb_20260201-04-25-48.jpg,/Users/akbar/Downloads/paal_pipeline/data/20260201-04-24-46/pig4_ir_vis_20260201-04-25-48.jpg,/Users/akbar/Downloads/paal_pipeline/data/20260201-04-24-46/pig4_depth_vis_20260201-04-25-48.jpg,0
20260201-04-24-46,5,20260201-04-25-57,/Users/akbar/Downloads/paal_pipeline/data/20260201-04-24-46/pig5_rgb_20260201-04-25-57.jpg,/Users/akbar/Downloads/paal_pipeline/data/20260201-04-24-46/pig5_ir_vis_20260201-04-25-57.jpg,/Users/akbar/Downloads/paal_pipeline/data/20260201-04-24-46/pig5_depth_vis_20260201-04-25-57.jpg,2
20260201-04-24-46,6,20260201-04-26-06,/Users/akbar/Downloads/paal_pipeline/data/20260201-04-24-46/pig6_rgb_20260201-04-26-06.jpg,/Users/akbar/Downloads/paal_pipeline/data/20260201-04-24-46/pig6_ir_vis_20260201-04-26-06.jpg,/Users/akbar/Downloads/paal_pipeline/data/20260201-04-24-46/pig6_depth_vis_20260201-04-26-06.jpg,2
20260201-04-24-46,7,20260201-04-26-15,/Users/akbar/Downloads/paal_pipeline/data/20260201-04-24-46/pig7_rgb_20260201-04-26-15.jpg,/Users/akbar/Downloads/paal_pipeline/data/20260201-04-24-46/pig7_ir_vis_20260201-04-26-15.jpg,/Users/akbar/Downloads/paal_pipeline/data/20260201-04-24-46/pig7_depth_vis_20260201-04-26-15.jpg,2
20260201-04-24-46,8,20260201-04-26-24,/Users/akbar/Downloads/paal_pipeline/data/20260201-04-24-46/pig8_rgb_20260201-04-26-24.jpg,/Users/akbar/Downloads/paal_pipeline/data/20260201-04-24-46/pig8_ir_vis_20260201-04-26-24.jpg,/Users/akbar/Downloads/paal_pipeline/data/20260201-04-24-46/pig8_depth_vis_20260201-04-26-24.jpg,2
20260201-04-24-46,9,20260201-04-26-33,/Users/akbar/Downloads/paal_pipeline/data/20260201-04-24-46/pig9_rgb_20260201-04-26-33.jpg,/Users/akbar/Downloads/paal_pipeline/data/20260201-04-24-46/pig9_ir_vis_20260201-04-26-33.jpg,/Users/akbar/Downloads/paal_pipeline/data/20260201-04-24-46/pig9_depth_vis_20260201-04-26-33.jpg,2
20260201-04-24-46,10,20260201-04-26-42,/Users/akbar/Downloads/paal_pipeline/data/20260201-04-24-46/pig10_rgb_20260201-04-26-42.jpg,/Users/akbar/Downloads/paal_pipeline/data/20260201-04-24-46/pig10_ir_vis_20260201-04-26-42.jpg,/Users/akbar/Downloads/paal_pipeline/data/20260201-04-24-46/pig10_depth_vis_20260201-04-26-42.jpg,2
20260201-04-24-46,11,20260201-04-26-51,/Users/akbar/Downloads/paal_pipeline/data/20260201-04-24-46/pig11_rgb_20260201-04-26-51.jpg,/Users/akbar/Downloads/paal_pipeline/data/20260201-04-24-46/pig11_ir_vis_20260201-04-26-51.jpg,/Users/akbar/Downloads/paal_pipeline/data/20260201-04-24-46/pig11_depth_vis_20260201-04-26-51.jpg,2
20260201-04-24-46,12,20260201-04-27-00,/Users/akbar/Downloads/paal_pipeline/data/20260201-04-24-46/pig12_rgb_20260201-04-27-00.jpg,/Users/akbar/Downloads/paal_pipeline/data/20260201-04-24-46/pig12_ir_vis_20260201-04-27-00.jpg,/Users/akbar/Downloads/paal_pipeline/data/20260201-04-24-46/pig12_depth_vis_20260201-04-27-00.jpg,2
20260201-04-24-46,14,20260201-04-27-17,/Users/akbar/Downloads/paal_pipeline/data/20260201-04-24-46/pig14_rgb_20260201-04-27-17.jpg,/Users/akbar/Downloads/paal_pipeline/data/20260201-04-24-46/pig14_ir_vis_20260201-04-27-17.jpg,/Users/akbar/Downloads/paal_pipeline/data/20260201-04-24-46/pig14_depth_vis_20260201-04-27-17.jpg,2
20260201-04-24-46,15,20260201-04-27-27,/Users/akbar/Downloads/paal_pipeline/data/20260201-04-24-46/pig15_rgb_20260201-04-27-27.jpg,/Users/akbar/Downloads/paal_pipeline/data/20260201-04-24-46/pig15_ir_vis_20260201-04-27-27.jpg,/Users/akbar/Downloads/paal_pipeline/data/20260201-04-24-46/pig15_depth_vis_20260201-04-27-27.jpg,2
20260201-04-24-46,16,20260201-04-27-35,/Users/akbar/Downloads/paal_pipeline/data/20260201-04-24-46/pig16_rgb_20260201-04-27-35.jpg,/Users/akbar/Downloads/paal_pipeline/data/20260201-04-24-46/pig16_ir_vis_20260201-04-27-35.jpg,/Users/akbar/Downloads/paal_pipeline/data/20260201-04-24-46/pig16_depth_vis_20260201-04-27-35.jpg,2
20260201-04-24-46,18,20260201-04-27-53,/Users/akbar/Downloads/paal_pipeline/data/20260201-04-24-46/pig18_rgb_20260201-04-27-53.jpg,/Users/akbar/Downloads/paal_pipeline/data/20260201-04-24-46/pig18_ir_vis_20260201-04-27-53.jpg,/Users/akbar/Downloads/paal_pipeline/data/20260201-04-24-46/pig18_depth_vis_20260201-04-27-53.jpg,0
20260201-07-36-39,0,20260201-07-37-05,/Users/akbar/Downloads/paal_pipeline/data/20260201-07-36-39/pig0_rgb_20260201-07-37-05.jpg,/Users/akbar/Downloads/paal_pipeline/data/20260201-07-36-39/pig0_ir_vis_20260201-07-37-05.jpg,/Users/akbar/Downloads/paal_pipeline/data/20260201-07-36-39/pig0_depth_vis_20260201-07-37-05.jpg,0
20260201-07-36-39,2,20260201-07-37-23,/Users/akbar/Downloads/paal_pipeline/data/20260201-07-36-39/pig2_rgb_20260201-07-37-23.jpg,/Users/akbar/Downloads/paal_pipeline/data/20260201-07-36-39/pig2_ir_vis_20260201-07-37-23.jpg,/Users/akbar/Downloads/paal_pipeline/data/20260201-07-36-39/pig2_depth_vis_20260201-07-37-23.jpg,0
20260201-07-36-39,3,20260201-07-37-32,/Users/akbar/Downloads/paal_pipeline/data/20260201-07-36-39/pig3_rgb_20260201-07-37-32.jpg,/Users/akbar/Downloads/paal_pipeline/data/20260201-07-36-39/pig3_ir_vis_20260201-07-37-32.jpg,/Users/akbar/Downloads/paal_pipeline/data/20260201-07-36-39/pig3_depth_vis_20260201-07-37-32.jpg,0
20260201-07-36-39,4,20260201-07-37-41,/Users/akbar/Downloads/paal_pipeline/data/20260201-07-36-39/pig4_rgb_20260201-07-37-41.jpg,/Users/akbar/Downloads/paal_pipeline/data/20260201-07-36-39/pig4_ir_vis_20260201-07-37-41.jpg,/Users/akbar/Downloads/paal_pipeline/data/20260201-07-36-39/pig4_depth_vis_20260201-07-37-41.jpg,2
20260201-07-36-39,5,20260201-07-37-50,/Users/akbar/Downloads/paal_pipeline/data/20260201-07-36-39/pig5_rgb_20260201-07-37-50.jpg,/Users/akbar/Downloads/paal_pipeline/data/20260201-07-36-39/pig5_ir_vis_20260201-07-37-50.jpg,/Users/akbar/Downloads/paal_pipeline/data/20260201-07-36-39/pig5_depth_vis_20260201-07-37-50.jpg,0
20260201-07-36-39,6,20260201-07-37-59,/Users/akbar/Downloads/paal_pipeline/data/20260201-07-36-39/pig6_rgb_20260201-07-37-59.jpg,/Users/akbar/Downloads/paal_pipeline/data/20260201-07-36-39/pig6_ir_vis_20260201-07-37-59.jpg,/Users/akbar/Downloads/paal_pipeline/data/20260201-07-36-39/pig6_depth_vis_20260201-07-37-59.jpg,0
20260201-07-36-39,7,20260201-07-38-08,/Users/akbar/Downloads/paal_pipeline/data/20260201-07-36-39/pig7_rgb_20260201-07-38-08.jpg,/Users/akbar/Downloads/paal_pipeline/data/20260201-07-36-39/pig7_ir_vis_20260201-07-38-08.jpg,/Users/akbar/Downloads/paal_pipeline/data/20260201-07-36-39/pig7_depth_vis_20260201-07-38-08.jpg,0
20260201-07-36-39,8,20260201-07-38-17,/Users/akbar/Downloads/paal_pipeline/data/20260201-07-36-39/pig8_rgb_20260201-07-38-17.jpg,/Users/akbar/Downloads/paal_pipeline/data/20260201-07-36-39/pig8_ir_vis_20260201-07-38-17.jpg,/Users/akbar/Downloads/paal_pipeline/data/20260201-07-36-39/pig8_depth_vis_20260201-07-38-17.jpg,0
20260201-07-36-39,9,20260201-07-38-25,/Users/akbar/Downloads/paal_pipeline/data/20260201-07-36-39/pig9_rgb_20260201-07-38-25.jpg,/Users/akbar/Downloads/paal_pipeline/data/20260201-07-36-39/pig9_ir_vis_20260201-07-38-25.jpg,/Users/akbar/Downloads/paal_pipeline/data/20260201-07-36-39/pig9_depth_vis_20260201-07-38-25.jpg,0
20260201-07-36-39,10,20260201-07-38-34,/Users/akbar/Downloads/paal_pipeline/data/20260201-07-36-39/pig10_rgb_20260201-07-38-34.jpg,/Users/akbar/Downloads/paal_pipeline/data/20260201-07-36-39/pig10_ir_vis_20260201-07-38-34.jpg,/Users/akbar/Downloads/paal_pipeline/data/20260201-07-36-39/pig10_depth_vis_20260201-07-38-34.jpg,0
20260201-07-36-39,11,20260201-07-38-43,/Users/akbar/Downloads/paal_pipeline/data/20260201-07-36-39/pig11_rgb_20260201-07-38-43.jpg,/Users/akbar/Downloads/paal_pipeline/data/20260201-07-36-39/pig11_ir_vis_20260201-07-38-43.jpg,/Users/akbar/Downloads/paal_pipeline/data/20260201-07-36-39/pig11_depth_vis_20260201-07-38-43.jpg,0
20260201-07-36-39,12,20260201-07-38-52,/Users/akbar/Downloads/paal_pipeline/data/20260201-07-36-39/pig12_rgb_20260201-07-38-52.jpg,/Users/akbar/Downloads/paal_pipeline/data/20260201-07-36-39/pig12_ir_vis_20260201-07-38-52.jpg,/Users/akbar/Downloads/paal_pipeline/data/20260201-07-36-39/pig12_depth_vis_20260201-07-38-52.jpg,0
20260201-07-36-39,14,20260201-07-39-10,/Users/akbar/Downloads/paal_pipeline/data/20260201-07-36-39/pig14_rgb_20260201-07-39-10.jpg,/Users/akbar/Downloads/paal_pipeline/data/20260201-07-36-39/pig14_ir_vis_20260201-07-39-10.jpg,/Users/akbar/Downloads/paal_pipeline/data/20260201-07-36-39/pig14_depth_vis_20260201-07-39-10.jpg,0
20260201-07-36-39,15,20260201-07-39-19,/Users/akbar/Downloads/paal_pipeline/data/20260201-07-36-39/pig15_rgb_20260201-07-39-19.jpg,/Users/akbar/Downloads/paal_pipeline/data/20260201-07-36-39/pig15_ir_vis_20260201-07-39-19.jpg,/Users/akbar/Downloads/paal_pipeline/data/20260201-07-36-39/pig15_depth_vis_20260201-07-39-19.jpg,0
20260201-07-36-39,16,20260201-07-39-28,/Users/akbar/Downloads/paal_pipeline/data/20260201-07-36-39/pig16_rgb_20260201-07-39-28.jpg,/Users/akbar/Downloads/paal_pipeline/data/20260201-07-36-39/pig16_ir_vis_20260201-07-39-28.jpg,/Users/akbar/Downloads/paal_pipeline/data/20260201-07-36-39/pig16_depth_vis_20260201-07-39-28.jpg,0
20260201-07-36-39,18,20260201-07-39-45,/Users/akbar/Downloads/paal_pipeline/data/20260201-07-36-39/pig18_rgb_20260201-07-39-45.jpg,/Users/akbar/Downloads/paal_pipeline/data/20260201-07-36-39/pig18_ir_vis_20260201-07-39-45.jpg,/Users/akbar/Downloads/paal_pipeline/data/20260201-07-36-39/pig18_depth_vis_20260201-07-39-45.jpg,0
20260201-10-48-31,0,20260201-10-48-58,/Users/akbar/Downloads/paal_pipeline/data/20260201-10-48-31/pig0_rgb_20260201-10-48-58.jpg,/Users/akbar/Downloads/paal_pipeline/data/20260201-10-48-31/pig0_ir_vis_20260201-10-48-58.jpg,/Users/akbar/Downloads/paal_pipeline/data/20260201-10-48-31/pig0_depth_vis_20260201-10-48-58.jpg,0
20260201-10-48-31,2,20260201-10-49-16,/Users/akbar/Downloads/paal_pipeline/data/20260201-10-48-31/pig2_rgb_20260201-10-49-16.jpg,/Users/akbar/Downloads/paal_pipeline/data/20260201-10-48-31/pig2_ir_vis_20260201-10-49-16.jpg,/Users/akbar/Downloads/paal_pipeline/data/20260201-10-48-31/pig2_depth_vis_20260201-10-49-16.jpg,0
20260201-10-48-31,3,20260201-10-49-25,/Users/akbar/Downloads/paal_pipeline/data/20260201-10-48-31/pig3_rgb_20260201-10-49-25.jpg,/Users/akbar/Downloads/paal_pipeline/data/20260201-10-48-31/pig3_ir_vis_20260201-10-49-25.jpg,/Users/akbar/Downloads/paal_pipeline/data/20260201-10-48-31/pig3_depth_vis_20260201-10-49-25.jpg,0
20260201-10-48-31,4,20260201-10-49-33,/Users/akbar/Downloads/paal_pipeline/data/20260201-10-48-31/pig4_rgb_20260201-10-49-33.jpg,/Users/akbar/Downloads/paal_pipeline/data/20260201-10-48-31/pig4_ir_vis_20260201-10-49-33.jpg,/Users/akbar/Downloads/paal_pipeline/data/20260201-10-48-31/pig4_depth_vis_20260201-10-49-33.jpg,1
20260201-10-48-31,5,20260201-10-49-42,/Users/akbar/Downloads/paal_pipeline/data/20260201-10-48-31/pig5_rgb_20260201-10-49-42.jpg,/Users/akbar/Downloads/paal_pipeline/data/20260201-10-48-31/pig5_ir_vis_20260201-10-49-42.jpg,/Users/akbar/Downloads/paal_pipeline/data/20260201-10-48-31/pig5_depth_vis_20260201-10-49-42.jpg,0
20260201-10-48-31,6,20260201-10-49-51,/Users/akbar/Downloads/paal_pipeline/data/20260201-10-48-31/pig6_rgb_20260201-10-49-51.jpg,/Users/akbar/Downloads/paal_pipeline/data/20260201-10-48-31/pig6_ir_vis_20260201-10-49-51.jpg,/Users/akbar/Downloads/paal_pipeline/data/20260201-10-48-31/pig6_depth_vis_20260201-10-49-51.jpg,0
20260201-10-48-31,7,20260201-10-50-00,/Users/akbar/Downloads/paal_pipeline/data/20260201-10-48-31/pig7_rgb_20260201-10-50-00.jpg,/Users/akbar/Downloads/paal_pipeline/data/20260201-10-48-31/pig7_ir_vis_20260201-10-50-00.jpg,/Users/akbar/Downloads/paal_pipeline/data/20260201-10-48-31/pig7_depth_vis_20260201-10-50-00.jpg,0
20260201-10-48-31,8,20260201-10-50-09,/Users/akbar/Downloads/paal_pipeline/data/20260201-10-48-31/pig8_rgb_20260201-10-50-09.jpg,/Users/akbar/Downloads/paal_pipeline/data/20260201-10-48-31/pig8_ir_vis_20260201-10-50-09.jpg,/Users/akbar/Downloads/paal_pipeline/data/20260201-10-48-31/pig8_depth_vis_20260201-10-50-09.jpg,0
20260201-10-48-31,9,20260201-10-50-18,/Users/akbar/Downloads/paal_pipeline/data/20260201-10-48-31/pig9_rgb_20260201-10-50-18.jpg,/Users/akbar/Downloads/paal_pipeline/data/20260201-10-48-31/pig9_ir_vis_20260201-10-50-18.jpg,/Users/akbar/Downloads/paal_pipeline/data/20260201-10-48-31/pig9_depth_vis_20260201-10-50-18.jpg,2
20260201-10-48-31,10,20260201-10-50-27,/Users/akbar/Downloads/paal_pipeline/data/20260201-10-48-31/pig10_rgb_20260201-10-50-27.jpg,/Users/akbar/Downloads/paal_pipeline/data/20260201-10-48-31/pig10_ir_vis_20260201-10-50-27.jpg,/Users/akbar/Downloads/paal_pipeline/data/20260201-10-48-31/pig10_depth_vis_20260201-10-50-27.jpg,0
20260201-10-48-31,11,20260201-10-50-36,/Users/akbar/Downloads/paal_pipeline/data/20260201-10-48-31/pig11_rgb_20260201-10-50-36.jpg,/Users/akbar/Downloads/paal_pipeline/data/20260201-10-48-31/pig11_ir_vis_20260201-10-50-36.jpg,/Users/akbar/Downloads/paal_pipeline/data/20260201-10-48-31/pig11_depth_vis_20260201-10-50-36.jpg,0
20260201-10-48-31,12,20260201-10-50-45,/Users/akbar/Downloads/paal_pipeline/data/20260201-10-48-31/pig12_rgb_20260201-10-50-45.jpg,/Users/akbar/Downloads/paal_pipeline/data/20260201-10-48-31/pig12_ir_vis_20260201-10-50-45.jpg,/Users/akbar/Downloads/paal_pipeline/data/20260201-10-48-31/pig12_depth_vis_20260201-10-50-45.jpg,0
20260201-10-48-31,14,20260201-10-51-02,/Users/akbar/Downloads/paal_pipeline/data/20260201-10-48-31/pig14_rgb_20260201-10-51-02.jpg,/Users/akbar/Downloads/paal_pipeline/data/20260201-10-48-31/pig14_ir_vis_20260201-10-51-02.jpg,/Users/akbar/Downloads/paal_pipeline/data/20260201-10-48-31/pig14_depth_vis_20260201-10-51-02.jpg,0
20260201-10-48-31,15,20260201-10-51-12,/Users/akbar/Downloads/paal_pipeline/data/20260201-10-48-31/pig15_rgb_20260201-10-51-12.jpg,/Users/akbar/Downloads/paal_pipeline/data/20260201-10-48-31/pig15_ir_vis_20260201-10-51-12.jpg,/Users/akbar/Downloads/paal_pipeline/data/20260201-10-48-31/pig15_depth_vis_20260201-10-51-12.jpg,0
20260201-10-48-31,16,20260201-10-51-20,/Users/akbar/Downloads/paal_pipeline/data/20260201-10-48-31/pig16_rgb_20260201-10-51-20.jpg,/Users/akbar/Downloads/paal_pipeline/data/20260201-10-48-31/pig16_ir_vis_20260201-10-51-20.jpg,/Users/akbar/Downloads/paal_pipeline/data/20260201-10-48-31/pig16_depth_vis_20260201-10-51-20.jpg,0
20260201-10-48-31,18,20260201-10-51-38,/Users/akbar/Downloads/paal_pipeline/data/20260201-10-48-31/pig18_rgb_20260201-10-51-38.jpg,/Users/akbar/Downloads/paal_pipeline/data/20260201-10-48-31/pig18_ir_vis_20260201-10-51-38.jpg,/Users/akbar/Downloads/paal_pipeline/data/20260201-10-48-31/pig18_depth_vis_20260201-10-51-38.jpg,0
20260201-13-39-05,0,20260201-13-39-31,/Users/akbar/Downloads/paal_pipeline/data/20260201-13-39-05/pig0_rgb_20260201-13-39-31.jpg,/Users/akbar/Downloads/paal_pipeline/data/20260201-13-39-05/pig0_ir_vis_20260201-13-39-31.jpg,/Users/akbar/Downloads/paal_pipeline/data/20260201-13-39-05/pig0_depth_vis_20260201-13-39-31.jpg,0
20260201-13-39-05,2,20260201-13-39-49,/Users/akbar/Downloads/paal_pipeline/data/20260201-13-39-05/pig2_rgb_20260201-13-39-49.jpg,/Users/akbar/Downloads/paal_pipeline/data/20260201-13-39-05/pig2_ir_vis_20260201-13-39-49.jpg,/Users/akbar/Downloads/paal_pipeline/data/20260201-13-39-05/pig2_depth_vis_20260201-13-39-49.jpg,0
20260201-13-39-05,3,20260201-13-39-58,/Users/akbar/Downloads/paal_pipeline/data/20260201-13-39-05/pig3_rgb_20260201-13-39-58.jpg,/Users/akbar/Downloads/paal_pipeline/data/20260201-13-39-05/pig3_ir_vis_20260201-13-39-58.jpg,/Users/akbar/Downloads/paal_pipeline/data/20260201-13-39-05/pig3_depth_vis_20260201-13-39-58.jpg,0
20260201-13-39-05,4,20260201-13-40-07,/Users/akbar/Downloads/paal_pipeline/data/20260201-13-39-05/pig4_rgb_20260201-13-40-07.jpg,/Users/akbar/Downloads/paal_pipeline/data/20260201-13-39-05/pig4_ir_vis_20260201-13-40-07.jpg,/Users/akbar/Downloads/paal_pipeline/data/20260201-13-39-05/pig4_depth_vis_20260201-13-40-07.jpg,1
20260201-13-39-05,5,20260201-13-40-16,/Users/akbar/Downloads/paal_pipeline/data/20260201-13-39-05/pig5_rgb_20260201-13-40-16.jpg,/Users/akbar/Downloads/paal_pipeline/data/20260201-13-39-05/pig5_ir_vis_20260201-13-40-16.jpg,/Users/akbar/Downloads/paal_pipeline/data/20260201-13-39-05/pig5_depth_vis_20260201-13-40-16.jpg,0
20260201-13-39-05,6,20260201-13-40-25,/Users/akbar/Downloads/paal_pipeline/data/20260201-13-39-05/pig6_rgb_20260201-13-40-25.jpg,/Users/akbar/Downloads/paal_pipeline/data/20260201-13-39-05/pig6_ir_vis_20260201-13-40-25.jpg,/Users/akbar/Downloads/paal_pipeline/data/20260201-13-39-05/pig6_depth_vis_20260201-13-40-25.jpg,0
20260201-13-39-05,7,20260201-13-40-34,/Users/akbar/Downloads/paal_pipeline/data/20260201-13-39-05/pig7_rgb_20260201-13-40-34.jpg,/Users/akbar/Downloads/paal_pipeline/data/20260201-13-39-05/pig7_ir_vis_20260201-13-40-34.jpg,/Users/akbar/Downloads/paal_pipeline/data/20260201-13-39-05/pig7_depth_vis_20260201-13-40-34.jpg,0
20260201-13-39-05,8,20260201-13-40-43,/Users/akbar/Downloads/paal_pipeline/data/20260201-13-39-05/pig8_rgb_20260201-13-40-43.jpg,/Users/akbar/Downloads/paal_pipeline/data/20260201-13-39-05/pig8_ir_vis_20260201-13-40-43.jpg,/Users/akbar/Downloads/paal_pipeline/data/20260201-13-39-05/pig8_depth_vis_20260201-13-40-43.jpg,0
20260201-13-39-05,9,20260201-13-40-51,/Users/akbar/Downloads/paal_pipeline/data/20260201-13-39-05/pig9_rgb_20260201-13-40-51.jpg,/Users/akbar/Downloads/paal_pipeline/data/20260201-13-39-05/pig9_ir_vis_20260201-13-40-51.jpg,/Users/akbar/Downloads/paal_pipeline/data/20260201-13-39-05/pig9_depth_vis_20260201-13-40-51.jpg,2
20260201-13-39-05,10,20260201-13-41-00,/Users/akbar/Downloads/paal_pipeline/data/20260201-13-39-05/pig10_rgb_20260201-13-41-00.jpg,/Users/akbar/Downloads/paal_pipeline/data/20260201-13-39-05/pig10_ir_vis_20260201-13-41-00.jpg,/Users/akbar/Downloads/paal_pipeline/data/20260201-13-39-05/pig10_depth_vis_20260201-13-41-00.jpg,0
20260201-13-39-05,11,20260201-13-41-09,/Users/akbar/Downloads/paal_pipeline/data/20260201-13-39-05/pig11_rgb_20260201-13-41-09.jpg,/Users/akbar/Downloads/paal_pipeline/data/20260201-13-39-05/pig11_ir_vis_20260201-13-41-09.jpg,/Users/akbar/Downloads/paal_pipeline/data/20260201-13-39-05/pig11_depth_vis_20260201-13-41-09.jpg,0
20260201-13-39-05,12,20260201-13-41-18,/Users/akbar/Downloads/paal_pipeline/data/20260201-13-39-05/pig12_rgb_20260201-13-41-18.jpg,/Users/akbar/Downloads/paal_pipeline/data/20260201-13-39-05/pig12_ir_vis_20260201-13-41-18.jpg,/Users/akbar/Downloads/paal_pipeline/data/20260201-13-39-05/pig12_depth_vis_20260201-13-41-18.jpg,0
20260201-13-39-05,14,20260201-13-41-36,/Users/akbar/Downloads/paal_pipeline/data/20260201-13-39-05/pig14_rgb_20260201-13-41-36.jpg,/Users/akbar/Downloads/paal_pipeline/data/20260201-13-39-05/pig14_ir_vis_20260201-13-41-36.jpg,/Users/akbar/Downloads/paal_pipeline/data/20260201-13-39-05/pig14_depth_vis_20260201-13-41-36.jpg,0
20260201-13-39-05,15,20260201-13-41-45,/Users/akbar/Downloads/paal_pipeline/data/20260201-13-39-05/pig15_rgb_20260201-13-41-45.jpg,/Users/akbar/Downloads/paal_pipeline/data/20260201-13-39-05/pig15_ir_vis_20260201-13-41-45.jpg,/Users/akbar/Downloads/paal_pipeline/data/20260201-13-39-05/pig15_depth_vis_20260201-13-41-45.jpg,0
20260201-13-39-05,16,20260201-13-41-54,/Users/akbar/Downloads/paal_pipeline/data/20260201-13-39-05/pig16_rgb_20260201-13-41-54.jpg,/Users/akbar/Downloads/paal_pipeline/data/20260201-13-39-05/pig16_ir_vis_20260201-13-41-54.jpg,/Users/akbar/Downloads/paal_pipeline/data/20260201-13-39-05/pig16_depth_vis_20260201-13-41-54.jpg,0
20260201-13-39-05,18,20260201-13-42-11,/Users/akbar/Downloads/paal_pipeline/data/20260201-13-39-05/pig18_rgb_20260201-13-42-11.jpg,/Users/akbar/Downloads/paal_pipeline/data/20260201-13-39-05/pig18_ir_vis_20260201-13-42-11.jpg,/Users/akbar/Downloads/paal_pipeline/data/20260201-13-39-05/pig18_depth_vis_20260201-13-42-11.jpg,0
20260201-16-40-17,0,20260201-16-40-44,/Users/akbar/Downloads/paal_pipeline/data/20260201-16-40-17/pig0_rgb_20260201-16-40-44.jpg,/Users/akbar/Downloads/paal_pipeline/data/20260201-16-40-17/pig0_ir_vis_20260201-16-40-44.jpg,/Users/akbar/Downloads/paal_pipeline/data/20260201-16-40-17/pig0_depth_vis_20260201-16-40-44.jpg,0
20260201-16-40-17,2,20260201-16-41-02,/Users/akbar/Downloads/paal_pipeline/data/20260201-16-40-17/pig2_rgb_20260201-16-41-02.jpg,/Users/akbar/Downloads/paal_pipeline/data/20260201-16-40-17/pig2_ir_vis_20260201-16-41-02.jpg,/Users/akbar/Downloads/paal_pipeline/data/20260201-16-40-17/pig2_depth_vis_20260201-16-41-02.jpg,0
20260201-16-40-17,3,20260201-16-41-11,/Users/akbar/Downloads/paal_pipeline/data/20260201-16-40-17/pig3_rgb_20260201-16-41-11.jpg,/Users/akbar/Downloads/paal_pipeline/data/20260201-16-40-17/pig3_ir_vis_20260201-16-41-11.jpg,/Users/akbar/Downloads/paal_pipeline/data/20260201-16-40-17/pig3_depth_vis_20260201-16-41-11.jpg,0
20260201-16-40-17,4,20260201-16-41-19,/Users/akbar/Downloads/paal_pipeline/data/20260201-16-40-17/pig4_rgb_20260201-16-41-19.jpg,/Users/akbar/Downloads/paal_pipeline/data/20260201-16-40-17/pig4_ir_vis_20260201-16-41-19.jpg,/Users/akbar/Downloads/paal_pipeline/data/20260201-16-40-17/pig4_depth_vis_20260201-16-41-19.jpg,0
20260201-16-40-17,5,20260201-16-41-28,/Users/akbar/Downloads/paal_pipeline/data/20260201-16-40-17/pig5_rgb_20260201-16-41-28.jpg,/Users/akbar/Downloads/paal_pipeline/data/20260201-16-40-17/pig5_ir_vis_20260201-16-41-28.jpg,/Users/akbar/Downloads/paal_pipeline/data/20260201-16-40-17/pig5_depth_vis_20260201-16-41-28.jpg,0
20260201-16-40-17,6,20260201-16-41-37,/Users/akbar/Downloads/paal_pipeline/data/20260201-16-40-17/pig6_rgb_20260201-16-41-37.jpg,/Users/akbar/Downloads/paal_pipeline/data/20260201-16-40-17/pig6_ir_vis_20260201-16-41-37.jpg,/Users/akbar/Downloads/paal_pipeline/data/20260201-16-40-17/pig6_depth_vis_20260201-16-41-37.jpg,0
20260201-16-40-17,7,20260201-16-41-46,/Users/akbar/Downloads/paal_pipeline/data/20260201-16-40-17/pig7_rgb_20260201-16-41-46.jpg,/Users/akbar/Downloads/paal_pipeline/data/20260201-16-40-17/pig7_ir_vis_20260201-16-41-46.jpg,/Users/akbar/Downloads/paal_pipeline/data/20260201-16-40-17/pig7_depth_vis_20260201-16-41-46.jpg,0
20260201-16-40-17,8,20260201-16-41-55,/Users/akbar/Downloads/paal_pipeline/data/20260201-16-40-17/pig8_rgb_20260201-16-41-55.jpg,/Users/akbar/Downloads/paal_pipeline/data/20260201-16-40-17/pig8_ir_vis_20260201-16-41-55.jpg,/Users/akbar/Downloads/paal_pipeline/data/20260201-16-40-17/pig8_depth_vis_20260201-16-41-55.jpg,0
20260201-16-40-17,9,20260201-16-42-04,/Users/akbar/Downloads/paal_pipeline/data/20260201-16-40-17/pig9_rgb_20260201-16-42-04.jpg,/Users/akbar/Downloads/paal_pipeline/data/20260201-16-40-17/pig9_ir_vis_20260201-16-42-04.jpg,/Users/akbar/Downloads/paal_pipeline/data/20260201-16-40-17/pig9_depth_vis_20260201-16-42-04.jpg,0
20260201-16-40-17,10,20260201-16-42-13,/Users/akbar/Downloads/paal_pipeline/data/20260201-16-40-17/pig10_rgb_20260201-16-42-13.jpg,/Users/akbar/Downloads/paal_pipeline/data/20260201-16-40-17/pig10_ir_vis_20260201-16-42-13.jpg,/Users/akbar/Downloads/paal_pipeline/data/20260201-16-40-17/pig10_depth_vis_20260201-16-42-13.jpg,0
20260201-16-40-17,11,20260201-16-42-22,/Users/akbar/Downloads/paal_pipeline/data/20260201-16-40-17/pig11_rgb_20260201-16-42-22.jpg,/Users/akbar/Downloads/paal_pipeline/data/20260201-16-40-17/pig11_ir_vis_20260201-16-42-22.jpg,/Users/akbar/Downloads/paal_pipeline/data/20260201-16-40-17/pig11_depth_vis_20260201-16-42-22.jpg,0
20260201-16-40-17,12,20260201-16-42-31,/Users/akbar/Downloads/paal_pipeline/data/20260201-16-40-17/pig12_rgb_20260201-16-42-31.jpg,/Users/akbar/Downloads/paal_pipeline/data/20260201-16-40-17/pig12_ir_vis_20260201-16-42-31.jpg,/Users/akbar/Downloads/paal_pipeline/data/20260201-16-40-17/pig12_depth_vis_20260201-16-42-31.jpg,0
20260201-16-40-17,14,20260201-16-42-48,/Users/akbar/Downloads/paal_pipeline/data/20260201-16-40-17/pig14_rgb_20260201-16-42-48.jpg,/Users/akbar/Downloads/paal_pipeline/data/20260201-16-40-17/pig14_ir_vis_20260201-16-42-48.jpg,/Users/akbar/Downloads/paal_pipeline/data/20260201-16-40-17/pig14_depth_vis_20260201-16-42-48.jpg,0
20260201-16-40-17,15,20260201-16-42-58,/Users/akbar/Downloads/paal_pipeline/data/20260201-16-40-17/pig15_rgb_20260201-16-42-58.jpg,/Users/akbar/Downloads/paal_pipeline/data/20260201-16-40-17/pig15_ir_vis_20260201-16-42-58.jpg,/Users/akbar/Downloads/paal_pipeline/data/20260201-16-40-17/pig15_depth_vis_20260201-16-42-58.jpg,0
20260201-16-40-17,16,20260201-16-43-06,/Users/akbar/Downloads/paal_pipeline/data/20260201-16-40-17/pig16_rgb_20260201-16-43-06.jpg,/Users/akbar/Downloads/paal_pipeline/data/20260201-16-40-17/pig16_ir_vis_20260201-16-43-06.jpg,/Users/akbar/Downloads/paal_pipeline/data/20260201-16-40-17/pig16_depth_vis_20260201-16-43-06.jpg,0
20260201-16-40-17,18,20260201-16-43-24,/Users/akbar/Downloads/paal_pipeline/data/20260201-16-40-17/pig18_rgb_20260201-16-43-24.jpg,/Users/akbar/Downloads/paal_pipeline/data/20260201-16-40-17/pig18_ir_vis_20260201-16-43-24.jpg,/Users/akbar/Downloads/paal_pipeline/data/20260201-16-40-17/pig18_depth_vis_20260201-16-43-24.jpg,0
20260201-19-52-10,0,20260201-19-52-36,/Users/akbar/Downloads/paal_pipeline/data/20260201-19-52-10/pig0_rgb_20260201-19-52-36.jpg,/Users/akbar/Downloads/paal_pipeline/data/20260201-19-52-10/pig0_ir_vis_20260201-19-52-36.jpg,/Users/akbar/Downloads/paal_pipeline/data/20260201-19-52-10/pig0_depth_vis_20260201-19-52-36.jpg,2
20260201-19-52-10,2,20260201-19-52-54,/Users/akbar/Downloads/paal_pipeline/data/20260201-19-52-10/pig2_rgb_20260201-19-52-54.jpg,/Users/akbar/Downloads/paal_pipeline/data/20260201-19-52-10/pig2_ir_vis_20260201-19-52-54.jpg,/Users/akbar/Downloads/paal_pipeline/data/20260201-19-52-10/pig2_depth_vis_20260201-19-52-54.jpg,2
20260201-19-52-10,3,20260201-19-53-03,/Users/akbar/Downloads/paal_pipeline/data/20260201-19-52-10/pig3_rgb_20260201-19-53-03.jpg,/Users/akbar/Downloads/paal_pipeline/data/20260201-19-52-10/pig3_ir_vis_20260201-19-53-03.jpg,/Users/akbar/Downloads/paal_pipeline/data/20260201-19-52-10/pig3_depth_vis_20260201-19-53-03.jpg,2
20260201-19-52-10,4,20260201-19-53-12,/Users/akbar/Downloads/paal_pipeline/data/20260201-19-52-10/pig4_rgb_20260201-19-53-12.jpg,/Users/akbar/Downloads/paal_pipeline/data/20260201-19-52-10/pig4_ir_vis_20260201-19-53-12.jpg,/Users/akbar/Downloads/paal_pipeline/data/20260201-19-52-10/pig4_depth_vis_20260201-19-53-12.jpg,2
20260201-19-52-10,5,20260201-19-53-21,/Users/akbar/Downloads/paal_pipeline/data/20260201-19-52-10/pig5_rgb_20260201-19-53-21.jpg,/Users/akbar/Downloads/paal_pipeline/data/20260201-19-52-10/pig5_ir_vis_20260201-19-53-21.jpg,/Users/akbar/Downloads/paal_pipeline/data/20260201-19-52-10/pig5_depth_vis_20260201-19-53-21.jpg,0
20260201-19-52-10,6,20260201-19-53-30,/Users/akbar/Downloads/paal_pipeline/data/20260201-19-52-10/pig6_rgb_20260201-19-53-30.jpg,/Users/akbar/Downloads/paal_pipeline/data/20260201-19-52-10/pig6_ir_vis_20260201-19-53-30.jpg,/Users/akbar/Downloads/paal_pipeline/data/20260201-19-52-10/pig6_depth_vis_20260201-19-53-30.jpg,2
20260201-19-52-10,7,20260201-19-53-39,/Users/akbar/Downloads/paal_pipeline/data/20260201-19-52-10/pig7_rgb_20260201-19-53-39.jpg,/Users/akbar/Downloads/paal_pipeline/data/20260201-19-52-10/pig7_ir_vis_20260201-19-53-39.jpg,/Users/akbar/Downloads/paal_pipeline/data/20260201-19-52-10/pig7_depth_vis_20260201-19-53-39.jpg,0
20260201-19-52-10,8,20260201-19-53-48,/Users/akbar/Downloads/paal_pipeline/data/20260201-19-52-10/pig8_rgb_20260201-19-53-48.jpg,/Users/akbar/Downloads/paal_pipeline/data/20260201-19-52-10/pig8_ir_vis_20260201-19-53-48.jpg,/Users/akbar/Downloads/paal_pipeline/data/20260201-19-52-10/pig8_depth_vis_20260201-19-53-48.jpg,0
20260201-19-52-10,9,20260201-19-53-56,/Users/akbar/Downloads/paal_pipeline/data/20260201-19-52-10/pig9_rgb_20260201-19-53-56.jpg,/Users/akbar/Downloads/paal_pipeline/data/20260201-19-52-10/pig9_ir_vis_20260201-19-53-56.jpg,/Users/akbar/Downloads/paal_pipeline/data/20260201-19-52-10/pig9_depth_vis_20260201-19-53-56.jpg,2
20260201-19-52-10,10,20260201-19-54-05,/Users/akbar/Downloads/paal_pipeline/data/20260201-19-52-10/pig10_rgb_20260201-19-54-05.jpg,/Users/akbar/Downloads/paal_pipeline/data/20260201-19-52-10/pig10_ir_vis_20260201-19-54-05.jpg,/Users/akbar/Downloads/paal_pipeline/data/20260201-19-52-10/pig10_depth_vis_20260201-19-54-05.jpg,0
20260201-19-52-10,11,20260201-19-54-14,/Users/akbar/Downloads/paal_pipeline/data/20260201-19-52-10/pig11_rgb_20260201-19-54-14.jpg,/Users/akbar/Downloads/paal_pipeline/data/20260201-19-52-10/pig11_ir_vis_20260201-19-54-14.jpg,/Users/akbar/Downloads/paal_pipeline/data/20260201-19-52-10/pig11_depth_vis_20260201-19-54-14.jpg,0
20260201-19-52-10,12,20260201-19-54-23,/Users/akbar/Downloads/paal_pipeline/data/20260201-19-52-10/pig12_rgb_20260201-19-54-23.jpg,/Users/akbar/Downloads/paal_pipeline/data/20260201-19-52-10/pig12_ir_vis_20260201-19-54-23.jpg,/Users/akbar/Downloads/paal_pipeline/data/20260201-19-52-10/pig12_depth_vis_20260201-19-54-23.jpg,2
20260201-19-52-10,14,20260201-19-54-41,/Users/akbar/Downloads/paal_pipeline/data/20260201-19-52-10/pig14_rgb_20260201-19-54-41.jpg,/Users/akbar/Downloads/paal_pipeline/data/20260201-19-52-10/pig14_ir_vis_20260201-19-54-41.jpg,/Users/akbar/Downloads/paal_pipeline/data/20260201-19-52-10/pig14_depth_vis_20260201-19-54-41.jpg,0
20260201-19-52-10,15,20260201-19-54-50,/Users/akbar/Downloads/paal_pipeline/data/20260201-19-52-10/pig15_rgb_20260201-19-54-50.jpg,/Users/akbar/Downloads/paal_pipeline/data/20260201-19-52-10/pig15_ir_vis_20260201-19-54-50.jpg,/Users/akbar/Downloads/paal_pipeline/data/20260201-19-52-10/pig15_depth_vis_20260201-19-54-50.jpg,0
20260201-19-52-10,16,20260201-19-54-59,/Users/akbar/Downloads/paal_pipeline/data/20260201-19-52-10/pig16_rgb_20260201-19-54-59.jpg,/Users/akbar/Downloads/paal_pipeline/data/20260201-19-52-10/pig16_ir_vis_20260201-19-54-59.jpg,/Users/akbar/Downloads/paal_pipeline/data/20260201-19-52-10/pig16_depth_vis_20260201-19-54-59.jpg,0
20260201-19-52-10,18,20260201-19-55-16,/Users/akbar/Downloads/paal_pipeline/data/20260201-19-52-10/pig18_rgb_20260201-19-55-16.jpg,/Users/akbar/Downloads/paal_pipeline/data/20260201-19-52-10/pig18_ir_vis_20260201-19-55-16.jpg,/Users/akbar/Downloads/paal_pipeline/data/20260201-19-52-10/pig18_depth_vis_20260201-19-55-16.jpg,2
20260201-23-25-18,0,20260201-23-25-45,/Users/akbar/Downloads/paal_pipeline/data/20260201-23-25-18/pig0_rgb_20260201-23-25-45.jpg,/Users/akbar/Downloads/paal_pipeline/data/20260201-23-25-18/pig0_ir_vis_20260201-23-25-45.jpg,/Users/akbar/Downloads/paal_pipeline/data/20260201-23-25-18/pig0_depth_vis_20260201-23-25-45.jpg,2
20260201-23-25-18,2,20260201-23-26-02,/Users/akbar/Downloads/paal_pipeline/data/20260201-23-25-18/pig2_rgb_20260201-23-26-02.jpg,/Users/akbar/Downloads/paal_pipeline/data/20260201-23-25-18/pig2_ir_vis_20260201-23-26-02.jpg,/Users/akbar/Downloads/paal_pipeline/data/20260201-23-25-18/pig2_depth_vis_20260201-23-26-02.jpg,2
20260201-23-25-18,3,20260201-23-26-11,/Users/akbar/Downloads/paal_pipeline/data/20260201-23-25-18/pig3_rgb_20260201-23-26-11.jpg,/Users/akbar/Downloads/paal_pipeline/data/20260201-23-25-18/pig3_ir_vis_20260201-23-26-11.jpg,/Users/akbar/Downloads/paal_pipeline/data/20260201-23-25-18/pig3_depth_vis_20260201-23-26-11.jpg,2
20260201-23-25-18,4,20260201-23-26-20,/Users/akbar/Downloads/paal_pipeline/data/20260201-23-25-18/pig4_rgb_20260201-23-26-20.jpg,/Users/akbar/Downloads/paal_pipeline/data/20260201-23-25-18/pig4_ir_vis_20260201-23-26-20.jpg,/Users/akbar/Downloads/paal_pipeline/data/20260201-23-25-18/pig4_depth_vis_20260201-23-26-20.jpg,2
20260201-23-25-18,5,20260201-23-26-29,/Users/akbar/Downloads/paal_pipeline/data/20260201-23-25-18/pig5_rgb_20260201-23-26-29.jpg,/Users/akbar/Downloads/paal_pipeline/data/20260201-23-25-18/pig5_ir_vis_20260201-23-26-29.jpg,/Users/akbar/Downloads/paal_pipeline/data/20260201-23-25-18/pig5_depth_vis_20260201-23-26-29.jpg,2
20260201-23-25-18,6,20260201-23-26-38,/Users/akbar/Downloads/paal_pipeline/data/20260201-23-25-18/pig6_rgb_20260201-23-26-38.jpg,/Users/akbar/Downloads/paal_pipeline/data/20260201-23-25-18/pig6_ir_vis_20260201-23-26-38.jpg,/Users/akbar/Downloads/paal_pipeline/data/20260201-23-25-18/pig6_depth_vis_20260201-23-26-38.jpg,2
20260201-23-25-18,7,20260201-23-26-47,/Users/akbar/Downloads/paal_pipeline/data/20260201-23-25-18/pig7_rgb_20260201-23-26-47.jpg,/Users/akbar/Downloads/paal_pipeline/data/20260201-23-25-18/pig7_ir_vis_20260201-23-26-47.jpg,/Users/akbar/Downloads/paal_pipeline/data/20260201-23-25-18/pig7_depth_vis_20260201-23-26-47.jpg,2
20260201-23-25-18,8,20260201-23-26-56,/Users/akbar/Downloads/paal_pipeline/data/20260201-23-25-18/pig8_rgb_20260201-23-26-56.jpg,/Users/akbar/Downloads/paal_pipeline/data/20260201-23-25-18/pig8_ir_vis_20260201-23-26-56.jpg,/Users/akbar/Downloads/paal_pipeline/data/20260201-23-25-18/pig8_depth_vis_20260201-23-26-56.jpg,2
20260201-23-25-18,9,20260201-23-27-05,/Users/akbar/Downloads/paal_pipeline/data/20260201-23-25-18/pig9_rgb_20260201-23-27-05.jpg,/Users/akbar/Downloads/paal_pipeline/data/20260201-23-25-18/pig9_ir_vis_20260201-23-27-05.jpg,/Users/akbar/Downloads/paal_pipeline/data/20260201-23-25-18/pig9_depth_vis_20260201-23-27-05.jpg,2
20260201-23-25-18,10,20260201-23-27-14,/Users/akbar/Downloads/paal_pipeline/data/20260201-23-25-18/pig10_rgb_20260201-23-27-14.jpg,/Users/akbar/Downloads/paal_pipeline/data/20260201-23-25-18/pig10_ir_vis_20260201-23-27-14.jpg,/Users/akbar/Downloads/paal_pipeline/data/20260201-23-25-18/pig10_depth_vis_20260201-23-27-14.jpg,2
20260201-23-25-18,11,20260201-23-27-23,/Users/akbar/Downloads/paal_pipeline/data/20260201-23-25-18/pig11_rgb_20260201-23-27-23.jpg,/Users/akbar/Downloads/paal_pipeline/data/20260201-23-25-18/pig11_ir_vis_20260201-23-27-23.jpg,/Users/akbar/Downloads/paal_pipeline/data/20260201-23-25-18/pig11_depth_vis_20260201-23-27-23.jpg,2
20260201-23-25-18,12,20260201-23-27-32,/Users/akbar/Downloads/paal_pipeline/data/20260201-23-25-18/pig12_rgb_20260201-23-27-32.jpg,/Users/akbar/Downloads/paal_pipeline/data/20260201-23-25-18/pig12_ir_vis_20260201-23-27-32.jpg,/Users/akbar/Downloads/paal_pipeline/data/20260201-23-25-18/pig12_depth_vis_20260201-23-27-32.jpg,2
20260201-23-25-18,14,20260201-23-27-49,/Users/akbar/Downloads/paal_pipeline/data/20260201-23-25-18/pig14_rgb_20260201-23-27-49.jpg,/Users/akbar/Downloads/paal_pipeline/data/20260201-23-25-18/pig14_ir_vis_20260201-23-27-49.jpg,/Users/akbar/Downloads/paal_pipeline/data/20260201-23-25-18/pig14_depth_vis_20260201-23-27-49.jpg,2
20260201-23-25-18,15,20260201-23-27-59,/Users/akbar/Downloads/paal_pipeline/data/20260201-23-25-18/pig15_rgb_20260201-23-27-59.jpg,/Users/akbar/Downloads/paal_pipeline/data/20260201-23-25-18/pig15_ir_vis_20260201-23-27-59.jpg,/Users/akbar/Downloads/paal_pipeline/data/20260201-23-25-18/pig15_depth_vis_20260201-23-27-59.jpg,2
20260201-23-25-18,16,20260201-23-28-07,/Users/akbar/Downloads/paal_pipeline/data/20260201-23-25-18/pig16_rgb_20260201-23-28-07.jpg,/Users/akbar/Downloads/paal_pipeline/data/20260201-23-25-18/pig16_ir_vis_20260201-23-28-07.jpg,/Users/akbar/Downloads/paal_pipeline/data/20260201-23-25-18/pig16_depth_vis_20260201-23-28-07.jpg,2
20260201-23-25-18,18,20260201-23-28-25,/Users/akbar/Downloads/paal_pipeline/data/20260201-23-25-18/pig18_rgb_20260201-23-28-25.jpg,/Users/akbar/Downloads/paal_pipeline/data/20260201-23-25-18/pig18_ir_vis_20260201-23-28-25.jpg,/Users/akbar/Downloads/paal_pipeline/data/20260201-23-25-18/pig18_depth_vis_20260201-23-28-25.jpg,2
20260202-00-50-34,0,20260202-00-51-00,/Users/akbar/Downloads/paal_pipeline/data/20260202-00-50-34/pig0_rgb_20260202-00-51-00.jpg,/Users/akbar/Downloads/paal_pipeline/data/20260202-00-50-34/pig0_ir_vis_20260202-00-51-00.jpg,/Users/akbar/Downloads/paal_pipeline/data/20260202-00-50-34/pig0_depth_vis_20260202-00-51-00.jpg,2
20260202-00-50-34,2,20260202-00-51-18,/Users/akbar/Downloads/paal_pipeline/data/20260202-00-50-34/pig2_rgb_20260202-00-51-18.jpg,/Users/akbar/Downloads/paal_pipeline/data/20260202-00-50-34/pig2_ir_vis_20260202-00-51-18.jpg,/Users/akbar/Downloads/paal_pipeline/data/20260202-00-50-34/pig2_depth_vis_20260202-00-51-18.jpg,2
20260202-00-50-34,3,20260202-00-51-27,/Users/akbar/Downloads/paal_pipeline/data/20260202-00-50-34/pig3_rgb_20260202-00-51-27.jpg,/Users/akbar/Downloads/paal_pipeline/data/20260202-00-50-34/pig3_ir_vis_20260202-00-51-27.jpg,/Users/akbar/Downloads/paal_pipeline/data/20260202-00-50-34/pig3_depth_vis_20260202-00-51-27.jpg,2
20260202-00-50-34,4,20260202-00-51-36,/Users/akbar/Downloads/paal_pipeline/data/20260202-00-50-34/pig4_rgb_20260202-00-51-36.jpg,/Users/akbar/Downloads/paal_pipeline/data/20260202-00-50-34/pig4_ir_vis_20260202-00-51-36.jpg,/Users/akbar/Downloads/paal_pipeline/data/20260202-00-50-34/pig4_depth_vis_20260202-00-51-36.jpg,2
20260202-00-50-34,5,20260202-00-51-45,/Users/akbar/Downloads/paal_pipeline/data/20260202-00-50-34/pig5_rgb_20260202-00-51-45.jpg,/Users/akbar/Downloads/paal_pipeline/data/20260202-00-50-34/pig5_ir_vis_20260202-00-51-45.jpg,/Users/akbar/Downloads/paal_pipeline/data/20260202-00-50-34/pig5_depth_vis_20260202-00-51-45.jpg,2
20260202-00-50-34,6,20260202-00-51-54,/Users/akbar/Downloads/paal_pipeline/data/20260202-00-50-34/pig6_rgb_20260202-00-51-54.jpg,/Users/akbar/Downloads/paal_pipeline/data/20260202-00-50-34/pig6_ir_vis_20260202-00-51-54.jpg,/Users/akbar/Downloads/paal_pipeline/data/20260202-00-50-34/pig6_depth_vis_20260202-00-51-54.jpg,2
20260202-00-50-34,7,20260202-00-52-03,/Users/akbar/Downloads/paal_pipeline/data/20260202-00-50-34/pig7_rgb_20260202-00-52-03.jpg,/Users/akbar/Downloads/paal_pipeline/data/20260202-00-50-34/pig7_ir_vis_20260202-00-52-03.jpg,/Users/akbar/Downloads/paal_pipeline/data/20260202-00-50-34/pig7_depth_vis_20260202-00-52-03.jpg,2
20260202-00-50-34,8,20260202-00-52-12,/Users/akbar/Downloads/paal_pipeline/data/20260202-00-50-34/pig8_rgb_20260202-00-52-12.jpg,/Users/akbar/Downloads/paal_pipeline/data/20260202-00-50-34/pig8_ir_vis_20260202-00-52-12.jpg,/Users/akbar/Downloads/paal_pipeline/data/20260202-00-50-34/pig8_depth_vis_20260202-00-52-12.jpg,2
20260202-00-50-34,9,20260202-00-52-20,/Users/akbar/Downloads/paal_pipeline/data/20260202-00-50-34/pig9_rgb_20260202-00-52-20.jpg,/Users/akbar/Downloads/paal_pipeline/data/20260202-00-50-34/pig9_ir_vis_20260202-00-52-20.jpg,/Users/akbar/Downloads/paal_pipeline/data/20260202-00-50-34/pig9_depth_vis_20260202-00-52-20.jpg,2
20260202-00-50-34,10,20260202-00-52-29,/Users/akbar/Downloads/paal_pipeline/data/20260202-00-50-34/pig10_rgb_20260202-00-52-29.jpg,/Users/akbar/Downloads/paal_pipeline/data/20260202-00-50-34/pig10_ir_vis_20260202-00-52-29.jpg,/Users/akbar/Downloads/paal_pipeline/data/20260202-00-50-34/pig10_depth_vis_20260202-00-52-29.jpg,2
20260202-00-50-34,11,20260202-00-52-38,/Users/akbar/Downloads/paal_pipeline/data/20260202-00-50-34/pig11_rgb_20260202-00-52-38.jpg,/Users/akbar/Downloads/paal_pipeline/data/20260202-00-50-34/pig11_ir_vis_20260202-00-52-38.jpg,/Users/akbar/Downloads/paal_pipeline/data/20260202-00-50-34/pig11_depth_vis_20260202-00-52-38.jpg,2
20260202-00-50-34,12,20260202-00-52-47,/Users/akbar/Downloads/paal_pipeline/data/20260202-00-50-34/pig12_rgb_20260202-00-52-47.jpg,/Users/akbar/Downloads/paal_pipeline/data/20260202-00-50-34/pig12_ir_vis_20260202-00-52-47.jpg,/Users/akbar/Downloads/paal_pipeline/data/20260202-00-50-34/pig12_depth_vis_20260202-00-52-47.jpg,2
20260202-00-50-34,14,20260202-00-53-05,/Users/akbar/Downloads/paal_pipeline/data/20260202-00-50-34/pig14_rgb_20260202-00-53-05.jpg,/Users/akbar/Downloads/paal_pipeline/data/20260202-00-50-34/pig14_ir_vis_20260202-00-53-05.jpg,/Users/akbar/Downloads/paal_pipeline/data/20260202-00-50-34/pig14_depth_vis_20260202-00-53-05.jpg,2
20260202-00-50-34,15,20260202-00-53-14,/Users/akbar/Downloads/paal_pipeline/data/20260202-00-50-34/pig15_rgb_20260202-00-53-14.jpg,/Users/akbar/Downloads/paal_pipeline/data/20260202-00-50-34/pig15_ir_vis_20260202-00-53-14.jpg,/Users/akbar/Downloads/paal_pipeline/data/20260202-00-50-34/pig15_depth_vis_20260202-00-53-14.jpg,2
20260202-00-50-34,16,20260202-00-53-23,/Users/akbar/Downloads/paal_pipeline/data/20260202-00-50-34/pig16_rgb_20260202-00-53-23.jpg,/Users/akbar/Downloads/paal_pipeline/data/20260202-00-50-34/pig16_ir_vis_20260202-00-53-23.jpg,/Users/akbar/Downloads/paal_pipeline/data/20260202-00-50-34/pig16_depth_vis_20260202-00-53-23.jpg,2
20260202-00-50-34,18,20260202-00-53-40,/Users/akbar/Downloads/paal_pipeline/data/20260202-00-50-34/pig18_rgb_20260202-00-53-40.jpg,/Users/akbar/Downloads/paal_pipeline/data/20260202-00-50-34/pig18_ir_vis_20260202-00-53-40.jpg,/Users/akbar/Downloads/paal_pipeline/data/20260202-00-50-34/pig18_depth_vis_20260202-00-53-40.jpg,2
20260202-04-23-42,0,20260202-04-24-09,/Users/akbar/Downloads/paal_pipeline/data/20260202-04-23-42/pig0_rgb_20260202-04-24-09.jpg,/Users/akbar/Downloads/paal_pipeline/data/20260202-04-23-42/pig0_ir_vis_20260202-04-24-09.jpg,/Users/akbar/Downloads/paal_pipeline/data/20260202-04-23-42/pig0_depth_vis_20260202-04-24-09.jpg,2
20260202-04-23-42,2,20260202-04-24-27,/Users/akbar/Downloads/paal_pipeline/data/20260202-04-23-42/pig2_rgb_20260202-04-24-27.jpg,/Users/akbar/Downloads/paal_pipeline/data/20260202-04-23-42/pig2_ir_vis_20260202-04-24-27.jpg,/Users/akbar/Downloads/paal_pipeline/data/20260202-04-23-42/pig2_depth_vis_20260202-04-24-27.jpg,2
20260202-04-23-42,3,20260202-04-24-36,/Users/akbar/Downloads/paal_pipeline/data/20260202-04-23-42/pig3_rgb_20260202-04-24-36.jpg,/Users/akbar/Downloads/paal_pipeline/data/20260202-04-23-42/pig3_ir_vis_20260202-04-24-36.jpg,/Users/akbar/Downloads/paal_pipeline/data/20260202-04-23-42/pig3_depth_vis_20260202-04-24-36.jpg,2
20260202-04-23-42,4,20260202-04-24-44,/Users/akbar/Downloads/paal_pipeline/data/20260202-04-23-42/pig4_rgb_20260202-04-24-44.jpg,/Users/akbar/Downloads/paal_pipeline/data/20260202-04-23-42/pig4_ir_vis_20260202-04-24-44.jpg,/Users/akbar/Downloads/paal_pipeline/data/20260202-04-23-42/pig4_depth_vis_20260202-04-24-44.jpg,2
20260202-04-23-42,5,20260202-04-24-53,/Users/akbar/Downloads/paal_pipeline/data/20260202-04-23-42/pig5_rgb_20260202-04-24-53.jpg,/Users/akbar/Downloads/paal_pipeline/data/20260202-04-23-42/pig5_ir_vis_20260202-04-24-53.jpg,/Users/akbar/Downloads/paal_pipeline/data/20260202-04-23-42/pig5_depth_vis_20260202-04-24-53.jpg,2
20260202-04-23-42,6,20260202-04-25-02,/Users/akbar/Downloads/paal_pipeline/data/20260202-04-23-42/pig6_rgb_20260202-04-25-02.jpg,/Users/akbar/Downloads/paal_pipeline/data/20260202-04-23-42/pig6_ir_vis_20260202-04-25-02.jpg,/Users/akbar/Downloads/paal_pipeline/data/20260202-04-23-42/pig6_depth_vis_20260202-04-25-02.jpg,2
20260202-04-23-42,7,20260202-04-25-11,/Users/akbar/Downloads/paal_pipeline/data/20260202-04-23-42/pig7_rgb_20260202-04-25-11.jpg,/Users/akbar/Downloads/paal_pipeline/data/20260202-04-23-42/pig7_ir_vis_20260202-04-25-11.jpg,/Users/akbar/Downloads/paal_pipeline/data/20260202-04-23-42/pig7_depth_vis_20260202-04-25-11.jpg,2
20260202-04-23-42,8,20260202-04-25-20,/Users/akbar/Downloads/paal_pipeline/data/20260202-04-23-42/pig8_rgb_20260202-04-25-20.jpg,/Users/akbar/Downloads/paal_pipeline/data/20260202-04-23-42/pig8_ir_vis_20260202-04-25-20.jpg,/Users/akbar/Downloads/paal_pipeline/data/20260202-04-23-42/pig8_depth_vis_20260202-04-25-20.jpg,2
20260202-04-23-42,9,20260202-04-25-29,/Users/akbar/Downloads/paal_pipeline/data/20260202-04-23-42/pig9_rgb_20260202-04-25-29.jpg,/Users/akbar/Downloads/paal_pipeline/data/20260202-04-23-42/pig9_ir_vis_20260202-04-25-29.jpg,/Users/akbar/Downloads/paal_pipeline/data/20260202-04-23-42/pig9_depth_vis_20260202-04-25-29.jpg,2
20260202-04-23-42,10,20260202-04-25-38,/Users/akbar/Downloads/paal_pipeline/data/20260202-04-23-42/pig10_rgb_20260202-04-25-38.jpg,/Users/akbar/Downloads/paal_pipeline/data/20260202-04-23-42/pig10_ir_vis_20260202-04-25-38.jpg,/Users/akbar/Downloads/paal_pipeline/data/20260202-04-23-42/pig10_depth_vis_20260202-04-25-38.jpg,2
20260202-04-23-42,11,20260202-04-25-47,/Users/akbar/Downloads/paal_pipeline/data/20260202-04-23-42/pig11_rgb_20260202-04-25-47.jpg,/Users/akbar/Downloads/paal_pipeline/data/20260202-04-23-42/pig11_ir_vis_20260202-04-25-47.jpg,/Users/akbar/Downloads/paal_pipeline/data/20260202-04-23-42/pig11_depth_vis_20260202-04-25-47.jpg,2
20260202-04-23-42,12,20260202-04-25-56,/Users/akbar/Downloads/paal_pipeline/data/20260202-04-23-42/pig12_rgb_20260202-04-25-56.jpg,/Users/akbar/Downloads/paal_pipeline/data/20260202-04-23-42/pig12_ir_vis_20260202-04-25-56.jpg,/Users/akbar/Downloads/paal_pipeline/data/20260202-04-23-42/pig12_depth_vis_20260202-04-25-56.jpg,2
20260202-04-23-42,14,20260202-04-26-13,/Users/akbar/Downloads/paal_pipeline/data/20260202-04-23-42/pig14_rgb_20260202-04-26-13.jpg,/Users/akbar/Downloads/paal_pipeline/data/20260202-04-23-42/pig14_ir_vis_20260202-04-26-13.jpg,/Users/akbar/Downloads/paal_pipeline/data/20260202-04-23-42/pig14_depth_vis_20260202-04-26-13.jpg,2
20260202-04-23-42,15,20260202-04-26-23,/Users/akbar/Downloads/paal_pipeline/data/20260202-04-23-42/pig15_rgb_20260202-04-26-23.jpg,/Users/akbar/Downloads/paal_pipeline/data/20260202-04-23-42/pig15_ir_vis_20260202-04-26-23.jpg,/Users/akbar/Downloads/paal_pipeline/data/20260202-04-23-42/pig15_depth_vis_20260202-04-26-23.jpg,2
20260202-04-23-42,16,20260202-04-26-31,/Users/akbar/Downloads/paal_pipeline/data/20260202-04-23-42/pig16_rgb_20260202-04-26-31.jpg,/Users/akbar/Downloads/paal_pipeline/data/20260202-04-23-42/pig16_ir_vis_20260202-04-26-31.jpg,/Users/akbar/Downloads/paal_pipeline/data/20260202-04-23-42/pig16_depth_vis_20260202-04-26-31.jpg,2
20260202-04-23-42,18,20260202-04-26-49,/Users/akbar/Downloads/paal_pipeline/data/20260202-04-23-42/pig18_rgb_20260202-04-26-49.jpg,/Users/akbar/Downloads/paal_pipeline/data/20260202-04-23-42/pig18_ir_vis_20260202-04-26-49.jpg,/Users/akbar/Downloads/paal_pipeline/data/20260202-04-23-42/pig18_depth_vis_20260202-04-26-49.jpg,2
20260202-07-03-34,0,20260202-07-04-01,/Users/akbar/Downloads/paal_pipeline/data/20260202-07-03-34/pig0_rgb_20260202-07-04-01.jpg,/Users/akbar/Downloads/paal_pipeline/data/20260202-07-03-34/pig0_ir_vis_20260202-07-04-01.jpg,/Users/akbar/Downloads/paal_pipeline/data/20260202-07-03-34/pig0_depth_vis_20260202-07-04-01.jpg,0
20260202-07-03-34,2,20260202-07-04-19,/Users/akbar/Downloads/paal_pipeline/data/20260202-07-03-34/pig2_rgb_20260202-07-04-19.jpg,/Users/akbar/Downloads/paal_pipeline/data/20260202-07-03-34/pig2_ir_vis_20260202-07-04-19.jpg,/Users/akbar/Downloads/paal_pipeline/data/20260202-07-03-34/pig2_depth_vis_20260202-07-04-19.jpg,0
20260202-07-03-34,3,20260202-07-04-27,/Users/akbar/Downloads/paal_pipeline/data/20260202-07-03-34/pig3_rgb_20260202-07-04-27.jpg,/Users/akbar/Downloads/paal_pipeline/data/20260202-07-03-34/pig3_ir_vis_20260202-07-04-27.jpg,/Users/akbar/Downloads/paal_pipeline/data/20260202-07-03-34/pig3_depth_vis_20260202-07-04-27.jpg,2
20260202-07-03-34,4,20260202-07-04-36,/Users/akbar/Downloads/paal_pipeline/data/20260202-07-03-34/pig4_rgb_20260202-07-04-36.jpg,/Users/akbar/Downloads/paal_pipeline/data/20260202-07-03-34/pig4_ir_vis_20260202-07-04-36.jpg,/Users/akbar/Downloads/paal_pipeline/data/20260202-07-03-34/pig4_depth_vis_20260202-07-04-36.jpg,1
20260202-07-03-34,5,20260202-07-04-45,/Users/akbar/Downloads/paal_pipeline/data/20260202-07-03-34/pig5_rgb_20260202-07-04-45.jpg,/Users/akbar/Downloads/paal_pipeline/data/20260202-07-03-34/pig5_ir_vis_20260202-07-04-45.jpg,/Users/akbar/Downloads/paal_pipeline/data/20260202-07-03-34/pig5_depth_vis_20260202-07-04-45.jpg,0
20260202-07-03-34,6,20260202-07-04-54,/Users/akbar/Downloads/paal_pipeline/data/20260202-07-03-34/pig6_rgb_20260202-07-04-54.jpg,/Users/akbar/Downloads/paal_pipeline/data/20260202-07-03-34/pig6_ir_vis_20260202-07-04-54.jpg,/Users/akbar/Downloads/paal_pipeline/data/20260202-07-03-34/pig6_depth_vis_20260202-07-04-54.jpg,0
20260202-07-03-34,7,20260202-07-05-03,/Users/akbar/Downloads/paal_pipeline/data/20260202-07-03-34/pig7_rgb_20260202-07-05-03.jpg,/Users/akbar/Downloads/paal_pipeline/data/20260202-07-03-34/pig7_ir_vis_20260202-07-05-03.jpg,/Users/akbar/Downloads/paal_pipeline/data/20260202-07-03-34/pig7_depth_vis_20260202-07-05-03.jpg,0
20260202-07-03-34,8,20260202-07-05-12,/Users/akbar/Downloads/paal_pipeline/data/20260202-07-03-34/pig8_rgb_20260202-07-05-12.jpg,/Users/akbar/Downloads/paal_pipeline/data/20260202-07-03-34/pig8_ir_vis_20260202-07-05-12.jpg,/Users/akbar/Downloads/paal_pipeline/data/20260202-07-03-34/pig8_depth_vis_20260202-07-05-12.jpg,0
20260202-07-03-34,9,20260202-07-05-21,/Users/akbar/Downloads/paal_pipeline/data/20260202-07-03-34/pig9_rgb_20260202-07-05-21.jpg,/Users/akbar/Downloads/paal_pipeline/data/20260202-07-03-34/pig9_ir_vis_20260202-07-05-21.jpg,/Users/akbar/Downloads/paal_pipeline/data/20260202-07-03-34/pig9_depth_vis_20260202-07-05-21.jpg,2
20260202-07-03-34,10,20260202-07-05-30,/Users/akbar/Downloads/paal_pipeline/data/20260202-07-03-34/pig10_rgb_20260202-07-05-30.jpg,/Users/akbar/Downloads/paal_pipeline/data/20260202-07-03-34/pig10_ir_vis_20260202-07-05-30.jpg,/Users/akbar/Downloads/paal_pipeline/data/20260202-07-03-34/pig10_depth_vis_20260202-07-05-30.jpg,0
20260202-07-03-34,11,20260202-07-05-39,/Users/akbar/Downloads/paal_pipeline/data/20260202-07-03-34/pig11_rgb_20260202-07-05-39.jpg,/Users/akbar/Downloads/paal_pipeline/data/20260202-07-03-34/pig11_ir_vis_20260202-07-05-39.jpg,/Users/akbar/Downloads/paal_pipeline/data/20260202-07-03-34/pig11_depth_vis_20260202-07-05-39.jpg,0
20260202-07-03-34,12,20260202-07-05-48,/Users/akbar/Downloads/paal_pipeline/data/20260202-07-03-34/pig12_rgb_20260202-07-05-48.jpg,/Users/akbar/Downloads/paal_pipeline/data/20260202-07-03-34/pig12_ir_vis_20260202-07-05-48.jpg,/Users/akbar/Downloads/paal_pipeline/data/20260202-07-03-34/pig12_depth_vis_20260202-07-05-48.jpg,0
20260202-07-03-34,14,20260202-07-06-05,/Users/akbar/Downloads/paal_pipeline/data/20260202-07-03-34/pig14_rgb_20260202-07-06-05.jpg,/Users/akbar/Downloads/paal_pipeline/data/20260202-07-03-34/pig14_ir_vis_20260202-07-06-05.jpg,/Users/akbar/Downloads/paal_pipeline/data/20260202-07-03-34/pig14_depth_vis_20260202-07-06-05.jpg,2
20260202-07-03-34,15,20260202-07-06-15,/Users/akbar/Downloads/paal_pipeline/data/20260202-07-03-34/pig15_rgb_20260202-07-06-15.jpg,/Users/akbar/Downloads/paal_pipeline/data/20260202-07-03-34/pig15_ir_vis_20260202-07-06-15.jpg,/Users/akbar/Downloads/paal_pipeline/data/20260202-07-03-34/pig15_depth_vis_20260202-07-06-15.jpg,2
20260202-07-03-34,16,20260202-07-06-23,/Users/akbar/Downloads/paal_pipeline/data/20260202-07-03-34/pig16_rgb_20260202-07-06-23.jpg,/Users/akbar/Downloads/paal_pipeline/data/20260202-07-03-34/pig16_ir_vis_20260202-07-06-23.jpg,/Users/akbar/Downloads/paal_pipeline/data/20260202-07-03-34/pig16_depth_vis_20260202-07-06-23.jpg,0
20260202-07-03-34,18,20260202-07-06-41,/Users/akbar/Downloads/paal_pipeline/data/20260202-07-03-34/pig18_rgb_20260202-07-06-41.jpg,/Users/akbar/Downloads/paal_pipeline/data/20260202-07-03-34/pig18_ir_vis_20260202-07-06-41.jpg,/Users/akbar/Downloads/paal_pipeline/data/20260202-07-03-34/pig18_depth_vis_20260202-07-06-41.jpg,0
20260202-10-04-45,0,20260202-10-05-11,/Users/akbar/Downloads/paal_pipeline/data/20260202-10-04-45/pig0_rgb_20260202-10-05-11.jpg,/Users/akbar/Downloads/paal_pipeline/data/20260202-10-04-45/pig0_ir_vis_20260202-10-05-11.jpg,/Users/akbar/Downloads/paal_pipeline/data/20260202-10-04-45/pig0_depth_vis_20260202-10-05-11.jpg,0
20260202-10-04-45,2,20260202-10-05-29,/Users/akbar/Downloads/paal_pipeline/data/20260202-10-04-45/pig2_rgb_20260202-10-05-29.jpg,/Users/akbar/Downloads/paal_pipeline/data/20260202-10-04-45/pig2_ir_vis_20260202-10-05-29.jpg,/Users/akbar/Downloads/paal_pipeline/data/20260202-10-04-45/pig2_depth_vis_20260202-10-05-29.jpg,0
20260202-10-04-45,3,20260202-10-05-38,/Users/akbar/Downloads/paal_pipeline/data/20260202-10-04-45/pig3_rgb_20260202-10-05-38.jpg,/Users/akbar/Downloads/paal_pipeline/data/20260202-10-04-45/pig3_ir_vis_20260202-10-05-38.jpg,/Users/akbar/Downloads/paal_pipeline/data/20260202-10-04-45/pig3_depth_vis_20260202-10-05-38.jpg,0
20260202-10-04-45,4,20260202-10-05-47,/Users/akbar/Downloads/paal_pipeline/data/20260202-10-04-45/pig4_rgb_20260202-10-05-47.jpg,/Users/akbar/Downloads/paal_pipeline/data/20260202-10-04-45/pig4_ir_vis_20260202-10-05-47.jpg,/Users/akbar/Downloads/paal_pipeline/data/20260202-10-04-45/pig4_depth_vis_20260202-10-05-47.jpg,2
20260202-10-04-45,5,20260202-10-05-56,/Users/akbar/Downloads/paal_pipeline/data/20260202-10-04-45/pig5_rgb_20260202-10-05-56.jpg,/Users/akbar/Downloads/paal_pipeline/data/20260202-10-04-45/pig5_ir_vis_20260202-10-05-56.jpg,/Users/akbar/Downloads/paal_pipeline/data/20260202-10-04-45/pig5_depth_vis_20260202-10-05-56.jpg,0
20260202-10-04-45,6,20260202-10-06-05,/Users/akbar/Downloads/paal_pipeline/data/20260202-10-04-45/pig6_rgb_20260202-10-06-05.jpg,/Users/akbar/Downloads/paal_pipeline/data/20260202-10-04-45/pig6_ir_vis_20260202-10-06-05.jpg,/Users/akbar/Downloads/paal_pipeline/data/20260202-10-04-45/pig6_depth_vis_20260202-10-06-05.jpg,0
20260202-10-04-45,7,20260202-10-06-14,/Users/akbar/Downloads/paal_pipeline/data/20260202-10-04-45/pig7_rgb_20260202-10-06-14.jpg,/Users/akbar/Downloads/paal_pipeline/data/20260202-10-04-45/pig7_ir_vis_20260202-10-06-14.jpg,/Users/akbar/Downloads/paal_pipeline/data/20260202-10-04-45/pig7_depth_vis_20260202-10-06-14.jpg,0
20260202-10-04-45,8,20260202-10-06-23,/Users/akbar/Downloads/paal_pipeline/data/20260202-10-04-45/pig8_rgb_20260202-10-06-23.jpg,/Users/akbar/Downloads/paal_pipeline/data/20260202-10-04-45/pig8_ir_vis_20260202-10-06-23.jpg,/Users/akbar/Downloads/paal_pipeline/data/20260202-10-04-45/pig8_depth_vis_20260202-10-06-23.jpg,0
20260202-10-04-45,10,20260202-10-06-40,/Users/akbar/Downloads/paal_pipeline/data/20260202-10-04-45/pig10_rgb_20260202-10-06-40.jpg,/Users/akbar/Downloads/paal_pipeline/data/20260202-10-04-45/pig10_ir_vis_20260202-10-06-40.jpg,/Users/akbar/Downloads/paal_pipeline/data/20260202-10-04-45/pig10_depth_vis_20260202-10-06-40.jpg,0
20260202-10-04-45,11,20260202-10-06-49,/Users/akbar/Downloads/paal_pipeline/data/20260202-10-04-45/pig11_rgb_20260202-10-06-49.jpg,/Users/akbar/Downloads/paal_pipeline/data/20260202-10-04-45/pig11_ir_vis_20260202-10-06-49.jpg,/Users/akbar/Downloads/paal_pipeline/data/20260202-10-04-45/pig11_depth_vis_20260202-10-06-49.jpg,0
20260202-10-04-45,12,20260202-10-06-58,/Users/akbar/Downloads/paal_pipeline/data/20260202-10-04-45/pig12_rgb_20260202-10-06-58.jpg,/Users/akbar/Downloads/paal_pipeline/data/20260202-10-04-45/pig12_ir_vis_20260202-10-06-58.jpg,/Users/akbar/Downloads/paal_pipeline/data/20260202-10-04-45/pig12_depth_vis_20260202-10-06-58.jpg,0
20260202-10-04-45,14,20260202-10-07-16,/Users/akbar/Downloads/paal_pipeline/data/20260202-10-04-45/pig14_rgb_20260202-10-07-16.jpg,/Users/akbar/Downloads/paal_pipeline/data/20260202-10-04-45/pig14_ir_vis_20260202-10-07-16.jpg,/Users/akbar/Downloads/paal_pipeline/data/20260202-10-04-45/pig14_depth_vis_20260202-10-07-16.jpg,0
20260202-10-04-45,15,20260202-10-07-25,/Users/akbar/Downloads/paal_pipeline/data/20260202-10-04-45/pig15_rgb_20260202-10-07-25.jpg,/Users/akbar/Downloads/paal_pipeline/data/20260202-10-04-45/pig15_ir_vis_20260202-10-07-25.jpg,/Users/akbar/Downloads/paal_pipeline/data/20260202-10-04-45/pig15_depth_vis_20260202-10-07-25.jpg,0
20260202-10-04-45,16,20260202-10-07-34,/Users/akbar/Downloads/paal_pipeline/data/20260202-10-04-45/pig16_rgb_20260202-10-07-34.jpg,/Users/akbar/Downloads/paal_pipeline/data/20260202-10-04-45/pig16_ir_vis_20260202-10-07-34.jpg,/Users/akbar/Downloads/paal_pipeline/data/20260202-10-04-45/pig16_depth_vis_20260202-10-07-34.jpg,0
20260202-10-04-45,18,20260202-10-07-51,/Users/akbar/Downloads/paal_pipeline/data/20260202-10-04-45/pig18_rgb_20260202-10-07-51.jpg,/Users/akbar/Downloads/paal_pipeline/data/20260202-10-04-45/pig18_ir_vis_20260202-10-07-51.jpg,/Users/akbar/Downloads/paal_pipeline/data/20260202-10-04-45/pig18_depth_vis_20260202-10-07-51.jpg,0
20260202-13-58-55,0,20260202-13-59-21,/Users/akbar/Downloads/paal_pipeline/data/20260202-13-58-55/pig0_rgb_20260202-13-59-21.jpg,/Users/akbar/Downloads/paal_pipeline/data/20260202-13-58-55/pig0_ir_vis_20260202-13-59-21.jpg,/Users/akbar/Downloads/paal_pipeline/data/20260202-13-58-55/pig0_depth_vis_20260202-13-59-21.jpg,0
20260202-13-58-55,2,20260202-13-59-39,/Users/akbar/Downloads/paal_pipeline/data/20260202-13-58-55/pig2_rgb_20260202-13-59-39.jpg,/Users/akbar/Downloads/paal_pipeline/data/20260202-13-58-55/pig2_ir_vis_20260202-13-59-39.jpg,/Users/akbar/Downloads/paal_pipeline/data/20260202-13-58-55/pig2_depth_vis_20260202-13-59-39.jpg,0
20260202-13-58-55,3,20260202-13-59-48,/Users/akbar/Downloads/paal_pipeline/data/20260202-13-58-55/pig3_rgb_20260202-13-59-48.jpg,/Users/akbar/Downloads/paal_pipeline/data/20260202-13-58-55/pig3_ir_vis_20260202-13-59-48.jpg,/Users/akbar/Downloads/paal_pipeline/data/20260202-13-58-55/pig3_depth_vis_20260202-13-59-48.jpg,0
20260202-13-58-55,4,20260202-13-59-57,/Users/akbar/Downloads/paal_pipeline/data/20260202-13-58-55/pig4_rgb_20260202-13-59-57.jpg,/Users/akbar/Downloads/paal_pipeline/data/20260202-13-58-55/pig4_ir_vis_20260202-13-59-57.jpg,/Users/akbar/Downloads/paal_pipeline/data/20260202-13-58-55/pig4_depth_vis_20260202-13-59-57.jpg,0
20260202-13-58-55,5,20260202-14-00-06,/Users/akbar/Downloads/paal_pipeline/data/20260202-13-58-55/pig5_rgb_20260202-14-00-06.jpg,/Users/akbar/Downloads/paal_pipeline/data/20260202-13-58-55/pig5_ir_vis_20260202-14-00-06.jpg,/Users/akbar/Downloads/paal_pipeline/data/20260202-13-58-55/pig5_depth_vis_20260202-14-00-06.jpg,0
20260202-13-58-55,6,20260202-14-00-15,/Users/akbar/Downloads/paal_pipeline/data/20260202-13-58-55/pig6_rgb_20260202-14-00-15.jpg,/Users/akbar/Downloads/paal_pipeline/data/20260202-13-58-55/pig6_ir_vis_20260202-14-00-15.jpg,/Users/akbar/Downloads/paal_pipeline/data/20260202-13-58-55/pig6_depth_vis_20260202-14-00-15.jpg,0
20260202-13-58-55,7,20260202-14-00-24,/Users/akbar/Downloads/paal_pipeline/data/20260202-13-58-55/pig7_rgb_20260202-14-00-24.jpg,/Users/akbar/Downloads/paal_pipeline/data/20260202-13-58-55/pig7_ir_vis_20260202-14-00-24.jpg,/Users/akbar/Downloads/paal_pipeline/data/20260202-13-58-55/pig7_depth_vis_20260202-14-00-24.jpg,0
20260202-13-58-55,8,20260202-14-00-33,/Users/akbar/Downloads/paal_pipeline/data/20260202-13-58-55/pig8_rgb_20260202-14-00-33.jpg,/Users/akbar/Downloads/paal_pipeline/data/20260202-13-58-55/pig8_ir_vis_20260202-14-00-33.jpg,/Users/akbar/Downloads/paal_pipeline/data/20260202-13-58-55/pig8_depth_vis_20260202-14-00-33.jpg,0
20260202-13-58-55,10,20260202-14-00-50,/Users/akbar/Downloads/paal_pipeline/data/20260202-13-58-55/pig10_rgb_20260202-14-00-50.jpg,/Users/akbar/Downloads/paal_pipeline/data/20260202-13-58-55/pig10_ir_vis_20260202-14-00-50.jpg,/Users/akbar/Downloads/paal_pipeline/data/20260202-13-58-55/pig10_depth_vis_20260202-14-00-50.jpg,0
20260202-13-58-55,11,20260202-14-01-00,/Users/akbar/Downloads/paal_pipeline/data/20260202-13-58-55/pig11_rgb_20260202-14-01-00.jpg,/Users/akbar/Downloads/paal_pipeline/data/20260202-13-58-55/pig11_ir_vis_20260202-14-01-00.jpg,/Users/akbar/Downloads/paal_pipeline/data/20260202-13-58-55/pig11_depth_vis_20260202-14-01-00.jpg,0
20260202-13-58-55,12,20260202-14-01-08,/Users/akbar/Downloads/paal_pipeline/data/20260202-13-58-55/pig12_rgb_20260202-14-01-08.jpg,/Users/akbar/Downloads/paal_pipeline/data/20260202-13-58-55/pig12_ir_vis_20260202-14-01-08.jpg,/Users/akbar/Downloads/paal_pipeline/data/20260202-13-58-55/pig12_depth_vis_20260202-14-01-08.jpg,0
20260202-13-58-55,14,20260202-14-01-26,/Users/akbar/Downloads/paal_pipeline/data/20260202-13-58-55/pig14_rgb_20260202-14-01-26.jpg,/Users/akbar/Downloads/paal_pipeline/data/20260202-13-58-55/pig14_ir_vis_20260202-14-01-26.jpg,/Users/akbar/Downloads/paal_pipeline/data/20260202-13-58-55/pig14_depth_vis_20260202-14-01-26.jpg,0
20260202-13-58-55,15,20260202-14-01-35,/Users/akbar/Downloads/paal_pipeline/data/20260202-13-58-55/pig15_rgb_20260202-14-01-35.jpg,/Users/akbar/Downloads/paal_pipeline/data/20260202-13-58-55/pig15_ir_vis_20260202-14-01-35.jpg,/Users/akbar/Downloads/paal_pipeline/data/20260202-13-58-55/pig15_depth_vis_20260202-14-01-35.jpg,0
20260202-13-58-55,16,20260202-14-01-44,/Users/akbar/Downloads/paal_pipeline/data/20260202-13-58-55/pig16_rgb_20260202-14-01-44.jpg,/Users/akbar/Downloads/paal_pipeline/data/20260202-13-58-55/pig16_ir_vis_20260202-14-01-44.jpg,/Users/akbar/Downloads/paal_pipeline/data/20260202-13-58-55/pig16_depth_vis_20260202-14-01-44.jpg,0
20260202-13-58-55,18,20260202-14-02-01,/Users/akbar/Downloads/paal_pipeline/data/20260202-13-58-55/pig18_rgb_20260202-14-02-01.jpg,/Users/akbar/Downloads/paal_pipeline/data/20260202-13-58-55/pig18_ir_vis_20260202-14-02-01.jpg,/Users/akbar/Downloads/paal_pipeline/data/20260202-13-58-55/pig18_depth_vis_20260202-14-02-01.jpg,0
20260202-16-17-28,0,20260202-16-17-45,/Users/akbar/Downloads/paal_pipeline/data/20260202-16-17-28/pig0_rgb_20260202-16-17-45.jpg,/Users/akbar/Downloads/paal_pipeline/data/20260202-16-17-28/pig0_ir_vis_20260202-16-17-45.jpg,/Users/akbar/Downloads/paal_pipeline/data/20260202-16-17-28/pig0_depth_vis_20260202-16-17-45.jpg,0
20260202-16-17-28,1,20260202-16-17-54,/Users/akbar/Downloads/paal_pipeline/data/20260202-16-17-28/pig1_rgb_20260202-16-17-54.jpg,/Users/akbar/Downloads/paal_pipeline/data/20260202-16-17-28/pig1_ir_vis_20260202-16-17-54.jpg,/Users/akbar/Downloads/paal_pipeline/data/20260202-16-17-28/pig1_depth_vis_20260202-16-17-54.jpg,0
20260202-16-17-28,3,20260202-16-18-12,/Users/akbar/Downloads/paal_pipeline/data/20260202-16-17-28/pig3_rgb_20260202-16-18-12.jpg,/Users/akbar/Downloads/paal_pipeline/data/20260202-16-17-28/pig3_ir_vis_20260202-16-18-12.jpg,/Users/akbar/Downloads/paal_pipeline/data/20260202-16-17-28/pig3_depth_vis_20260202-16-18-12.jpg,0
20260202-16-17-28,4,20260202-16-18-21,/Users/akbar/Downloads/paal_pipeline/data/20260202-16-17-28/pig4_rgb_20260202-16-18-21.jpg,/Users/akbar/Downloads/paal_pipeline/data/20260202-16-17-28/pig4_ir_vis_20260202-16-18-21.jpg,/Users/akbar/Downloads/paal_pipeline/data/20260202-16-17-28/pig4_depth_vis_20260202-16-18-21.jpg,0
20260202-16-17-28,5,20260202-16-18-30,/Users/akbar/Downloads/paal_pipeline/data/20260202-16-17-28/pig5_rgb_20260202-16-18-30.jpg,/Users/akbar/Downloads/paal_pipeline/data/20260202-16-17-28/pig5_ir_vis_20260202-16-18-30.jpg,/Users/akbar/Downloads/paal_pipeline/data/20260202-16-17-28/pig5_depth_vis_20260202-16-18-30.jpg,0
20260202-16-17-28,6,20260202-16-18-39,/Users/akbar/Downloads/paal_pipeline/data/20260202-16-17-28/pig6_rgb_20260202-16-18-39.jpg,/Users/akbar/Downloads/paal_pipeline/data/20260202-16-17-28/pig6_ir_vis_20260202-16-18-39.jpg,/Users/akbar/Downloads/paal_pipeline/data/20260202-16-17-28/pig6_depth_vis_20260202-16-18-39.jpg,0
20260202-16-17-28,7,20260202-16-18-48,/Users/akbar/Downloads/paal_pipeline/data/20260202-16-17-28/pig7_rgb_20260202-16-18-48.jpg,/Users/akbar/Downloads/paal_pipeline/data/20260202-16-17-28/pig7_ir_vis_20260202-16-18-48.jpg,/Users/akbar/Downloads/paal_pipeline/data/20260202-16-17-28/pig7_depth_vis_20260202-16-18-48.jpg,0
20260202-16-17-28,8,20260202-16-18-57,/Users/akbar/Downloads/paal_pipeline/data/20260202-16-17-28/pig8_rgb_20260202-16-18-57.jpg,/Users/akbar/Downloads/paal_pipeline/data/20260202-16-17-28/pig8_ir_vis_20260202-16-18-57.jpg,/Users/akbar/Downloads/paal_pipeline/data/20260202-16-17-28/pig8_depth_vis_20260202-16-18-57.jpg,0
20260202-16-17-28,9,20260202-16-19-06,/Users/akbar/Downloads/paal_pipeline/data/20260202-16-17-28/pig9_rgb_20260202-16-19-06.jpg,/Users/akbar/Downloads/paal_pipeline/data/20260202-16-17-28/pig9_ir_vis_20260202-16-19-06.jpg,/Users/akbar/Downloads/paal_pipeline/data/20260202-16-17-28/pig9_depth_vis_20260202-16-19-06.jpg,0
20260202-16-17-28,11,20260202-16-19-23,/Users/akbar/Downloads/paal_pipeline/data/20260202-16-17-28/pig11_rgb_20260202-16-19-23.jpg,/Users/akbar/Downloads/paal_pipeline/data/20260202-16-17-28/pig11_ir_vis_20260202-16-19-23.jpg,/Users/akbar/Downloads/paal_pipeline/data/20260202-16-17-28/pig11_depth_vis_20260202-16-19-23.jpg,0
20260202-16-17-28,12,20260202-16-19-33,/Users/akbar/Downloads/paal_pipeline/data/20260202-16-17-28/pig12_rgb_20260202-16-19-33.jpg,/Users/akbar/Downloads/paal_pipeline/data/20260202-16-17-28/pig12_ir_vis_20260202-16-19-33.jpg,/Users/akbar/Downloads/paal_pipeline/data/20260202-16-17-28/pig12_depth_vis_20260202-16-19-33.jpg,0
20260202-16-17-28,13,20260202-16-19-41,/Users/akbar/Downloads/paal_pipeline/data/20260202-16-17-28/pig13_rgb_20260202-16-19-41.jpg,/Users/akbar/Downloads/paal_pipeline/data/20260202-16-17-28/pig13_ir_vis_20260202-16-19-41.jpg,/Users/akbar/Downloads/paal_pipeline/data/20260202-16-17-28/pig13_depth_vis_20260202-16-19-41.jpg,0
20260202-16-17-28,15,20260202-16-19-59,/Users/akbar/Downloads/paal_pipeline/data/20260202-16-17-28/pig15_rgb_20260202-16-19-59.jpg,/Users/akbar/Downloads/paal_pipeline/data/20260202-16-17-28/pig15_ir_vis_20260202-16-19-59.jpg,/Users/akbar/Downloads/paal_pipeline/data/20260202-16-17-28/pig15_depth_vis_20260202-16-19-59.jpg,0
20260202-16-17-28,16,20260202-16-20-08,/Users/akbar/Downloads/paal_pipeline/data/20260202-16-17-28/pig16_rgb_20260202-16-20-08.jpg,/Users/akbar/Downloads/paal_pipeline/data/20260202-16-17-28/pig16_ir_vis_20260202-16-20-08.jpg,/Users/akbar/Downloads/paal_pipeline/data/20260202-16-17-28/pig16_depth_vis_20260202-16-20-08.jpg,0
20260202-16-17-28,17,20260202-16-20-17,/Users/akbar/Downloads/paal_pipeline/data/20260202-16-17-28/pig17_rgb_20260202-16-20-17.jpg,/Users/akbar/Downloads/paal_pipeline/data/20260202-16-17-28/pig17_ir_vis_20260202-16-20-17.jpg,/Users/akbar/Downloads/paal_pipeline/data/20260202-16-17-28/pig17_depth_vis_20260202-16-20-17.jpg,0
20260202-16-17-28,19,20260202-16-20-34,/Users/akbar/Downloads/paal_pipeline/data/20260202-16-17-28/pig19_rgb_20260202-16-20-34.jpg,/Users/akbar/Downloads/paal_pipeline/data/20260202-16-17-28/pig19_ir_vis_20260202-16-20-34.jpg,/Users/akbar/Downloads/paal_pipeline/data/20260202-16-17-28/pig19_depth_vis_20260202-16-20-34.jpg,0
20260202-19-08-00,0,20260202-19-08-17,/Users/akbar/Downloads/paal_pipeline/data/20260202-19-08-00/pig0_rgb_20260202-19-08-17.jpg,/Users/akbar/Downloads/paal_pipeline/data/20260202-19-08-00/pig0_ir_vis_20260202-19-08-17.jpg,/Users/akbar/Downloads/paal_pipeline/data/20260202-19-08-00/pig0_depth_vis_20260202-19-08-17.jpg,2
20260202-19-08-00,1,20260202-19-08-26,/Users/akbar/Downloads/paal_pipeline/data/20260202-19-08-00/pig1_rgb_20260202-19-08-26.jpg,/Users/akbar/Downloads/paal_pipeline/data/20260202-19-08-00/pig1_ir_vis_20260202-19-08-26.jpg,/Users/akbar/Downloads/paal_pipeline/data/20260202-19-08-00/pig1_depth_vis_20260202-19-08-26.jpg,2
20260202-19-08-00,3,20260202-19-08-44,/Users/akbar/Downloads/paal_pipeline/data/20260202-19-08-00/pig3_rgb_20260202-19-08-44.jpg,/Users/akbar/Downloads/paal_pipeline/data/20260202-19-08-00/pig3_ir_vis_20260202-19-08-44.jpg,/Users/akbar/Downloads/paal_pipeline/data/20260202-19-08-00/pig3_depth_vis_20260202-19-08-44.jpg,0
20260202-19-08-00,4,20260202-19-08-53,/Users/akbar/Downloads/paal_pipeline/data/20260202-19-08-00/pig4_rgb_20260202-19-08-53.jpg,/Users/akbar/Downloads/paal_pipeline/data/20260202-19-08-00/pig4_ir_vis_20260202-19-08-53.jpg,/Users/akbar/Downloads/paal_pipeline/data/20260202-19-08-00/pig4_depth_vis_20260202-19-08-53.jpg,0
20260202-19-08-00,5,20260202-19-09-02,/Users/akbar/Downloads/paal_pipeline/data/20260202-19-08-00/pig5_rgb_20260202-19-09-02.jpg,/Users/akbar/Downloads/paal_pipeline/data/20260202-19-08-00/pig5_ir_vis_20260202-19-09-02.jpg,/Users/akbar/Downloads/paal_pipeline/data/20260202-19-08-00/pig5_depth_vis_20260202-19-09-02.jpg,0
20260202-19-08-00,6,20260202-19-09-11,/Users/akbar/Downloads/paal_pipeline/data/20260202-19-08-00/pig6_rgb_20260202-19-09-11.jpg,/Users/akbar/Downloads/paal_pipeline/data/20260202-19-08-00/pig6_ir_vis_20260202-19-09-11.jpg,/Users/akbar/Downloads/paal_pipeline/data/20260202-19-08-00/pig6_depth_vis_20260202-19-09-11.jpg,0
20260202-19-08-00,7,20260202-19-09-20,/Users/akbar/Downloads/paal_pipeline/data/20260202-19-08-00/pig7_rgb_20260202-19-09-20.jpg,/Users/akbar/Downloads/paal_pipeline/data/20260202-19-08-00/pig7_ir_vis_20260202-19-09-20.jpg,/Users/akbar/Downloads/paal_pipeline/data/20260202-19-08-00/pig7_depth_vis_20260202-19-09-20.jpg,2
20260202-19-08-00,8,20260202-19-09-29,/Users/akbar/Downloads/paal_pipeline/data/20260202-19-08-00/pig8_rgb_20260202-19-09-29.jpg,/Users/akbar/Downloads/paal_pipeline/data/20260202-19-08-00/pig8_ir_vis_20260202-19-09-29.jpg,/Users/akbar/Downloads/paal_pipeline/data/20260202-19-08-00/pig8_depth_vis_20260202-19-09-29.jpg,0
20260202-19-08-00,9,20260202-19-09-37,/Users/akbar/Downloads/paal_pipeline/data/20260202-19-08-00/pig9_rgb_20260202-19-09-37.jpg,/Users/akbar/Downloads/paal_pipeline/data/20260202-19-08-00/pig9_ir_vis_20260202-19-09-37.jpg,/Users/akbar/Downloads/paal_pipeline/data/20260202-19-08-00/pig9_depth_vis_20260202-19-09-37.jpg,0
20260202-19-08-00,11,20260202-19-09-55,/Users/akbar/Downloads/paal_pipeline/data/20260202-19-08-00/pig11_rgb_20260202-19-09-55.jpg,/Users/akbar/Downloads/paal_pipeline/data/20260202-19-08-00/pig11_ir_vis_20260202-19-09-55.jpg,/Users/akbar/Downloads/paal_pipeline/data/20260202-19-08-00/pig11_depth_vis_20260202-19-09-55.jpg,2
20260202-19-08-00,12,20260202-19-10-04,/Users/akbar/Downloads/paal_pipeline/data/20260202-19-08-00/pig12_rgb_20260202-19-10-04.jpg,/Users/akbar/Downloads/paal_pipeline/data/20260202-19-08-00/pig12_ir_vis_20260202-19-10-04.jpg,/Users/akbar/Downloads/paal_pipeline/data/20260202-19-08-00/pig12_depth_vis_20260202-19-10-04.jpg,0
20260202-19-08-00,13,20260202-19-10-13,/Users/akbar/Downloads/paal_pipeline/data/20260202-19-08-00/pig13_rgb_20260202-19-10-13.jpg,/Users/akbar/Downloads/paal_pipeline/data/20260202-19-08-00/pig13_ir_vis_20260202-19-10-13.jpg,/Users/akbar/Downloads/paal_pipeline/data/20260202-19-08-00/pig13_depth_vis_20260202-19-10-13.jpg,2
20260202-19-08-00,15,20260202-19-10-31,/Users/akbar/Downloads/paal_pipeline/data/20260202-19-08-00/pig15_rgb_20260202-19-10-31.jpg,/Users/akbar/Downloads/paal_pipeline/data/20260202-19-08-00/pig15_ir_vis_20260202-19-10-31.jpg,/Users/akbar/Downloads/paal_pipeline/data/20260202-19-08-00/pig15_depth_vis_20260202-19-10-31.jpg,2
20260202-19-08-00,16,20260202-19-10-40,/Users/akbar/Downloads/paal_pipeline/data/20260202-19-08-00/pig16_rgb_20260202-19-10-40.jpg,/Users/akbar/Downloads/paal_pipeline/data/20260202-19-08-00/pig16_ir_vis_20260202-19-10-40.jpg,/Users/akbar/Downloads/paal_pipeline/data/20260202-19-08-00/pig16_depth_vis_20260202-19-10-40.jpg,2
20260202-19-08-00,17,20260202-19-10-49,/Users/akbar/Downloads/paal_pipeline/data/20260202-19-08-00/pig17_rgb_20260202-19-10-49.jpg,/Users/akbar/Downloads/paal_pipeline/data/20260202-19-08-00/pig17_ir_vis_20260202-19-10-49.jpg,/Users/akbar/Downloads/paal_pipeline/data/20260202-19-08-00/pig17_depth_vis_20260202-19-10-49.jpg,2
20260202-19-08-00,19,20260202-19-11-06,/Users/akbar/Downloads/paal_pipeline/data/20260202-19-08-00/pig19_rgb_20260202-19-11-06.jpg,/Users/akbar/Downloads/paal_pipeline/data/20260202-19-08-00/pig19_ir_vis_20260202-19-11-06.jpg,/Users/akbar/Downloads/paal_pipeline/data/20260202-19-08-00/pig19_depth_vis_20260202-19-11-06.jpg,2
20260202-23-13-07,0,20260202-23-13-24,/Users/akbar/Downloads/paal_pipeline/data/20260202-23-13-07/pig0_rgb_20260202-23-13-24.jpg,/Users/akbar/Downloads/paal_pipeline/data/20260202-23-13-07/pig0_ir_vis_20260202-23-13-24.jpg,/Users/akbar/Downloads/paal_pipeline/data/20260202-23-13-07/pig0_depth_vis_20260202-23-13-24.jpg,2
20260202-23-13-07,1,20260202-23-13-33,/Users/akbar/Downloads/paal_pipeline/data/20260202-23-13-07/pig1_rgb_20260202-23-13-33.jpg,/Users/akbar/Downloads/paal_pipeline/data/20260202-23-13-07/pig1_ir_vis_20260202-23-13-33.jpg,/Users/akbar/Downloads/paal_pipeline/data/20260202-23-13-07/pig1_depth_vis_20260202-23-13-33.jpg,2
20260202-23-13-07,3,20260202-23-13-51,/Users/akbar/Downloads/paal_pipeline/data/20260202-23-13-07/pig3_rgb_20260202-23-13-51.jpg,/Users/akbar/Downloads/paal_pipeline/data/20260202-23-13-07/pig3_ir_vis_20260202-23-13-51.jpg,/Users/akbar/Downloads/paal_pipeline/data/20260202-23-13-07/pig3_depth_vis_20260202-23-13-51.jpg,2
20260202-23-13-07,4,20260202-23-14-00,/Users/akbar/Downloads/paal_pipeline/data/20260202-23-13-07/pig4_rgb_20260202-23-14-00.jpg,/Users/akbar/Downloads/paal_pipeline/data/20260202-23-13-07/pig4_ir_vis_20260202-23-14-00.jpg,/Users/akbar/Downloads/paal_pipeline/data/20260202-23-13-07/pig4_depth_vis_20260202-23-14-00.jpg,2
20260202-23-13-07,5,20260202-23-14-09,/Users/akbar/Downloads/paal_pipeline/data/20260202-23-13-07/pig5_rgb_20260202-23-14-09.jpg,/Users/akbar/Downloads/paal_pipeline/data/20260202-23-13-07/pig5_ir_vis_20260202-23-14-09.jpg,/Users/akbar/Downloads/paal_pipeline/data/20260202-23-13-07/pig5_depth_vis_20260202-23-14-09.jpg,2
20260202-23-13-07,6,20260202-23-14-18,/Users/akbar/Downloads/paal_pipeline/data/20260202-23-13-07/pig6_rgb_20260202-23-14-18.jpg,/Users/akbar/Downloads/paal_pipeline/data/20260202-23-13-07/pig6_ir_vis_20260202-23-14-18.jpg,/Users/akbar/Downloads/paal_pipeline/data/20260202-23-13-07/pig6_depth_vis_20260202-23-14-18.jpg,2
20260202-23-13-07,7,20260202-23-14-27,/Users/akbar/Downloads/paal_pipeline/data/20260202-23-13-07/pig7_rgb_20260202-23-14-27.jpg,/Users/akbar/Downloads/paal_pipeline/data/20260202-23-13-07/pig7_ir_vis_20260202-23-14-27.jpg,/Users/akbar/Downloads/paal_pipeline/data/20260202-23-13-07/pig7_depth_vis_20260202-23-14-27.jpg,2
20260202-23-13-07,8,20260202-23-14-36,/Users/akbar/Downloads/paal_pipeline/data/20260202-23-13-07/pig8_rgb_20260202-23-14-36.jpg,/Users/akbar/Downloads/paal_pipeline/data/20260202-23-13-07/pig8_ir_vis_20260202-23-14-36.jpg,/Users/akbar/Downloads/paal_pipeline/data/20260202-23-13-07/pig8_depth_vis_20260202-23-14-36.jpg,2
20260202-23-13-07,9,20260202-23-14-45,/Users/akbar/Downloads/paal_pipeline/data/20260202-23-13-07/pig9_rgb_20260202-23-14-45.jpg,/Users/akbar/Downloads/paal_pipeline/data/20260202-23-13-07/pig9_ir_vis_20260202-23-14-45.jpg,/Users/akbar/Downloads/paal_pipeline/data/20260202-23-13-07/pig9_depth_vis_20260202-23-14-45.jpg,2
20260202-23-13-07,11,20260202-23-15-02,/Users/akbar/Downloads/paal_pipeline/data/20260202-23-13-07/pig11_rgb_20260202-23-15-02.jpg,/Users/akbar/Downloads/paal_pipeline/data/20260202-23-13-07/pig11_ir_vis_20260202-23-15-02.jpg,/Users/akbar/Downloads/paal_pipeline/data/20260202-23-13-07/pig11_depth_vis_20260202-23-15-02.jpg,2
20260202-23-13-07,12,20260202-23-15-11,/Users/akbar/Downloads/paal_pipeline/data/20260202-23-13-07/pig12_rgb_20260202-23-15-11.jpg,/Users/akbar/Downloads/paal_pipeline/data/20260202-23-13-07/pig12_ir_vis_20260202-23-15-11.jpg,/Users/akbar/Downloads/paal_pipeline/data/20260202-23-13-07/pig12_depth_vis_20260202-23-15-11.jpg,2
20260202-23-13-07,13,20260202-23-15-20,/Users/akbar/Downloads/paal_pipeline/data/20260202-23-13-07/pig13_rgb_20260202-23-15-20.jpg,/Users/akbar/Downloads/paal_pipeline/data/20260202-23-13-07/pig13_ir_vis_20260202-23-15-20.jpg,/Users/akbar/Downloads/paal_pipeline/data/20260202-23-13-07/pig13_depth_vis_20260202-23-15-20.jpg,2
20260202-23-13-07,15,20260202-23-15-38,/Users/akbar/Downloads/paal_pipeline/data/20260202-23-13-07/pig15_rgb_20260202-23-15-38.jpg,/Users/akbar/Downloads/paal_pipeline/data/20260202-23-13-07/pig15_ir_vis_20260202-23-15-38.jpg,/Users/akbar/Downloads/paal_pipeline/data/20260202-23-13-07/pig15_depth_vis_20260202-23-15-38.jpg,2
20260202-23-13-07,16,20260202-23-15-47,/Users/akbar/Downloads/paal_pipeline/data/20260202-23-13-07/pig16_rgb_20260202-23-15-47.jpg,/Users/akbar/Downloads/paal_pipeline/data/20260202-23-13-07/pig16_ir_vis_20260202-23-15-47.jpg,/Users/akbar/Downloads/paal_pipeline/data/20260202-23-13-07/pig16_depth_vis_20260202-23-15-47.jpg,2
20260202-23-13-07,17,20260202-23-15-56,/Users/akbar/Downloads/paal_pipeline/data/20260202-23-13-07/pig17_rgb_20260202-23-15-56.jpg,/Users/akbar/Downloads/paal_pipeline/data/20260202-23-13-07/pig17_ir_vis_20260202-23-15-56.jpg,/Users/akbar/Downloads/paal_pipeline/data/20260202-23-13-07/pig17_depth_vis_20260202-23-15-56.jpg,2
20260202-23-13-07,19,20260202-23-16-13,/Users/akbar/Downloads/paal_pipeline/data/20260202-23-13-07/pig19_rgb_20260202-23-16-13.jpg,/Users/akbar/Downloads/paal_pipeline/data/20260202-23-13-07/pig19_ir_vis_20260202-23-16-13.jpg,/Users/akbar/Downloads/paal_pipeline/data/20260202-23-13-07/pig19_depth_vis_20260202-23-16-13.jpg,2
20260203-01-21-00,0,20260203-01-21-18,/Users/akbar/Downloads/paal_pipeline/data/20260203-01-21-00/pig0_rgb_20260203-01-21-18.jpg,/Users/akbar/Downloads/paal_pipeline/data/20260203-01-21-00/pig0_ir_vis_20260203-01-21-18.jpg,/Users/akbar/Downloads/paal_pipeline/data/20260203-01-21-00/pig0_depth_vis_20260203-01-21-18.jpg,0
20260203-01-21-00,1,20260203-01-21-27,/Users/akbar/Downloads/paal_pipeline/data/20260203-01-21-00/pig1_rgb_20260203-01-21-27.jpg,/Users/akbar/Downloads/paal_pipeline/data/20260203-01-21-00/pig1_ir_vis_20260203-01-21-27.jpg,/Users/akbar/Downloads/paal_pipeline/data/20260203-01-21-00/pig1_depth_vis_20260203-01-21-27.jpg,2
20260203-01-21-00,3,20260203-01-21-44,/Users/akbar/Downloads/paal_pipeline/data/20260203-01-21-00/pig3_rgb_20260203-01-21-44.jpg,/Users/akbar/Downloads/paal_pipeline/data/20260203-01-21-00/pig3_ir_vis_20260203-01-21-44.jpg,/Users/akbar/Downloads/paal_pipeline/data/20260203-01-21-00/pig3_depth_vis_20260203-01-21-44.jpg,2
20260203-01-21-00,4,20260203-01-21-53,/Users/akbar/Downloads/paal_pipeline/data/20260203-01-21-00/pig4_rgb_20260203-01-21-53.jpg,/Users/akbar/Downloads/paal_pipeline/data/20260203-01-21-00/pig4_ir_vis_20260203-01-21-53.jpg,/Users/akbar/Downloads/paal_pipeline/data/20260203-01-21-00/pig4_depth_vis_20260203-01-21-53.jpg,2
20260203-01-21-00,5,20260203-01-22-02,/Users/akbar/Downloads/paal_pipeline/data/20260203-01-21-00/pig5_rgb_20260203-01-22-02.jpg,/Users/akbar/Downloads/paal_pipeline/data/20260203-01-21-00/pig5_ir_vis_20260203-01-22-02.jpg,/Users/akbar/Downloads/paal_pipeline/data/20260203-01-21-00/pig5_depth_vis_20260203-01-22-02.jpg,2
20260203-01-21-00,6,20260203-01-22-11,/Users/akbar/Downloads/paal_pipeline/data/20260203-01-21-00/pig6_rgb_20260203-01-22-11.jpg,/Users/akbar/Downloads/paal_pipeline/data/20260203-01-21-00/pig6_ir_vis_20260203-01-22-11.jpg,/Users/akbar/Downloads/paal_pipeline/data/20260203-01-21-00/pig6_depth_vis_20260203-01-22-11.jpg,2
20260203-01-21-00,7,20260203-01-22-20,/Users/akbar/Downloads/paal_pipeline/data/20260203-01-21-00/pig7_rgb_20260203-01-22-20.jpg,/Users/akbar/Downloads/paal_pipeline/data/20260203-01-21-00/pig7_ir_vis_20260203-01-22-20.jpg,/Users/akbar/Downloads/paal_pipeline/data/20260203-01-21-00/pig7_depth_vis_20260203-01-22-20.jpg,2
20260203-01-21-00,8,20260203-01-22-29,/Users/akbar/Downloads/paal_pipeline/data/20260203-01-21-00/pig8_rgb_20260203-01-22-29.jpg,/Users/akbar/Downloads/paal_pipeline/data/20260203-01-21-00/pig8_ir_vis_20260203-01-22-29.jpg,/Users/akbar/Downloads/paal_pipeline/data/20260203-01-21-00/pig8_depth_vis_20260203-01-22-29.jpg,2
20260203-01-21-00,9,20260203-01-22-38,/Users/akbar/Downloads/paal_pipeline/data/20260203-01-21-00/pig9_rgb_20260203-01-22-38.jpg,/Users/akbar/Downloads/paal_pipeline/data/20260203-01-21-00/pig9_ir_vis_20260203-01-22-38.jpg,/Users/akbar/Downloads/paal_pipeline/data/20260203-01-21-00/pig9_depth_vis_20260203-01-22-38.jpg,2
20260203-01-21-00,11,20260203-01-22-56,/Users/akbar/Downloads/paal_pipeline/data/20260203-01-21-00/pig11_rgb_20260203-01-22-56.jpg,/Users/akbar/Downloads/paal_pipeline/data/20260203-01-21-00/pig11_ir_vis_20260203-01-22-56.jpg,/Users/akbar/Downloads/paal_pipeline/data/20260203-01-21-00/pig11_depth_vis_20260203-01-22-56.jpg,2
20260203-01-21-00,12,20260203-01-23-05,/Users/akbar/Downloads/paal_pipeline/data/20260203-01-21-00/pig12_rgb_20260203-01-23-05.jpg,/Users/akbar/Downloads/paal_pipeline/data/20260203-01-21-00/pig12_ir_vis_20260203-01-23-05.jpg,/Users/akbar/Downloads/paal_pipeline/data/20260203-01-21-00/pig12_depth_vis_20260203-01-23-05.jpg,2
20260203-01-21-00,13,20260203-01-23-14,/Users/akbar/Downloads/paal_pipeline/data/20260203-01-21-00/pig13_rgb_20260203-01-23-14.jpg,/Users/akbar/Downloads/paal_pipeline/data/20260203-01-21-00/pig13_ir_vis_20260203-01-23-14.jpg,/Users/akbar/Downloads/paal_pipeline/data/20260203-01-21-00/pig13_depth_vis_20260203-01-23-14.jpg,2
20260203-01-21-00,15,20260203-01-23-31,/Users/akbar/Downloads/paal_pipeline/data/20260203-01-21-00/pig15_rgb_20260203-01-23-31.jpg,/Users/akbar/Downloads/paal_pipeline/data/20260203-01-21-00/pig15_ir_vis_20260203-01-23-31.jpg,/Users/akbar/Downloads/paal_pipeline/data/20260203-01-21-00/pig15_depth_vis_20260203-01-23-31.jpg,2
20260203-01-21-00,16,20260203-01-23-41,/Users/akbar/Downloads/paal_pipeline/data/20260203-01-21-00/pig16_rgb_20260203-01-23-41.jpg,/Users/akbar/Downloads/paal_pipeline/data/20260203-01-21-00/pig16_ir_vis_20260203-01-23-41.jpg,/Users/akbar/Downloads/paal_pipeline/data/20260203-01-21-00/pig16_depth_vis_20260203-01-23-41.jpg,2
20260203-01-21-00,17,20260203-01-23-49,/Users/akbar/Downloads/paal_pipeline/data/20260203-01-21-00/pig17_rgb_20260203-01-23-49.jpg,/Users/akbar/Downloads/paal_pipeline/data/20260203-01-21-00/pig17_ir_vis_20260203-01-23-49.jpg,/Users/akbar/Downloads/paal_pipeline/data/20260203-01-21-00/pig17_depth_vis_20260203-01-23-49.jpg,2
20260203-01-21-00,19,20260203-01-24-07,/Users/akbar/Downloads/paal_pipeline/data/20260203-01-21-00/pig19_rgb_20260203-01-24-07.jpg,/Users/akbar/Downloads/paal_pipeline/data/20260203-01-21-00/pig19_ir_vis_20260203-01-24-07.jpg,/Users/akbar/Downloads/paal_pipeline/data/20260203-01-21-00/pig19_depth_vis_20260203-01-24-07.jpg,2
20260203-02-14-17,0,20260203-02-14-35,/Users/akbar/Downloads/paal_pipeline/data/20260203-02-14-17/pig0_rgb_20260203-02-14-35.jpg,/Users/akbar/Downloads/paal_pipeline/data/20260203-02-14-17/pig0_ir_vis_20260203-02-14-35.jpg,/Users/akbar/Downloads/paal_pipeline/data/20260203-02-14-17/pig0_depth_vis_20260203-02-14-35.jpg,2
20260203-02-14-17,1,20260203-02-14-44,/Users/akbar/Downloads/paal_pipeline/data/20260203-02-14-17/pig1_rgb_20260203-02-14-44.jpg,/Users/akbar/Downloads/paal_pipeline/data/20260203-02-14-17/pig1_ir_vis_20260203-02-14-44.jpg,/Users/akbar/Downloads/paal_pipeline/data/20260203-02-14-17/pig1_depth_vis_20260203-02-14-44.jpg,2
20260203-02-14-17,3,20260203-02-15-02,/Users/akbar/Downloads/paal_pipeline/data/20260203-02-14-17/pig3_rgb_20260203-02-15-02.jpg,/Users/akbar/Downloads/paal_pipeline/data/20260203-02-14-17/pig3_ir_vis_20260203-02-15-02.jpg,/Users/akbar/Downloads/paal_pipeline/data/20260203-02-14-17/pig3_depth_vis_20260203-02-15-02.jpg,2
20260203-02-14-17,4,20260203-02-15-11,/Users/akbar/Downloads/paal_pipeline/data/20260203-02-14-17/pig4_rgb_20260203-02-15-11.jpg,/Users/akbar/Downloads/paal_pipeline/data/20260203-02-14-17/pig4_ir_vis_20260203-02-15-11.jpg,/Users/akbar/Downloads/paal_pipeline/data/20260203-02-14-17/pig4_depth_vis_20260203-02-15-11.jpg,2
20260203-02-14-17,5,20260203-02-15-19,/Users/akbar/Downloads/paal_pipeline/data/20260203-02-14-17/pig5_rgb_20260203-02-15-19.jpg,/Users/akbar/Downloads/paal_pipeline/data/20260203-02-14-17/pig5_ir_vis_20260203-02-15-19.jpg,/Users/akbar/Downloads/paal_pipeline/data/20260203-02-14-17/pig5_depth_vis_20260203-02-15-19.jpg,2
20260203-02-14-17,6,20260203-02-15-28,/Users/akbar/Downloads/paal_pipeline/data/20260203-02-14-17/pig6_rgb_20260203-02-15-28.jpg,/Users/akbar/Downloads/paal_pipeline/data/20260203-02-14-17/pig6_ir_vis_20260203-02-15-28.jpg,/Users/akbar/Downloads/paal_pipeline/data/20260203-02-14-17/pig6_depth_vis_20260203-02-15-28.jpg,2
20260203-02-14-17,7,20260203-02-15-37,/Users/akbar/Downloads/paal_pipeline/data/20260203-02-14-17/pig7_rgb_20260203-02-15-37.jpg,/Users/akbar/Downloads/paal_pipeline/data/20260203-02-14-17/pig7_ir_vis_20260203-02-15-37.jpg,/Users/akbar/Downloads/paal_pipeline/data/20260203-02-14-17/pig7_depth_vis_20260203-02-15-37.jpg,2
20260203-02-14-17,8,20260203-02-15-46,/Users/akbar/Downloads/paal_pipeline/data/20260203-02-14-17/pig8_rgb_20260203-02-15-46.jpg,/Users/akbar/Downloads/paal_pipeline/data/20260203-02-14-17/pig8_ir_vis_20260203-02-15-46.jpg,/Users/akbar/Downloads/paal_pipeline/data/20260203-02-14-17/pig8_depth_vis_20260203-02-15-46.jpg,2
20260203-02-14-17,9,20260203-02-15-55,/Users/akbar/Downloads/paal_pipeline/data/20260203-02-14-17/pig9_rgb_20260203-02-15-55.jpg,/Users/akbar/Downloads/paal_pipeline/data/20260203-02-14-17/pig9_ir_vis_20260203-02-15-55.jpg,/Users/akbar/Downloads/paal_pipeline/data/20260203-02-14-17/pig9_depth_vis_20260203-02-15-55.jpg,2
20260203-02-14-17,11,20260203-02-16-13,/Users/akbar/Downloads/paal_pipeline/data/20260203-02-14-17/pig11_rgb_20260203-02-16-13.jpg,/Users/akbar/Downloads/paal_pipeline/data/20260203-02-14-17/pig11_ir_vis_20260203-02-16-13.jpg,/Users/akbar/Downloads/paal_pipeline/data/20260203-02-14-17/pig11_depth_vis_20260203-02-16-13.jpg,2
20260203-02-14-17,12,20260203-02-16-22,/Users/akbar/Downloads/paal_pipeline/data/20260203-02-14-17/pig12_rgb_20260203-02-16-22.jpg,/Users/akbar/Downloads/paal_pipeline/data/20260203-02-14-17/pig12_ir_vis_20260203-02-16-22.jpg,/Users/akbar/Downloads/paal_pipeline/data/20260203-02-14-17/pig12_depth_vis_20260203-02-16-22.jpg,2
20260203-02-14-17,13,20260203-02-16-31,/Users/akbar/Downloads/paal_pipeline/data/20260203-02-14-17/pig13_rgb_20260203-02-16-31.jpg,/Users/akbar/Downloads/paal_pipeline/data/20260203-02-14-17/pig13_ir_vis_20260203-02-16-31.jpg,/Users/akbar/Downloads/paal_pipeline/data/20260203-02-14-17/pig13_depth_vis_20260203-02-16-31.jpg,2
20260203-02-14-17,15,20260203-02-16-48,/Users/akbar/Downloads/paal_pipeline/data/20260203-02-14-17/pig15_rgb_20260203-02-16-48.jpg,/Users/akbar/Downloads/paal_pipeline/data/20260203-02-14-17/pig15_ir_vis_20260203-02-16-48.jpg,/Users/akbar/Downloads/paal_pipeline/data/20260203-02-14-17/pig15_depth_vis_20260203-02-16-48.jpg,2
20260203-02-14-17,16,20260203-02-16-58,/Users/akbar/Downloads/paal_pipeline/data/20260203-02-14-17/pig16_rgb_20260203-02-16-58.jpg,/Users/akbar/Downloads/paal_pipeline/data/20260203-02-14-17/pig16_ir_vis_20260203-02-16-58.jpg,/Users/akbar/Downloads/paal_pipeline/data/20260203-02-14-17/pig16_depth_vis_20260203-02-16-58.jpg,2
20260203-02-14-17,17,20260203-02-17-06,/Users/akbar/Downloads/paal_pipeline/data/20260203-02-14-17/pig17_rgb_20260203-02-17-06.jpg,/Users/akbar/Downloads/paal_pipeline/data/20260203-02-14-17/pig17_ir_vis_20260203-02-17-06.jpg,/Users/akbar/Downloads/paal_pipeline/data/20260203-02-14-17/pig17_depth_vis_20260203-02-17-06.jpg,2
20260203-02-14-17,19,20260203-02-17-24,/Users/akbar/Downloads/paal_pipeline/data/20260203-02-14-17/pig19_rgb_20260203-02-17-24.jpg,/Users/akbar/Downloads/paal_pipeline/data/20260203-02-14-17/pig19_ir_vis_20260203-02-17-24.jpg,/Users/akbar/Downloads/paal_pipeline/data/20260203-02-14-17/pig19_depth_vis_20260203-02-17-24.jpg,2
20260203-03-18-14,0,20260203-03-18-32,/Users/akbar/Downloads/paal_pipeline/data/20260203-03-18-14/pig0_rgb_20260203-03-18-32.jpg,/Users/akbar/Downloads/paal_pipeline/data/20260203-03-18-14/pig0_ir_vis_20260203-03-18-32.jpg,/Users/akbar/Downloads/paal_pipeline/data/20260203-03-18-14/pig0_depth_vis_20260203-03-18-32.jpg,2
20260203-03-18-14,1,20260203-03-18-41,/Users/akbar/Downloads/paal_pipeline/data/20260203-03-18-14/pig1_rgb_20260203-03-18-41.jpg,/Users/akbar/Downloads/paal_pipeline/data/20260203-03-18-14/pig1_ir_vis_20260203-03-18-41.jpg,/Users/akbar/Downloads/paal_pipeline/data/20260203-03-18-14/pig1_depth_vis_20260203-03-18-41.jpg,2
20260203-03-18-14,3,20260203-03-18-58,/Users/akbar/Downloads/paal_pipeline/data/20260203-03-18-14/pig3_rgb_20260203-03-18-58.jpg,/Users/akbar/Downloads/paal_pipeline/data/20260203-03-18-14/pig3_ir_vis_20260203-03-18-58.jpg,/Users/akbar/Downloads/paal_pipeline/data/20260203-03-18-14/pig3_depth_vis_20260203-03-18-58.jpg,2
20260203-03-18-14,4,20260203-03-19-07,/Users/akbar/Downloads/paal_pipeline/data/20260203-03-18-14/pig4_rgb_20260203-03-19-07.jpg,/Users/akbar/Downloads/paal_pipeline/data/20260203-03-18-14/pig4_ir_vis_20260203-03-19-07.jpg,/Users/akbar/Downloads/paal_pipeline/data/20260203-03-18-14/pig4_depth_vis_20260203-03-19-07.jpg,2
20260203-03-18-14,5,20260203-03-19-16,/Users/akbar/Downloads/paal_pipeline/data/20260203-03-18-14/pig5_rgb_20260203-03-19-16.jpg,/Users/akbar/Downloads/paal_pipeline/data/20260203-03-18-14/pig5_ir_vis_20260203-03-19-16.jpg,/Users/akbar/Downloads/paal_pipeline/data/20260203-03-18-14/pig5_depth_vis_20260203-03-19-16.jpg,2
20260203-03-18-14,6,20260203-03-19-25,/Users/akbar/Downloads/paal_pipeline/data/20260203-03-18-14/pig6_rgb_20260203-03-19-25.jpg,/Users/akbar/Downloads/paal_pipeline/data/20260203-03-18-14/pig6_ir_vis_20260203-03-19-25.jpg,/Users/akbar/Downloads/paal_pipeline/data/20260203-03-18-14/pig6_depth_vis_20260203-03-19-25.jpg,2
20260203-03-18-14,7,20260203-03-19-34,/Users/akbar/Downloads/paal_pipeline/data/20260203-03-18-14/pig7_rgb_20260203-03-19-34.jpg,/Users/akbar/Downloads/paal_pipeline/data/20260203-03-18-14/pig7_ir_vis_20260203-03-19-34.jpg,/Users/akbar/Downloads/paal_pipeline/data/20260203-03-18-14/pig7_depth_vis_20260203-03-19-34.jpg,2
20260203-03-18-14,8,20260203-03-19-43,/Users/akbar/Downloads/paal_pipeline/data/20260203-03-18-14/pig8_rgb_20260203-03-19-43.jpg,/Users/akbar/Downloads/paal_pipeline/data/20260203-03-18-14/pig8_ir_vis_20260203-03-19-43.jpg,/Users/akbar/Downloads/paal_pipeline/data/20260203-03-18-14/pig8_depth_vis_20260203-03-19-43.jpg,2
20260203-03-18-14,9,20260203-03-19-52,/Users/akbar/Downloads/paal_pipeline/data/20260203-03-18-14/pig9_rgb_20260203-03-19-52.jpg,/Users/akbar/Downloads/paal_pipeline/data/20260203-03-18-14/pig9_ir_vis_20260203-03-19-52.jpg,/Users/akbar/Downloads/paal_pipeline/data/20260203-03-18-14/pig9_depth_vis_20260203-03-19-52.jpg,2
20260203-03-18-14,11,20260203-03-20-10,/Users/akbar/Downloads/paal_pipeline/data/20260203-03-18-14/pig11_rgb_20260203-03-20-10.jpg,/Users/akbar/Downloads/paal_pipeline/data/20260203-03-18-14/pig11_ir_vis_20260203-03-20-10.jpg,/Users/akbar/Downloads/paal_pipeline/data/20260203-03-18-14/pig11_depth_vis_20260203-03-20-10.jpg,2
20260203-03-18-14,12,20260203-03-20-19,/Users/akbar/Downloads/paal_pipeline/data/20260203-03-18-14/pig12_rgb_20260203-03-20-19.jpg,/Users/akbar/Downloads/paal_pipeline/data/20260203-03-18-14/pig12_ir_vis_20260203-03-20-19.jpg,/Users/akbar/Downloads/paal_pipeline/data/20260203-03-18-14/pig12_depth_vis_20260203-03-20-19.jpg,2
20260203-03-18-14,13,20260203-03-20-27,/Users/akbar/Downloads/paal_pipeline/data/20260203-03-18-14/pig13_rgb_20260203-03-20-27.jpg,/Users/akbar/Downloads/paal_pipeline/data/20260203-03-18-14/pig13_ir_vis_20260203-03-20-27.jpg,/Users/akbar/Downloads/paal_pipeline/data/20260203-03-18-14/pig13_depth_vis_20260203-03-20-27.jpg,2
20260203-03-18-14,15,20260203-03-20-45,/Users/akbar/Downloads/paal_pipeline/data/20260203-03-18-14/pig15_rgb_20260203-03-20-45.jpg,/Users/akbar/Downloads/paal_pipeline/data/20260203-03-18-14/pig15_ir_vis_20260203-03-20-45.jpg,/Users/akbar/Downloads/paal_pipeline/data/20260203-03-18-14/pig15_depth_vis_20260203-03-20-45.jpg,2
20260203-03-18-14,16,20260203-03-20-54,/Users/akbar/Downloads/paal_pipeline/data/20260203-03-18-14/pig16_rgb_20260203-03-20-54.jpg,/Users/akbar/Downloads/paal_pipeline/data/20260203-03-18-14/pig16_ir_vis_20260203-03-20-54.jpg,/Users/akbar/Downloads/paal_pipeline/data/20260203-03-18-14/pig16_depth_vis_20260203-03-20-54.jpg,2
20260203-03-18-14,17,20260203-03-21-03,/Users/akbar/Downloads/paal_pipeline/data/20260203-03-18-14/pig17_rgb_20260203-03-21-03.jpg,/Users/akbar/Downloads/paal_pipeline/data/20260203-03-18-14/pig17_ir_vis_20260203-03-21-03.jpg,/Users/akbar/Downloads/paal_pipeline/data/20260203-03-18-14/pig17_depth_vis_20260203-03-21-03.jpg,2
20260203-03-18-14,19,20260203-03-21-20,/Users/akbar/Downloads/paal_pipeline/data/20260203-03-18-14/pig19_rgb_20260203-03-21-20.jpg,/Users/akbar/Downloads/paal_pipeline/data/20260203-03-18-14/pig19_ir_vis_20260203-03-21-20.jpg,/Users/akbar/Downloads/paal_pipeline/data/20260203-03-18-14/pig19_depth_vis_20260203-03-21-20.jpg,2
20260203-04-54-09,0,20260203-04-54-27,/Users/akbar/Downloads/paal_pipeline/data/20260203-04-54-09/pig0_rgb_20260203-04-54-27.jpg,/Users/akbar/Downloads/paal_pipeline/data/20260203-04-54-09/pig0_ir_vis_20260203-04-54-27.jpg,/Users/akbar/Downloads/paal_pipeline/data/20260203-04-54-09/pig0_depth_vis_20260203-04-54-27.jpg,2
20260203-04-54-09,1,20260203-04-54-35,/Users/akbar/Downloads/paal_pipeline/data/20260203-04-54-09/pig1_rgb_20260203-04-54-35.jpg,/Users/akbar/Downloads/paal_pipeline/data/20260203-04-54-09/pig1_ir_vis_20260203-04-54-35.jpg,/Users/akbar/Downloads/paal_pipeline/data/20260203-04-54-09/pig1_depth_vis_20260203-04-54-35.jpg,2
20260203-04-54-09,3,20260203-04-54-53,/Users/akbar/Downloads/paal_pipeline/data/20260203-04-54-09/pig3_rgb_20260203-04-54-53.jpg,/Users/akbar/Downloads/paal_pipeline/data/20260203-04-54-09/pig3_ir_vis_20260203-04-54-53.jpg,/Users/akbar/Downloads/paal_pipeline/data/20260203-04-54-09/pig3_depth_vis_20260203-04-54-53.jpg,2
20260203-04-54-09,4,20260203-04-55-02,/Users/akbar/Downloads/paal_pipeline/data/20260203-04-54-09/pig4_rgb_20260203-04-55-02.jpg,/Users/akbar/Downloads/paal_pipeline/data/20260203-04-54-09/pig4_ir_vis_20260203-04-55-02.jpg,/Users/akbar/Downloads/paal_pipeline/data/20260203-04-54-09/pig4_depth_vis_20260203-04-55-02.jpg,2
20260203-04-54-09,5,20260203-04-55-11,/Users/akbar/Downloads/paal_pipeline/data/20260203-04-54-09/pig5_rgb_20260203-04-55-11.jpg,/Users/akbar/Downloads/paal_pipeline/data/20260203-04-54-09/pig5_ir_vis_20260203-04-55-11.jpg,/Users/akbar/Downloads/paal_pipeline/data/20260203-04-54-09/pig5_depth_vis_20260203-04-55-11.jpg,2
20260203-04-54-09,6,20260203-04-55-20,/Users/akbar/Downloads/paal_pipeline/data/20260203-04-54-09/pig6_rgb_20260203-04-55-20.jpg,/Users/akbar/Downloads/paal_pipeline/data/20260203-04-54-09/pig6_ir_vis_20260203-04-55-20.jpg,/Users/akbar/Downloads/paal_pipeline/data/20260203-04-54-09/pig6_depth_vis_20260203-04-55-20.jpg,2
20260203-04-54-09,7,20260203-04-55-29,/Users/akbar/Downloads/paal_pipeline/data/20260203-04-54-09/pig7_rgb_20260203-04-55-29.jpg,/Users/akbar/Downloads/paal_pipeline/data/20260203-04-54-09/pig7_ir_vis_20260203-04-55-29.jpg,/Users/akbar/Downloads/paal_pipeline/data/20260203-04-54-09/pig7_depth_vis_20260203-04-55-29.jpg,2
20260203-04-54-09,8,20260203-04-55-38,/Users/akbar/Downloads/paal_pipeline/data/20260203-04-54-09/pig8_rgb_20260203-04-55-38.jpg,/Users/akbar/Downloads/paal_pipeline/data/20260203-04-54-09/pig8_ir_vis_20260203-04-55-38.jpg,/Users/akbar/Downloads/paal_pipeline/data/20260203-04-54-09/pig8_depth_vis_20260203-04-55-38.jpg,2
20260203-04-54-09,9,20260203-04-55-47,/Users/akbar/Downloads/paal_pipeline/data/20260203-04-54-09/pig9_rgb_20260203-04-55-47.jpg,/Users/akbar/Downloads/paal_pipeline/data/20260203-04-54-09/pig9_ir_vis_20260203-04-55-47.jpg,/Users/akbar/Downloads/paal_pipeline/data/20260203-04-54-09/pig9_depth_vis_20260203-04-55-47.jpg,2
20260203-04-54-09,11,20260203-04-56-04,/Users/akbar/Downloads/paal_pipeline/data/20260203-04-54-09/pig11_rgb_20260203-04-56-04.jpg,/Users/akbar/Downloads/paal_pipeline/data/20260203-04-54-09/pig11_ir_vis_20260203-04-56-04.jpg,/Users/akbar/Downloads/paal_pipeline/data/20260203-04-54-09/pig11_depth_vis_20260203-04-56-04.jpg,2
20260203-04-54-09,12,20260203-04-56-14,/Users/akbar/Downloads/paal_pipeline/data/20260203-04-54-09/pig12_rgb_20260203-04-56-14.jpg,/Users/akbar/Downloads/paal_pipeline/data/20260203-04-54-09/pig12_ir_vis_20260203-04-56-14.jpg,/Users/akbar/Downloads/paal_pipeline/data/20260203-04-54-09/pig12_depth_vis_20260203-04-56-14.jpg,2
20260203-04-54-09,13,20260203-04-56-22,/Users/akbar/Downloads/paal_pipeline/data/20260203-04-54-09/pig13_rgb_20260203-04-56-22.jpg,/Users/akbar/Downloads/paal_pipeline/data/20260203-04-54-09/pig13_ir_vis_20260203-04-56-22.jpg,/Users/akbar/Downloads/paal_pipeline/data/20260203-04-54-09/pig13_depth_vis_20260203-04-56-22.jpg,2
20260203-04-54-09,15,20260203-04-56-40,/Users/akbar/Downloads/paal_pipeline/data/20260203-04-54-09/pig15_rgb_20260203-04-56-40.jpg,/Users/akbar/Downloads/paal_pipeline/data/20260203-04-54-09/pig15_ir_vis_20260203-04-56-40.jpg,/Users/akbar/Downloads/paal_pipeline/data/20260203-04-54-09/pig15_depth_vis_20260203-04-56-40.jpg,2
20260203-04-54-09,16,20260203-04-56-49,/Users/akbar/Downloads/paal_pipeline/data/20260203-04-54-09/pig16_rgb_20260203-04-56-49.jpg,/Users/akbar/Downloads/paal_pipeline/data/20260203-04-54-09/pig16_ir_vis_20260203-04-56-49.jpg,/Users/akbar/Downloads/paal_pipeline/data/20260203-04-54-09/pig16_depth_vis_20260203-04-56-49.jpg,2
20260203-04-54-09,17,20260203-04-56-58,/Users/akbar/Downloads/paal_pipeline/data/20260203-04-54-09/pig17_rgb_20260203-04-56-58.jpg,/Users/akbar/Downloads/paal_pipeline/data/20260203-04-54-09/pig17_ir_vis_20260203-04-56-58.jpg,/Users/akbar/Downloads/paal_pipeline/data/20260203-04-54-09/pig17_depth_vis_20260203-04-56-58.jpg,2
20260203-04-54-09,19,20260203-04-57-15,/Users/akbar/Downloads/paal_pipeline/data/20260203-04-54-09/pig19_rgb_20260203-04-57-15.jpg,/Users/akbar/Downloads/paal_pipeline/data/20260203-04-54-09/pig19_ir_vis_20260203-04-57-15.jpg,/Users/akbar/Downloads/paal_pipeline/data/20260203-04-54-09/pig19_depth_vis_20260203-04-57-15.jpg,2
20260203-05-58-06,0,20260203-05-58-23,/Users/akbar/Downloads/paal_pipeline/data/20260203-05-58-06/pig0_rgb_20260203-05-58-23.jpg,/Users/akbar/Downloads/paal_pipeline/data/20260203-05-58-06/pig0_ir_vis_20260203-05-58-23.jpg,/Users/akbar/Downloads/paal_pipeline/data/20260203-05-58-06/pig0_depth_vis_20260203-05-58-23.jpg,2
20260203-05-58-06,1,20260203-05-58-32,/Users/akbar/Downloads/paal_pipeline/data/20260203-05-58-06/pig1_rgb_20260203-05-58-32.jpg,/Users/akbar/Downloads/paal_pipeline/data/20260203-05-58-06/pig1_ir_vis_20260203-05-58-32.jpg,/Users/akbar/Downloads/paal_pipeline/data/20260203-05-58-06/pig1_depth_vis_20260203-05-58-32.jpg,2
20260203-05-58-06,3,20260203-05-58-50,/Users/akbar/Downloads/paal_pipeline/data/20260203-05-58-06/pig3_rgb_20260203-05-58-50.jpg,/Users/akbar/Downloads/paal_pipeline/data/20260203-05-58-06/pig3_ir_vis_20260203-05-58-50.jpg,/Users/akbar/Downloads/paal_pipeline/data/20260203-05-58-06/pig3_depth_vis_20260203-05-58-50.jpg,2
20260203-05-58-06,4,20260203-05-58-59,/Users/akbar/Downloads/paal_pipeline/data/20260203-05-58-06/pig4_rgb_20260203-05-58-59.jpg,/Users/akbar/Downloads/paal_pipeline/data/20260203-05-58-06/pig4_ir_vis_20260203-05-58-59.jpg,/Users/akbar/Downloads/paal_pipeline/data/20260203-05-58-06/pig4_depth_vis_20260203-05-58-59.jpg,2
20260203-05-58-06,5,20260203-05-59-08,/Users/akbar/Downloads/paal_pipeline/data/20260203-05-58-06/pig5_rgb_20260203-05-59-08.jpg,/Users/akbar/Downloads/paal_pipeline/data/20260203-05-58-06/pig5_ir_vis_20260203-05-59-08.jpg,/Users/akbar/Downloads/paal_pipeline/data/20260203-05-58-06/pig5_depth_vis_20260203-05-59-08.jpg,2
20260203-05-58-06,6,20260203-05-59-17,/Users/akbar/Downloads/paal_pipeline/data/20260203-05-58-06/pig6_rgb_20260203-05-59-17.jpg,/Users/akbar/Downloads/paal_pipeline/data/20260203-05-58-06/pig6_ir_vis_20260203-05-59-17.jpg,/Users/akbar/Downloads/paal_pipeline/data/20260203-05-58-06/pig6_depth_vis_20260203-05-59-17.jpg,2
20260203-05-58-06,7,20260203-05-59-26,/Users/akbar/Downloads/paal_pipeline/data/20260203-05-58-06/pig7_rgb_20260203-05-59-26.jpg,/Users/akbar/Downloads/paal_pipeline/data/20260203-05-58-06/pig7_ir_vis_20260203-05-59-26.jpg,/Users/akbar/Downloads/paal_pipeline/data/20260203-05-58-06/pig7_depth_vis_20260203-05-59-26.jpg,2
20260203-05-58-06,8,20260203-05-59-35,/Users/akbar/Downloads/paal_pipeline/data/20260203-05-58-06/pig8_rgb_20260203-05-59-35.jpg,/Users/akbar/Downloads/paal_pipeline/data/20260203-05-58-06/pig8_ir_vis_20260203-05-59-35.jpg,/Users/akbar/Downloads/paal_pipeline/data/20260203-05-58-06/pig8_depth_vis_20260203-05-59-35.jpg,2
20260203-05-58-06,9,20260203-05-59-44,/Users/akbar/Downloads/paal_pipeline/data/20260203-05-58-06/pig9_rgb_20260203-05-59-44.jpg,/Users/akbar/Downloads/paal_pipeline/data/20260203-05-58-06/pig9_ir_vis_20260203-05-59-44.jpg,/Users/akbar/Downloads/paal_pipeline/data/20260203-05-58-06/pig9_depth_vis_20260203-05-59-44.jpg,2
20260203-05-58-06,11,20260203-06-00-01,/Users/akbar/Downloads/paal_pipeline/data/20260203-05-58-06/pig11_rgb_20260203-06-00-01.jpg,/Users/akbar/Downloads/paal_pipeline/data/20260203-05-58-06/pig11_ir_vis_20260203-06-00-01.jpg,/Users/akbar/Downloads/paal_pipeline/data/20260203-05-58-06/pig11_depth_vis_20260203-06-00-01.jpg,2
20260203-05-58-06,12,20260203-06-00-10,/Users/akbar/Downloads/paal_pipeline/data/20260203-05-58-06/pig12_rgb_20260203-06-00-10.jpg,/Users/akbar/Downloads/paal_pipeline/data/20260203-05-58-06/pig12_ir_vis_20260203-06-00-10.jpg,/Users/akbar/Downloads/paal_pipeline/data/20260203-05-58-06/pig12_depth_vis_20260203-06-00-10.jpg,2
20260203-05-58-06,13,20260203-06-00-19,/Users/akbar/Downloads/paal_pipeline/data/20260203-05-58-06/pig13_rgb_20260203-06-00-19.jpg,/Users/akbar/Downloads/paal_pipeline/data/20260203-05-58-06/pig13_ir_vis_20260203-06-00-19.jpg,/Users/akbar/Downloads/paal_pipeline/data/20260203-05-58-06/pig13_depth_vis_20260203-06-00-19.jpg,2
20260203-05-58-06,15,20260203-06-00-37,/Users/akbar/Downloads/paal_pipeline/data/20260203-05-58-06/pig15_rgb_20260203-06-00-37.jpg,/Users/akbar/Downloads/paal_pipeline/data/20260203-05-58-06/pig15_ir_vis_20260203-06-00-37.jpg,/Users/akbar/Downloads/paal_pipeline/data/20260203-05-58-06/pig15_depth_vis_20260203-06-00-37.jpg,2
20260203-05-58-06,16,20260203-06-00-46,/Users/akbar/Downloads/paal_pipeline/data/20260203-05-58-06/pig16_rgb_20260203-06-00-46.jpg,/Users/akbar/Downloads/paal_pipeline/data/20260203-05-58-06/pig16_ir_vis_20260203-06-00-46.jpg,/Users/akbar/Downloads/paal_pipeline/data/20260203-05-58-06/pig16_depth_vis_20260203-06-00-46.jpg,2
20260203-05-58-06,17,20260203-06-00-55,/Users/akbar/Downloads/paal_pipeline/data/20260203-05-58-06/pig17_rgb_20260203-06-00-55.jpg,/Users/akbar/Downloads/paal_pipeline/data/20260203-05-58-06/pig17_ir_vis_20260203-06-00-55.jpg,/Users/akbar/Downloads/paal_pipeline/data/20260203-05-58-06/pig17_depth_vis_20260203-06-00-55.jpg,2
20260203-05-58-06,19,20260203-06-01-12,/Users/akbar/Downloads/paal_pipeline/data/20260203-05-58-06/pig19_rgb_20260203-06-01-12.jpg,/Users/akbar/Downloads/paal_pipeline/data/20260203-05-58-06/pig19_ir_vis_20260203-06-01-12.jpg,/Users/akbar/Downloads/paal_pipeline/data/20260203-05-58-06/pig19_depth_vis_20260203-06-01-12.jpg,2
20260203-06-40-44,0,20260203-06-41-01,/Users/akbar/Downloads/paal_pipeline/data/20260203-06-40-44/pig0_rgb_20260203-06-41-01.jpg,/Users/akbar/Downloads/paal_pipeline/data/20260203-06-40-44/pig0_ir_vis_20260203-06-41-01.jpg,/Users/akbar/Downloads/paal_pipeline/data/20260203-06-40-44/pig0_depth_vis_20260203-06-41-01.jpg,2
20260203-06-40-44,1,20260203-06-41-10,/Users/akbar/Downloads/paal_pipeline/data/20260203-06-40-44/pig1_rgb_20260203-06-41-10.jpg,/Users/akbar/Downloads/paal_pipeline/data/20260203-06-40-44/pig1_ir_vis_20260203-06-41-10.jpg,/Users/akbar/Downloads/paal_pipeline/data/20260203-06-40-44/pig1_depth_vis_20260203-06-41-10.jpg,0
20260203-06-40-44,3,20260203-06-41-28,/Users/akbar/Downloads/paal_pipeline/data/20260203-06-40-44/pig3_rgb_20260203-06-41-28.jpg,/Users/akbar/Downloads/paal_pipeline/data/20260203-06-40-44/pig3_ir_vis_20260203-06-41-28.jpg,/Users/akbar/Downloads/paal_pipeline/data/20260203-06-40-44/pig3_depth_vis_20260203-06-41-28.jpg,2
20260203-06-40-44,4,20260203-06-41-37,/Users/akbar/Downloads/paal_pipeline/data/20260203-06-40-44/pig4_rgb_20260203-06-41-37.jpg,/Users/akbar/Downloads/paal_pipeline/data/20260203-06-40-44/pig4_ir_vis_20260203-06-41-37.jpg,/Users/akbar/Downloads/paal_pipeline/data/20260203-06-40-44/pig4_depth_vis_20260203-06-41-37.jpg,2
20260203-06-40-44,5,20260203-06-41-46,/Users/akbar/Downloads/paal_pipeline/data/20260203-06-40-44/pig5_rgb_20260203-06-41-46.jpg,/Users/akbar/Downloads/paal_pipeline/data/20260203-06-40-44/pig5_ir_vis_20260203-06-41-46.jpg,/Users/akbar/Downloads/paal_pipeline/data/20260203-06-40-44/pig5_depth_vis_20260203-06-41-46.jpg,2
20260203-06-40-44,6,20260203-06-41-55,/Users/akbar/Downloads/paal_pipeline/data/20260203-06-40-44/pig6_rgb_20260203-06-41-55.jpg,/Users/akbar/Downloads/paal_pipeline/data/20260203-06-40-44/pig6_ir_vis_20260203-06-41-55.jpg,/Users/akbar/Downloads/paal_pipeline/data/20260203-06-40-44/pig6_depth_vis_20260203-06-41-55.jpg,2
20260203-06-40-44,7,20260203-06-42-04,/Users/akbar/Downloads/paal_pipeline/data/20260203-06-40-44/pig7_rgb_20260203-06-42-04.jpg,/Users/akbar/Downloads/paal_pipeline/data/20260203-06-40-44/pig7_ir_vis_20260203-06-42-04.jpg,/Users/akbar/Downloads/paal_pipeline/data/20260203-06-40-44/pig7_depth_vis_20260203-06-42-04.jpg,0
20260203-06-40-44,8,20260203-06-42-13,/Users/akbar/Downloads/paal_pipeline/data/20260203-06-40-44/pig8_rgb_20260203-06-42-13.jpg,/Users/akbar/Downloads/paal_pipeline/data/20260203-06-40-44/pig8_ir_vis_20260203-06-42-13.jpg,/Users/akbar/Downloads/paal_pipeline/data/20260203-06-40-44/pig8_depth_vis_20260203-06-42-13.jpg,0
20260203-06-40-44,9,20260203-06-42-22,/Users/akbar/Downloads/paal_pipeline/data/20260203-06-40-44/pig9_rgb_20260203-06-42-22.jpg,/Users/akbar/Downloads/paal_pipeline/data/20260203-06-40-44/pig9_ir_vis_20260203-06-42-22.jpg,/Users/akbar/Downloads/paal_pipeline/data/20260203-06-40-44/pig9_depth_vis_20260203-06-42-22.jpg,0
20260203-06-40-44,11,20260203-06-42-39,/Users/akbar/Downloads/paal_pipeline/data/20260203-06-40-44/pig11_rgb_20260203-06-42-39.jpg,/Users/akbar/Downloads/paal_pipeline/data/20260203-06-40-44/pig11_ir_vis_20260203-06-42-39.jpg,/Users/akbar/Downloads/paal_pipeline/data/20260203-06-40-44/pig11_depth_vis_20260203-06-42-39.jpg,2
20260203-06-40-44,12,20260203-06-42-48,/Users/akbar/Downloads/paal_pipeline/data/20260203-06-40-44/pig12_rgb_20260203-06-42-48.jpg,/Users/akbar/Downloads/paal_pipeline/data/20260203-06-40-44/pig12_ir_vis_20260203-06-42-48.jpg,/Users/akbar/Downloads/paal_pipeline/data/20260203-06-40-44/pig12_depth_vis_20260203-06-42-48.jpg,2
20260203-06-40-44,13,20260203-06-42-57,/Users/akbar/Downloads/paal_pipeline/data/20260203-06-40-44/pig13_rgb_20260203-06-42-57.jpg,/Users/akbar/Downloads/paal_pipeline/data/20260203-06-40-44/pig13_ir_vis_20260203-06-42-57.jpg,/Users/akbar/Downloads/paal_pipeline/data/20260203-06-40-44/pig13_depth_vis_20260203-06-42-57.jpg,2
20260203-06-40-44,15,20260203-06-43-15,/Users/akbar/Downloads/paal_pipeline/data/20260203-06-40-44/pig15_rgb_20260203-06-43-15.jpg,/Users/akbar/Downloads/paal_pipeline/data/20260203-06-40-44/pig15_ir_vis_20260203-06-43-15.jpg,/Users/akbar/Downloads/paal_pipeline/data/20260203-06-40-44/pig15_depth_vis_20260203-06-43-15.jpg,0
20260203-06-40-44,16,20260203-06-43-24,/Users/akbar/Downloads/paal_pipeline/data/20260203-06-40-44/pig16_rgb_20260203-06-43-24.jpg,/Users/akbar/Downloads/paal_pipeline/data/20260203-06-40-44/pig16_ir_vis_20260203-06-43-24.jpg,/Users/akbar/Downloads/paal_pipeline/data/20260203-06-40-44/pig16_depth_vis_20260203-06-43-24.jpg,2
20260203-06-40-44,17,20260203-06-43-33,/Users/akbar/Downloads/paal_pipeline/data/20260203-06-40-44/pig17_rgb_20260203-06-43-33.jpg,/Users/akbar/Downloads/paal_pipeline/data/20260203-06-40-44/pig17_ir_vis_20260203-06-43-33.jpg,/Users/akbar/Downloads/paal_pipeline/data/20260203-06-40-44/pig17_depth_vis_20260203-06-43-33.jpg,2
20260203-06-40-44,19,20260203-06-43-50,/Users/akbar/Downloads/paal_pipeline/data/20260203-06-40-44/pig19_rgb_20260203-06-43-50.jpg,/Users/akbar/Downloads/paal_pipeline/data/20260203-06-40-44/pig19_ir_vis_20260203-06-43-50.jpg,/Users/akbar/Downloads/paal_pipeline/data/20260203-06-40-44/pig19_depth_vis_20260203-06-43-50.jpg,2
20260203-07-23-22,0,20260203-07-23-39,/Users/akbar/Downloads/paal_pipeline/data/20260203-07-23-22/pig0_rgb_20260203-07-23-39.jpg,/Users/akbar/Downloads/paal_pipeline/data/20260203-07-23-22/pig0_ir_vis_20260203-07-23-39.jpg,/Users/akbar/Downloads/paal_pipeline/data/20260203-07-23-22/pig0_depth_vis_20260203-07-23-39.jpg,0
20260203-07-23-22,1,20260203-07-23-48,/Users/akbar/Downloads/paal_pipeline/data/20260203-07-23-22/pig1_rgb_20260203-07-23-48.jpg,/Users/akbar/Downloads/paal_pipeline/data/20260203-07-23-22/pig1_ir_vis_20260203-07-23-48.jpg,/Users/akbar/Downloads/paal_pipeline/data/20260203-07-23-22/pig1_depth_vis_20260203-07-23-48.jpg,0
20260203-07-23-22,3,20260203-07-24-06,/Users/akbar/Downloads/paal_pipeline/data/20260203-07-23-22/pig3_rgb_20260203-07-24-06.jpg,/Users/akbar/Downloads/paal_pipeline/data/20260203-07-23-22/pig3_ir_vis_20260203-07-24-06.jpg,/Users/akbar/Downloads/paal_pipeline/data/20260203-07-23-22/pig3_depth_vis_20260203-07-24-06.jpg,2
20260203-07-23-22,4,20260203-07-24-15,/Users/akbar/Downloads/paal_pipeline/data/20260203-07-23-22/pig4_rgb_20260203-07-24-15.jpg,/Users/akbar/Downloads/paal_pipeline/data/20260203-07-23-22/pig4_ir_vis_20260203-07-24-15.jpg,/Users/akbar/Downloads/paal_pipeline/data/20260203-07-23-22/pig4_depth_vis_20260203-07-24-15.jpg,0
20260203-07-23-22,5,20260203-07-24-24,/Users/akbar/Downloads/paal_pipeline/data/20260203-07-23-22/pig5_rgb_20260203-07-24-24.jpg,/Users/akbar/Downloads/paal_pipeline/data/20260203-07-23-22/pig5_ir_vis_20260203-07-24-24.jpg,/Users/akbar/Downloads/paal_pipeline/data/20260203-07-23-22/pig5_depth_vis_20260203-07-24-24.jpg,2
20260203-07-23-22,6,20260203-07-24-33,/Users/akbar/Downloads/paal_pipeline/data/20260203-07-23-22/pig6_rgb_20260203-07-24-33.jpg,/Users/akbar/Downloads/paal_pipeline/data/20260203-07-23-22/pig6_ir_vis_20260203-07-24-33.jpg,/Users/akbar/Downloads/paal_pipeline/data/20260203-07-23-22/pig6_depth_vis_20260203-07-24-33.jpg,0
20260203-07-23-22,7,20260203-07-24-42,/Users/akbar/Downloads/paal_pipeline/data/20260203-07-23-22/pig7_rgb_20260203-07-24-42.jpg,/Users/akbar/Downloads/paal_pipeline/data/20260203-07-23-22/pig7_ir_vis_20260203-07-24-42.jpg,/Users/akbar/Downloads/paal_pipeline/data/20260203-07-23-22/pig7_depth_vis_20260203-07-24-42.jpg,0
20260203-07-23-22,8,20260203-07-24-51,/Users/akbar/Downloads/paal_pipeline/data/20260203-07-23-22/pig8_rgb_20260203-07-24-51.jpg,/Users/akbar/Downloads/paal_pipeline/data/20260203-07-23-22/pig8_ir_vis_20260203-07-24-51.jpg,/Users/akbar/Downloads/paal_pipeline/data/20260203-07-23-22/pig8_depth_vis_20260203-07-24-51.jpg,0
20260203-07-23-22,9,20260203-07-25-00,/Users/akbar/Downloads/paal_pipeline/data/20260203-07-23-22/pig9_rgb_20260203-07-25-00.jpg,/Users/akbar/Downloads/paal_pipeline/data/20260203-07-23-22/pig9_ir_vis_20260203-07-25-00.jpg,/Users/akbar/Downloads/paal_pipeline/data/20260203-07-23-22/pig9_depth_vis_20260203-07-25-00.jpg,0
20260203-07-23-22,11,20260203-07-25-17,/Users/akbar/Downloads/paal_pipeline/data/20260203-07-23-22/pig11_rgb_20260203-07-25-17.jpg,/Users/akbar/Downloads/paal_pipeline/data/20260203-07-23-22/pig11_ir_vis_20260203-07-25-17.jpg,/Users/akbar/Downloads/paal_pipeline/data/20260203-07-23-22/pig11_depth_vis_20260203-07-25-17.jpg,0
20260203-07-23-22,12,20260203-07-25-26,/Users/akbar/Downloads/paal_pipeline/data/20260203-07-23-22/pig12_rgb_20260203-07-25-26.jpg,/Users/akbar/Downloads/paal_pipeline/data/20260203-07-23-22/pig12_ir_vis_20260203-07-25-26.jpg,/Users/akbar/Downloads/paal_pipeline/data/20260203-07-23-22/pig12_depth_vis_20260203-07-25-26.jpg,0
20260203-07-23-22,13,20260203-07-25-35,/Users/akbar/Downloads/paal_pipeline/data/20260203-07-23-22/pig13_rgb_20260203-07-25-35.jpg,/Users/akbar/Downloads/paal_pipeline/data/20260203-07-23-22/pig13_ir_vis_20260203-07-25-35.jpg,/Users/akbar/Downloads/paal_pipeline/data/20260203-07-23-22/pig13_depth_vis_20260203-07-25-35.jpg,0
20260203-07-23-22,15,20260203-07-25-53,/Users/akbar/Downloads/paal_pipeline/data/20260203-07-23-22/pig15_rgb_20260203-07-25-53.jpg,/Users/akbar/Downloads/paal_pipeline/data/20260203-07-23-22/pig15_ir_vis_20260203-07-25-53.jpg,/Users/akbar/Downloads/paal_pipeline/data/20260203-07-23-22/pig15_depth_vis_20260203-07-25-53.jpg,0
20260203-07-23-22,16,20260203-07-26-02,/Users/akbar/Downloads/paal_pipeline/data/20260203-07-23-22/pig16_rgb_20260203-07-26-02.jpg,/Users/akbar/Downloads/paal_pipeline/data/20260203-07-23-22/pig16_ir_vis_20260203-07-26-02.jpg,/Users/akbar/Downloads/paal_pipeline/data/20260203-07-23-22/pig16_depth_vis_20260203-07-26-02.jpg,0
20260203-07-23-22,17,20260203-07-26-11,/Users/akbar/Downloads/paal_pipeline/data/20260203-07-23-22/pig17_rgb_20260203-07-26-11.jpg,/Users/akbar/Downloads/paal_pipeline/data/20260203-07-23-22/pig17_ir_vis_20260203-07-26-11.jpg,/Users/akbar/Downloads/paal_pipeline/data/20260203-07-23-22/pig17_depth_vis_20260203-07-26-11.jpg,0
20260203-07-23-22,19,20260203-07-26-28,/Users/akbar/Downloads/paal_pipeline/data/20260203-07-23-22/pig19_rgb_20260203-07-26-28.jpg,/Users/akbar/Downloads/paal_pipeline/data/20260203-07-23-22/pig19_ir_vis_20260203-07-26-28.jpg,/Users/akbar/Downloads/paal_pipeline/data/20260203-07-23-22/pig19_depth_vis_20260203-07-26-28.jpg,0
20260203-08-59-17,0,20260203-08-59-35,/Users/akbar/Downloads/paal_pipeline/data/20260203-08-59-17/pig0_rgb_20260203-08-59-35.jpg,/Users/akbar/Downloads/paal_pipeline/data/20260203-08-59-17/pig0_ir_vis_20260203-08-59-35.jpg,/Users/akbar/Downloads/paal_pipeline/data/20260203-08-59-17/pig0_depth_vis_20260203-08-59-35.jpg,0
20260203-08-59-17,1,20260203-08-59-43,/Users/akbar/Downloads/paal_pipeline/data/20260203-08-59-17/pig1_rgb_20260203-08-59-43.jpg,/Users/akbar/Downloads/paal_pipeline/data/20260203-08-59-17/pig1_ir_vis_20260203-08-59-43.jpg,/Users/akbar/Downloads/paal_pipeline/data/20260203-08-59-17/pig1_depth_vis_20260203-08-59-43.jpg,0
20260203-08-59-17,3,20260203-09-00-01,/Users/akbar/Downloads/paal_pipeline/data/20260203-08-59-17/pig3_rgb_20260203-09-00-01.jpg,/Users/akbar/Downloads/paal_pipeline/data/20260203-08-59-17/pig3_ir_vis_20260203-09-00-01.jpg,/Users/akbar/Downloads/paal_pipeline/data/20260203-08-59-17/pig3_depth_vis_20260203-09-00-01.jpg,0
20260203-08-59-17,4,20260203-09-00-10,/Users/akbar/Downloads/paal_pipeline/data/20260203-08-59-17/pig4_rgb_20260203-09-00-10.jpg,/Users/akbar/Downloads/paal_pipeline/data/20260203-08-59-17/pig4_ir_vis_20260203-09-00-10.jpg,/Users/akbar/Downloads/paal_pipeline/data/20260203-08-59-17/pig4_depth_vis_20260203-09-00-10.jpg,0
20260203-08-59-17,5,20260203-09-00-19,/Users/akbar/Downloads/paal_pipeline/data/20260203-08-59-17/pig5_rgb_20260203-09-00-19.jpg,/Users/akbar/Downloads/paal_pipeline/data/20260203-08-59-17/pig5_ir_vis_20260203-09-00-19.jpg,/Users/akbar/Downloads/paal_pipeline/data/20260203-08-59-17/pig5_depth_vis_20260203-09-00-19.jpg,0
20260203-08-59-17,6,20260203-09-00-28,/Users/akbar/Downloads/paal_pipeline/data/20260203-08-59-17/pig6_rgb_20260203-09-00-28.jpg,/Users/akbar/Downloads/paal_pipeline/data/20260203-08-59-17/pig6_ir_vis_20260203-09-00-28.jpg,/Users/akbar/Downloads/paal_pipeline/data/20260203-08-59-17/pig6_depth_vis_20260203-09-00-28.jpg,0
20260203-08-59-17,7,20260203-09-00-37,/Users/akbar/Downloads/paal_pipeline/data/20260203-08-59-17/pig7_rgb_20260203-09-00-37.jpg,/Users/akbar/Downloads/paal_pipeline/data/20260203-08-59-17/pig7_ir_vis_20260203-09-00-37.jpg,/Users/akbar/Downloads/paal_pipeline/data/20260203-08-59-17/pig7_depth_vis_20260203-09-00-37.jpg,0
20260203-08-59-17,8,20260203-09-00-46,/Users/akbar/Downloads/paal_pipeline/data/20260203-08-59-17/pig8_rgb_20260203-09-00-46.jpg,/Users/akbar/Downloads/paal_pipeline/data/20260203-08-59-17/pig8_ir_vis_20260203-09-00-46.jpg,/Users/akbar/Downloads/paal_pipeline/data/20260203-08-59-17/pig8_depth_vis_20260203-09-00-46.jpg,0
20260203-08-59-17,9,20260203-09-00-55,/Users/akbar/Downloads/paal_pipeline/data/20260203-08-59-17/pig9_rgb_20260203-09-00-55.jpg,/Users/akbar/Downloads/paal_pipeline/data/20260203-08-59-17/pig9_ir_vis_20260203-09-00-55.jpg,/Users/akbar/Downloads/paal_pipeline/data/20260203-08-59-17/pig9_depth_vis_20260203-09-00-55.jpg,0
20260203-08-59-17,11,20260203-09-01-12,/Users/akbar/Downloads/paal_pipeline/data/20260203-08-59-17/pig11_rgb_20260203-09-01-12.jpg,/Users/akbar/Downloads/paal_pipeline/data/20260203-08-59-17/pig11_ir_vis_20260203-09-01-12.jpg,/Users/akbar/Downloads/paal_pipeline/data/20260203-08-59-17/pig11_depth_vis_20260203-09-01-12.jpg,0
20260203-08-59-17,12,20260203-09-01-22,/Users/akbar/Downloads/paal_pipeline/data/20260203-08-59-17/pig12_rgb_20260203-09-01-22.jpg,/Users/akbar/Downloads/paal_pipeline/data/20260203-08-59-17/pig12_ir_vis_20260203-09-01-22.jpg,/Users/akbar/Downloads/paal_pipeline/data/20260203-08-59-17/pig12_depth_vis_20260203-09-01-22.jpg,0
20260203-08-59-17,13,20260203-09-01-30,/Users/akbar/Downloads/paal_pipeline/data/20260203-08-59-17/pig13_rgb_20260203-09-01-30.jpg,/Users/akbar/Downloads/paal_pipeline/data/20260203-08-59-17/pig13_ir_vis_20260203-09-01-30.jpg,/Users/akbar/Downloads/paal_pipeline/data/20260203-08-59-17/pig13_depth_vis_20260203-09-01-30.jpg,0
20260203-08-59-17,15,20260203-09-01-48,/Users/akbar/Downloads/paal_pipeline/data/20260203-08-59-17/pig15_rgb_20260203-09-01-48.jpg,/Users/akbar/Downloads/paal_pipeline/data/20260203-08-59-17/pig15_ir_vis_20260203-09-01-48.jpg,/Users/akbar/Downloads/paal_pipeline/data/20260203-08-59-17/pig15_depth_vis_20260203-09-01-48.jpg,0
20260203-08-59-17,16,20260203-09-01-57,/Users/akbar/Downloads/paal_pipeline/data/20260203-08-59-17/pig16_rgb_20260203-09-01-57.jpg,/Users/akbar/Downloads/paal_pipeline/data/20260203-08-59-17/pig16_ir_vis_20260203-09-01-57.jpg,/Users/akbar/Downloads/paal_pipeline/data/20260203-08-59-17/pig16_depth_vis_20260203-09-01-57.jpg,0
20260203-08-59-17,17,20260203-09-02-06,/Users/akbar/Downloads/paal_pipeline/data/20260203-08-59-17/pig17_rgb_20260203-09-02-06.jpg,/Users/akbar/Downloads/paal_pipeline/data/20260203-08-59-17/pig17_ir_vis_20260203-09-02-06.jpg,/Users/akbar/Downloads/paal_pipeline/data/20260203-08-59-17/pig17_depth_vis_20260203-09-02-06.jpg,0
20260203-08-59-17,19,20260203-09-02-23,/Users/akbar/Downloads/paal_pipeline/data/20260203-08-59-17/pig19_rgb_20260203-09-02-23.jpg,/Users/akbar/Downloads/paal_pipeline/data/20260203-08-59-17/pig19_ir_vis_20260203-09-02-23.jpg,/Users/akbar/Downloads/paal_pipeline/data/20260203-08-59-17/pig19_depth_vis_20260203-09-02-23.jpg,0
20260123-14-57-17,0,20260123-14-57-43,/Users/akbar/Downloads/paal_pipeline/data/20260123-14-57-17/pig0_rgb_20260123-14-57-43.jpg,/Users/akbar/Downloads/paal_pipeline/data/20260123-14-57-17/pig0_ir_vis_20260123-14-57-43.jpg,/Users/akbar/Downloads/paal_pipeline/data/20260123-14-57-17/pig0_depth_vis_20260123-14-57-43.jpg,0
20260123-14-57-17,2,20260123-14-58-01,/Users/akbar/Downloads/paal_pipeline/data/20260123-14-57-17/pig2_rgb_20260123-14-58-01.jpg,/Users/akbar/Downloads/paal_pipeline/data/20260123-14-57-17/pig2_ir_vis_20260123-14-58-01.jpg,/Users/akbar/Downloads/paal_pipeline/data/20260123-14-57-17/pig2_depth_vis_20260123-14-58-01.jpg,0
20260123-14-57-17,3,20260123-14-58-10,/Users/akbar/Downloads/paal_pipeline/data/20260123-14-57-17/pig3_rgb_20260123-14-58-10.jpg,/Users/akbar/Downloads/paal_pipeline/data/20260123-14-57-17/pig3_ir_vis_20260123-14-58-10.jpg,/Users/akbar/Downloads/paal_pipeline/data/20260123-14-57-17/pig3_depth_vis_20260123-14-58-10.jpg,0
20260123-14-57-17,4,20260123-14-58-28,/Users/akbar/Downloads/paal_pipeline/data/20260123-14-57-17/pig4_rgb_20260123-14-58-28.jpg,/Users/akbar/Downloads/paal_pipeline/data/20260123-14-57-17/pig4_ir_vis_20260123-14-58-28.jpg,/Users/akbar/Downloads/paal_pipeline/data/20260123-14-57-17/pig4_depth_vis_20260123-14-58-28.jpg,0
20260123-14-57-17,5,20260123-14-58-37,/Users/akbar/Downloads/paal_pipeline/data/20260123-14-57-17/pig5_rgb_20260123-14-58-37.jpg,/Users/akbar/Downloads/paal_pipeline/data/20260123-14-57-17/pig5_ir_vis_20260123-14-58-37.jpg,/Users/akbar/Downloads/paal_pipeline/data/20260123-14-57-17/pig5_depth_vis_20260123-14-58-37.jpg,0
20260123-14-57-17,6,20260123-14-58-46,/Users/akbar/Downloads/paal_pipeline/data/20260123-14-57-17/pig6_rgb_20260123-14-58-46.jpg,/Users/akbar/Downloads/paal_pipeline/data/20260123-14-57-17/pig6_ir_vis_20260123-14-58-46.jpg,/Users/akbar/Downloads/paal_pipeline/data/20260123-14-57-17/pig6_depth_vis_20260123-14-58-46.jpg,0
20260123-14-57-17,7,20260123-14-58-55,/Users/akbar/Downloads/paal_pipeline/data/20260123-14-57-17/pig7_rgb_20260123-14-58-55.jpg,/Users/akbar/Downloads/paal_pipeline/data/20260123-14-57-17/pig7_ir_vis_20260123-14-58-55.jpg,/Users/akbar/Downloads/paal_pipeline/data/20260123-14-57-17/pig7_depth_vis_20260123-14-58-55.jpg,0
20260123-14-57-17,8,20260123-14-59-04,/Users/akbar/Downloads/paal_pipeline/data/20260123-14-57-17/pig8_rgb_20260123-14-59-04.jpg,/Users/akbar/Downloads/paal_pipeline/data/20260123-14-57-17/pig8_ir_vis_20260123-14-59-04.jpg,/Users/akbar/Downloads/paal_pipeline/data/20260123-14-57-17/pig8_depth_vis_20260123-14-59-04.jpg,0
20260123-14-57-17,9,20260123-14-59-12,/Users/akbar/Downloads/paal_pipeline/data/20260123-14-57-17/pig9_rgb_20260123-14-59-12.jpg,/Users/akbar/Downloads/paal_pipeline/data/20260123-14-57-17/pig9_ir_vis_20260123-14-59-12.jpg,/Users/akbar/Downloads/paal_pipeline/data/20260123-14-57-17/pig9_depth_vis_20260123-14-59-12.jpg,0
20260123-14-57-17,10,20260123-14-59-21,/Users/akbar/Downloads/paal_pipeline/data/20260123-14-57-17/pig10_rgb_20260123-14-59-21.jpg,/Users/akbar/Downloads/paal_pipeline/data/20260123-14-57-17/pig10_ir_vis_20260123-14-59-21.jpg,/Users/akbar/Downloads/paal_pipeline/data/20260123-14-57-17/pig10_depth_vis_20260123-14-59-21.jpg,0
20260123-14-57-17,11,20260123-14-59-30,/Users/akbar/Downloads/paal_pipeline/data/20260123-14-57-17/pig11_rgb_20260123-14-59-30.jpg,/Users/akbar/Downloads/paal_pipeline/data/20260123-14-57-17/pig11_ir_vis_20260123-14-59-30.jpg,/Users/akbar/Downloads/paal_pipeline/data/20260123-14-57-17/pig11_depth_vis_20260123-14-59-30.jpg,0
20260123-14-57-17,13,20260123-14-59-48,/Users/akbar/Downloads/paal_pipeline/data/20260123-14-57-17/pig13_rgb_20260123-14-59-48.jpg,/Users/akbar/Downloads/paal_pipeline/data/20260123-14-57-17/pig13_ir_vis_20260123-14-59-48.jpg,/Users/akbar/Downloads/paal_pipeline/data/20260123-14-57-17/pig13_depth_vis_20260123-14-59-48.jpg,0
20260123-14-57-17,14,20260123-14-59-57,/Users/akbar/Downloads/paal_pipeline/data/20260123-14-57-17/pig14_rgb_20260123-14-59-57.jpg,/Users/akbar/Downloads/paal_pipeline/data/20260123-14-57-17/pig14_ir_vis_20260123-14-59-57.jpg,/Users/akbar/Downloads/paal_pipeline/data/20260123-14-57-17/pig14_depth_vis_20260123-14-59-57.jpg,0
20260123-14-57-17,15,20260123-15-00-06,/Users/akbar/Downloads/paal_pipeline/data/20260123-14-57-17/pig15_rgb_20260123-15-00-06.jpg,/Users/akbar/Downloads/paal_pipeline/data/20260123-14-57-17/pig15_ir_vis_20260123-15-00-06.jpg,/Users/akbar/Downloads/paal_pipeline/data/20260123-14-57-17/pig15_depth_vis_20260123-15-00-06.jpg,0
20260123-14-57-17,17,20260123-15-00-23,/Users/akbar/Downloads/paal_pipeline/data/20260123-14-57-17/pig17_rgb_20260123-15-00-23.jpg,/Users/akbar/Downloads/paal_pipeline/data/20260123-14-57-17/pig17_ir_vis_20260123-15-00-23.jpg,/Users/akbar/Downloads/paal_pipeline/data/20260123-14-57-17/pig17_depth_vis_20260123-15-00-23.jpg,0
20260123-15-07-56,0,20260123-15-08-23,/Users/akbar/Downloads/paal_pipeline/data/20260123-15-07-56/pig0_rgb_20260123-15-08-23.jpg,/Users/akbar/Downloads/paal_pipeline/data/20260123-15-07-56/pig0_ir_vis_20260123-15-08-23.jpg,/Users/akbar/Downloads/paal_pipeline/data/20260123-15-07-56/pig0_depth_vis_20260123-15-08-23.jpg,0
20260123-15-07-56,2,20260123-15-08-41,/Users/akbar/Downloads/paal_pipeline/data/20260123-15-07-56/pig2_rgb_20260123-15-08-41.jpg,/Users/akbar/Downloads/paal_pipeline/data/20260123-15-07-56/pig2_ir_vis_20260123-15-08-41.jpg,/Users/akbar/Downloads/paal_pipeline/data/20260123-15-07-56/pig2_depth_vis_20260123-15-08-41.jpg,0
20260123-15-07-56,3,20260123-15-08-50,/Users/akbar/Downloads/paal_pipeline/data/20260123-15-07-56/pig3_rgb_20260123-15-08-50.jpg,/Users/akbar/Downloads/paal_pipeline/data/20260123-15-07-56/pig3_ir_vis_20260123-15-08-50.jpg,/Users/akbar/Downloads/paal_pipeline/data/20260123-15-07-56/pig3_depth_vis_20260123-15-08-50.jpg,0
20260123-15-07-56,4,20260123-15-09-07,/Users/akbar/Downloads/paal_pipeline/data/20260123-15-07-56/pig4_rgb_20260123-15-09-07.jpg,/Users/akbar/Downloads/paal_pipeline/data/20260123-15-07-56/pig4_ir_vis_20260123-15-09-07.jpg,/Users/akbar/Downloads/paal_pipeline/data/20260123-15-07-56/pig4_depth_vis_20260123-15-09-07.jpg,0
20260123-15-07-56,5,20260123-15-09-16,/Users/akbar/Downloads/paal_pipeline/data/20260123-15-07-56/pig5_rgb_20260123-15-09-16.jpg,/Users/akbar/Downloads/paal_pipeline/data/20260123-15-07-56/pig5_ir_vis_20260123-15-09-16.jpg,/Users/akbar/Downloads/paal_pipeline/data/20260123-15-07-56/pig5_depth_vis_20260123-15-09-16.jpg,0
20260123-15-07-56,6,20260123-15-09-25,/Users/akbar/Downloads/paal_pipeline/data/20260123-15-07-56/pig6_rgb_20260123-15-09-25.jpg,/Users/akbar/Downloads/paal_pipeline/data/20260123-15-07-56/pig6_ir_vis_20260123-15-09-25.jpg,/Users/akbar/Downloads/paal_pipeline/data/20260123-15-07-56/pig6_depth_vis_20260123-15-09-25.jpg,0
20260123-15-07-56,7,20260123-15-09-34,/Users/akbar/Downloads/paal_pipeline/data/20260123-15-07-56/pig7_rgb_20260123-15-09-34.jpg,/Users/akbar/Downloads/paal_pipeline/data/20260123-15-07-56/pig7_ir_vis_20260123-15-09-34.jpg,/Users/akbar/Downloads/paal_pipeline/data/20260123-15-07-56/pig7_depth_vis_20260123-15-09-34.jpg,0
20260123-15-07-56,8,20260123-15-09-43,/Users/akbar/Downloads/paal_pipeline/data/20260123-15-07-56/pig8_rgb_20260123-15-09-43.jpg,/Users/akbar/Downloads/paal_pipeline/data/20260123-15-07-56/pig8_ir_vis_20260123-15-09-43.jpg,/Users/akbar/Downloads/paal_pipeline/data/20260123-15-07-56/pig8_depth_vis_20260123-15-09-43.jpg,0
20260123-15-07-56,9,20260123-15-09-52,/Users/akbar/Downloads/paal_pipeline/data/20260123-15-07-56/pig9_rgb_20260123-15-09-52.jpg,/Users/akbar/Downloads/paal_pipeline/data/20260123-15-07-56/pig9_ir_vis_20260123-15-09-52.jpg,/Users/akbar/Downloads/paal_pipeline/data/20260123-15-07-56/pig9_depth_vis_20260123-15-09-52.jpg,0
20260123-15-07-56,10,20260123-15-10-01,/Users/akbar/Downloads/paal_pipeline/data/20260123-15-07-56/pig10_rgb_20260123-15-10-01.jpg,/Users/akbar/Downloads/paal_pipeline/data/20260123-15-07-56/pig10_ir_vis_20260123-15-10-01.jpg,/Users/akbar/Downloads/paal_pipeline/data/20260123-15-07-56/pig10_depth_vis_20260123-15-10-01.jpg,0
20260123-15-07-56,11,20260123-15-10-10,/Users/akbar/Downloads/paal_pipeline/data/20260123-15-07-56/pig11_rgb_20260123-15-10-10.jpg,/Users/akbar/Downloads/paal_pipeline/data/20260123-15-07-56/pig11_ir_vis_20260123-15-10-10.jpg,/Users/akbar/Downloads/paal_pipeline/data/20260123-15-07-56/pig11_depth_vis_20260123-15-10-10.jpg,0
20260123-15-07-56,13,20260123-15-10-28,/Users/akbar/Downloads/paal_pipeline/data/20260123-15-07-56/pig13_rgb_20260123-15-10-28.jpg,/Users/akbar/Downloads/paal_pipeline/data/20260123-15-07-56/pig13_ir_vis_20260123-15-10-28.jpg,/Users/akbar/Downloads/paal_pipeline/data/20260123-15-07-56/pig13_depth_vis_20260123-15-10-28.jpg,0
20260123-15-07-56,14,20260123-15-10-37,/Users/akbar/Downloads/paal_pipeline/data/20260123-15-07-56/pig14_rgb_20260123-15-10-37.jpg,/Users/akbar/Downloads/paal_pipeline/data/20260123-15-07-56/pig14_ir_vis_20260123-15-10-37.jpg,/Users/akbar/Downloads/paal_pipeline/data/20260123-15-07-56/pig14_depth_vis_20260123-15-10-37.jpg,0
20260123-15-07-56,15,20260123-15-10-45,/Users/akbar/Downloads/paal_pipeline/data/20260123-15-07-56/pig15_rgb_20260123-15-10-45.jpg,/Users/akbar/Downloads/paal_pipeline/data/20260123-15-07-56/pig15_ir_vis_20260123-15-10-45.jpg,/Users/akbar/Downloads/paal_pipeline/data/20260123-15-07-56/pig15_depth_vis_20260123-15-10-45.jpg,0
20260123-15-07-56,17,20260123-15-11-03,/Users/akbar/Downloads/paal_pipeline/data/20260123-15-07-56/pig17_rgb_20260123-15-11-03.jpg,/Users/akbar/Downloads/paal_pipeline/data/20260123-15-07-56/pig17_ir_vis_20260123-15-11-03.jpg,/Users/akbar/Downloads/paal_pipeline/data/20260123-15-07-56/pig17_depth_vis_20260123-15-11-03.jpg,0
20260123-19-30-27,0,20260123-19-30-54,/Users/akbar/Downloads/paal_pipeline/data/20260123-19-30-27/pig0_rgb_20260123-19-30-54.jpg,/Users/akbar/Downloads/paal_pipeline/data/20260123-19-30-27/pig0_ir_vis_20260123-19-30-54.jpg,/Users/akbar/Downloads/paal_pipeline/data/20260123-19-30-27/pig0_depth_vis_20260123-19-30-54.jpg,2
20260123-19-30-27,2,20260123-19-31-11,/Users/akbar/Downloads/paal_pipeline/data/20260123-19-30-27/pig2_rgb_20260123-19-31-11.jpg,/Users/akbar/Downloads/paal_pipeline/data/20260123-19-30-27/pig2_ir_vis_20260123-19-31-11.jpg,/Users/akbar/Downloads/paal_pipeline/data/20260123-19-30-27/pig2_depth_vis_20260123-19-31-11.jpg,0
20260123-19-30-27,3,20260123-19-31-20,/Users/akbar/Downloads/paal_pipeline/data/20260123-19-30-27/pig3_rgb_20260123-19-31-20.jpg,/Users/akbar/Downloads/paal_pipeline/data/20260123-19-30-27/pig3_ir_vis_20260123-19-31-20.jpg,/Users/akbar/Downloads/paal_pipeline/data/20260123-19-30-27/pig3_depth_vis_20260123-19-31-20.jpg,0
20260123-19-30-27,4,20260123-19-31-29,/Users/akbar/Downloads/paal_pipeline/data/20260123-19-30-27/pig4_rgb_20260123-19-31-29.jpg,/Users/akbar/Downloads/paal_pipeline/data/20260123-19-30-27/pig4_ir_vis_20260123-19-31-29.jpg,/Users/akbar/Downloads/paal_pipeline/data/20260123-19-30-27/pig4_depth_vis_20260123-19-31-29.jpg,0
20260123-19-30-27,5,20260123-19-31-38,/Users/akbar/Downloads/paal_pipeline/data/20260123-19-30-27/pig5_rgb_20260123-19-31-38.jpg,/Users/akbar/Downloads/paal_pipeline/data/20260123-19-30-27/pig5_ir_vis_20260123-19-31-38.jpg,/Users/akbar/Downloads/paal_pipeline/data/20260123-19-30-27/pig5_depth_vis_20260123-19-31-38.jpg,0
20260123-19-30-27,6,20260123-19-31-47,/Users/akbar/Downloads/paal_pipeline/data/20260123-19-30-27/pig6_rgb_20260123-19-31-47.jpg,/Users/akbar/Downloads/paal_pipeline/data/20260123-19-30-27/pig6_ir_vis_20260123-19-31-47.jpg,/Users/akbar/Downloads/paal_pipeline/data/20260123-19-30-27/pig6_depth_vis_20260123-19-31-47.jpg,2
20260123-19-30-27,7,20260123-19-31-56,/Users/akbar/Downloads/paal_pipeline/data/20260123-19-30-27/pig7_rgb_20260123-19-31-56.jpg,/Users/akbar/Downloads/paal_pipeline/data/20260123-19-30-27/pig7_ir_vis_20260123-19-31-56.jpg,/Users/akbar/Downloads/paal_pipeline/data/20260123-19-30-27/pig7_depth_vis_20260123-19-31-56.jpg,2
20260123-19-30-27,8,20260123-19-32-05,/Users/akbar/Downloads/paal_pipeline/data/20260123-19-30-27/pig8_rgb_20260123-19-32-05.jpg,/Users/akbar/Downloads/paal_pipeline/data/20260123-19-30-27/pig8_ir_vis_20260123-19-32-05.jpg,/Users/akbar/Downloads/paal_pipeline/data/20260123-19-30-27/pig8_depth_vis_20260123-19-32-05.jpg,0
20260123-19-30-27,9,20260123-19-32-14,/Users/akbar/Downloads/paal_pipeline/data/20260123-19-30-27/pig9_rgb_20260123-19-32-14.jpg,/Users/akbar/Downloads/paal_pipeline/data/20260123-19-30-27/pig9_ir_vis_20260123-19-32-14.jpg,/Users/akbar/Downloads/paal_pipeline/data/20260123-19-30-27/pig9_depth_vis_20260123-19-32-14.jpg,2
20260123-19-30-27,10,20260123-19-32-23,/Users/akbar/Downloads/paal_pipeline/data/20260123-19-30-27/pig10_rgb_20260123-19-32-23.jpg,/Users/akbar/Downloads/paal_pipeline/data/20260123-19-30-27/pig10_ir_vis_20260123-19-32-23.jpg,/Users/akbar/Downloads/paal_pipeline/data/20260123-19-30-27/pig10_depth_vis_20260123-19-32-23.jpg,0
20260123-19-30-27,11,20260123-19-32-32,/Users/akbar/Downloads/paal_pipeline/data/20260123-19-30-27/pig11_rgb_20260123-19-32-32.jpg,/Users/akbar/Downloads/paal_pipeline/data/20260123-19-30-27/pig11_ir_vis_20260123-19-32-32.jpg,/Users/akbar/Downloads/paal_pipeline/data/20260123-19-30-27/pig11_depth_vis_20260123-19-32-32.jpg,0
20260123-19-30-27,12,20260123-19-32-40,/Users/akbar/Downloads/paal_pipeline/data/20260123-19-30-27/pig12_rgb_20260123-19-32-40.jpg,/Users/akbar/Downloads/paal_pipeline/data/20260123-19-30-27/pig12_ir_vis_20260123-19-32-40.jpg,/Users/akbar/Downloads/paal_pipeline/data/20260123-19-30-27/pig12_depth_vis_20260123-19-32-40.jpg,2
20260123-19-30-27,14,20260123-19-32-58,/Users/akbar/Downloads/paal_pipeline/data/20260123-19-30-27/pig14_rgb_20260123-19-32-58.jpg,/Users/akbar/Downloads/paal_pipeline/data/20260123-19-30-27/pig14_ir_vis_20260123-19-32-58.jpg,/Users/akbar/Downloads/paal_pipeline/data/20260123-19-30-27/pig14_depth_vis_20260123-19-32-58.jpg,2
20260123-19-30-27,15,20260123-19-33-07,/Users/akbar/Downloads/paal_pipeline/data/20260123-19-30-27/pig15_rgb_20260123-19-33-07.jpg,/Users/akbar/Downloads/paal_pipeline/data/20260123-19-30-27/pig15_ir_vis_20260123-19-33-07.jpg,/Users/akbar/Downloads/paal_pipeline/data/20260123-19-30-27/pig15_depth_vis_20260123-19-33-07.jpg,2
20260123-19-30-27,16,20260123-19-33-16,/Users/akbar/Downloads/paal_pipeline/data/20260123-19-30-27/pig16_rgb_20260123-19-33-16.jpg,/Users/akbar/Downloads/paal_pipeline/data/20260123-19-30-27/pig16_ir_vis_20260123-19-33-16.jpg,/Users/akbar/Downloads/paal_pipeline/data/20260123-19-30-27/pig16_depth_vis_20260123-19-33-16.jpg,0
20260123-19-30-27,18,20260123-19-33-33,/Users/akbar/Downloads/paal_pipeline/data/20260123-19-30-27/pig18_rgb_20260123-19-33-33.jpg,/Users/akbar/Downloads/paal_pipeline/data/20260123-19-30-27/pig18_ir_vis_20260123-19-33-33.jpg,/Users/akbar/Downloads/paal_pipeline/data/20260123-19-30-27/pig18_depth_vis_20260123-19-33-33.jpg,2
20260123-19-51-46,0,20260123-19-52-13,/Users/akbar/Downloads/paal_pipeline/data/20260123-19-51-46/pig0_rgb_20260123-19-52-13.jpg,/Users/akbar/Downloads/paal_pipeline/data/20260123-19-51-46/pig0_ir_vis_20260123-19-52-13.jpg,/Users/akbar/Downloads/paal_pipeline/data/20260123-19-51-46/pig0_depth_vis_20260123-19-52-13.jpg,2
20260123-19-51-46,2,20260123-19-52-30,/Users/akbar/Downloads/paal_pipeline/data/20260123-19-51-46/pig2_rgb_20260123-19-52-30.jpg,/Users/akbar/Downloads/paal_pipeline/data/20260123-19-51-46/pig2_ir_vis_20260123-19-52-30.jpg,/Users/akbar/Downloads/paal_pipeline/data/20260123-19-51-46/pig2_depth_vis_20260123-19-52-30.jpg,0
20260123-19-51-46,3,20260123-19-52-39,/Users/akbar/Downloads/paal_pipeline/data/20260123-19-51-46/pig3_rgb_20260123-19-52-39.jpg,/Users/akbar/Downloads/paal_pipeline/data/20260123-19-51-46/pig3_ir_vis_20260123-19-52-39.jpg,/Users/akbar/Downloads/paal_pipeline/data/20260123-19-51-46/pig3_depth_vis_20260123-19-52-39.jpg,0
20260123-19-51-46,4,20260123-19-52-48,/Users/akbar/Downloads/paal_pipeline/data/20260123-19-51-46/pig4_rgb_20260123-19-52-48.jpg,/Users/akbar/Downloads/paal_pipeline/data/20260123-19-51-46/pig4_ir_vis_20260123-19-52-48.jpg,/Users/akbar/Downloads/paal_pipeline/data/20260123-19-51-46/pig4_depth_vis_20260123-19-52-48.jpg,0
20260123-19-51-46,5,20260123-19-52-57,/Users/akbar/Downloads/paal_pipeline/data/20260123-19-51-46/pig5_rgb_20260123-19-52-57.jpg,/Users/akbar/Downloads/paal_pipeline/data/20260123-19-51-46/pig5_ir_vis_20260123-19-52-57.jpg,/Users/akbar/Downloads/paal_pipeline/data/20260123-19-51-46/pig5_depth_vis_20260123-19-52-57.jpg,0
20260123-19-51-46,6,20260123-19-53-06,/Users/akbar/Downloads/paal_pipeline/data/20260123-19-51-46/pig6_rgb_20260123-19-53-06.jpg,/Users/akbar/Downloads/paal_pipeline/data/20260123-19-51-46/pig6_ir_vis_20260123-19-53-06.jpg,/Users/akbar/Downloads/paal_pipeline/data/20260123-19-51-46/pig6_depth_vis_20260123-19-53-06.jpg,2
20260123-19-51-46,7,20260123-19-53-15,/Users/akbar/Downloads/paal_pipeline/data/20260123-19-51-46/pig7_rgb_20260123-19-53-15.jpg,/Users/akbar/Downloads/paal_pipeline/data/20260123-19-51-46/pig7_ir_vis_20260123-19-53-15.jpg,/Users/akbar/Downloads/paal_pipeline/data/20260123-19-51-46/pig7_depth_vis_20260123-19-53-15.jpg,2
20260123-19-51-46,8,20260123-19-53-24,/Users/akbar/Downloads/paal_pipeline/data/20260123-19-51-46/pig8_rgb_20260123-19-53-24.jpg,/Users/akbar/Downloads/paal_pipeline/data/20260123-19-51-46/pig8_ir_vis_20260123-19-53-24.jpg,/Users/akbar/Downloads/paal_pipeline/data/20260123-19-51-46/pig8_depth_vis_20260123-19-53-24.jpg,0
20260123-19-51-46,9,20260123-19-53-33,/Users/akbar/Downloads/paal_pipeline/data/20260123-19-51-46/pig9_rgb_20260123-19-53-33.jpg,/Users/akbar/Downloads/paal_pipeline/data/20260123-19-51-46/pig9_ir_vis_20260123-19-53-33.jpg,/Users/akbar/Downloads/paal_pipeline/data/20260123-19-51-46/pig9_depth_vis_20260123-19-53-33.jpg,2
20260123-19-51-46,10,20260123-19-53-42,/Users/akbar/Downloads/paal_pipeline/data/20260123-19-51-46/pig10_rgb_20260123-19-53-42.jpg,/Users/akbar/Downloads/paal_pipeline/data/20260123-19-51-46/pig10_ir_vis_20260123-19-53-42.jpg,/Users/akbar/Downloads/paal_pipeline/data/20260123-19-51-46/pig10_depth_vis_20260123-19-53-42.jpg,0
20260123-19-51-46,11,20260123-19-53-51,/Users/akbar/Downloads/paal_pipeline/data/20260123-19-51-46/pig11_rgb_20260123-19-53-51.jpg,/Users/akbar/Downloads/paal_pipeline/data/20260123-19-51-46/pig11_ir_vis_20260123-19-53-51.jpg,/Users/akbar/Downloads/paal_pipeline/data/20260123-19-51-46/pig11_depth_vis_20260123-19-53-51.jpg,0
20260123-19-51-46,12,20260123-19-54-00,/Users/akbar/Downloads/paal_pipeline/data/20260123-19-51-46/pig12_rgb_20260123-19-54-00.jpg,/Users/akbar/Downloads/paal_pipeline/data/20260123-19-51-46/pig12_ir_vis_20260123-19-54-00.jpg,/Users/akbar/Downloads/paal_pipeline/data/20260123-19-51-46/pig12_depth_vis_20260123-19-54-00.jpg,2
20260123-19-51-46,14,20260123-19-54-17,/Users/akbar/Downloads/paal_pipeline/data/20260123-19-51-46/pig14_rgb_20260123-19-54-17.jpg,/Users/akbar/Downloads/paal_pipeline/data/20260123-19-51-46/pig14_ir_vis_20260123-19-54-17.jpg,/Users/akbar/Downloads/paal_pipeline/data/20260123-19-51-46/pig14_depth_vis_20260123-19-54-17.jpg,2
20260123-19-51-46,15,20260123-19-54-27,/Users/akbar/Downloads/paal_pipeline/data/20260123-19-51-46/pig15_rgb_20260123-19-54-27.jpg,/Users/akbar/Downloads/paal_pipeline/data/20260123-19-51-46/pig15_ir_vis_20260123-19-54-27.jpg,/Users/akbar/Downloads/paal_pipeline/data/20260123-19-51-46/pig15_depth_vis_20260123-19-54-27.jpg,0
20260123-19-51-46,16,20260123-19-54-35,/Users/akbar/Downloads/paal_pipeline/data/20260123-19-51-46/pig16_rgb_20260123-19-54-35.jpg,/Users/akbar/Downloads/paal_pipeline/data/20260123-19-51-46/pig16_ir_vis_20260123-19-54-35.jpg,/Users/akbar/Downloads/paal_pipeline/data/20260123-19-51-46/pig16_depth_vis_20260123-19-54-35.jpg,0
20260123-19-51-46,18,20260123-19-54-53,/Users/akbar/Downloads/paal_pipeline/data/20260123-19-51-46/pig18_rgb_20260123-19-54-53.jpg,/Users/akbar/Downloads/paal_pipeline/data/20260123-19-51-46/pig18_ir_vis_20260123-19-54-53.jpg,/Users/akbar/Downloads/paal_pipeline/data/20260123-19-51-46/pig18_depth_vis_20260123-19-54-53.jpg,2
20260124-00-39-34,0,20260124-00-40-00,/Users/akbar/Downloads/paal_pipeline/data/20260124-00-39-34/pig0_rgb_20260124-00-40-00.jpg,/Users/akbar/Downloads/paal_pipeline/data/20260124-00-39-34/pig0_ir_vis_20260124-00-40-00.jpg,/Users/akbar/Downloads/paal_pipeline/data/20260124-00-39-34/pig0_depth_vis_20260124-00-40-00.jpg,2
20260124-00-39-34,2,20260124-00-40-18,/Users/akbar/Downloads/paal_pipeline/data/20260124-00-39-34/pig2_rgb_20260124-00-40-18.jpg,/Users/akbar/Downloads/paal_pipeline/data/20260124-00-39-34/pig2_ir_vis_20260124-00-40-18.jpg,/Users/akbar/Downloads/paal_pipeline/data/20260124-00-39-34/pig2_depth_vis_20260124-00-40-18.jpg,2
20260124-00-39-34,3,20260124-00-40-27,/Users/akbar/Downloads/paal_pipeline/data/20260124-00-39-34/pig3_rgb_20260124-00-40-27.jpg,/Users/akbar/Downloads/paal_pipeline/data/20260124-00-39-34/pig3_ir_vis_20260124-00-40-27.jpg,/Users/akbar/Downloads/paal_pipeline/data/20260124-00-39-34/pig3_depth_vis_20260124-00-40-27.jpg,2
20260124-00-39-34,4,20260124-00-40-36,/Users/akbar/Downloads/paal_pipeline/data/20260124-00-39-34/pig4_rgb_20260124-00-40-36.jpg,/Users/akbar/Downloads/paal_pipeline/data/20260124-00-39-34/pig4_ir_vis_20260124-00-40-36.jpg,/Users/akbar/Downloads/paal_pipeline/data/20260124-00-39-34/pig4_depth_vis_20260124-00-40-36.jpg,2
20260124-00-39-34,5,20260124-00-40-45,/Users/akbar/Downloads/paal_pipeline/data/20260124-00-39-34/pig5_rgb_20260124-00-40-45.jpg,/Users/akbar/Downloads/paal_pipeline/data/20260124-00-39-34/pig5_ir_vis_20260124-00-40-45.jpg,/Users/akbar/Downloads/paal_pipeline/data/20260124-00-39-34/pig5_depth_vis_20260124-00-40-45.jpg,2
20260124-00-39-34,6,20260124-00-40-53,/Users/akbar/Downloads/paal_pipeline/data/20260124-00-39-34/pig6_rgb_20260124-00-40-53.jpg,/Users/akbar/Downloads/paal_pipeline/data/20260124-00-39-34/pig6_ir_vis_20260124-00-40-53.jpg,/Users/akbar/Downloads/paal_pipeline/data/20260124-00-39-34/pig6_depth_vis_20260124-00-40-53.jpg,2
20260124-00-39-34,7,20260124-00-41-02,/Users/akbar/Downloads/paal_pipeline/data/20260124-00-39-34/pig7_rgb_20260124-00-41-02.jpg,/Users/akbar/Downloads/paal_pipeline/data/20260124-00-39-34/pig7_ir_vis_20260124-00-41-02.jpg,/Users/akbar/Downloads/paal_pipeline/data/20260124-00-39-34/pig7_depth_vis_20260124-00-41-02.jpg,2
20260124-00-39-34,8,20260124-00-41-11,/Users/akbar/Downloads/paal_pipeline/data/20260124-00-39-34/pig8_rgb_20260124-00-41-11.jpg,/Users/akbar/Downloads/paal_pipeline/data/20260124-00-39-34/pig8_ir_vis_20260124-00-41-11.jpg,/Users/akbar/Downloads/paal_pipeline/data/20260124-00-39-34/pig8_depth_vis_20260124-00-41-11.jpg,2
20260124-00-39-34,9,20260124-00-41-20,/Users/akbar/Downloads/paal_pipeline/data/20260124-00-39-34/pig9_rgb_20260124-00-41-20.jpg,/Users/akbar/Downloads/paal_pipeline/data/20260124-00-39-34/pig9_ir_vis_20260124-00-41-20.jpg,/Users/akbar/Downloads/paal_pipeline/data/20260124-00-39-34/pig9_depth_vis_20260124-00-41-20.jpg,2
20260124-00-39-34,10,20260124-00-41-29,/Users/akbar/Downloads/paal_pipeline/data/20260124-00-39-34/pig10_rgb_20260124-00-41-29.jpg,/Users/akbar/Downloads/paal_pipeline/data/20260124-00-39-34/pig10_ir_vis_20260124-00-41-29.jpg,/Users/akbar/Downloads/paal_pipeline/data/20260124-00-39-34/pig10_depth_vis_20260124-00-41-29.jpg,2
20260124-00-39-34,11,20260124-00-41-38,/Users/akbar/Downloads/paal_pipeline/data/20260124-00-39-34/pig11_rgb_20260124-00-41-38.jpg,/Users/akbar/Downloads/paal_pipeline/data/20260124-00-39-34/pig11_ir_vis_20260124-00-41-38.jpg,/Users/akbar/Downloads/paal_pipeline/data/20260124-00-39-34/pig11_depth_vis_20260124-00-41-38.jpg,2
20260124-00-39-34,12,20260124-00-41-47,/Users/akbar/Downloads/paal_pipeline/data/20260124-00-39-34/pig12_rgb_20260124-00-41-47.jpg,/Users/akbar/Downloads/paal_pipeline/data/20260124-00-39-34/pig12_ir_vis_20260124-00-41-47.jpg,/Users/akbar/Downloads/paal_pipeline/data/20260124-00-39-34/pig12_depth_vis_20260124-00-41-47.jpg,2
20260124-00-39-34,14,20260124-00-42-05,/Users/akbar/Downloads/paal_pipeline/data/20260124-00-39-34/pig14_rgb_20260124-00-42-05.jpg,/Users/akbar/Downloads/paal_pipeline/data/20260124-00-39-34/pig14_ir_vis_20260124-00-42-05.jpg,/Users/akbar/Downloads/paal_pipeline/data/20260124-00-39-34/pig14_depth_vis_20260124-00-42-05.jpg,2
20260124-00-39-34,15,20260124-00-42-14,/Users/akbar/Downloads/paal_pipeline/data/20260124-00-39-34/pig15_rgb_20260124-00-42-14.jpg,/Users/akbar/Downloads/paal_pipeline/data/20260124-00-39-34/pig15_ir_vis_20260124-00-42-14.jpg,/Users/akbar/Downloads/paal_pipeline/data/20260124-00-39-34/pig15_depth_vis_20260124-00-42-14.jpg,2
20260124-00-39-34,16,20260124-00-42-23,/Users/akbar/Downloads/paal_pipeline/data/20260124-00-39-34/pig16_rgb_20260124-00-42-23.jpg,/Users/akbar/Downloads/paal_pipeline/data/20260124-00-39-34/pig16_ir_vis_20260124-00-42-23.jpg,/Users/akbar/Downloads/paal_pipeline/data/20260124-00-39-34/pig16_depth_vis_20260124-00-42-23.jpg,2
20260124-00-39-34,18,20260124-00-42-40,/Users/akbar/Downloads/paal_pipeline/data/20260124-00-39-34/pig18_rgb_20260124-00-42-40.jpg,/Users/akbar/Downloads/paal_pipeline/data/20260124-00-39-34/pig18_ir_vis_20260124-00-42-40.jpg,/Users/akbar/Downloads/paal_pipeline/data/20260124-00-39-34/pig18_depth_vis_20260124-00-42-40.jpg,2
20260124-02-47-28,0,20260124-02-47-55,/Users/akbar/Downloads/paal_pipeline/data/20260124-02-47-28/pig0_rgb_20260124-02-47-55.jpg,/Users/akbar/Downloads/paal_pipeline/data/20260124-02-47-28/pig0_ir_vis_20260124-02-47-55.jpg,/Users/akbar/Downloads/paal_pipeline/data/20260124-02-47-28/pig0_depth_vis_20260124-02-47-55.jpg,2
20260124-02-47-28,2,20260124-02-48-12,/Users/akbar/Downloads/paal_pipeline/data/20260124-02-47-28/pig2_rgb_20260124-02-48-12.jpg,/Users/akbar/Downloads/paal_pipeline/data/20260124-02-47-28/pig2_ir_vis_20260124-02-48-12.jpg,/Users/akbar/Downloads/paal_pipeline/data/20260124-02-47-28/pig2_depth_vis_20260124-02-48-12.jpg,2
20260124-02-47-28,3,20260124-02-48-21,/Users/akbar/Downloads/paal_pipeline/data/20260124-02-47-28/pig3_rgb_20260124-02-48-21.jpg,/Users/akbar/Downloads/paal_pipeline/data/20260124-02-47-28/pig3_ir_vis_20260124-02-48-21.jpg,/Users/akbar/Downloads/paal_pipeline/data/20260124-02-47-28/pig3_depth_vis_20260124-02-48-21.jpg,2
20260124-02-47-28,4,20260124-02-48-30,/Users/akbar/Downloads/paal_pipeline/data/20260124-02-47-28/pig4_rgb_20260124-02-48-30.jpg,/Users/akbar/Downloads/paal_pipeline/data/20260124-02-47-28/pig4_ir_vis_20260124-02-48-30.jpg,/Users/akbar/Downloads/paal_pipeline/data/20260124-02-47-28/pig4_depth_vis_20260124-02-48-30.jpg,2
20260124-02-47-28,5,20260124-02-48-39,/Users/akbar/Downloads/paal_pipeline/data/20260124-02-47-28/pig5_rgb_20260124-02-48-39.jpg,/Users/akbar/Downloads/paal_pipeline/data/20260124-02-47-28/pig5_ir_vis_20260124-02-48-39.jpg,/Users/akbar/Downloads/paal_pipeline/data/20260124-02-47-28/pig5_depth_vis_20260124-02-48-39.jpg,2
20260124-02-47-28,6,20260124-02-48-48,/Users/akbar/Downloads/paal_pipeline/data/20260124-02-47-28/pig6_rgb_20260124-02-48-48.jpg,/Users/akbar/Downloads/paal_pipeline/data/20260124-02-47-28/pig6_ir_vis_20260124-02-48-48.jpg,/Users/akbar/Downloads/paal_pipeline/data/20260124-02-47-28/pig6_depth_vis_20260124-02-48-48.jpg,2
20260124-02-47-28,7,20260124-02-48-57,/Users/akbar/Downloads/paal_pipeline/data/20260124-02-47-28/pig7_rgb_20260124-02-48-57.jpg,/Users/akbar/Downloads/paal_pipeline/data/20260124-02-47-28/pig7_ir_vis_20260124-02-48-57.jpg,/Users/akbar/Downloads/paal_pipeline/data/20260124-02-47-28/pig7_depth_vis_20260124-02-48-57.jpg,2
20260124-02-47-28,8,20260124-02-49-06,/Users/akbar/Downloads/paal_pipeline/data/20260124-02-47-28/pig8_rgb_20260124-02-49-06.jpg,/Users/akbar/Downloads/paal_pipeline/data/20260124-02-47-28/pig8_ir_vis_20260124-02-49-06.jpg,/Users/akbar/Downloads/paal_pipeline/data/20260124-02-47-28/pig8_depth_vis_20260124-02-49-06.jpg,2
20260124-02-47-28,9,20260124-02-49-15,/Users/akbar/Downloads/paal_pipeline/data/20260124-02-47-28/pig9_rgb_20260124-02-49-15.jpg,/Users/akbar/Downloads/paal_pipeline/data/20260124-02-47-28/pig9_ir_vis_20260124-02-49-15.jpg,/Users/akbar/Downloads/paal_pipeline/data/20260124-02-47-28/pig9_depth_vis_20260124-02-49-15.jpg,2
20260124-02-47-28,10,20260124-02-49-23,/Users/akbar/Downloads/paal_pipeline/data/20260124-02-47-28/pig10_rgb_20260124-02-49-23.jpg,/Users/akbar/Downloads/paal_pipeline/data/20260124-02-47-28/pig10_ir_vis_20260124-02-49-23.jpg,/Users/akbar/Downloads/paal_pipeline/data/20260124-02-47-28/pig10_depth_vis_20260124-02-49-23.jpg,2
20260124-02-47-28,11,20260124-02-49-33,/Users/akbar/Downloads/paal_pipeline/data/20260124-02-47-28/pig11_rgb_20260124-02-49-33.jpg,/Users/akbar/Downloads/paal_pipeline/data/20260124-02-47-28/pig11_ir_vis_20260124-02-49-33.jpg,/Users/akbar/Downloads/paal_pipeline/data/20260124-02-47-28/pig11_depth_vis_20260124-02-49-33.jpg,2
20260124-02-47-28,12,20260124-02-49-41,/Users/akbar/Downloads/paal_pipeline/data/20260124-02-47-28/pig12_rgb_20260124-02-49-41.jpg,/Users/akbar/Downloads/paal_pipeline/data/20260124-02-47-28/pig12_ir_vis_20260124-02-49-41.jpg,/Users/akbar/Downloads/paal_pipeline/data/20260124-02-47-28/pig12_depth_vis_20260124-02-49-41.jpg,2
20260124-02-47-28,14,20260124-02-49-59,/Users/akbar/Downloads/paal_pipeline/data/20260124-02-47-28/pig14_rgb_20260124-02-49-59.jpg,/Users/akbar/Downloads/paal_pipeline/data/20260124-02-47-28/pig14_ir_vis_20260124-02-49-59.jpg,/Users/akbar/Downloads/paal_pipeline/data/20260124-02-47-28/pig14_depth_vis_20260124-02-49-59.jpg,2
20260124-02-47-28,15,20260124-02-50-08,/Users/akbar/Downloads/paal_pipeline/data/20260124-02-47-28/pig15_rgb_20260124-02-50-08.jpg,/Users/akbar/Downloads/paal_pipeline/data/20260124-02-47-28/pig15_ir_vis_20260124-02-50-08.jpg,/Users/akbar/Downloads/paal_pipeline/data/20260124-02-47-28/pig15_depth_vis_20260124-02-50-08.jpg,2
20260124-02-47-28,16,20260124-02-50-17,/Users/akbar/Downloads/paal_pipeline/data/20260124-02-47-28/pig16_rgb_20260124-02-50-17.jpg,/Users/akbar/Downloads/paal_pipeline/data/20260124-02-47-28/pig16_ir_vis_20260124-02-50-17.jpg,/Users/akbar/Downloads/paal_pipeline/data/20260124-02-47-28/pig16_depth_vis_20260124-02-50-17.jpg,2
20260124-02-47-28,18,20260124-02-50-34,/Users/akbar/Downloads/paal_pipeline/data/20260124-02-47-28/pig18_rgb_20260124-02-50-34.jpg,/Users/akbar/Downloads/paal_pipeline/data/20260124-02-47-28/pig18_ir_vis_20260124-02-50-34.jpg,/Users/akbar/Downloads/paal_pipeline/data/20260124-02-47-28/pig18_depth_vis_20260124-02-50-34.jpg,0
20260124-03-08-47,0,20260124-03-09-14,/Users/akbar/Downloads/paal_pipeline/data/20260124-03-08-47/pig0_rgb_20260124-03-09-14.jpg,/Users/akbar/Downloads/paal_pipeline/data/20260124-03-08-47/pig0_ir_vis_20260124-03-09-14.jpg,/Users/akbar/Downloads/paal_pipeline/data/20260124-03-08-47/pig0_depth_vis_20260124-03-09-14.jpg,2
20260124-03-08-47,2,20260124-03-09-31,/Users/akbar/Downloads/paal_pipeline/data/20260124-03-08-47/pig2_rgb_20260124-03-09-31.jpg,/Users/akbar/Downloads/paal_pipeline/data/20260124-03-08-47/pig2_ir_vis_20260124-03-09-31.jpg,/Users/akbar/Downloads/paal_pipeline/data/20260124-03-08-47/pig2_depth_vis_20260124-03-09-31.jpg,2
20260124-03-08-47,3,20260124-03-09-40,/Users/akbar/Downloads/paal_pipeline/data/20260124-03-08-47/pig3_rgb_20260124-03-09-40.jpg,/Users/akbar/Downloads/paal_pipeline/data/20260124-03-08-47/pig3_ir_vis_20260124-03-09-40.jpg,/Users/akbar/Downloads/paal_pipeline/data/20260124-03-08-47/pig3_depth_vis_20260124-03-09-40.jpg,2
20260124-03-08-47,4,20260124-03-09-49,/Users/akbar/Downloads/paal_pipeline/data/20260124-03-08-47/pig4_rgb_20260124-03-09-49.jpg,/Users/akbar/Downloads/paal_pipeline/data/20260124-03-08-47/pig4_ir_vis_20260124-03-09-49.jpg,/Users/akbar/Downloads/paal_pipeline/data/20260124-03-08-47/pig4_depth_vis_20260124-03-09-49.jpg,2
20260124-03-08-47,5,20260124-03-09-58,/Users/akbar/Downloads/paal_pipeline/data/20260124-03-08-47/pig5_rgb_20260124-03-09-58.jpg,/Users/akbar/Downloads/paal_pipeline/data/20260124-03-08-47/pig5_ir_vis_20260124-03-09-58.jpg,/Users/akbar/Downloads/paal_pipeline/data/20260124-03-08-47/pig5_depth_vis_20260124-03-09-58.jpg,2
20260124-03-08-47,6,20260124-03-10-07,/Users/akbar/Downloads/paal_pipeline/data/20260124-03-08-47/pig6_rgb_20260124-03-10-07.jpg,/Users/akbar/Downloads/paal_pipeline/data/20260124-03-08-47/pig6_ir_vis_20260124-03-10-07.jpg,/Users/akbar/Downloads/paal_pipeline/data/20260124-03-08-47/pig6_depth_vis_20260124-03-10-07.jpg,2
20260124-03-08-47,7,20260124-03-10-16,/Users/akbar/Downloads/paal_pipeline/data/20260124-03-08-47/pig7_rgb_20260124-03-10-16.jpg,/Users/akbar/Downloads/paal_pipeline/data/20260124-03-08-47/pig7_ir_vis_20260124-03-10-16.jpg,/Users/akbar/Downloads/paal_pipeline/data/20260124-03-08-47/pig7_depth_vis_20260124-03-10-16.jpg,2
20260124-03-08-47,8,20260124-03-10-25,/Users/akbar/Downloads/paal_pipeline/data/20260124-03-08-47/pig8_rgb_20260124-03-10-25.jpg,/Users/akbar/Downloads/paal_pipeline/data/20260124-03-08-47/pig8_ir_vis_20260124-03-10-25.jpg,/Users/akbar/Downloads/paal_pipeline/data/20260124-03-08-47/pig8_depth_vis_20260124-03-10-25.jpg,2
20260124-03-08-47,9,20260124-03-10-34,/Users/akbar/Downloads/paal_pipeline/data/20260124-03-08-47/pig9_rgb_20260124-03-10-34.jpg,/Users/akbar/Downloads/paal_pipeline/data/20260124-03-08-47/pig9_ir_vis_20260124-03-10-34.jpg,/Users/akbar/Downloads/paal_pipeline/data/20260124-03-08-47/pig9_depth_vis_20260124-03-10-34.jpg,2
20260124-03-08-47,10,20260124-03-10-43,/Users/akbar/Downloads/paal_pipeline/data/20260124-03-08-47/pig10_rgb_20260124-03-10-43.jpg,/Users/akbar/Downloads/paal_pipeline/data/20260124-03-08-47/pig10_ir_vis_20260124-03-10-43.jpg,/Users/akbar/Downloads/paal_pipeline/data/20260124-03-08-47/pig10_depth_vis_20260124-03-10-43.jpg,2
20260124-03-08-47,11,20260124-03-10-52,/Users/akbar/Downloads/paal_pipeline/data/20260124-03-08-47/pig11_rgb_20260124-03-10-52.jpg,/Users/akbar/Downloads/paal_pipeline/data/20260124-03-08-47/pig11_ir_vis_20260124-03-10-52.jpg,/Users/akbar/Downloads/paal_pipeline/data/20260124-03-08-47/pig11_depth_vis_20260124-03-10-52.jpg,2
20260124-03-08-47,12,20260124-03-11-00,/Users/akbar/Downloads/paal_pipeline/data/20260124-03-08-47/pig12_rgb_20260124-03-11-00.jpg,/Users/akbar/Downloads/paal_pipeline/data/20260124-03-08-47/pig12_ir_vis_20260124-03-11-00.jpg,/Users/akbar/Downloads/paal_pipeline/data/20260124-03-08-47/pig12_depth_vis_20260124-03-11-00.jpg,2
20260124-03-08-47,14,20260124-03-11-18,/Users/akbar/Downloads/paal_pipeline/data/20260124-03-08-47/pig14_rgb_20260124-03-11-18.jpg,/Users/akbar/Downloads/paal_pipeline/data/20260124-03-08-47/pig14_ir_vis_20260124-03-11-18.jpg,/Users/akbar/Downloads/paal_pipeline/data/20260124-03-08-47/pig14_depth_vis_20260124-03-11-18.jpg,2
20260124-03-08-47,15,20260124-03-11-27,/Users/akbar/Downloads/paal_pipeline/data/20260124-03-08-47/pig15_rgb_20260124-03-11-27.jpg,/Users/akbar/Downloads/paal_pipeline/data/20260124-03-08-47/pig15_ir_vis_20260124-03-11-27.jpg,/Users/akbar/Downloads/paal_pipeline/data/20260124-03-08-47/pig15_depth_vis_20260124-03-11-27.jpg,2
20260124-03-08-47,16,20260124-03-11-36,/Users/akbar/Downloads/paal_pipeline/data/20260124-03-08-47/pig16_rgb_20260124-03-11-36.jpg,/Users/akbar/Downloads/paal_pipeline/data/20260124-03-08-47/pig16_ir_vis_20260124-03-11-36.jpg,/Users/akbar/Downloads/paal_pipeline/data/20260124-03-08-47/pig16_depth_vis_20260124-03-11-36.jpg,2
20260124-03-08-47,18,20260124-03-11-53,/Users/akbar/Downloads/paal_pipeline/data/20260124-03-08-47/pig18_rgb_20260124-03-11-53.jpg,/Users/akbar/Downloads/paal_pipeline/data/20260124-03-08-47/pig18_ir_vis_20260124-03-11-53.jpg,/Users/akbar/Downloads/paal_pipeline/data/20260124-03-08-47/pig18_depth_vis_20260124-03-11-53.jpg,2
20260124-05-16-41,0,20260124-05-17-08,/Users/akbar/Downloads/paal_pipeline/data/20260124-05-16-41/pig0_rgb_20260124-05-17-08.jpg,/Users/akbar/Downloads/paal_pipeline/data/20260124-05-16-41/pig0_ir_vis_20260124-05-17-08.jpg,/Users/akbar/Downloads/paal_pipeline/data/20260124-05-16-41/pig0_depth_vis_20260124-05-17-08.jpg,2
20260124-05-16-41,2,20260124-05-17-26,/Users/akbar/Downloads/paal_pipeline/data/20260124-05-16-41/pig2_rgb_20260124-05-17-26.jpg,/Users/akbar/Downloads/paal_pipeline/data/20260124-05-16-41/pig2_ir_vis_20260124-05-17-26.jpg,/Users/akbar/Downloads/paal_pipeline/data/20260124-05-16-41/pig2_depth_vis_20260124-05-17-26.jpg,2
20260124-05-16-41,3,20260124-05-17-35,/Users/akbar/Downloads/paal_pipeline/data/20260124-05-16-41/pig3_rgb_20260124-05-17-35.jpg,/Users/akbar/Downloads/paal_pipeline/data/20260124-05-16-41/pig3_ir_vis_20260124-05-17-35.jpg,/Users/akbar/Downloads/paal_pipeline/data/20260124-05-16-41/pig3_depth_vis_20260124-05-17-35.jpg,2
20260124-05-16-41,4,20260124-05-17-43,/Users/akbar/Downloads/paal_pipeline/data/20260124-05-16-41/pig4_rgb_20260124-05-17-43.jpg,/Users/akbar/Downloads/paal_pipeline/data/20260124-05-16-41/pig4_ir_vis_20260124-05-17-43.jpg,/Users/akbar/Downloads/paal_pipeline/data/20260124-05-16-41/pig4_depth_vis_20260124-05-17-43.jpg,2
20260124-05-16-41,5,20260124-05-17-52,/Users/akbar/Downloads/paal_pipeline/data/20260124-05-16-41/pig5_rgb_20260124-05-17-52.jpg,/Users/akbar/Downloads/paal_pipeline/data/20260124-05-16-41/pig5_ir_vis_20260124-05-17-52.jpg,/Users/akbar/Downloads/paal_pipeline/data/20260124-05-16-41/pig5_depth_vis_20260124-05-17-52.jpg,0
20260124-05-16-41,6,20260124-05-18-01,/Users/akbar/Downloads/paal_pipeline/data/20260124-05-16-41/pig6_rgb_20260124-05-18-01.jpg,/Users/akbar/Downloads/paal_pipeline/data/20260124-05-16-41/pig6_ir_vis_20260124-05-18-01.jpg,/Users/akbar/Downloads/paal_pipeline/data/20260124-05-16-41/pig6_depth_vis_20260124-05-18-01.jpg,2
20260124-05-16-41,7,20260124-05-18-10,/Users/akbar/Downloads/paal_pipeline/data/20260124-05-16-41/pig7_rgb_20260124-05-18-10.jpg,/Users/akbar/Downloads/paal_pipeline/data/20260124-05-16-41/pig7_ir_vis_20260124-05-18-10.jpg,/Users/akbar/Downloads/paal_pipeline/data/20260124-05-16-41/pig7_depth_vis_20260124-05-18-10.jpg,2
20260124-05-16-41,8,20260124-05-18-19,/Users/akbar/Downloads/paal_pipeline/data/20260124-05-16-41/pig8_rgb_20260124-05-18-19.jpg,/Users/akbar/Downloads/paal_pipeline/data/20260124-05-16-41/pig8_ir_vis_20260124-05-18-19.jpg,/Users/akbar/Downloads/paal_pipeline/data/20260124-05-16-41/pig8_depth_vis_20260124-05-18-19.jpg,0
20260124-05-16-41,9,20260124-05-18-28,/Users/akbar/Downloads/paal_pipeline/data/20260124-05-16-41/pig9_rgb_20260124-05-18-28.jpg,/Users/akbar/Downloads/paal_pipeline/data/20260124-05-16-41/pig9_ir_vis_20260124-05-18-28.jpg,/Users/akbar/Downloads/paal_pipeline/data/20260124-05-16-41/pig9_depth_vis_20260124-05-18-28.jpg,2
20260124-05-16-41,10,20260124-05-18-37,/Users/akbar/Downloads/paal_pipeline/data/20260124-05-16-41/pig10_rgb_20260124-05-18-37.jpg,/Users/akbar/Downloads/paal_pipeline/data/20260124-05-16-41/pig10_ir_vis_20260124-05-18-37.jpg,/Users/akbar/Downloads/paal_pipeline/data/20260124-05-16-41/pig10_depth_vis_20260124-05-18-37.jpg,2
20260124-05-16-41,11,20260124-05-18-46,/Users/akbar/Downloads/paal_pipeline/data/20260124-05-16-41/pig11_rgb_20260124-05-18-46.jpg,/Users/akbar/Downloads/paal_pipeline/data/20260124-05-16-41/pig11_ir_vis_20260124-05-18-46.jpg,/Users/akbar/Downloads/paal_pipeline/data/20260124-05-16-41/pig11_depth_vis_20260124-05-18-46.jpg,2
20260124-05-16-41,12,20260124-05-18-55,/Users/akbar/Downloads/paal_pipeline/data/20260124-05-16-41/pig12_rgb_20260124-05-18-55.jpg,/Users/akbar/Downloads/paal_pipeline/data/20260124-05-16-41/pig12_ir_vis_20260124-05-18-55.jpg,/Users/akbar/Downloads/paal_pipeline/data/20260124-05-16-41/pig12_depth_vis_20260124-05-18-55.jpg,2
20260124-05-16-41,14,20260124-05-19-12,/Users/akbar/Downloads/paal_pipeline/data/20260124-05-16-41/pig14_rgb_20260124-05-19-12.jpg,/Users/akbar/Downloads/paal_pipeline/data/20260124-05-16-41/pig14_ir_vis_20260124-05-19-12.jpg,/Users/akbar/Downloads/paal_pipeline/data/20260124-05-16-41/pig14_depth_vis_20260124-05-19-12.jpg,2
20260124-05-16-41,15,20260124-05-19-22,/Users/akbar/Downloads/paal_pipeline/data/20260124-05-16-41/pig15_rgb_20260124-05-19-22.jpg,/Users/akbar/Downloads/paal_pipeline/data/20260124-05-16-41/pig15_ir_vis_20260124-05-19-22.jpg,/Users/akbar/Downloads/paal_pipeline/data/20260124-05-16-41/pig15_depth_vis_20260124-05-19-22.jpg,2
20260124-05-16-41,16,20260124-05-19-30,/Users/akbar/Downloads/paal_pipeline/data/20260124-05-16-41/pig16_rgb_20260124-05-19-30.jpg,/Users/akbar/Downloads/paal_pipeline/data/20260124-05-16-41/pig16_ir_vis_20260124-05-19-30.jpg,/Users/akbar/Downloads/paal_pipeline/data/20260124-05-16-41/pig16_depth_vis_20260124-05-19-30.jpg,2
20260124-05-16-41,18,20260124-05-19-48,/Users/akbar/Downloads/paal_pipeline/data/20260124-05-16-41/pig18_rgb_20260124-05-19-48.jpg,/Users/akbar/Downloads/paal_pipeline/data/20260124-05-16-41/pig18_ir_vis_20260124-05-19-48.jpg,/Users/akbar/Downloads/paal_pipeline/data/20260124-05-16-41/pig18_depth_vis_20260124-05-19-48.jpg,2
20260124-06-20-39,0,20260124-06-21-05,/Users/akbar/Downloads/paal_pipeline/data/20260124-06-20-39/pig0_rgb_20260124-06-21-05.jpg,/Users/akbar/Downloads/paal_pipeline/data/20260124-06-20-39/pig0_ir_vis_20260124-06-21-05.jpg,/Users/akbar/Downloads/paal_pipeline/data/20260124-06-20-39/pig0_depth_vis_20260124-06-21-05.jpg,0
20260124-06-20-39,2,20260124-06-21-23,/Users/akbar/Downloads/paal_pipeline/data/20260124-06-20-39/pig2_rgb_20260124-06-21-23.jpg,/Users/akbar/Downloads/paal_pipeline/data/20260124-06-20-39/pig2_ir_vis_20260124-06-21-23.jpg,/Users/akbar/Downloads/paal_pipeline/data/20260124-06-20-39/pig2_depth_vis_20260124-06-21-23.jpg,2
20260124-06-20-39,3,20260124-06-21-32,/Users/akbar/Downloads/paal_pipeline/data/20260124-06-20-39/pig3_rgb_20260124-06-21-32.jpg,/Users/akbar/Downloads/paal_pipeline/data/20260124-06-20-39/pig3_ir_vis_20260124-06-21-32.jpg,/Users/akbar/Downloads/paal_pipeline/data/20260124-06-20-39/pig3_depth_vis_20260124-06-21-32.jpg,2
20260124-06-20-39,4,20260124-06-21-41,/Users/akbar/Downloads/paal_pipeline/data/20260124-06-20-39/pig4_rgb_20260124-06-21-41.jpg,/Users/akbar/Downloads/paal_pipeline/data/20260124-06-20-39/pig4_ir_vis_20260124-06-21-41.jpg,/Users/akbar/Downloads/paal_pipeline/data/20260124-06-20-39/pig4_depth_vis_20260124-06-21-41.jpg,2
20260124-06-20-39,5,20260124-06-21-50,/Users/akbar/Downloads/paal_pipeline/data/20260124-06-20-39/pig5_rgb_20260124-06-21-50.jpg,/Users/akbar/Downloads/paal_pipeline/data/20260124-06-20-39/pig5_ir_vis_20260124-06-21-50.jpg,/Users/akbar/Downloads/paal_pipeline/data/20260124-06-20-39/pig5_depth_vis_20260124-06-21-50.jpg,0
20260124-06-20-39,6,20260124-06-21-58,/Users/akbar/Downloads/paal_pipeline/data/20260124-06-20-39/pig6_rgb_20260124-06-21-58.jpg,/Users/akbar/Downloads/paal_pipeline/data/20260124-06-20-39/pig6_ir_vis_20260124-06-21-58.jpg,/Users/akbar/Downloads/paal_pipeline/data/20260124-06-20-39/pig6_depth_vis_20260124-06-21-58.jpg,0
20260124-06-20-39,7,20260124-06-22-07,/Users/akbar/Downloads/paal_pipeline/data/20260124-06-20-39/pig7_rgb_20260124-06-22-07.jpg,/Users/akbar/Downloads/paal_pipeline/data/20260124-06-20-39/pig7_ir_vis_20260124-06-22-07.jpg,/Users/akbar/Downloads/paal_pipeline/data/20260124-06-20-39/pig7_depth_vis_20260124-06-22-07.jpg,0
20260124-06-20-39,8,20260124-06-22-16,/Users/akbar/Downloads/paal_pipeline/data/20260124-06-20-39/pig8_rgb_20260124-06-22-16.jpg,/Users/akbar/Downloads/paal_pipeline/data/20260124-06-20-39/pig8_ir_vis_20260124-06-22-16.jpg,/Users/akbar/Downloads/paal_pipeline/data/20260124-06-20-39/pig8_depth_vis_20260124-06-22-16.jpg,0
20260124-06-20-39,9,20260124-06-22-25,/Users/akbar/Downloads/paal_pipeline/data/20260124-06-20-39/pig9_rgb_20260124-06-22-25.jpg,/Users/akbar/Downloads/paal_pipeline/data/20260124-06-20-39/pig9_ir_vis_20260124-06-22-25.jpg,/Users/akbar/Downloads/paal_pipeline/data/20260124-06-20-39/pig9_depth_vis_20260124-06-22-25.jpg,2
20260124-06-20-39,10,20260124-06-22-34,/Users/akbar/Downloads/paal_pipeline/data/20260124-06-20-39/pig10_rgb_20260124-06-22-34.jpg,/Users/akbar/Downloads/paal_pipeline/data/20260124-06-20-39/pig10_ir_vis_20260124-06-22-34.jpg,/Users/akbar/Downloads/paal_pipeline/data/20260124-06-20-39/pig10_depth_vis_20260124-06-22-34.jpg,2
20260124-06-20-39,11,20260124-06-22-43,/Users/akbar/Downloads/paal_pipeline/data/20260124-06-20-39/pig11_rgb_20260124-06-22-43.jpg,/Users/akbar/Downloads/paal_pipeline/data/20260124-06-20-39/pig11_ir_vis_20260124-06-22-43.jpg,/Users/akbar/Downloads/paal_pipeline/data/20260124-06-20-39/pig11_depth_vis_20260124-06-22-43.jpg,0
20260124-06-20-39,12,20260124-06-22-52,/Users/akbar/Downloads/paal_pipeline/data/20260124-06-20-39/pig12_rgb_20260124-06-22-52.jpg,/Users/akbar/Downloads/paal_pipeline/data/20260124-06-20-39/pig12_ir_vis_20260124-06-22-52.jpg,/Users/akbar/Downloads/paal_pipeline/data/20260124-06-20-39/pig12_depth_vis_20260124-06-22-52.jpg,0
20260124-06-20-39,14,20260124-06-23-10,/Users/akbar/Downloads/paal_pipeline/data/20260124-06-20-39/pig14_rgb_20260124-06-23-10.jpg,/Users/akbar/Downloads/paal_pipeline/data/20260124-06-20-39/pig14_ir_vis_20260124-06-23-10.jpg,/Users/akbar/Downloads/paal_pipeline/data/20260124-06-20-39/pig14_depth_vis_20260124-06-23-10.jpg,0
20260124-06-20-39,15,20260124-06-23-19,/Users/akbar/Downloads/paal_pipeline/data/20260124-06-20-39/pig15_rgb_20260124-06-23-19.jpg,/Users/akbar/Downloads/paal_pipeline/data/20260124-06-20-39/pig15_ir_vis_20260124-06-23-19.jpg,/Users/akbar/Downloads/paal_pipeline/data/20260124-06-20-39/pig15_depth_vis_20260124-06-23-19.jpg,2
20260124-06-20-39,16,20260124-06-23-27,/Users/akbar/Downloads/paal_pipeline/data/20260124-06-20-39/pig16_rgb_20260124-06-23-27.jpg,/Users/akbar/Downloads/paal_pipeline/data/20260124-06-20-39/pig16_ir_vis_20260124-06-23-27.jpg,/Users/akbar/Downloads/paal_pipeline/data/20260124-06-20-39/pig16_depth_vis_20260124-06-23-27.jpg,2
20260124-06-20-39,18,20260124-06-23-45,/Users/akbar/Downloads/paal_pipeline/data/20260124-06-20-39/pig18_rgb_20260124-06-23-45.jpg,/Users/akbar/Downloads/paal_pipeline/data/20260124-06-20-39/pig18_ir_vis_20260124-06-23-45.jpg,/Users/akbar/Downloads/paal_pipeline/data/20260124-06-20-39/pig18_depth_vis_20260124-06-23-45.jpg,2
20260124-06-31-18,0,20260124-06-31-45,/Users/akbar/Downloads/paal_pipeline/data/20260124-06-31-18/pig0_rgb_20260124-06-31-45.jpg,/Users/akbar/Downloads/paal_pipeline/data/20260124-06-31-18/pig0_ir_vis_20260124-06-31-45.jpg,/Users/akbar/Downloads/paal_pipeline/data/20260124-06-31-18/pig0_depth_vis_20260124-06-31-45.jpg,0
20260124-06-31-18,2,20260124-06-32-02,/Users/akbar/Downloads/paal_pipeline/data/20260124-06-31-18/pig2_rgb_20260124-06-32-02.jpg,/Users/akbar/Downloads/paal_pipeline/data/20260124-06-31-18/pig2_ir_vis_20260124-06-32-02.jpg,/Users/akbar/Downloads/paal_pipeline/data/20260124-06-31-18/pig2_depth_vis_20260124-06-32-02.jpg,2
20260124-06-31-18,3,20260124-06-32-11,/Users/akbar/Downloads/paal_pipeline/data/20260124-06-31-18/pig3_rgb_20260124-06-32-11.jpg,/Users/akbar/Downloads/paal_pipeline/data/20260124-06-31-18/pig3_ir_vis_20260124-06-32-11.jpg,/Users/akbar/Downloads/paal_pipeline/data/20260124-06-31-18/pig3_depth_vis_20260124-06-32-11.jpg,2
20260124-06-31-18,4,20260124-06-32-20,/Users/akbar/Downloads/paal_pipeline/data/20260124-06-31-18/pig4_rgb_20260124-06-32-20.jpg,/Users/akbar/Downloads/paal_pipeline/data/20260124-06-31-18/pig4_ir_vis_20260124-06-32-20.jpg,/Users/akbar/Downloads/paal_pipeline/data/20260124-06-31-18/pig4_depth_vis_20260124-06-32-20.jpg,2
20260124-06-31-18,5,20260124-06-32-29,/Users/akbar/Downloads/paal_pipeline/data/20260124-06-31-18/pig5_rgb_20260124-06-32-29.jpg,/Users/akbar/Downloads/paal_pipeline/data/20260124-06-31-18/pig5_ir_vis_20260124-06-32-29.jpg,/Users/akbar/Downloads/paal_pipeline/data/20260124-06-31-18/pig5_depth_vis_20260124-06-32-29.jpg,0
20260124-06-31-18,6,20260124-06-32-38,/Users/akbar/Downloads/paal_pipeline/data/20260124-06-31-18/pig6_rgb_20260124-06-32-38.jpg,/Users/akbar/Downloads/paal_pipeline/data/20260124-06-31-18/pig6_ir_vis_20260124-06-32-38.jpg,/Users/akbar/Downloads/paal_pipeline/data/20260124-06-31-18/pig6_depth_vis_20260124-06-32-38.jpg,0
20260124-06-31-18,7,20260124-06-32-47,/Users/akbar/Downloads/paal_pipeline/data/20260124-06-31-18/pig7_rgb_20260124-06-32-47.jpg,/Users/akbar/Downloads/paal_pipeline/data/20260124-06-31-18/pig7_ir_vis_20260124-06-32-47.jpg,/Users/akbar/Downloads/paal_pipeline/data/20260124-06-31-18/pig7_depth_vis_20260124-06-32-47.jpg,0
20260124-06-31-18,8,20260124-06-32-56,/Users/akbar/Downloads/paal_pipeline/data/20260124-06-31-18/pig8_rgb_20260124-06-32-56.jpg,/Users/akbar/Downloads/paal_pipeline/data/20260124-06-31-18/pig8_ir_vis_20260124-06-32-56.jpg,/Users/akbar/Downloads/paal_pipeline/data/20260124-06-31-18/pig8_depth_vis_20260124-06-32-56.jpg,0
20260124-06-31-18,9,20260124-06-33-05,/Users/akbar/Downloads/paal_pipeline/data/20260124-06-31-18/pig9_rgb_20260124-06-33-05.jpg,/Users/akbar/Downloads/paal_pipeline/data/20260124-06-31-18/pig9_ir_vis_20260124-06-33-05.jpg,/Users/akbar/Downloads/paal_pipeline/data/20260124-06-31-18/pig9_depth_vis_20260124-06-33-05.jpg,2
20260124-06-31-18,10,20260124-06-33-14,/Users/akbar/Downloads/paal_pipeline/data/20260124-06-31-18/pig10_rgb_20260124-06-33-14.jpg,/Users/akbar/Downloads/paal_pipeline/data/20260124-06-31-18/pig10_ir_vis_20260124-06-33-14.jpg,/Users/akbar/Downloads/paal_pipeline/data/20260124-06-31-18/pig10_depth_vis_20260124-06-33-14.jpg,2
20260124-06-31-18,11,20260124-06-33-23,/Users/akbar/Downloads/paal_pipeline/data/20260124-06-31-18/pig11_rgb_20260124-06-33-23.jpg,/Users/akbar/Downloads/paal_pipeline/data/20260124-06-31-18/pig11_ir_vis_20260124-06-33-23.jpg,/Users/akbar/Downloads/paal_pipeline/data/20260124-06-31-18/pig11_depth_vis_20260124-06-33-23.jpg,0
20260124-06-31-18,12,20260124-06-33-31,/Users/akbar/Downloads/paal_pipeline/data/20260124-06-31-18/pig12_rgb_20260124-06-33-31.jpg,/Users/akbar/Downloads/paal_pipeline/data/20260124-06-31-18/pig12_ir_vis_20260124-06-33-31.jpg,/Users/akbar/Downloads/paal_pipeline/data/20260124-06-31-18/pig12_depth_vis_20260124-06-33-31.jpg,0
20260124-06-31-18,14,20260124-06-33-49,/Users/akbar/Downloads/paal_pipeline/data/20260124-06-31-18/pig14_rgb_20260124-06-33-49.jpg,/Users/akbar/Downloads/paal_pipeline/data/20260124-06-31-18/pig14_ir_vis_20260124-06-33-49.jpg,/Users/akbar/Downloads/paal_pipeline/data/20260124-06-31-18/pig14_depth_vis_20260124-06-33-49.jpg,0
20260124-06-31-18,15,20260124-06-33-58,/Users/akbar/Downloads/paal_pipeline/data/20260124-06-31-18/pig15_rgb_20260124-06-33-58.jpg,/Users/akbar/Downloads/paal_pipeline/data/20260124-06-31-18/pig15_ir_vis_20260124-06-33-58.jpg,/Users/akbar/Downloads/paal_pipeline/data/20260124-06-31-18/pig15_depth_vis_20260124-06-33-58.jpg,2
20260124-06-31-18,16,20260124-06-34-07,/Users/akbar/Downloads/paal_pipeline/data/20260124-06-31-18/pig16_rgb_20260124-06-34-07.jpg,/Users/akbar/Downloads/paal_pipeline/data/20260124-06-31-18/pig16_ir_vis_20260124-06-34-07.jpg,/Users/akbar/Downloads/paal_pipeline/data/20260124-06-31-18/pig16_depth_vis_20260124-06-34-07.jpg,2
20260124-06-31-18,18,20260124-06-34-24,/Users/akbar/Downloads/paal_pipeline/data/20260124-06-31-18/pig18_rgb_20260124-06-34-24.jpg,/Users/akbar/Downloads/paal_pipeline/data/20260124-06-31-18/pig18_ir_vis_20260124-06-34-24.jpg,/Users/akbar/Downloads/paal_pipeline/data/20260124-06-31-18/pig18_depth_vis_20260124-06-34-24.jpg,2
20260124-07-03-17,0,20260124-07-03-43,/Users/akbar/Downloads/paal_pipeline/data/20260124-07-03-17/pig0_rgb_20260124-07-03-43.jpg,/Users/akbar/Downloads/paal_pipeline/data/20260124-07-03-17/pig0_ir_vis_20260124-07-03-43.jpg,/Users/akbar/Downloads/paal_pipeline/data/20260124-07-03-17/pig0_depth_vis_20260124-07-03-43.jpg,0
20260124-07-03-17,2,20260124-07-04-01,/Users/akbar/Downloads/paal_pipeline/data/20260124-07-03-17/pig2_rgb_20260124-07-04-01.jpg,/Users/akbar/Downloads/paal_pipeline/data/20260124-07-03-17/pig2_ir_vis_20260124-07-04-01.jpg,/Users/akbar/Downloads/paal_pipeline/data/20260124-07-03-17/pig2_depth_vis_20260124-07-04-01.jpg,0
20260124-07-03-17,3,20260124-07-04-10,/Users/akbar/Downloads/paal_pipeline/data/20260124-07-03-17/pig3_rgb_20260124-07-04-10.jpg,/Users/akbar/Downloads/paal_pipeline/data/20260124-07-03-17/pig3_ir_vis_20260124-07-04-10.jpg,/Users/akbar/Downloads/paal_pipeline/data/20260124-07-03-17/pig3_depth_vis_20260124-07-04-10.jpg,0
20260124-07-03-17,4,20260124-07-04-19,/Users/akbar/Downloads/paal_pipeline/data/20260124-07-03-17/pig4_rgb_20260124-07-04-19.jpg,/Users/akbar/Downloads/paal_pipeline/data/20260124-07-03-17/pig4_ir_vis_20260124-07-04-19.jpg,/Users/akbar/Downloads/paal_pipeline/data/20260124-07-03-17/pig4_depth_vis_20260124-07-04-19.jpg,2
20260124-07-03-17,5,20260124-07-04-28,/Users/akbar/Downloads/paal_pipeline/data/20260124-07-03-17/pig5_rgb_20260124-07-04-28.jpg,/Users/akbar/Downloads/paal_pipeline/data/20260124-07-03-17/pig5_ir_vis_20260124-07-04-28.jpg,/Users/akbar/Downloads/paal_pipeline/data/20260124-07-03-17/pig5_depth_vis_20260124-07-04-28.jpg,0
20260124-07-03-17,6,20260124-07-04-37,/Users/akbar/Downloads/paal_pipeline/data/20260124-07-03-17/pig6_rgb_20260124-07-04-37.jpg,/Users/akbar/Downloads/paal_pipeline/data/20260124-07-03-17/pig6_ir_vis_20260124-07-04-37.jpg,/Users/akbar/Downloads/paal_pipeline/data/20260124-07-03-17/pig6_depth_vis_20260124-07-04-37.jpg,0
20260124-07-03-17,7,20260124-07-04-46,/Users/akbar/Downloads/paal_pipeline/data/20260124-07-03-17/pig7_rgb_20260124-07-04-46.jpg,/Users/akbar/Downloads/paal_pipeline/data/20260124-07-03-17/pig7_ir_vis_20260124-07-04-46.jpg,/Users/akbar/Downloads/paal_pipeline/data/20260124-07-03-17/pig7_depth_vis_20260124-07-04-46.jpg,0
20260124-07-03-17,8,20260124-07-04-55,/Users/akbar/Downloads/paal_pipeline/data/20260124-07-03-17/pig8_rgb_20260124-07-04-55.jpg,/Users/akbar/Downloads/paal_pipeline/data/20260124-07-03-17/pig8_ir_vis_20260124-07-04-55.jpg,/Users/akbar/Downloads/paal_pipeline/data/20260124-07-03-17/pig8_depth_vis_20260124-07-04-55.jpg,0
20260124-07-03-17,9,20260124-07-05-03,/Users/akbar/Downloads/paal_pipeline/data/20260124-07-03-17/pig9_rgb_20260124-07-05-03.jpg,/Users/akbar/Downloads/paal_pipeline/data/20260124-07-03-17/pig9_ir_vis_20260124-07-05-03.jpg,/Users/akbar/Downloads/paal_pipeline/data/20260124-07-03-17/pig9_depth_vis_20260124-07-05-03.jpg,0
20260124-07-03-17,10,20260124-07-05-12,/Users/akbar/Downloads/paal_pipeline/data/20260124-07-03-17/pig10_rgb_20260124-07-05-12.jpg,/Users/akbar/Downloads/paal_pipeline/data/20260124-07-03-17/pig10_ir_vis_20260124-07-05-12.jpg,/Users/akbar/Downloads/paal_pipeline/data/20260124-07-03-17/pig10_depth_vis_20260124-07-05-12.jpg,0
20260124-07-03-17,11,20260124-07-05-21,/Users/akbar/Downloads/paal_pipeline/data/20260124-07-03-17/pig11_rgb_20260124-07-05-21.jpg,/Users/akbar/Downloads/paal_pipeline/data/20260124-07-03-17/pig11_ir_vis_20260124-07-05-21.jpg,/Users/akbar/Downloads/paal_pipeline/data/20260124-07-03-17/pig11_depth_vis_20260124-07-05-21.jpg,0
20260124-07-03-17,12,20260124-07-05-30,/Users/akbar/Downloads/paal_pipeline/data/20260124-07-03-17/pig12_rgb_20260124-07-05-30.jpg,/Users/akbar/Downloads/paal_pipeline/data/20260124-07-03-17/pig12_ir_vis_20260124-07-05-30.jpg,/Users/akbar/Downloads/paal_pipeline/data/20260124-07-03-17/pig12_depth_vis_20260124-07-05-30.jpg,0
20260124-07-03-17,14,20260124-07-05-48,/Users/akbar/Downloads/paal_pipeline/data/20260124-07-03-17/pig14_rgb_20260124-07-05-48.jpg,/Users/akbar/Downloads/paal_pipeline/data/20260124-07-03-17/pig14_ir_vis_20260124-07-05-48.jpg,/Users/akbar/Downloads/paal_pipeline/data/20260124-07-03-17/pig14_depth_vis_20260124-07-05-48.jpg,0
20260124-07-03-17,15,20260124-07-05-57,/Users/akbar/Downloads/paal_pipeline/data/20260124-07-03-17/pig15_rgb_20260124-07-05-57.jpg,/Users/akbar/Downloads/paal_pipeline/data/20260124-07-03-17/pig15_ir_vis_20260124-07-05-57.jpg,/Users/akbar/Downloads/paal_pipeline/data/20260124-07-03-17/pig15_depth_vis_20260124-07-05-57.jpg,2
20260124-07-03-17,16,20260124-07-06-06,/Users/akbar/Downloads/paal_pipeline/data/20260124-07-03-17/pig16_rgb_20260124-07-06-06.jpg,/Users/akbar/Downloads/paal_pipeline/data/20260124-07-03-17/pig16_ir_vis_20260124-07-06-06.jpg,/Users/akbar/Downloads/paal_pipeline/data/20260124-07-03-17/pig16_depth_vis_20260124-07-06-06.jpg,1
20260124-10-25-49,0,20260124-10-26-16,/Users/akbar/Downloads/paal_pipeline/data/20260124-10-25-49/pig0_rgb_20260124-10-26-16.jpg,/Users/akbar/Downloads/paal_pipeline/data/20260124-10-25-49/pig0_ir_vis_20260124-10-26-16.jpg,/Users/akbar/Downloads/paal_pipeline/data/20260124-10-25-49/pig0_depth_vis_20260124-10-26-16.jpg,0
20260124-10-25-49,2,20260124-10-26-34,/Users/akbar/Downloads/paal_pipeline/data/20260124-10-25-49/pig2_rgb_20260124-10-26-34.jpg,/Users/akbar/Downloads/paal_pipeline/data/20260124-10-25-49/pig2_ir_vis_20260124-10-26-34.jpg,/Users/akbar/Downloads/paal_pipeline/data/20260124-10-25-49/pig2_depth_vis_20260124-10-26-34.jpg,0
20260124-10-25-49,3,20260124-10-26-43,/Users/akbar/Downloads/paal_pipeline/data/20260124-10-25-49/pig3_rgb_20260124-10-26-43.jpg,/Users/akbar/Downloads/paal_pipeline/data/20260124-10-25-49/pig3_ir_vis_20260124-10-26-43.jpg,/Users/akbar/Downloads/paal_pipeline/data/20260124-10-25-49/pig3_depth_vis_20260124-10-26-43.jpg,0
20260124-10-25-49,4,20260124-10-26-51,/Users/akbar/Downloads/paal_pipeline/data/20260124-10-25-49/pig4_rgb_20260124-10-26-51.jpg,/Users/akbar/Downloads/paal_pipeline/data/20260124-10-25-49/pig4_ir_vis_20260124-10-26-51.jpg,/Users/akbar/Downloads/paal_pipeline/data/20260124-10-25-49/pig4_depth_vis_20260124-10-26-51.jpg,0
20260124-10-25-49,5,20260124-10-27-00,/Users/akbar/Downloads/paal_pipeline/data/20260124-10-25-49/pig5_rgb_20260124-10-27-00.jpg,/Users/akbar/Downloads/paal_pipeline/data/20260124-10-25-49/pig5_ir_vis_20260124-10-27-00.jpg,/Users/akbar/Downloads/paal_pipeline/data/20260124-10-25-49/pig5_depth_vis_20260124-10-27-00.jpg,0
20260124-10-25-49,6,20260124-10-27-09,/Users/akbar/Downloads/paal_pipeline/data/20260124-10-25-49/pig6_rgb_20260124-10-27-09.jpg,/Users/akbar/Downloads/paal_pipeline/data/20260124-10-25-49/pig6_ir_vis_20260124-10-27-09.jpg,/Users/akbar/Downloads/paal_pipeline/data/20260124-10-25-49/pig6_depth_vis_20260124-10-27-09.jpg,0
20260124-10-25-49,7,20260124-10-27-18,/Users/akbar/Downloads/paal_pipeline/data/20260124-10-25-49/pig7_rgb_20260124-10-27-18.jpg,/Users/akbar/Downloads/paal_pipeline/data/20260124-10-25-49/pig7_ir_vis_20260124-10-27-18.jpg,/Users/akbar/Downloads/paal_pipeline/data/20260124-10-25-49/pig7_depth_vis_20260124-10-27-18.jpg,0
20260124-10-25-49,8,20260124-10-27-27,/Users/akbar/Downloads/paal_pipeline/data/20260124-10-25-49/pig8_rgb_20260124-10-27-27.jpg,/Users/akbar/Downloads/paal_pipeline/data/20260124-10-25-49/pig8_ir_vis_20260124-10-27-27.jpg,/Users/akbar/Downloads/paal_pipeline/data/20260124-10-25-49/pig8_depth_vis_20260124-10-27-27.jpg,0
20260124-10-25-49,9,20260124-10-27-36,/Users/akbar/Downloads/paal_pipeline/data/20260124-10-25-49/pig9_rgb_20260124-10-27-36.jpg,/Users/akbar/Downloads/paal_pipeline/data/20260124-10-25-49/pig9_ir_vis_20260124-10-27-36.jpg,/Users/akbar/Downloads/paal_pipeline/data/20260124-10-25-49/pig9_depth_vis_20260124-10-27-36.jpg,0
20260124-10-25-49,10,20260124-10-27-45,/Users/akbar/Downloads/paal_pipeline/data/20260124-10-25-49/pig10_rgb_20260124-10-27-45.jpg,/Users/akbar/Downloads/paal_pipeline/data/20260124-10-25-49/pig10_ir_vis_20260124-10-27-45.jpg,/Users/akbar/Downloads/paal_pipeline/data/20260124-10-25-49/pig10_depth_vis_20260124-10-27-45.jpg,0
20260124-10-25-49,11,20260124-10-27-54,/Users/akbar/Downloads/paal_pipeline/data/20260124-10-25-49/pig11_rgb_20260124-10-27-54.jpg,/Users/akbar/Downloads/paal_pipeline/data/20260124-10-25-49/pig11_ir_vis_20260124-10-27-54.jpg,/Users/akbar/Downloads/paal_pipeline/data/20260124-10-25-49/pig11_depth_vis_20260124-10-27-54.jpg,0
20260124-10-25-49,12,20260124-10-28-03,/Users/akbar/Downloads/paal_pipeline/data/20260124-10-25-49/pig12_rgb_20260124-10-28-03.jpg,/Users/akbar/Downloads/paal_pipeline/data/20260124-10-25-49/pig12_ir_vis_20260124-10-28-03.jpg,/Users/akbar/Downloads/paal_pipeline/data/20260124-10-25-49/pig12_depth_vis_20260124-10-28-03.jpg,0
20260124-10-25-49,14,20260124-10-28-20,/Users/akbar/Downloads/paal_pipeline/data/20260124-10-25-49/pig14_rgb_20260124-10-28-20.jpg,/Users/akbar/Downloads/paal_pipeline/data/20260124-10-25-49/pig14_ir_vis_20260124-10-28-20.jpg,/Users/akbar/Downloads/paal_pipeline/data/20260124-10-25-49/pig14_depth_vis_20260124-10-28-20.jpg,0
20260124-10-25-49,15,20260124-10-28-30,/Users/akbar/Downloads/paal_pipeline/data/20260124-10-25-49/pig15_rgb_20260124-10-28-30.jpg,/Users/akbar/Downloads/paal_pipeline/data/20260124-10-25-49/pig15_ir_vis_20260124-10-28-30.jpg,/Users/akbar/Downloads/paal_pipeline/data/20260124-10-25-49/pig15_depth_vis_20260124-10-28-30.jpg,0
20260124-10-25-49,16,20260124-10-28-38,/Users/akbar/Downloads/paal_pipeline/data/20260124-10-25-49/pig16_rgb_20260124-10-28-38.jpg,/Users/akbar/Downloads/paal_pipeline/data/20260124-10-25-49/pig16_ir_vis_20260124-10-28-38.jpg,/Users/akbar/Downloads/paal_pipeline/data/20260124-10-25-49/pig16_depth_vis_20260124-10-28-38.jpg,0
20260124-10-25-49,18,20260124-10-28-56,/Users/akbar/Downloads/paal_pipeline/data/20260124-10-25-49/pig18_rgb_20260124-10-28-56.jpg,/Users/akbar/Downloads/paal_pipeline/data/20260124-10-25-49/pig18_ir_vis_20260124-10-28-56.jpg,/Users/akbar/Downloads/paal_pipeline/data/20260124-10-25-49/pig18_depth_vis_20260124-10-28-56.jpg,0
20260124-10-57-48,0,20260124-10-58-15,/Users/akbar/Downloads/paal_pipeline/data/20260124-10-57-48/pig0_rgb_20260124-10-58-15.jpg,/Users/akbar/Downloads/paal_pipeline/data/20260124-10-57-48/pig0_ir_vis_20260124-10-58-15.jpg,/Users/akbar/Downloads/paal_pipeline/data/20260124-10-57-48/pig0_depth_vis_20260124-10-58-15.jpg,0
20260124-10-57-48,2,20260124-10-58-32,/Users/akbar/Downloads/paal_pipeline/data/20260124-10-57-48/pig2_rgb_20260124-10-58-32.jpg,/Users/akbar/Downloads/paal_pipeline/data/20260124-10-57-48/pig2_ir_vis_20260124-10-58-32.jpg,/Users/akbar/Downloads/paal_pipeline/data/20260124-10-57-48/pig2_depth_vis_20260124-10-58-32.jpg,0
20260124-10-57-48,3,20260124-10-58-41,/Users/akbar/Downloads/paal_pipeline/data/20260124-10-57-48/pig3_rgb_20260124-10-58-41.jpg,/Users/akbar/Downloads/paal_pipeline/data/20260124-10-57-48/pig3_ir_vis_20260124-10-58-41.jpg,/Users/akbar/Downloads/paal_pipeline/data/20260124-10-57-48/pig3_depth_vis_20260124-10-58-41.jpg,0
20260124-10-57-48,4,20260124-10-58-50,/Users/akbar/Downloads/paal_pipeline/data/20260124-10-57-48/pig4_rgb_20260124-10-58-50.jpg,/Users/akbar/Downloads/paal_pipeline/data/20260124-10-57-48/pig4_ir_vis_20260124-10-58-50.jpg,/Users/akbar/Downloads/paal_pipeline/data/20260124-10-57-48/pig4_depth_vis_20260124-10-58-50.jpg,2
20260124-10-57-48,5,20260124-10-58-59,/Users/akbar/Downloads/paal_pipeline/data/20260124-10-57-48/pig5_rgb_20260124-10-58-59.jpg,/Users/akbar/Downloads/paal_pipeline/data/20260124-10-57-48/pig5_ir_vis_20260124-10-58-59.jpg,/Users/akbar/Downloads/paal_pipeline/data/20260124-10-57-48/pig5_depth_vis_20260124-10-58-59.jpg,0
20260124-10-57-48,6,20260124-10-59-08,/Users/akbar/Downloads/paal_pipeline/data/20260124-10-57-48/pig6_rgb_20260124-10-59-08.jpg,/Users/akbar/Downloads/paal_pipeline/data/20260124-10-57-48/pig6_ir_vis_20260124-10-59-08.jpg,/Users/akbar/Downloads/paal_pipeline/data/20260124-10-57-48/pig6_depth_vis_20260124-10-59-08.jpg,0
20260124-10-57-48,7,20260124-10-59-17,/Users/akbar/Downloads/paal_pipeline/data/20260124-10-57-48/pig7_rgb_20260124-10-59-17.jpg,/Users/akbar/Downloads/paal_pipeline/data/20260124-10-57-48/pig7_ir_vis_20260124-10-59-17.jpg,/Users/akbar/Downloads/paal_pipeline/data/20260124-10-57-48/pig7_depth_vis_20260124-10-59-17.jpg,0
20260124-10-57-48,8,20260124-10-59-26,/Users/akbar/Downloads/paal_pipeline/data/20260124-10-57-48/pig8_rgb_20260124-10-59-26.jpg,/Users/akbar/Downloads/paal_pipeline/data/20260124-10-57-48/pig8_ir_vis_20260124-10-59-26.jpg,/Users/akbar/Downloads/paal_pipeline/data/20260124-10-57-48/pig8_depth_vis_20260124-10-59-26.jpg,0
20260124-10-57-48,9,20260124-10-59-35,/Users/akbar/Downloads/paal_pipeline/data/20260124-10-57-48/pig9_rgb_20260124-10-59-35.jpg,/Users/akbar/Downloads/paal_pipeline/data/20260124-10-57-48/pig9_ir_vis_20260124-10-59-35.jpg,/Users/akbar/Downloads/paal_pipeline/data/20260124-10-57-48/pig9_depth_vis_20260124-10-59-35.jpg,0
20260124-10-57-48,10,20260124-10-59-44,/Users/akbar/Downloads/paal_pipeline/data/20260124-10-57-48/pig10_rgb_20260124-10-59-44.jpg,/Users/akbar/Downloads/paal_pipeline/data/20260124-10-57-48/pig10_ir_vis_20260124-10-59-44.jpg,/Users/akbar/Downloads/paal_pipeline/data/20260124-10-57-48/pig10_depth_vis_20260124-10-59-44.jpg,0
20260124-10-57-48,11,20260124-10-59-53,/Users/akbar/Downloads/paal_pipeline/data/20260124-10-57-48/pig11_rgb_20260124-10-59-53.jpg,/Users/akbar/Downloads/paal_pipeline/data/20260124-10-57-48/pig11_ir_vis_20260124-10-59-53.jpg,/Users/akbar/Downloads/paal_pipeline/data/20260124-10-57-48/pig11_depth_vis_20260124-10-59-53.jpg,0
20260124-10-57-48,12,20260124-11-00-01,/Users/akbar/Downloads/paal_pipeline/data/20260124-10-57-48/pig12_rgb_20260124-11-00-01.jpg,/Users/akbar/Downloads/paal_pipeline/data/20260124-10-57-48/pig12_ir_vis_20260124-11-00-01.jpg,/Users/akbar/Downloads/paal_pipeline/data/20260124-10-57-48/pig12_depth_vis_20260124-11-00-01.jpg,0
20260124-10-57-48,14,20260124-11-00-19,/Users/akbar/Downloads/paal_pipeline/data/20260124-10-57-48/pig14_rgb_20260124-11-00-19.jpg,/Users/akbar/Downloads/paal_pipeline/data/20260124-10-57-48/pig14_ir_vis_20260124-11-00-19.jpg,/Users/akbar/Downloads/paal_pipeline/data/20260124-10-57-48/pig14_depth_vis_20260124-11-00-19.jpg,0
20260124-10-57-48,15,20260124-11-00-28,/Users/akbar/Downloads/paal_pipeline/data/20260124-10-57-48/pig15_rgb_20260124-11-00-28.jpg,/Users/akbar/Downloads/paal_pipeline/data/20260124-10-57-48/pig15_ir_vis_20260124-11-00-28.jpg,/Users/akbar/Downloads/paal_pipeline/data/20260124-10-57-48/pig15_depth_vis_20260124-11-00-28.jpg,0
20260124-10-57-48,16,20260124-11-00-37,/Users/akbar/Downloads/paal_pipeline/data/20260124-10-57-48/pig16_rgb_20260124-11-00-37.jpg,/Users/akbar/Downloads/paal_pipeline/data/20260124-10-57-48/pig16_ir_vis_20260124-11-00-37.jpg,/Users/akbar/Downloads/paal_pipeline/data/20260124-10-57-48/pig16_depth_vis_20260124-11-00-37.jpg,0
20260124-10-57-48,18,20260124-11-00-54,/Users/akbar/Downloads/paal_pipeline/data/20260124-10-57-48/pig18_rgb_20260124-11-00-54.jpg,/Users/akbar/Downloads/paal_pipeline/data/20260124-10-57-48/pig18_ir_vis_20260124-11-00-54.jpg,/Users/akbar/Downloads/paal_pipeline/data/20260124-10-57-48/pig18_depth_vis_20260124-11-00-54.jpg,0
20260124-11-29-47,0,20260124-11-30-13,/Users/akbar/Downloads/paal_pipeline/data/20260124-11-29-47/pig0_rgb_20260124-11-30-13.jpg,/Users/akbar/Downloads/paal_pipeline/data/20260124-11-29-47/pig0_ir_vis_20260124-11-30-13.jpg,/Users/akbar/Downloads/paal_pipeline/data/20260124-11-29-47/pig0_depth_vis_20260124-11-30-13.jpg,0
20260124-11-29-47,2,20260124-11-30-31,/Users/akbar/Downloads/paal_pipeline/data/20260124-11-29-47/pig2_rgb_20260124-11-30-31.jpg,/Users/akbar/Downloads/paal_pipeline/data/20260124-11-29-47/pig2_ir_vis_20260124-11-30-31.jpg,/Users/akbar/Downloads/paal_pipeline/data/20260124-11-29-47/pig2_depth_vis_20260124-11-30-31.jpg,0
20260124-11-29-47,3,20260124-11-30-40,/Users/akbar/Downloads/paal_pipeline/data/20260124-11-29-47/pig3_rgb_20260124-11-30-40.jpg,/Users/akbar/Downloads/paal_pipeline/data/20260124-11-29-47/pig3_ir_vis_20260124-11-30-40.jpg,/Users/akbar/Downloads/paal_pipeline/data/20260124-11-29-47/pig3_depth_vis_20260124-11-30-40.jpg,0
20260124-11-29-47,4,20260124-11-30-49,/Users/akbar/Downloads/paal_pipeline/data/20260124-11-29-47/pig4_rgb_20260124-11-30-49.jpg,/Users/akbar/Downloads/paal_pipeline/data/20260124-11-29-47/pig4_ir_vis_20260124-11-30-49.jpg,/Users/akbar/Downloads/paal_pipeline/data/20260124-11-29-47/pig4_depth_vis_20260124-11-30-49.jpg,2
20260124-11-29-47,5,20260124-11-30-58,/Users/akbar/Downloads/paal_pipeline/data/20260124-11-29-47/pig5_rgb_20260124-11-30-58.jpg,/Users/akbar/Downloads/paal_pipeline/data/20260124-11-29-47/pig5_ir_vis_20260124-11-30-58.jpg,/Users/akbar/Downloads/paal_pipeline/data/20260124-11-29-47/pig5_depth_vis_20260124-11-30-58.jpg,0
20260124-11-29-47,6,20260124-11-31-07,/Users/akbar/Downloads/paal_pipeline/data/20260124-11-29-47/pig6_rgb_20260124-11-31-07.jpg,/Users/akbar/Downloads/paal_pipeline/data/20260124-11-29-47/pig6_ir_vis_20260124-11-31-07.jpg,/Users/akbar/Downloads/paal_pipeline/data/20260124-11-29-47/pig6_depth_vis_20260124-11-31-07.jpg,0
20260124-11-29-47,7,20260124-11-31-16,/Users/akbar/Downloads/paal_pipeline/data/20260124-11-29-47/pig7_rgb_20260124-11-31-16.jpg,/Users/akbar/Downloads/paal_pipeline/data/20260124-11-29-47/pig7_ir_vis_20260124-11-31-16.jpg,/Users/akbar/Downloads/paal_pipeline/data/20260124-11-29-47/pig7_depth_vis_20260124-11-31-16.jpg,0
20260124-11-29-47,8,20260124-11-31-25,/Users/akbar/Downloads/paal_pipeline/data/20260124-11-29-47/pig8_rgb_20260124-11-31-25.jpg,/Users/akbar/Downloads/paal_pipeline/data/20260124-11-29-47/pig8_ir_vis_20260124-11-31-25.jpg,/Users/akbar/Downloads/paal_pipeline/data/20260124-11-29-47/pig8_depth_vis_20260124-11-31-25.jpg,0
20260124-11-29-47,9,20260124-11-31-33,/Users/akbar/Downloads/paal_pipeline/data/20260124-11-29-47/pig9_rgb_20260124-11-31-33.jpg,/Users/akbar/Downloads/paal_pipeline/data/20260124-11-29-47/pig9_ir_vis_20260124-11-31-33.jpg,/Users/akbar/Downloads/paal_pipeline/data/20260124-11-29-47/pig9_depth_vis_20260124-11-31-33.jpg,0
20260124-11-29-47,10,20260124-11-31-42,/Users/akbar/Downloads/paal_pipeline/data/20260124-11-29-47/pig10_rgb_20260124-11-31-42.jpg,/Users/akbar/Downloads/paal_pipeline/data/20260124-11-29-47/pig10_ir_vis_20260124-11-31-42.jpg,/Users/akbar/Downloads/paal_pipeline/data/20260124-11-29-47/pig10_depth_vis_20260124-11-31-42.jpg,0
20260124-11-29-47,11,20260124-11-31-51,/Users/akbar/Downloads/paal_pipeline/data/20260124-11-29-47/pig11_rgb_20260124-11-31-51.jpg,/Users/akbar/Downloads/paal_pipeline/data/20260124-11-29-47/pig11_ir_vis_20260124-11-31-51.jpg,/Users/akbar/Downloads/paal_pipeline/data/20260124-11-29-47/pig11_depth_vis_20260124-11-31-51.jpg,0
20260124-11-29-47,12,20260124-11-32-00,/Users/akbar/Downloads/paal_pipeline/data/20260124-11-29-47/pig12_rgb_20260124-11-32-00.jpg,/Users/akbar/Downloads/paal_pipeline/data/20260124-11-29-47/pig12_ir_vis_20260124-11-32-00.jpg,/Users/akbar/Downloads/paal_pipeline/data/20260124-11-29-47/pig12_depth_vis_20260124-11-32-00.jpg,0
20260124-11-29-47,14,20260124-11-32-18,/Users/akbar/Downloads/paal_pipeline/data/20260124-11-29-47/pig14_rgb_20260124-11-32-18.jpg,/Users/akbar/Downloads/paal_pipeline/data/20260124-11-29-47/pig14_ir_vis_20260124-11-32-18.jpg,/Users/akbar/Downloads/paal_pipeline/data/20260124-11-29-47/pig14_depth_vis_20260124-11-32-18.jpg,0
20260124-11-29-47,15,20260124-11-32-27,/Users/akbar/Downloads/paal_pipeline/data/20260124-11-29-47/pig15_rgb_20260124-11-32-27.jpg,/Users/akbar/Downloads/paal_pipeline/data/20260124-11-29-47/pig15_ir_vis_20260124-11-32-27.jpg,/Users/akbar/Downloads/paal_pipeline/data/20260124-11-29-47/pig15_depth_vis_20260124-11-32-27.jpg,0
20260124-11-29-47,16,20260124-11-32-36,/Users/akbar/Downloads/paal_pipeline/data/20260124-11-29-47/pig16_rgb_20260124-11-32-36.jpg,/Users/akbar/Downloads/paal_pipeline/data/20260124-11-29-47/pig16_ir_vis_20260124-11-32-36.jpg,/Users/akbar/Downloads/paal_pipeline/data/20260124-11-29-47/pig16_depth_vis_20260124-11-32-36.jpg,0
20260124-11-29-47,18,20260124-11-32-53,/Users/akbar/Downloads/paal_pipeline/data/20260124-11-29-47/pig18_rgb_20260124-11-32-53.jpg,/Users/akbar/Downloads/paal_pipeline/data/20260124-11-29-47/pig18_ir_vis_20260124-11-32-53.jpg,/Users/akbar/Downloads/paal_pipeline/data/20260124-11-29-47/pig18_depth_vis_20260124-11-32-53.jpg,0
20260124-11-51-06,0,20260124-11-51-32,/Users/akbar/Downloads/paal_pipeline/data/20260124-11-51-06/pig0_rgb_20260124-11-51-32.jpg,/Users/akbar/Downloads/paal_pipeline/data/20260124-11-51-06/pig0_ir_vis_20260124-11-51-32.jpg,/Users/akbar/Downloads/paal_pipeline/data/20260124-11-51-06/pig0_depth_vis_20260124-11-51-32.jpg,0
20260124-11-51-06,2,20260124-11-51-50,/Users/akbar/Downloads/paal_pipeline/data/20260124-11-51-06/pig2_rgb_20260124-11-51-50.jpg,/Users/akbar/Downloads/paal_pipeline/data/20260124-11-51-06/pig2_ir_vis_20260124-11-51-50.jpg,/Users/akbar/Downloads/paal_pipeline/data/20260124-11-51-06/pig2_depth_vis_20260124-11-51-50.jpg,0
20260124-11-51-06,3,20260124-11-51-59,/Users/akbar/Downloads/paal_pipeline/data/20260124-11-51-06/pig3_rgb_20260124-11-51-59.jpg,/Users/akbar/Downloads/paal_pipeline/data/20260124-11-51-06/pig3_ir_vis_20260124-11-51-59.jpg,/Users/akbar/Downloads/paal_pipeline/data/20260124-11-51-06/pig3_depth_vis_20260124-11-51-59.jpg,0
20260124-11-51-06,4,20260124-11-52-08,/Users/akbar/Downloads/paal_pipeline/data/20260124-11-51-06/pig4_rgb_20260124-11-52-08.jpg,/Users/akbar/Downloads/paal_pipeline/data/20260124-11-51-06/pig4_ir_vis_20260124-11-52-08.jpg,/Users/akbar/Downloads/paal_pipeline/data/20260124-11-51-06/pig4_depth_vis_20260124-11-52-08.jpg,2
20260124-11-51-06,5,20260124-11-52-17,/Users/akbar/Downloads/paal_pipeline/data/20260124-11-51-06/pig5_rgb_20260124-11-52-17.jpg,/Users/akbar/Downloads/paal_pipeline/data/20260124-11-51-06/pig5_ir_vis_20260124-11-52-17.jpg,/Users/akbar/Downloads/paal_pipeline/data/20260124-11-51-06/pig5_depth_vis_20260124-11-52-17.jpg,0
20260124-11-51-06,6,20260124-11-52-26,/Users/akbar/Downloads/paal_pipeline/data/20260124-11-51-06/pig6_rgb_20260124-11-52-26.jpg,/Users/akbar/Downloads/paal_pipeline/data/20260124-11-51-06/pig6_ir_vis_20260124-11-52-26.jpg,/Users/akbar/Downloads/paal_pipeline/data/20260124-11-51-06/pig6_depth_vis_20260124-11-52-26.jpg,0
20260124-11-51-06,7,20260124-11-52-35,/Users/akbar/Downloads/paal_pipeline/data/20260124-11-51-06/pig7_rgb_20260124-11-52-35.jpg,/Users/akbar/Downloads/paal_pipeline/data/20260124-11-51-06/pig7_ir_vis_20260124-11-52-35.jpg,/Users/akbar/Downloads/paal_pipeline/data/20260124-11-51-06/pig7_depth_vis_20260124-11-52-35.jpg,0
20260124-11-51-06,8,20260124-11-52-44,/Users/akbar/Downloads/paal_pipeline/data/20260124-11-51-06/pig8_rgb_20260124-11-52-44.jpg,/Users/akbar/Downloads/paal_pipeline/data/20260124-11-51-06/pig8_ir_vis_20260124-11-52-44.jpg,/Users/akbar/Downloads/paal_pipeline/data/20260124-11-51-06/pig8_depth_vis_20260124-11-52-44.jpg,0
20260124-11-51-06,9,20260124-11-52-52,/Users/akbar/Downloads/paal_pipeline/data/20260124-11-51-06/pig9_rgb_20260124-11-52-52.jpg,/Users/akbar/Downloads/paal_pipeline/data/20260124-11-51-06/pig9_ir_vis_20260124-11-52-52.jpg,/Users/akbar/Downloads/paal_pipeline/data/20260124-11-51-06/pig9_depth_vis_20260124-11-52-52.jpg,0
20260124-11-51-06,10,20260124-11-53-01,/Users/akbar/Downloads/paal_pipeline/data/20260124-11-51-06/pig10_rgb_20260124-11-53-01.jpg,/Users/akbar/Downloads/paal_pipeline/data/20260124-11-51-06/pig10_ir_vis_20260124-11-53-01.jpg,/Users/akbar/Downloads/paal_pipeline/data/20260124-11-51-06/pig10_depth_vis_20260124-11-53-01.jpg,0
20260124-11-51-06,11,20260124-11-53-10,/Users/akbar/Downloads/paal_pipeline/data/20260124-11-51-06/pig11_rgb_20260124-11-53-10.jpg,/Users/akbar/Downloads/paal_pipeline/data/20260124-11-51-06/pig11_ir_vis_20260124-11-53-10.jpg,/Users/akbar/Downloads/paal_pipeline/data/20260124-11-51-06/pig11_depth_vis_20260124-11-53-10.jpg,0
20260124-11-51-06,12,20260124-11-53-19,/Users/akbar/Downloads/paal_pipeline/data/20260124-11-51-06/pig12_rgb_20260124-11-53-19.jpg,/Users/akbar/Downloads/paal_pipeline/data/20260124-11-51-06/pig12_ir_vis_20260124-11-53-19.jpg,/Users/akbar/Downloads/paal_pipeline/data/20260124-11-51-06/pig12_depth_vis_20260124-11-53-19.jpg,0
20260124-11-51-06,14,20260124-11-53-37,/Users/akbar/Downloads/paal_pipeline/data/20260124-11-51-06/pig14_rgb_20260124-11-53-37.jpg,/Users/akbar/Downloads/paal_pipeline/data/20260124-11-51-06/pig14_ir_vis_20260124-11-53-37.jpg,/Users/akbar/Downloads/paal_pipeline/data/20260124-11-51-06/pig14_depth_vis_20260124-11-53-37.jpg,0
20260124-11-51-06,15,20260124-11-53-46,/Users/akbar/Downloads/paal_pipeline/data/20260124-11-51-06/pig15_rgb_20260124-11-53-46.jpg,/Users/akbar/Downloads/paal_pipeline/data/20260124-11-51-06/pig15_ir_vis_20260124-11-53-46.jpg,/Users/akbar/Downloads/paal_pipeline/data/20260124-11-51-06/pig15_depth_vis_20260124-11-53-46.jpg,0
20260124-11-51-06,16,20260124-11-53-55,/Users/akbar/Downloads/paal_pipeline/data/20260124-11-51-06/pig16_rgb_20260124-11-53-55.jpg,/Users/akbar/Downloads/paal_pipeline/data/20260124-11-51-06/pig16_ir_vis_20260124-11-53-55.jpg,/Users/akbar/Downloads/paal_pipeline/data/20260124-11-51-06/pig16_depth_vis_20260124-11-53-55.jpg,0
20260124-11-51-06,18,20260124-11-54-12,/Users/akbar/Downloads/paal_pipeline/data/20260124-11-51-06/pig18_rgb_20260124-11-54-12.jpg,/Users/akbar/Downloads/paal_pipeline/data/20260124-11-51-06/pig18_ir_vis_20260124-11-54-12.jpg,/Users/akbar/Downloads/paal_pipeline/data/20260124-11-51-06/pig18_depth_vis_20260124-11-54-12.jpg,0
20260124-12-55-03,0,20260124-12-55-30,/Users/akbar/Downloads/paal_pipeline/data/20260124-12-55-03/pig0_rgb_20260124-12-55-30.jpg,/Users/akbar/Downloads/paal_pipeline/data/20260124-12-55-03/pig0_ir_vis_20260124-12-55-30.jpg,/Users/akbar/Downloads/paal_pipeline/data/20260124-12-55-03/pig0_depth_vis_20260124-12-55-30.jpg,0
20260124-12-55-03,2,20260124-12-55-47,/Users/akbar/Downloads/paal_pipeline/data/20260124-12-55-03/pig2_rgb_20260124-12-55-47.jpg,/Users/akbar/Downloads/paal_pipeline/data/20260124-12-55-03/pig2_ir_vis_20260124-12-55-47.jpg,/Users/akbar/Downloads/paal_pipeline/data/20260124-12-55-03/pig2_depth_vis_20260124-12-55-47.jpg,0
20260124-12-55-03,3,20260124-12-55-56,/Users/akbar/Downloads/paal_pipeline/data/20260124-12-55-03/pig3_rgb_20260124-12-55-56.jpg,/Users/akbar/Downloads/paal_pipeline/data/20260124-12-55-03/pig3_ir_vis_20260124-12-55-56.jpg,/Users/akbar/Downloads/paal_pipeline/data/20260124-12-55-03/pig3_depth_vis_20260124-12-55-56.jpg,0
20260124-12-55-03,4,20260124-12-56-05,/Users/akbar/Downloads/paal_pipeline/data/20260124-12-55-03/pig4_rgb_20260124-12-56-05.jpg,/Users/akbar/Downloads/paal_pipeline/data/20260124-12-55-03/pig4_ir_vis_20260124-12-56-05.jpg,/Users/akbar/Downloads/paal_pipeline/data/20260124-12-55-03/pig4_depth_vis_20260124-12-56-05.jpg,0
20260124-12-55-03,5,20260124-12-56-14,/Users/akbar/Downloads/paal_pipeline/data/20260124-12-55-03/pig5_rgb_20260124-12-56-14.jpg,/Users/akbar/Downloads/paal_pipeline/data/20260124-12-55-03/pig5_ir_vis_20260124-12-56-14.jpg,/Users/akbar/Downloads/paal_pipeline/data/20260124-12-55-03/pig5_depth_vis_20260124-12-56-14.jpg,0
20260124-12-55-03,6,20260124-12-56-23,/Users/akbar/Downloads/paal_pipeline/data/20260124-12-55-03/pig6_rgb_20260124-12-56-23.jpg,/Users/akbar/Downloads/paal_pipeline/data/20260124-12-55-03/pig6_ir_vis_20260124-12-56-23.jpg,/Users/akbar/Downloads/paal_pipeline/data/20260124-12-55-03/pig6_depth_vis_20260124-12-56-23.jpg,0
20260124-12-55-03,7,20260124-12-56-32,/Users/akbar/Downloads/paal_pipeline/data/20260124-12-55-03/pig7_rgb_20260124-12-56-32.jpg,/Users/akbar/Downloads/paal_pipeline/data/20260124-12-55-03/pig7_ir_vis_20260124-12-56-32.jpg,/Users/akbar/Downloads/paal_pipeline/data/20260124-12-55-03/pig7_depth_vis_20260124-12-56-32.jpg,0
20260124-12-55-03,8,20260124-12-56-41,/Users/akbar/Downloads/paal_pipeline/data/20260124-12-55-03/pig8_rgb_20260124-12-56-41.jpg,/Users/akbar/Downloads/paal_pipeline/data/20260124-12-55-03/pig8_ir_vis_20260124-12-56-41.jpg,/Users/akbar/Downloads/paal_pipeline/data/20260124-12-55-03/pig8_depth_vis_20260124-12-56-41.jpg,0
20260124-12-55-03,9,20260124-12-56-50,/Users/akbar/Downloads/paal_pipeline/data/20260124-12-55-03/pig9_rgb_20260124-12-56-50.jpg,/Users/akbar/Downloads/paal_pipeline/data/20260124-12-55-03/pig9_ir_vis_20260124-12-56-50.jpg,/Users/akbar/Downloads/paal_pipeline/data/20260124-12-55-03/pig9_depth_vis_20260124-12-56-50.jpg,1
20260124-12-55-03,10,20260124-12-56-58,/Users/akbar/Downloads/paal_pipeline/data/20260124-12-55-03/pig10_rgb_20260124-12-56-58.jpg,/Users/akbar/Downloads/paal_pipeline/data/20260124-12-55-03/pig10_ir_vis_20260124-12-56-58.jpg,/Users/akbar/Downloads/paal_pipeline/data/20260124-12-55-03/pig10_depth_vis_20260124-12-56-58.jpg,0
20260124-12-55-03,11,20260124-12-57-08,/Users/akbar/Downloads/paal_pipeline/data/20260124-12-55-03/pig11_rgb_20260124-12-57-08.jpg,/Users/akbar/Downloads/paal_pipeline/data/20260124-12-55-03/pig11_ir_vis_20260124-12-57-08.jpg,/Users/akbar/Downloads/paal_pipeline/data/20260124-12-55-03/pig11_depth_vis_20260124-12-57-08.jpg,0
20260124-12-55-03,12,20260124-12-57-16,/Users/akbar/Downloads/paal_pipeline/data/20260124-12-55-03/pig12_rgb_20260124-12-57-16.jpg,/Users/akbar/Downloads/paal_pipeline/data/20260124-12-55-03/pig12_ir_vis_20260124-12-57-16.jpg,/Users/akbar/Downloads/paal_pipeline/data/20260124-12-55-03/pig12_depth_vis_20260124-12-57-16.jpg,2
20260124-12-55-03,14,20260124-12-57-34,/Users/akbar/Downloads/paal_pipeline/data/20260124-12-55-03/pig14_rgb_20260124-12-57-34.jpg,/Users/akbar/Downloads/paal_pipeline/data/20260124-12-55-03/pig14_ir_vis_20260124-12-57-34.jpg,/Users/akbar/Downloads/paal_pipeline/data/20260124-12-55-03/pig14_depth_vis_20260124-12-57-34.jpg,0
20260124-12-55-03,15,20260124-12-57-43,/Users/akbar/Downloads/paal_pipeline/data/20260124-12-55-03/pig15_rgb_20260124-12-57-43.jpg,/Users/akbar/Downloads/paal_pipeline/data/20260124-12-55-03/pig15_ir_vis_20260124-12-57-43.jpg,/Users/akbar/Downloads/paal_pipeline/data/20260124-12-55-03/pig15_depth_vis_20260124-12-57-43.jpg,1
20260124-12-55-03,16,20260124-12-57-52,/Users/akbar/Downloads/paal_pipeline/data/20260124-12-55-03/pig16_rgb_20260124-12-57-52.jpg,/Users/akbar/Downloads/paal_pipeline/data/20260124-12-55-03/pig16_ir_vis_20260124-12-57-52.jpg,/Users/akbar/Downloads/paal_pipeline/data/20260124-12-55-03/pig16_depth_vis_20260124-12-57-52.jpg,0
20260124-12-55-03,18,20260124-12-58-09,/Users/akbar/Downloads/paal_pipeline/data/20260124-12-55-03/pig18_rgb_20260124-12-58-09.jpg,/Users/akbar/Downloads/paal_pipeline/data/20260124-12-55-03/pig18_ir_vis_20260124-12-58-09.jpg,/Users/akbar/Downloads/paal_pipeline/data/20260124-12-55-03/pig18_depth_vis_20260124-12-58-09.jpg,2
20260124-13-48-21,0,20260124-13-48-47,/Users/akbar/Downloads/paal_pipeline/data/20260124-13-48-21/pig0_rgb_20260124-13-48-47.jpg,/Users/akbar/Downloads/paal_pipeline/data/20260124-13-48-21/pig0_ir_vis_20260124-13-48-47.jpg,/Users/akbar/Downloads/paal_pipeline/data/20260124-13-48-21/pig0_depth_vis_20260124-13-48-47.jpg,0
20260124-13-48-21,2,20260124-13-49-05,/Users/akbar/Downloads/paal_pipeline/data/20260124-13-48-21/pig2_rgb_20260124-13-49-05.jpg,/Users/akbar/Downloads/paal_pipeline/data/20260124-13-48-21/pig2_ir_vis_20260124-13-49-05.jpg,/Users/akbar/Downloads/paal_pipeline/data/20260124-13-48-21/pig2_depth_vis_20260124-13-49-05.jpg,0
20260124-13-48-21,3,20260124-13-49-14,/Users/akbar/Downloads/paal_pipeline/data/20260124-13-48-21/pig3_rgb_20260124-13-49-14.jpg,/Users/akbar/Downloads/paal_pipeline/data/20260124-13-48-21/pig3_ir_vis_20260124-13-49-14.jpg,/Users/akbar/Downloads/paal_pipeline/data/20260124-13-48-21/pig3_depth_vis_20260124-13-49-14.jpg,0
20260124-13-48-21,4,20260124-13-49-23,/Users/akbar/Downloads/paal_pipeline/data/20260124-13-48-21/pig4_rgb_20260124-13-49-23.jpg,/Users/akbar/Downloads/paal_pipeline/data/20260124-13-48-21/pig4_ir_vis_20260124-13-49-23.jpg,/Users/akbar/Downloads/paal_pipeline/data/20260124-13-48-21/pig4_depth_vis_20260124-13-49-23.jpg,2
20260124-13-48-21,5,20260124-13-49-32,/Users/akbar/Downloads/paal_pipeline/data/20260124-13-48-21/pig5_rgb_20260124-13-49-32.jpg,/Users/akbar/Downloads/paal_pipeline/data/20260124-13-48-21/pig5_ir_vis_20260124-13-49-32.jpg,/Users/akbar/Downloads/paal_pipeline/data/20260124-13-48-21/pig5_depth_vis_20260124-13-49-32.jpg,0
20260124-13-48-21,6,20260124-13-49-41,/Users/akbar/Downloads/paal_pipeline/data/20260124-13-48-21/pig6_rgb_20260124-13-49-41.jpg,/Users/akbar/Downloads/paal_pipeline/data/20260124-13-48-21/pig6_ir_vis_20260124-13-49-41.jpg,/Users/akbar/Downloads/paal_pipeline/data/20260124-13-48-21/pig6_depth_vis_20260124-13-49-41.jpg,0
20260124-13-48-21,7,20260124-13-49-50,/Users/akbar/Downloads/paal_pipeline/data/20260124-13-48-21/pig7_rgb_20260124-13-49-50.jpg,/Users/akbar/Downloads/paal_pipeline/data/20260124-13-48-21/pig7_ir_vis_20260124-13-49-50.jpg,/Users/akbar/Downloads/paal_pipeline/data/20260124-13-48-21/pig7_depth_vis_20260124-13-49-50.jpg,0
20260124-13-48-21,8,20260124-13-49-59,/Users/akbar/Downloads/paal_pipeline/data/20260124-13-48-21/pig8_rgb_20260124-13-49-59.jpg,/Users/akbar/Downloads/paal_pipeline/data/20260124-13-48-21/pig8_ir_vis_20260124-13-49-59.jpg,/Users/akbar/Downloads/paal_pipeline/data/20260124-13-48-21/pig8_depth_vis_20260124-13-49-59.jpg,0
20260124-13-48-21,9,20260124-13-50-07,/Users/akbar/Downloads/paal_pipeline/data/20260124-13-48-21/pig9_rgb_20260124-13-50-07.jpg,/Users/akbar/Downloads/paal_pipeline/data/20260124-13-48-21/pig9_ir_vis_20260124-13-50-07.jpg,/Users/akbar/Downloads/paal_pipeline/data/20260124-13-48-21/pig9_depth_vis_20260124-13-50-07.jpg,0
20260124-13-48-21,10,20260124-13-50-16,/Users/akbar/Downloads/paal_pipeline/data/20260124-13-48-21/pig10_rgb_20260124-13-50-16.jpg,/Users/akbar/Downloads/paal_pipeline/data/20260124-13-48-21/pig10_ir_vis_20260124-13-50-16.jpg,/Users/akbar/Downloads/paal_pipeline/data/20260124-13-48-21/pig10_depth_vis_20260124-13-50-16.jpg,0
20260124-13-48-21,11,20260124-13-50-25,/Users/akbar/Downloads/paal_pipeline/data/20260124-13-48-21/pig11_rgb_20260124-13-50-25.jpg,/Users/akbar/Downloads/paal_pipeline/data/20260124-13-48-21/pig11_ir_vis_20260124-13-50-25.jpg,/Users/akbar/Downloads/paal_pipeline/data/20260124-13-48-21/pig11_depth_vis_20260124-13-50-25.jpg,0
20260124-13-48-21,12,20260124-13-50-34,/Users/akbar/Downloads/paal_pipeline/data/20260124-13-48-21/pig12_rgb_20260124-13-50-34.jpg,/Users/akbar/Downloads/paal_pipeline/data/20260124-13-48-21/pig12_ir_vis_20260124-13-50-34.jpg,/Users/akbar/Downloads/paal_pipeline/data/20260124-13-48-21/pig12_depth_vis_20260124-13-50-34.jpg,0
20260124-13-48-21,14,20260124-13-50-52,/Users/akbar/Downloads/paal_pipeline/data/20260124-13-48-21/pig14_rgb_20260124-13-50-52.jpg,/Users/akbar/Downloads/paal_pipeline/data/20260124-13-48-21/pig14_ir_vis_20260124-13-50-52.jpg,/Users/akbar/Downloads/paal_pipeline/data/20260124-13-48-21/pig14_depth_vis_20260124-13-50-52.jpg,0
20260124-13-48-21,15,20260124-13-51-01,/Users/akbar/Downloads/paal_pipeline/data/20260124-13-48-21/pig15_rgb_20260124-13-51-01.jpg,/Users/akbar/Downloads/paal_pipeline/data/20260124-13-48-21/pig15_ir_vis_20260124-13-51-01.jpg,/Users/akbar/Downloads/paal_pipeline/data/20260124-13-48-21/pig15_depth_vis_20260124-13-51-01.jpg,0
20260124-13-48-21,16,20260124-13-51-10,/Users/akbar/Downloads/paal_pipeline/data/20260124-13-48-21/pig16_rgb_20260124-13-51-10.jpg,/Users/akbar/Downloads/paal_pipeline/data/20260124-13-48-21/pig16_ir_vis_20260124-13-51-10.jpg,/Users/akbar/Downloads/paal_pipeline/data/20260124-13-48-21/pig16_depth_vis_20260124-13-51-10.jpg,0
20260124-13-48-21,18,20260124-13-51-27,/Users/akbar/Downloads/paal_pipeline/data/20260124-13-48-21/pig18_rgb_20260124-13-51-27.jpg,/Users/akbar/Downloads/paal_pipeline/data/20260124-13-48-21/pig18_ir_vis_20260124-13-51-27.jpg,/Users/akbar/Downloads/paal_pipeline/data/20260124-13-48-21/pig18_depth_vis_20260124-13-51-27.jpg,2
20260124-17-21-32,0,20260124-17-21-59,/Users/akbar/Downloads/paal_pipeline/data/20260124-17-21-32/pig0_rgb_20260124-17-21-59.jpg,/Users/akbar/Downloads/paal_pipeline/data/20260124-17-21-32/pig0_ir_vis_20260124-17-21-59.jpg,/Users/akbar/Downloads/paal_pipeline/data/20260124-17-21-32/pig0_depth_vis_20260124-17-21-59.jpg,0
20260124-17-21-32,2,20260124-17-22-17,/Users/akbar/Downloads/paal_pipeline/data/20260124-17-21-32/pig2_rgb_20260124-17-22-17.jpg,/Users/akbar/Downloads/paal_pipeline/data/20260124-17-21-32/pig2_ir_vis_20260124-17-22-17.jpg,/Users/akbar/Downloads/paal_pipeline/data/20260124-17-21-32/pig2_depth_vis_20260124-17-22-17.jpg,0
20260124-17-21-32,3,20260124-17-22-26,/Users/akbar/Downloads/paal_pipeline/data/20260124-17-21-32/pig3_rgb_20260124-17-22-26.jpg,/Users/akbar/Downloads/paal_pipeline/data/20260124-17-21-32/pig3_ir_vis_20260124-17-22-26.jpg,/Users/akbar/Downloads/paal_pipeline/data/20260124-17-21-32/pig3_depth_vis_20260124-17-22-26.jpg,0
20260124-17-21-32,4,20260124-17-22-34,/Users/akbar/Downloads/paal_pipeline/data/20260124-17-21-32/pig4_rgb_20260124-17-22-34.jpg,/Users/akbar/Downloads/paal_pipeline/data/20260124-17-21-32/pig4_ir_vis_20260124-17-22-34.jpg,/Users/akbar/Downloads/paal_pipeline/data/20260124-17-21-32/pig4_depth_vis_20260124-17-22-34.jpg,0
20260124-17-21-32,5,20260124-17-22-43,/Users/akbar/Downloads/paal_pipeline/data/20260124-17-21-32/pig5_rgb_20260124-17-22-43.jpg,/Users/akbar/Downloads/paal_pipeline/data/20260124-17-21-32/pig5_ir_vis_20260124-17-22-43.jpg,/Users/akbar/Downloads/paal_pipeline/data/20260124-17-21-32/pig5_depth_vis_20260124-17-22-43.jpg,0
20260124-17-21-32,6,20260124-17-22-52,/Users/akbar/Downloads/paal_pipeline/data/20260124-17-21-32/pig6_rgb_20260124-17-22-52.jpg,/Users/akbar/Downloads/paal_pipeline/data/20260124-17-21-32/pig6_ir_vis_20260124-17-22-52.jpg,/Users/akbar/Downloads/paal_pipeline/data/20260124-17-21-32/pig6_depth_vis_20260124-17-22-52.jpg,0
20260124-17-21-32,7,20260124-17-23-01,/Users/akbar/Downloads/paal_pipeline/data/20260124-17-21-32/pig7_rgb_20260124-17-23-01.jpg,/Users/akbar/Downloads/paal_pipeline/data/20260124-17-21-32/pig7_ir_vis_20260124-17-23-01.jpg,/Users/akbar/Downloads/paal_pipeline/data/20260124-17-21-32/pig7_depth_vis_20260124-17-23-01.jpg,0
20260124-17-21-32,8,20260124-17-23-10,/Users/akbar/Downloads/paal_pipeline/data/20260124-17-21-32/pig8_rgb_20260124-17-23-10.jpg,/Users/akbar/Downloads/paal_pipeline/data/20260124-17-21-32/pig8_ir_vis_20260124-17-23-10.jpg,/Users/akbar/Downloads/paal_pipeline/data/20260124-17-21-32/pig8_depth_vis_20260124-17-23-10.jpg,0
20260124-17-21-32,9,20260124-17-23-19,/Users/akbar/Downloads/paal_pipeline/data/20260124-17-21-32/pig9_rgb_20260124-17-23-19.jpg,/Users/akbar/Downloads/paal_pipeline/data/20260124-17-21-32/pig9_ir_vis_20260124-17-23-19.jpg,/Users/akbar/Downloads/paal_pipeline/data/20260124-17-21-32/pig9_depth_vis_20260124-17-23-19.jpg,0
20260124-17-21-32,10,20260124-17-23-28,/Users/akbar/Downloads/paal_pipeline/data/20260124-17-21-32/pig10_rgb_20260124-17-23-28.jpg,/Users/akbar/Downloads/paal_pipeline/data/20260124-17-21-32/pig10_ir_vis_20260124-17-23-28.jpg,/Users/akbar/Downloads/paal_pipeline/data/20260124-17-21-32/pig10_depth_vis_20260124-17-23-28.jpg,0
20260124-17-21-32,11,20260124-17-23-37,/Users/akbar/Downloads/paal_pipeline/data/20260124-17-21-32/pig11_rgb_20260124-17-23-37.jpg,/Users/akbar/Downloads/paal_pipeline/data/20260124-17-21-32/pig11_ir_vis_20260124-17-23-37.jpg,/Users/akbar/Downloads/paal_pipeline/data/20260124-17-21-32/pig11_depth_vis_20260124-17-23-37.jpg,0
20260124-17-21-32,12,20260124-17-23-46,/Users/akbar/Downloads/paal_pipeline/data/20260124-17-21-32/pig12_rgb_20260124-17-23-46.jpg,/Users/akbar/Downloads/paal_pipeline/data/20260124-17-21-32/pig12_ir_vis_20260124-17-23-46.jpg,/Users/akbar/Downloads/paal_pipeline/data/20260124-17-21-32/pig12_depth_vis_20260124-17-23-46.jpg,0
20260124-17-21-32,14,20260124-17-24-03,/Users/akbar/Downloads/paal_pipeline/data/20260124-17-21-32/pig14_rgb_20260124-17-24-03.jpg,/Users/akbar/Downloads/paal_pipeline/data/20260124-17-21-32/pig14_ir_vis_20260124-17-24-03.jpg,/Users/akbar/Downloads/paal_pipeline/data/20260124-17-21-32/pig14_depth_vis_20260124-17-24-03.jpg,0
20260124-17-21-32,15,20260124-17-24-13,/Users/akbar/Downloads/paal_pipeline/data/20260124-17-21-32/pig15_rgb_20260124-17-24-13.jpg,/Users/akbar/Downloads/paal_pipeline/data/20260124-17-21-32/pig15_ir_vis_20260124-17-24-13.jpg,/Users/akbar/Downloads/paal_pipeline/data/20260124-17-21-32/pig15_depth_vis_20260124-17-24-13.jpg,0
20260124-17-21-32,16,20260124-17-24-21,/Users/akbar/Downloads/paal_pipeline/data/20260124-17-21-32/pig16_rgb_20260124-17-24-21.jpg,/Users/akbar/Downloads/paal_pipeline/data/20260124-17-21-32/pig16_ir_vis_20260124-17-24-21.jpg,/Users/akbar/Downloads/paal_pipeline/data/20260124-17-21-32/pig16_depth_vis_20260124-17-24-21.jpg,0
20260124-17-21-32,18,20260124-17-24-39,/Users/akbar/Downloads/paal_pipeline/data/20260124-17-21-32/pig18_rgb_20260124-17-24-39.jpg,/Users/akbar/Downloads/paal_pipeline/data/20260124-17-21-32/pig18_ir_vis_20260124-17-24-39.jpg,/Users/akbar/Downloads/paal_pipeline/data/20260124-17-21-32/pig18_depth_vis_20260124-17-24-39.jpg,2
20260124-20-33-26,0,20260124-20-33-53,/Users/akbar/Downloads/paal_pipeline/data/20260124-20-33-26/pig0_rgb_20260124-20-33-53.jpg,/Users/akbar/Downloads/paal_pipeline/data/20260124-20-33-26/pig0_ir_vis_20260124-20-33-53.jpg,/Users/akbar/Downloads/paal_pipeline/data/20260124-20-33-26/pig0_depth_vis_20260124-20-33-53.jpg,2
20260124-20-33-26,2,20260124-20-34-11,/Users/akbar/Downloads/paal_pipeline/data/20260124-20-33-26/pig2_rgb_20260124-20-34-11.jpg,/Users/akbar/Downloads/paal_pipeline/data/20260124-20-33-26/pig2_ir_vis_20260124-20-34-11.jpg,/Users/akbar/Downloads/paal_pipeline/data/20260124-20-33-26/pig2_depth_vis_20260124-20-34-11.jpg,0
20260124-20-33-26,3,20260124-20-34-19,/Users/akbar/Downloads/paal_pipeline/data/20260124-20-33-26/pig3_rgb_20260124-20-34-19.jpg,/Users/akbar/Downloads/paal_pipeline/data/20260124-20-33-26/pig3_ir_vis_20260124-20-34-19.jpg,/Users/akbar/Downloads/paal_pipeline/data/20260124-20-33-26/pig3_depth_vis_20260124-20-34-19.jpg,2
20260124-20-33-26,4,20260124-20-34-28,/Users/akbar/Downloads/paal_pipeline/data/20260124-20-33-26/pig4_rgb_20260124-20-34-28.jpg,/Users/akbar/Downloads/paal_pipeline/data/20260124-20-33-26/pig4_ir_vis_20260124-20-34-28.jpg,/Users/akbar/Downloads/paal_pipeline/data/20260124-20-33-26/pig4_depth_vis_20260124-20-34-28.jpg,2
20260124-20-33-26,5,20260124-20-34-37,/Users/akbar/Downloads/paal_pipeline/data/20260124-20-33-26/pig5_rgb_20260124-20-34-37.jpg,/Users/akbar/Downloads/paal_pipeline/data/20260124-20-33-26/pig5_ir_vis_20260124-20-34-37.jpg,/Users/akbar/Downloads/paal_pipeline/data/20260124-20-33-26/pig5_depth_vis_20260124-20-34-37.jpg,0
20260124-20-33-26,6,20260124-20-34-46,/Users/akbar/Downloads/paal_pipeline/data/20260124-20-33-26/pig6_rgb_20260124-20-34-46.jpg,/Users/akbar/Downloads/paal_pipeline/data/20260124-20-33-26/pig6_ir_vis_20260124-20-34-46.jpg,/Users/akbar/Downloads/paal_pipeline/data/20260124-20-33-26/pig6_depth_vis_20260124-20-34-46.jpg,2
20260124-20-33-26,7,20260124-20-34-55,/Users/akbar/Downloads/paal_pipeline/data/20260124-20-33-26/pig7_rgb_20260124-20-34-55.jpg,/Users/akbar/Downloads/paal_pipeline/data/20260124-20-33-26/pig7_ir_vis_20260124-20-34-55.jpg,/Users/akbar/Downloads/paal_pipeline/data/20260124-20-33-26/pig7_depth_vis_20260124-20-34-55.jpg,2
20260124-20-33-26,8,20260124-20-35-04,/Users/akbar/Downloads/paal_pipeline/data/20260124-20-33-26/pig8_rgb_20260124-20-35-04.jpg,/Users/akbar/Downloads/paal_pipeline/data/20260124-20-33-26/pig8_ir_vis_20260124-20-35-04.jpg,/Users/akbar/Downloads/paal_pipeline/data/20260124-20-33-26/pig8_depth_vis_20260124-20-35-04.jpg,2
20260124-20-33-26,9,20260124-20-35-13,/Users/akbar/Downloads/paal_pipeline/data/20260124-20-33-26/pig9_rgb_20260124-20-35-13.jpg,/Users/akbar/Downloads/paal_pipeline/data/20260124-20-33-26/pig9_ir_vis_20260124-20-35-13.jpg,/Users/akbar/Downloads/paal_pipeline/data/20260124-20-33-26/pig9_depth_vis_20260124-20-35-13.jpg,2
20260124-20-33-26,10,20260124-20-35-22,/Users/akbar/Downloads/paal_pipeline/data/20260124-20-33-26/pig10_rgb_20260124-20-35-22.jpg,/Users/akbar/Downloads/paal_pipeline/data/20260124-20-33-26/pig10_ir_vis_20260124-20-35-22.jpg,/Users/akbar/Downloads/paal_pipeline/data/20260124-20-33-26/pig10_depth_vis_20260124-20-35-22.jpg,0
20260124-20-33-26,11,20260124-20-35-31,/Users/akbar/Downloads/paal_pipeline/data/20260124-20-33-26/pig11_rgb_20260124-20-35-31.jpg,/Users/akbar/Downloads/paal_pipeline/data/20260124-20-33-26/pig11_ir_vis_20260124-20-35-31.jpg,/Users/akbar/Downloads/paal_pipeline/data/20260124-20-33-26/pig11_depth_vis_20260124-20-35-31.jpg,0
20260124-20-33-26,12,20260124-20-35-40,/Users/akbar/Downloads/paal_pipeline/data/20260124-20-33-26/pig12_rgb_20260124-20-35-40.jpg,/Users/akbar/Downloads/paal_pipeline/data/20260124-20-33-26/pig12_ir_vis_20260124-20-35-40.jpg,/Users/akbar/Downloads/paal_pipeline/data/20260124-20-33-26/pig12_depth_vis_20260124-20-35-40.jpg,2
20260124-20-33-26,14,20260124-20-35-57,/Users/akbar/Downloads/paal_pipeline/data/20260124-20-33-26/pig14_rgb_20260124-20-35-57.jpg,/Users/akbar/Downloads/paal_pipeline/data/20260124-20-33-26/pig14_ir_vis_20260124-20-35-57.jpg,/Users/akbar/Downloads/paal_pipeline/data/20260124-20-33-26/pig14_depth_vis_20260124-20-35-57.jpg,2
20260124-20-33-26,15,20260124-20-36-07,/Users/akbar/Downloads/paal_pipeline/data/20260124-20-33-26/pig15_rgb_20260124-20-36-07.jpg,/Users/akbar/Downloads/paal_pipeline/data/20260124-20-33-26/pig15_ir_vis_20260124-20-36-07.jpg,/Users/akbar/Downloads/paal_pipeline/data/20260124-20-33-26/pig15_depth_vis_20260124-20-36-07.jpg,2
20260124-20-33-26,16,20260124-20-36-15,/Users/akbar/Downloads/paal_pipeline/data/20260124-20-33-26/pig16_rgb_20260124-20-36-15.jpg,/Users/akbar/Downloads/paal_pipeline/data/20260124-20-33-26/pig16_ir_vis_20260124-20-36-15.jpg,/Users/akbar/Downloads/paal_pipeline/data/20260124-20-33-26/pig16_depth_vis_20260124-20-36-15.jpg,2
20260124-20-33-26,18,20260124-20-36-33,/Users/akbar/Downloads/paal_pipeline/data/20260124-20-33-26/pig18_rgb_20260124-20-36-33.jpg,/Users/akbar/Downloads/paal_pipeline/data/20260124-20-33-26/pig18_ir_vis_20260124-20-36-33.jpg,/Users/akbar/Downloads/paal_pipeline/data/20260124-20-33-26/pig18_depth_vis_20260124-20-36-33.jpg,2
20260124-20-44-06,0,20260124-20-44-32,/Users/akbar/Downloads/paal_pipeline/data/20260124-20-44-06/pig0_rgb_20260124-20-44-32.jpg,/Users/akbar/Downloads/paal_pipeline/data/20260124-20-44-06/pig0_ir_vis_20260124-20-44-32.jpg,/Users/akbar/Downloads/paal_pipeline/data/20260124-20-44-06/pig0_depth_vis_20260124-20-44-32.jpg,2
20260124-20-44-06,2,20260124-20-44-50,/Users/akbar/Downloads/paal_pipeline/data/20260124-20-44-06/pig2_rgb_20260124-20-44-50.jpg,/Users/akbar/Downloads/paal_pipeline/data/20260124-20-44-06/pig2_ir_vis_20260124-20-44-50.jpg,/Users/akbar/Downloads/paal_pipeline/data/20260124-20-44-06/pig2_depth_vis_20260124-20-44-50.jpg,0
20260124-20-44-06,3,20260124-20-44-59,/Users/akbar/Downloads/paal_pipeline/data/20260124-20-44-06/pig3_rgb_20260124-20-44-59.jpg,/Users/akbar/Downloads/paal_pipeline/data/20260124-20-44-06/pig3_ir_vis_20260124-20-44-59.jpg,/Users/akbar/Downloads/paal_pipeline/data/20260124-20-44-06/pig3_depth_vis_20260124-20-44-59.jpg,2
20260124-20-44-06,4,20260124-20-45-08,/Users/akbar/Downloads/paal_pipeline/data/20260124-20-44-06/pig4_rgb_20260124-20-45-08.jpg,/Users/akbar/Downloads/paal_pipeline/data/20260124-20-44-06/pig4_ir_vis_20260124-20-45-08.jpg,/Users/akbar/Downloads/paal_pipeline/data/20260124-20-44-06/pig4_depth_vis_20260124-20-45-08.jpg,2
20260124-20-44-06,5,20260124-20-45-17,/Users/akbar/Downloads/paal_pipeline/data/20260124-20-44-06/pig5_rgb_20260124-20-45-17.jpg,/Users/akbar/Downloads/paal_pipeline/data/20260124-20-44-06/pig5_ir_vis_20260124-20-45-17.jpg,/Users/akbar/Downloads/paal_pipeline/data/20260124-20-44-06/pig5_depth_vis_20260124-20-45-17.jpg,0
20260124-20-44-06,6,20260124-20-45-26,/Users/akbar/Downloads/paal_pipeline/data/20260124-20-44-06/pig6_rgb_20260124-20-45-26.jpg,/Users/akbar/Downloads/paal_pipeline/data/20260124-20-44-06/pig6_ir_vis_20260124-20-45-26.jpg,/Users/akbar/Downloads/paal_pipeline/data/20260124-20-44-06/pig6_depth_vis_20260124-20-45-26.jpg,2
20260124-20-44-06,7,20260124-20-45-35,/Users/akbar/Downloads/paal_pipeline/data/20260124-20-44-06/pig7_rgb_20260124-20-45-35.jpg,/Users/akbar/Downloads/paal_pipeline/data/20260124-20-44-06/pig7_ir_vis_20260124-20-45-35.jpg,/Users/akbar/Downloads/paal_pipeline/data/20260124-20-44-06/pig7_depth_vis_20260124-20-45-35.jpg,2
20260124-20-44-06,8,20260124-20-45-44,/Users/akbar/Downloads/paal_pipeline/data/20260124-20-44-06/pig8_rgb_20260124-20-45-44.jpg,/Users/akbar/Downloads/paal_pipeline/data/20260124-20-44-06/pig8_ir_vis_20260124-20-45-44.jpg,/Users/akbar/Downloads/paal_pipeline/data/20260124-20-44-06/pig8_depth_vis_20260124-20-45-44.jpg,2
20260124-20-44-06,9,20260124-20-45-52,/Users/akbar/Downloads/paal_pipeline/data/20260124-20-44-06/pig9_rgb_20260124-20-45-52.jpg,/Users/akbar/Downloads/paal_pipeline/data/20260124-20-44-06/pig9_ir_vis_20260124-20-45-52.jpg,/Users/akbar/Downloads/paal_pipeline/data/20260124-20-44-06/pig9_depth_vis_20260124-20-45-52.jpg,2
20260124-20-44-06,10,20260124-20-46-01,/Users/akbar/Downloads/paal_pipeline/data/20260124-20-44-06/pig10_rgb_20260124-20-46-01.jpg,/Users/akbar/Downloads/paal_pipeline/data/20260124-20-44-06/pig10_ir_vis_20260124-20-46-01.jpg,/Users/akbar/Downloads/paal_pipeline/data/20260124-20-44-06/pig10_depth_vis_20260124-20-46-01.jpg,0
20260124-20-44-06,11,20260124-20-46-11,/Users/akbar/Downloads/paal_pipeline/data/20260124-20-44-06/pig11_rgb_20260124-20-46-11.jpg,/Users/akbar/Downloads/paal_pipeline/data/20260124-20-44-06/pig11_ir_vis_20260124-20-46-11.jpg,/Users/akbar/Downloads/paal_pipeline/data/20260124-20-44-06/pig11_depth_vis_20260124-20-46-11.jpg,2
20260124-20-44-06,12,20260124-20-46-19,/Users/akbar/Downloads/paal_pipeline/data/20260124-20-44-06/pig12_rgb_20260124-20-46-19.jpg,/Users/akbar/Downloads/paal_pipeline/data/20260124-20-44-06/pig12_ir_vis_20260124-20-46-19.jpg,/Users/akbar/Downloads/paal_pipeline/data/20260124-20-44-06/pig12_depth_vis_20260124-20-46-19.jpg,2
20260124-20-44-06,14,20260124-20-46-37,/Users/akbar/Downloads/paal_pipeline/data/20260124-20-44-06/pig14_rgb_20260124-20-46-37.jpg,/Users/akbar/Downloads/paal_pipeline/data/20260124-20-44-06/pig14_ir_vis_20260124-20-46-37.jpg,/Users/akbar/Downloads/paal_pipeline/data/20260124-20-44-06/pig14_depth_vis_20260124-20-46-37.jpg,2
20260124-20-44-06,15,20260124-20-46-46,/Users/akbar/Downloads/paal_pipeline/data/20260124-20-44-06/pig15_rgb_20260124-20-46-46.jpg,/Users/akbar/Downloads/paal_pipeline/data/20260124-20-44-06/pig15_ir_vis_20260124-20-46-46.jpg,/Users/akbar/Downloads/paal_pipeline/data/20260124-20-44-06/pig15_depth_vis_20260124-20-46-46.jpg,2
20260124-20-44-06,16,20260124-20-46-55,/Users/akbar/Downloads/paal_pipeline/data/20260124-20-44-06/pig16_rgb_20260124-20-46-55.jpg,/Users/akbar/Downloads/paal_pipeline/data/20260124-20-44-06/pig16_ir_vis_20260124-20-46-55.jpg,/Users/akbar/Downloads/paal_pipeline/data/20260124-20-44-06/pig16_depth_vis_20260124-20-46-55.jpg,2
20260124-20-44-06,18,20260124-20-47-12,/Users/akbar/Downloads/paal_pipeline/data/20260124-20-44-06/pig18_rgb_20260124-20-47-12.jpg,/Users/akbar/Downloads/paal_pipeline/data/20260124-20-44-06/pig18_ir_vis_20260124-20-47-12.jpg,/Users/akbar/Downloads/paal_pipeline/data/20260124-20-44-06/pig18_depth_vis_20260124-20-47-12.jpg,2
20260124-21-26-44,0,20260124-21-27-11,/Users/akbar/Downloads/paal_pipeline/data/20260124-21-26-44/pig0_rgb_20260124-21-27-11.jpg,/Users/akbar/Downloads/paal_pipeline/data/20260124-21-26-44/pig0_ir_vis_20260124-21-27-11.jpg,/Users/akbar/Downloads/paal_pipeline/data/20260124-21-26-44/pig0_depth_vis_20260124-21-27-11.jpg,2
20260124-21-26-44,2,20260124-21-27-28,/Users/akbar/Downloads/paal_pipeline/data/20260124-21-26-44/pig2_rgb_20260124-21-27-28.jpg,/Users/akbar/Downloads/paal_pipeline/data/20260124-21-26-44/pig2_ir_vis_20260124-21-27-28.jpg,/Users/akbar/Downloads/paal_pipeline/data/20260124-21-26-44/pig2_depth_vis_20260124-21-27-28.jpg,0
20260124-21-26-44,3,20260124-21-27-37,/Users/akbar/Downloads/paal_pipeline/data/20260124-21-26-44/pig3_rgb_20260124-21-27-37.jpg,/Users/akbar/Downloads/paal_pipeline/data/20260124-21-26-44/pig3_ir_vis_20260124-21-27-37.jpg,/Users/akbar/Downloads/paal_pipeline/data/20260124-21-26-44/pig3_depth_vis_20260124-21-27-37.jpg,2
20260124-21-26-44,4,20260124-21-27-46,/Users/akbar/Downloads/paal_pipeline/data/20260124-21-26-44/pig4_rgb_20260124-21-27-46.jpg,/Users/akbar/Downloads/paal_pipeline/data/20260124-21-26-44/pig4_ir_vis_20260124-21-27-46.jpg,/Users/akbar/Downloads/paal_pipeline/data/20260124-21-26-44/pig4_depth_vis_20260124-21-27-46.jpg,2
20260124-21-26-44,5,20260124-21-27-55,/Users/akbar/Downloads/paal_pipeline/data/20260124-21-26-44/pig5_rgb_20260124-21-27-55.jpg,/Users/akbar/Downloads/paal_pipeline/data/20260124-21-26-44/pig5_ir_vis_20260124-21-27-55.jpg,/Users/akbar/Downloads/paal_pipeline/data/20260124-21-26-44/pig5_depth_vis_20260124-21-27-55.jpg,2
20260124-21-26-44,6,20260124-21-28-04,/Users/akbar/Downloads/paal_pipeline/data/20260124-21-26-44/pig6_rgb_20260124-21-28-04.jpg,/Users/akbar/Downloads/paal_pipeline/data/20260124-21-26-44/pig6_ir_vis_20260124-21-28-04.jpg,/Users/akbar/Downloads/paal_pipeline/data/20260124-21-26-44/pig6_depth_vis_20260124-21-28-04.jpg,2
20260124-21-26-44,7,20260124-21-28-13,/Users/akbar/Downloads/paal_pipeline/data/20260124-21-26-44/pig7_rgb_20260124-21-28-13.jpg,/Users/akbar/Downloads/paal_pipeline/data/20260124-21-26-44/pig7_ir_vis_20260124-21-28-13.jpg,/Users/akbar/Downloads/paal_pipeline/data/20260124-21-26-44/pig7_depth_vis_20260124-21-28-13.jpg,2
20260124-21-26-44,8,20260124-21-28-22,/Users/akbar/Downloads/paal_pipeline/data/20260124-21-26-44/pig8_rgb_20260124-21-28-22.jpg,/Users/akbar/Downloads/paal_pipeline/data/20260124-21-26-44/pig8_ir_vis_20260124-21-28-22.jpg,/Users/akbar/Downloads/paal_pipeline/data/20260124-21-26-44/pig8_depth_vis_20260124-21-28-22.jpg,2
20260124-21-26-44,9,20260124-21-28-31,/Users/akbar/Downloads/paal_pipeline/data/20260124-21-26-44/pig9_rgb_20260124-21-28-31.jpg,/Users/akbar/Downloads/paal_pipeline/data/20260124-21-26-44/pig9_ir_vis_20260124-21-28-31.jpg,/Users/akbar/Downloads/paal_pipeline/data/20260124-21-26-44/pig9_depth_vis_20260124-21-28-31.jpg,2
20260124-21-26-44,10,20260124-21-28-40,/Users/akbar/Downloads/paal_pipeline/data/20260124-21-26-44/pig10_rgb_20260124-21-28-40.jpg,/Users/akbar/Downloads/paal_pipeline/data/20260124-21-26-44/pig10_ir_vis_20260124-21-28-40.jpg,/Users/akbar/Downloads/paal_pipeline/data/20260124-21-26-44/pig10_depth_vis_20260124-21-28-40.jpg,0
20260124-21-26-44,11,20260124-21-28-49,/Users/akbar/Downloads/paal_pipeline/data/20260124-21-26-44/pig11_rgb_20260124-21-28-49.jpg,/Users/akbar/Downloads/paal_pipeline/data/20260124-21-26-44/pig11_ir_vis_20260124-21-28-49.jpg,/Users/akbar/Downloads/paal_pipeline/data/20260124-21-26-44/pig11_depth_vis_20260124-21-28-49.jpg,0
20260124-21-26-44,12,20260124-21-28-58,/Users/akbar/Downloads/paal_pipeline/data/20260124-21-26-44/pig12_rgb_20260124-21-28-58.jpg,/Users/akbar/Downloads/paal_pipeline/data/20260124-21-26-44/pig12_ir_vis_20260124-21-28-58.jpg,/Users/akbar/Downloads/paal_pipeline/data/20260124-21-26-44/pig12_depth_vis_20260124-21-28-58.jpg,2
20260124-21-26-44,14,20260124-21-29-15,/Users/akbar/Downloads/paal_pipeline/data/20260124-21-26-44/pig14_rgb_20260124-21-29-15.jpg,/Users/akbar/Downloads/paal_pipeline/data/20260124-21-26-44/pig14_ir_vis_20260124-21-29-15.jpg,/Users/akbar/Downloads/paal_pipeline/data/20260124-21-26-44/pig14_depth_vis_20260124-21-29-15.jpg,2
20260124-21-26-44,15,20260124-21-29-24,/Users/akbar/Downloads/paal_pipeline/data/20260124-21-26-44/pig15_rgb_20260124-21-29-24.jpg,/Users/akbar/Downloads/paal_pipeline/data/20260124-21-26-44/pig15_ir_vis_20260124-21-29-24.jpg,/Users/akbar/Downloads/paal_pipeline/data/20260124-21-26-44/pig15_depth_vis_20260124-21-29-24.jpg,2
20260124-21-26-44,16,20260124-21-29-33,/Users/akbar/Downloads/paal_pipeline/data/20260124-21-26-44/pig16_rgb_20260124-21-29-33.jpg,/Users/akbar/Downloads/paal_pipeline/data/20260124-21-26-44/pig16_ir_vis_20260124-21-29-33.jpg,/Users/akbar/Downloads/paal_pipeline/data/20260124-21-26-44/pig16_depth_vis_20260124-21-29-33.jpg,2
20260124-21-26-44,18,20260124-21-29-51,/Users/akbar/Downloads/paal_pipeline/data/20260124-21-26-44/pig18_rgb_20260124-21-29-51.jpg,/Users/akbar/Downloads/paal_pipeline/data/20260124-21-26-44/pig18_ir_vis_20260124-21-29-51.jpg,/Users/akbar/Downloads/paal_pipeline/data/20260124-21-26-44/pig18_depth_vis_20260124-21-29-51.jpg,2
20260124-22-52-01,0,20260124-22-52-27,/Users/akbar/Downloads/paal_pipeline/data/20260124-22-52-01/pig0_rgb_20260124-22-52-27.jpg,/Users/akbar/Downloads/paal_pipeline/data/20260124-22-52-01/pig0_ir_vis_20260124-22-52-27.jpg,/Users/akbar/Downloads/paal_pipeline/data/20260124-22-52-01/pig0_depth_vis_20260124-22-52-27.jpg,2
20260124-22-52-01,2,20260124-22-52-45,/Users/akbar/Downloads/paal_pipeline/data/20260124-22-52-01/pig2_rgb_20260124-22-52-45.jpg,/Users/akbar/Downloads/paal_pipeline/data/20260124-22-52-01/pig2_ir_vis_20260124-22-52-45.jpg,/Users/akbar/Downloads/paal_pipeline/data/20260124-22-52-01/pig2_depth_vis_20260124-22-52-45.jpg,0
20260124-22-52-01,3,20260124-22-52-54,/Users/akbar/Downloads/paal_pipeline/data/20260124-22-52-01/pig3_rgb_20260124-22-52-54.jpg,/Users/akbar/Downloads/paal_pipeline/data/20260124-22-52-01/pig3_ir_vis_20260124-22-52-54.jpg,/Users/akbar/Downloads/paal_pipeline/data/20260124-22-52-01/pig3_depth_vis_20260124-22-52-54.jpg,2
20260124-22-52-01,4,20260124-22-53-03,/Users/akbar/Downloads/paal_pipeline/data/20260124-22-52-01/pig4_rgb_20260124-22-53-03.jpg,/Users/akbar/Downloads/paal_pipeline/data/20260124-22-52-01/pig4_ir_vis_20260124-22-53-03.jpg,/Users/akbar/Downloads/paal_pipeline/data/20260124-22-52-01/pig4_depth_vis_20260124-22-53-03.jpg,2
20260124-22-52-01,5,20260124-22-53-12,/Users/akbar/Downloads/paal_pipeline/data/20260124-22-52-01/pig5_rgb_20260124-22-53-12.jpg,/Users/akbar/Downloads/paal_pipeline/data/20260124-22-52-01/pig5_ir_vis_20260124-22-53-12.jpg,/Users/akbar/Downloads/paal_pipeline/data/20260124-22-52-01/pig5_depth_vis_20260124-22-53-12.jpg,2
20260124-22-52-01,6,20260124-22-53-21,/Users/akbar/Downloads/paal_pipeline/data/20260124-22-52-01/pig6_rgb_20260124-22-53-21.jpg,/Users/akbar/Downloads/paal_pipeline/data/20260124-22-52-01/pig6_ir_vis_20260124-22-53-21.jpg,/Users/akbar/Downloads/paal_pipeline/data/20260124-22-52-01/pig6_depth_vis_20260124-22-53-21.jpg,2
20260124-22-52-01,7,20260124-22-53-30,/Users/akbar/Downloads/paal_pipeline/data/20260124-22-52-01/pig7_rgb_20260124-22-53-30.jpg,/Users/akbar/Downloads/paal_pipeline/data/20260124-22-52-01/pig7_ir_vis_20260124-22-53-30.jpg,/Users/akbar/Downloads/paal_pipeline/data/20260124-22-52-01/pig7_depth_vis_20260124-22-53-30.jpg,2
20260124-22-52-01,8,20260124-22-53-39,/Users/akbar/Downloads/paal_pipeline/data/20260124-22-52-01/pig8_rgb_20260124-22-53-39.jpg,/Users/akbar/Downloads/paal_pipeline/data/20260124-22-52-01/pig8_ir_vis_20260124-22-53-39.jpg,/Users/akbar/Downloads/paal_pipeline/data/20260124-22-52-01/pig8_depth_vis_20260124-22-53-39.jpg,2
20260124-22-52-01,9,20260124-22-53-47,/Users/akbar/Downloads/paal_pipeline/data/20260124-22-52-01/pig9_rgb_20260124-22-53-47.jpg,/Users/akbar/Downloads/paal_pipeline/data/20260124-22-52-01/pig9_ir_vis_20260124-22-53-47.jpg,/Users/akbar/Downloads/paal_pipeline/data/20260124-22-52-01/pig9_depth_vis_20260124-22-53-47.jpg,2
20260124-22-52-01,10,20260124-22-53-56,/Users/akbar/Downloads/paal_pipeline/data/20260124-22-52-01/pig10_rgb_20260124-22-53-56.jpg,/Users/akbar/Downloads/paal_pipeline/data/20260124-22-52-01/pig10_ir_vis_20260124-22-53-56.jpg,/Users/akbar/Downloads/paal_pipeline/data/20260124-22-52-01/pig10_depth_vis_20260124-22-53-56.jpg,2
20260124-22-52-01,11,20260124-22-54-05,/Users/akbar/Downloads/paal_pipeline/data/20260124-22-52-01/pig11_rgb_20260124-22-54-05.jpg,/Users/akbar/Downloads/paal_pipeline/data/20260124-22-52-01/pig11_ir_vis_20260124-22-54-05.jpg,/Users/akbar/Downloads/paal_pipeline/data/20260124-22-52-01/pig11_depth_vis_20260124-22-54-05.jpg,2
20260124-22-52-01,12,20260124-22-54-14,/Users/akbar/Downloads/paal_pipeline/data/20260124-22-52-01/pig12_rgb_20260124-22-54-14.jpg,/Users/akbar/Downloads/paal_pipeline/data/20260124-22-52-01/pig12_ir_vis_20260124-22-54-14.jpg,/Users/akbar/Downloads/paal_pipeline/data/20260124-22-52-01/pig12_depth_vis_20260124-22-54-14.jpg,2
20260124-22-52-01,14,20260124-22-54-32,/Users/akbar/Downloads/paal_pipeline/data/20260124-22-52-01/pig14_rgb_20260124-22-54-32.jpg,/Users/akbar/Downloads/paal_pipeline/data/20260124-22-52-01/pig14_ir_vis_20260124-22-54-32.jpg,/Users/akbar/Downloads/paal_pipeline/data/20260124-22-52-01/pig14_depth_vis_20260124-22-54-32.jpg,2
20260124-22-52-01,15,20260124-22-54-41,/Users/akbar/Downloads/paal_pipeline/data/20260124-22-52-01/pig15_rgb_20260124-22-54-41.jpg,/Users/akbar/Downloads/paal_pipeline/data/20260124-22-52-01/pig15_ir_vis_20260124-22-54-41.jpg,/Users/akbar/Downloads/paal_pipeline/data/20260124-22-52-01/pig15_depth_vis_20260124-22-54-41.jpg,2
20260124-22-52-01,16,20260124-22-54-50,/Users/akbar/Downloads/paal_pipeline/data/20260124-22-52-01/pig16_rgb_20260124-22-54-50.jpg,/Users/akbar/Downloads/paal_pipeline/data/20260124-22-52-01/pig16_ir_vis_20260124-22-54-50.jpg,/Users/akbar/Downloads/paal_pipeline/data/20260124-22-52-01/pig16_depth_vis_20260124-22-54-50.jpg,2
20260124-22-52-01,18,20260124-22-55-07,/Users/akbar/Downloads/paal_pipeline/data/20260124-22-52-01/pig18_rgb_20260124-22-55-07.jpg,/Users/akbar/Downloads/paal_pipeline/data/20260124-22-52-01/pig18_ir_vis_20260124-22-55-07.jpg,/Users/akbar/Downloads/paal_pipeline/data/20260124-22-52-01/pig18_depth_vis_20260124-22-55-07.jpg,2
20260125-00-06-38,0,20260125-00-07-04,/Users/akbar/Downloads/paal_pipeline/data/20260125-00-06-38/pig0_rgb_20260125-00-07-04.jpg,/Users/akbar/Downloads/paal_pipeline/data/20260125-00-06-38/pig0_ir_vis_20260125-00-07-04.jpg,/Users/akbar/Downloads/paal_pipeline/data/20260125-00-06-38/pig0_depth_vis_20260125-00-07-04.jpg,2
20260125-00-06-38,2,20260125-00-07-22,/Users/akbar/Downloads/paal_pipeline/data/20260125-00-06-38/pig2_rgb_20260125-00-07-22.jpg,/Users/akbar/Downloads/paal_pipeline/data/20260125-00-06-38/pig2_ir_vis_20260125-00-07-22.jpg,/Users/akbar/Downloads/paal_pipeline/data/20260125-00-06-38/pig2_depth_vis_20260125-00-07-22.jpg,0
20260125-00-06-38,3,20260125-00-07-31,/Users/akbar/Downloads/paal_pipeline/data/20260125-00-06-38/pig3_rgb_20260125-00-07-31.jpg,/Users/akbar/Downloads/paal_pipeline/data/20260125-00-06-38/pig3_ir_vis_20260125-00-07-31.jpg,/Users/akbar/Downloads/paal_pipeline/data/20260125-00-06-38/pig3_depth_vis_20260125-00-07-31.jpg,2
20260125-00-06-38,4,20260125-00-07-40,/Users/akbar/Downloads/paal_pipeline/data/20260125-00-06-38/pig4_rgb_20260125-00-07-40.jpg,/Users/akbar/Downloads/paal_pipeline/data/20260125-00-06-38/pig4_ir_vis_20260125-00-07-40.jpg,/Users/akbar/Downloads/paal_pipeline/data/20260125-00-06-38/pig4_depth_vis_20260125-00-07-40.jpg,2
20260125-00-06-38,5,20260125-00-07-49,/Users/akbar/Downloads/paal_pipeline/data/20260125-00-06-38/pig5_rgb_20260125-00-07-49.jpg,/Users/akbar/Downloads/paal_pipeline/data/20260125-00-06-38/pig5_ir_vis_20260125-00-07-49.jpg,/Users/akbar/Downloads/paal_pipeline/data/20260125-00-06-38/pig5_depth_vis_20260125-00-07-49.jpg,2
20260125-00-06-38,6,20260125-00-07-58,/Users/akbar/Downloads/paal_pipeline/data/20260125-00-06-38/pig6_rgb_20260125-00-07-58.jpg,/Users/akbar/Downloads/paal_pipeline/data/20260125-00-06-38/pig6_ir_vis_20260125-00-07-58.jpg,/Users/akbar/Downloads/paal_pipeline/data/20260125-00-06-38/pig6_depth_vis_20260125-00-07-58.jpg,2
20260125-00-06-38,7,20260125-00-08-07,/Users/akbar/Downloads/paal_pipeline/data/20260125-00-06-38/pig7_rgb_20260125-00-08-07.jpg,/Users/akbar/Downloads/paal_pipeline/data/20260125-00-06-38/pig7_ir_vis_20260125-00-08-07.jpg,/Users/akbar/Downloads/paal_pipeline/data/20260125-00-06-38/pig7_depth_vis_20260125-00-08-07.jpg,2
20260125-00-06-38,8,20260125-00-08-16,/Users/akbar/Downloads/paal_pipeline/data/20260125-00-06-38/pig8_rgb_20260125-00-08-16.jpg,/Users/akbar/Downloads/paal_pipeline/data/20260125-00-06-38/pig8_ir_vis_20260125-00-08-16.jpg,/Users/akbar/Downloads/paal_pipeline/data/20260125-00-06-38/pig8_depth_vis_20260125-00-08-16.jpg,2
20260125-00-06-38,9,20260125-00-08-24,/Users/akbar/Downloads/paal_pipeline/data/20260125-00-06-38/pig9_rgb_20260125-00-08-24.jpg,/Users/akbar/Downloads/paal_pipeline/data/20260125-00-06-38/pig9_ir_vis_20260125-00-08-24.jpg,/Users/akbar/Downloads/paal_pipeline/data/20260125-00-06-38/pig9_depth_vis_20260125-00-08-24.jpg,2
20260125-00-06-38,10,20260125-00-08-33,/Users/akbar/Downloads/paal_pipeline/data/20260125-00-06-38/pig10_rgb_20260125-00-08-33.jpg,/Users/akbar/Downloads/paal_pipeline/data/20260125-00-06-38/pig10_ir_vis_20260125-00-08-33.jpg,/Users/akbar/Downloads/paal_pipeline/data/20260125-00-06-38/pig10_depth_vis_20260125-00-08-33.jpg,2
20260125-00-06-38,11,20260125-00-08-42,/Users/akbar/Downloads/paal_pipeline/data/20260125-00-06-38/pig11_rgb_20260125-00-08-42.jpg,/Users/akbar/Downloads/paal_pipeline/data/20260125-00-06-38/pig11_ir_vis_20260125-00-08-42.jpg,/Users/akbar/Downloads/paal_pipeline/data/20260125-00-06-38/pig11_depth_vis_20260125-00-08-42.jpg,2
20260125-00-06-38,12,20260125-00-08-51,/Users/akbar/Downloads/paal_pipeline/data/20260125-00-06-38/pig12_rgb_20260125-00-08-51.jpg,/Users/akbar/Downloads/paal_pipeline/data/20260125-00-06-38/pig12_ir_vis_20260125-00-08-51.jpg,/Users/akbar/Downloads/paal_pipeline/data/20260125-00-06-38/pig12_depth_vis_20260125-00-08-51.jpg,2
20260125-00-06-38,14,20260125-00-09-09,/Users/akbar/Downloads/paal_pipeline/data/20260125-00-06-38/pig14_rgb_20260125-00-09-09.jpg,/Users/akbar/Downloads/paal_pipeline/data/20260125-00-06-38/pig14_ir_vis_20260125-00-09-09.jpg,/Users/akbar/Downloads/paal_pipeline/data/20260125-00-06-38/pig14_depth_vis_20260125-00-09-09.jpg,2
20260125-00-06-38,15,20260125-00-09-18,/Users/akbar/Downloads/paal_pipeline/data/20260125-00-06-38/pig15_rgb_20260125-00-09-18.jpg,/Users/akbar/Downloads/paal_pipeline/data/20260125-00-06-38/pig15_ir_vis_20260125-00-09-18.jpg,/Users/akbar/Downloads/paal_pipeline/data/20260125-00-06-38/pig15_depth_vis_20260125-00-09-18.jpg,2
20260125-00-06-38,16,20260125-00-09-27,/Users/akbar/Downloads/paal_pipeline/data/20260125-00-06-38/pig16_rgb_20260125-00-09-27.jpg,/Users/akbar/Downloads/paal_pipeline/data/20260125-00-06-38/pig16_ir_vis_20260125-00-09-27.jpg,/Users/akbar/Downloads/paal_pipeline/data/20260125-00-06-38/pig16_depth_vis_20260125-00-09-27.jpg,2
20260125-00-06-38,18,20260125-00-09-44,/Users/akbar/Downloads/paal_pipeline/data/20260125-00-06-38/pig18_rgb_20260125-00-09-44.jpg,/Users/akbar/Downloads/paal_pipeline/data/20260125-00-06-38/pig18_ir_vis_20260125-00-09-44.jpg,/Users/akbar/Downloads/paal_pipeline/data/20260125-00-06-38/pig18_depth_vis_20260125-00-09-44.jpg,2
20260125-00-27-57,0,20260125-00-28-23,/Users/akbar/Downloads/paal_pipeline/data/20260125-00-27-57/pig0_rgb_20260125-00-28-23.jpg,/Users/akbar/Downloads/paal_pipeline/data/20260125-00-27-57/pig0_ir_vis_20260125-00-28-23.jpg,/Users/akbar/Downloads/paal_pipeline/data/20260125-00-27-57/pig0_depth_vis_20260125-00-28-23.jpg,2
20260125-00-27-57,2,20260125-00-28-41,/Users/akbar/Downloads/paal_pipeline/data/20260125-00-27-57/pig2_rgb_20260125-00-28-41.jpg,/Users/akbar/Downloads/paal_pipeline/data/20260125-00-27-57/pig2_ir_vis_20260125-00-28-41.jpg,/Users/akbar/Downloads/paal_pipeline/data/20260125-00-27-57/pig2_depth_vis_20260125-00-28-41.jpg,2
20260131-12-04-01,4,20260131-12-05-03,/Users/akbar/Downloads/paal_pipeline/data/20260131-12-04-01/pig4_rgb_20260131-12-05-03.jpg,/Users/akbar/Downloads/paal_pipeline/data/20260131-12-04-01/pig4_ir_vis_20260131-12-05-03.jpg,/Users/akbar/Downloads/paal_pipeline/data/20260131-12-04-01/pig4_depth_vis_20260131-12-05-03.jpg,1
20260201-11-31-10,4,20260201-11-32-12,/Users/akbar/Downloads/paal_pipeline/data/20260201-11-31-10/pig4_rgb_20260201-11-32-12.jpg,/Users/akbar/Downloads/paal_pipeline/data/20260201-11-31-10/pig4_ir_vis_20260201-11-32-12.jpg,/Users/akbar/Downloads/paal_pipeline/data/20260201-11-31-10/pig4_depth_vis_20260201-11-32-12.jpg,1
20260129-12-00-31,4,20260129-12-01-33,/Users/akbar/Downloads/paal_pipeline/data/20260129-12-00-31/pig4_rgb_20260129-12-01-33.jpg,/Users/akbar/Downloads/paal_pipeline/data/20260129-12-00-31/pig4_ir_vis_20260129-12-01-33.jpg,/Users/akbar/Downloads/paal_pipeline/data/20260129-12-00-31/pig4_depth_vis_20260129-12-01-33.jpg,1
20260128-12-12-12,4,20260128-12-13-14,/Users/akbar/Downloads/paal_pipeline/data/20260128-12-12-12/pig4_rgb_20260128-12-13-14.jpg,/Users/akbar/Downloads/paal_pipeline/data/20260128-12-12-12/pig4_ir_vis_20260128-12-13-14.jpg,/Users/akbar/Downloads/paal_pipeline/data/20260128-12-12-12/pig4_depth_vis_20260128-12-13-14.jpg,1
20260128-12-01-33,4,20260128-12-02-35,/Users/akbar/Downloads/paal_pipeline/data/20260128-12-01-33/pig4_rgb_20260128-12-02-35.jpg,/Users/akbar/Downloads/paal_pipeline/data/20260128-12-01-33/pig4_ir_vis_20260128-12-02-35.jpg,/Users/akbar/Downloads/paal_pipeline/data/20260128-12-01-33/pig4_depth_vis_20260128-12-02-35.jpg,1
20260201-14-00-24,4,20260201-14-01-26,/Users/akbar/Downloads/paal_pipeline/data/20260201-14-00-24/pig4_rgb_20260201-14-01-26.jpg,/Users/akbar/Downloads/paal_pipeline/data/20260201-14-00-24/pig4_ir_vis_20260201-14-01-26.jpg,/Users/akbar/Downloads/paal_pipeline/data/20260201-14-00-24/pig4_depth_vis_20260201-14-01-26.jpg,1
20260131-11-32-02,4,20260131-11-33-04,/Users/akbar/Downloads/paal_pipeline/data/20260131-11-32-02/pig4_rgb_20260131-11-33-04.jpg,/Users/akbar/Downloads/paal_pipeline/data/20260131-11-32-02/pig4_ir_vis_20260131-11-33-04.jpg,/Users/akbar/Downloads/paal_pipeline/data/20260131-11-32-02/pig4_depth_vis_20260131-11-33-04.jpg,1
20260125-14-40-40,4,20260125-14-41-42,/Users/akbar/Downloads/paal_pipeline/data/20260125-14-40-40/pig4_rgb_20260125-14-41-42.jpg,/Users/akbar/Downloads/paal_pipeline/data/20260125-14-40-40/pig4_ir_vis_20260125-14-41-42.jpg,/Users/akbar/Downloads/paal_pipeline/data/20260125-14-40-40/pig4_depth_vis_20260125-14-41-42.jpg,1
20260131-11-53-21,4,20260131-11-54-23,/Users/akbar/Downloads/paal_pipeline/data/20260131-11-53-21/pig4_rgb_20260131-11-54-23.jpg,/Users/akbar/Downloads/paal_pipeline/data/20260131-11-53-21/pig4_ir_vis_20260131-11-54-23.jpg,/Users/akbar/Downloads/paal_pipeline/data/20260131-11-53-21/pig4_depth_vis_20260131-11-54-23.jpg,1
20260131-13-07-59,4,20260131-13-09-01,/Users/akbar/Downloads/paal_pipeline/data/20260131-13-07-59/pig4_rgb_20260131-13-09-01.jpg,/Users/akbar/Downloads/paal_pipeline/data/20260131-13-07-59/pig4_ir_vis_20260131-13-09-01.jpg,/Users/akbar/Downloads/paal_pipeline/data/20260131-13-07-59/pig4_depth_vis_20260131-13-09-01.jpg,1
20260130-10-50-22,4,20260130-10-51-24,/Users/akbar/Downloads/paal_pipeline/data/20260130-10-50-22/pig4_rgb_20260130-10-51-24.jpg,/Users/akbar/Downloads/paal_pipeline/data/20260130-10-50-22/pig4_ir_vis_20260130-10-51-24.jpg,/Users/akbar/Downloads/paal_pipeline/data/20260130-10-50-22/pig4_depth_vis_20260130-10-51-24.jpg,1
20260202-11-51-02,4,20260202-11-52-04,/Users/akbar/Downloads/paal_pipeline/data/20260202-11-51-02/pig4_rgb_20260202-11-52-04.jpg,/Users/akbar/Downloads/paal_pipeline/data/20260202-11-51-02/pig4_ir_vis_20260202-11-52-04.jpg,/Users/akbar/Downloads/paal_pipeline/data/20260202-11-51-02/pig4_depth_vis_20260202-11-52-04.jpg,1
20260126-12-21-43,4,20260126-12-22-45,/Users/akbar/Downloads/paal_pipeline/data/20260126-12-21-43/pig4_rgb_20260126-12-22-45.jpg,/Users/akbar/Downloads/paal_pipeline/data/20260126-12-21-43/pig4_ir_vis_20260126-12-22-45.jpg,/Users/akbar/Downloads/paal_pipeline/data/20260126-12-21-43/pig4_depth_vis_20260126-12-22-45.jpg,1
20260125-12-43-25,4,20260125-12-44-27,/Users/akbar/Downloads/paal_pipeline/data/20260125-12-43-25/pig4_rgb_20260125-12-44-27.jpg,/Users/akbar/Downloads/paal_pipeline/data/20260125-12-43-25/pig4_ir_vis_20260125-12-44-27.jpg,/Users/akbar/Downloads/paal_pipeline/data/20260125-12-43-25/pig4_depth_vis_20260125-12-44-27.jpg,1
20260128-11-29-34,4,20260128-11-30-36,/Users/akbar/Downloads/paal_pipeline/data/20260128-11-29-34/pig4_rgb_20260128-11-30-36.jpg,/Users/akbar/Downloads/paal_pipeline/data/20260128-11-29-34/pig4_ir_vis_20260128-11-30-36.jpg,/Users/akbar/Downloads/paal_pipeline/data/20260128-11-29-34/pig4_depth_vis_20260128-11-30-36.jpg,1
20260129-12-00-31,15,20260129-12-03-11,/Users/akbar/Downloads/paal_pipeline/data/20260129-12-00-31/pig15_rgb_20260129-12-03-11.jpg,/Users/akbar/Downloads/paal_pipeline/data/20260129-12-00-31/pig15_ir_vis_20260129-12-03-11.jpg,/Users/akbar/Downloads/paal_pipeline/data/20260129-12-00-31/pig15_depth_vis_20260129-12-03-11.jpg,1
20260126-12-21-43,15,20260126-12-24-23,/Users/akbar/Downloads/paal_pipeline/data/20260126-12-21-43/pig15_rgb_20260126-12-24-23.jpg,/Users/akbar/Downloads/paal_pipeline/data/20260126-12-21-43/pig15_ir_vis_20260126-12-24-23.jpg,/Users/akbar/Downloads/paal_pipeline/data/20260126-12-21-43/pig15_depth_vis_20260126-12-24-23.jpg,1
20260127-14-39-17,4,20260127-14-40-19,/Users/akbar/Downloads/paal_pipeline/data/20260127-14-39-17/pig4_rgb_20260127-14-40-19.jpg,/Users/akbar/Downloads/paal_pipeline/data/20260127-14-39-17/pig4_ir_vis_20260127-14-40-19.jpg,/Users/akbar/Downloads/paal_pipeline/data/20260127-14-39-17/pig4_depth_vis_20260127-14-40-19.jpg,1
20260203-08-06-00,5,20260203-08-07-02,/Users/akbar/Downloads/paal_pipeline/data/20260203-08-06-00/pig5_rgb_20260203-08-07-02.jpg,/Users/akbar/Downloads/paal_pipeline/data/20260203-08-06-00/pig5_ir_vis_20260203-08-07-02.jpg,/Users/akbar/Downloads/paal_pipeline/data/20260203-08-06-00/pig5_depth_vis_20260203-08-07-02.jpg,1
20260202-17-10-45,5,20260202-17-11-47,/Users/akbar/Downloads/paal_pipeline/data/20260202-17-10-45/pig5_rgb_20260202-17-11-47.jpg,/Users/akbar/Downloads/paal_pipeline/data/20260202-17-10-45/pig5_ir_vis_20260202-17-11-47.jpg,/Users/akbar/Downloads/paal_pipeline/data/20260202-17-10-45/pig5_depth_vis_20260202-17-11-47.jpg,1
20260130-06-40-44,4,20260130-06-41-46,/Users/akbar/Downloads/paal_pipeline/data/20260130-06-40-44/pig4_rgb_20260130-06-41-46.jpg,/Users/akbar/Downloads/paal_pipeline/data/20260130-06-40-44/pig4_ir_vis_20260130-06-41-46.jpg,/Users/akbar/Downloads/paal_pipeline/data/20260130-06-40-44/pig4_depth_vis_20260130-06-41-46.jpg,1
20260128-14-30-46,9,20260128-14-32-33,/Users/akbar/Downloads/paal_pipeline/data/20260128-14-30-46/pig9_rgb_20260128-14-32-33.jpg,/Users/akbar/Downloads/paal_pipeline/data/20260128-14-30-46/pig9_ir_vis_20260128-14-32-33.jpg,/Users/akbar/Downloads/paal_pipeline/data/20260128-14-30-46/pig9_depth_vis_20260128-14-32-33.jpg,1
20260129-07-02-03,4,20260129-07-03-05,/Users/akbar/Downloads/paal_pipeline/data/20260129-07-02-03/pig4_rgb_20260129-07-03-05.jpg,/Users/akbar/Downloads/paal_pipeline/data/20260129-07-02-03/pig4_ir_vis_20260129-07-03-05.jpg,/Users/akbar/Downloads/paal_pipeline/data/20260129-07-02-03/pig4_depth_vis_20260129-07-03-05.jpg,1
20260128-11-29-34,14,20260128-11-32-05,/Users/akbar/Downloads/paal_pipeline/data/20260128-11-29-34/pig14_rgb_20260128-11-32-05.jpg,/Users/akbar/Downloads/paal_pipeline/data/20260128-11-29-34/pig14_ir_vis_20260128-11-32-05.jpg,/Users/akbar/Downloads/paal_pipeline/data/20260128-11-29-34/pig14_depth_vis_20260128-11-32-05.jpg,1
20260125-08-16-56,15,20260125-08-19-37,/Users/akbar/Downloads/paal_pipeline/data/20260125-08-16-56/pig15_rgb_20260125-08-19-37.jpg,/Users/akbar/Downloads/paal_pipeline/data/20260125-08-16-56/pig15_ir_vis_20260125-08-19-37.jpg,/Users/akbar/Downloads/paal_pipeline/data/20260125-08-16-56/pig15_depth_vis_20260125-08-19-37.jpg,1
20260127-21-13-39,15,20260127-21-16-20,/Users/akbar/Downloads/paal_pipeline/data/20260127-21-13-39/pig15_rgb_20260127-21-16-20.jpg,/Users/akbar/Downloads/paal_pipeline/data/20260127-21-13-39/pig15_ir_vis_20260127-21-16-20.jpg,/Users/akbar/Downloads/paal_pipeline/data/20260127-21-13-39/pig15_depth_vis_20260127-21-16-20.jpg,1
20260125-06-09-02,18,20260125-06-12-08,/Users/akbar/Downloads/paal_pipeline/data/20260125-06-09-02/pig18_rgb_20260125-06-12-08.jpg,/Users/akbar/Downloads/paal_pipeline/data/20260125-06-09-02/pig18_ir_vis_20260125-06-12-08.jpg,/Users/akbar/Downloads/paal_pipeline/data/20260125-06-09-02/pig18_depth_vis_20260125-06-12-08.jpg,1
20260129-09-20-37,9,20260129-09-22-24,/Users/akbar/Downloads/paal_pipeline/data/20260129-09-20-37/pig9_rgb_20260129-09-22-24.jpg,/Users/akbar/Downloads/paal_pipeline/data/20260129-09-20-37/pig9_ir_vis_20260129-09-22-24.jpg,/Users/akbar/Downloads/paal_pipeline/data/20260129-09-20-37/pig9_depth_vis_20260129-09-22-24.jpg,1
20260128-07-42-33,9,20260128-07-44-20,/Users/akbar/Downloads/paal_pipeline/data/20260128-07-42-33/pig9_rgb_20260128-07-44-20.jpg,/Users/akbar/Downloads/paal_pipeline/data/20260128-07-42-33/pig9_ir_vis_20260128-07-44-20.jpg,/Users/akbar/Downloads/paal_pipeline/data/20260128-07-42-33/pig9_depth_vis_20260128-07-44-20.jpg,1
20260127-07-00-56,9,20260127-07-02-43,/Users/akbar/Downloads/paal_pipeline/data/20260127-07-00-56/pig9_rgb_20260127-07-02-43.jpg,/Users/akbar/Downloads/paal_pipeline/data/20260127-07-00-56/pig9_ir_vis_20260127-07-02-43.jpg,/Users/akbar/Downloads/paal_pipeline/data/20260127-07-00-56/pig9_depth_vis_20260127-07-02-43.jpg,1
20260129-06-19-25,18,20260129-06-22-32,/Users/akbar/Downloads/paal_pipeline/data/20260129-06-19-25/pig18_rgb_20260129-06-22-32.jpg,/Users/akbar/Downloads/paal_pipeline/data/20260129-06-19-25/pig18_ir_vis_20260129-06-22-32.jpg,/Users/akbar/Downloads/paal_pipeline/data/20260129-06-19-25/pig18_depth_vis_20260129-06-22-32.jpg,1
20260125-13-47-22,4,20260125-13-48-24,/Users/akbar/Downloads/paal_pipeline/data/20260125-13-47-22/pig4_rgb_20260125-13-48-24.jpg,/Users/akbar/Downloads/paal_pipeline/data/20260125-13-47-22/pig4_ir_vis_20260125-13-48-24.jpg,/Users/akbar/Downloads/paal_pipeline/data/20260125-13-47-22/pig4_depth_vis_20260125-13-48-24.jpg,2
20260125-12-00-47,4,20260125-12-01-49,/Users/akbar/Downloads/paal_pipeline/data/20260125-12-00-47/pig4_rgb_20260125-12-01-49.jpg,/Users/akbar/Downloads/paal_pipeline/data/20260125-12-00-47/pig4_ir_vis_20260125-12-01-49.jpg,/Users/akbar/Downloads/paal_pipeline/data/20260125-12-00-47/pig4_depth_vis_20260125-12-01-49.jpg,2
20260128-16-38-41,15,20260128-16-41-22,/Users/akbar/Downloads/paal_pipeline/data/20260128-16-38-41/pig15_rgb_20260128-16-41-22.jpg,/Users/akbar/Downloads/paal_pipeline/data/20260128-16-38-41/pig15_ir_vis_20260128-16-41-22.jpg,/Users/akbar/Downloads/paal_pipeline/data/20260128-16-38-41/pig15_depth_vis_20260128-16-41-22.jpg,0
20260125-22-29-39,12,20260125-22-31-53,/Users/akbar/Downloads/paal_pipeline/data/20260125-22-29-39/pig12_rgb_20260125-22-31-53.jpg,/Users/akbar/Downloads/paal_pipeline/data/20260125-22-29-39/pig12_ir_vis_20260125-22-31-53.jpg,/Users/akbar/Downloads/paal_pipeline/data/20260125-22-29-39/pig12_depth_vis_20260125-22-31-53.jpg,2
20260126-13-15-01,16,20260126-13-17-50,/Users/akbar/Downloads/paal_pipeline/data/20260126-13-15-01/pig16_rgb_20260126-13-17-50.jpg,/Users/akbar/Downloads/paal_pipeline/data/20260126-13-15-01/pig16_ir_vis_20260126-13-17-50.jpg,/Users/akbar/Downloads/paal_pipeline/data/20260126-13-15-01/pig16_depth_vis_20260126-13-17-50.jpg,0
20260202-16-38-47,16,20260202-16-41-27,/Users/akbar/Downloads/paal_pipeline/data/20260202-16-38-47/pig16_rgb_20260202-16-41-27.jpg,/Users/akbar/Downloads/paal_pipeline/data/20260202-16-38-47/pig16_ir_vis_20260202-16-41-27.jpg,/Users/akbar/Downloads/paal_pipeline/data/20260202-16-38-47/pig16_depth_vis_20260202-16-41-27.jpg,0
20260126-19-28-06,3,20260126-19-28-59,/Users/akbar/Downloads/paal_pipeline/data/20260126-19-28-06/pig3_rgb_20260126-19-28-59.jpg,/Users/akbar/Downloads/paal_pipeline/data/20260126-19-28-06/pig3_ir_vis_20260126-19-28-59.jpg,/Users/akbar/Downloads/paal_pipeline/data/20260126-19-28-06/pig3_depth_vis_20260126-19-28-59.jpg,0
20260125-22-08-20,7,20260125-22-09-49,/Users/akbar/Downloads/paal_pipeline/data/20260125-22-08-20/pig7_rgb_20260125-22-09-49.jpg,/Users/akbar/Downloads/paal_pipeline/data/20260125-22-08-20/pig7_ir_vis_20260125-22-09-49.jpg,/Users/akbar/Downloads/paal_pipeline/data/20260125-22-08-20/pig7_depth_vis_20260125-22-09-49.jpg,1
20260126-05-36-01,16,20260126-05-38-50,/Users/akbar/Downloads/paal_pipeline/data/20260126-05-36-01/pig16_rgb_20260126-05-38-50.jpg,/Users/akbar/Downloads/paal_pipeline/data/20260126-05-36-01/pig16_ir_vis_20260126-05-38-50.jpg,/Users/akbar/Downloads/paal_pipeline/data/20260126-05-36-01/pig16_depth_vis_20260126-05-38-50.jpg,2
20260126-05-57-20,15,20260126-06-00-00,/Users/akbar/Downloads/paal_pipeline/data/20260126-05-57-20/pig15_rgb_20260126-06-00-00.jpg,/Users/akbar/Downloads/paal_pipeline/data/20260126-05-57-20/pig15_ir_vis_20260126-06-00-00.jpg,/Users/akbar/Downloads/paal_pipeline/data/20260126-05-57-20/pig15_depth_vis_20260126-06-00-00.jpg,2
20260130-20-15-19,15,20260130-20-18-00,/Users/akbar/Downloads/paal_pipeline/data/20260130-20-15-19/pig15_rgb_20260130-20-18-00.jpg,/Users/akbar/Downloads/paal_pipeline/data/20260130-20-15-19/pig15_ir_vis_20260130-20-18-00.jpg,/Users/akbar/Downloads/paal_pipeline/data/20260130-20-15-19/pig15_depth_vis_20260130-20-18-00.jpg,0
20260130-13-51-35,9,20260130-13-53-21,/Users/akbar/Downloads/paal_pipeline/data/20260130-13-51-35/pig9_rgb_20260130-13-53-21.jpg,/Users/akbar/Downloads/paal_pipeline/data/20260130-13-51-35/pig9_ir_vis_20260130-13-53-21.jpg,/Users/akbar/Downloads/paal_pipeline/data/20260130-13-51-35/pig9_depth_vis_20260130-13-53-21.jpg,1
20260125-20-53-43,15,20260125-20-56-24,/Users/akbar/Downloads/paal_pipeline/data/20260125-20-53-43/pig15_rgb_20260125-20-56-24.jpg,/Users/akbar/Downloads/paal_pipeline/data/20260125-20-53-43/pig15_ir_vis_20260125-20-56-24.jpg,/Users/akbar/Downloads/paal_pipeline/data/20260125-20-53-43/pig15_depth_vis_20260125-20-56-24.jpg,2
20260126-05-25-21,14,20260126-05-27-52,/Users/akbar/Downloads/paal_pipeline/data/20260126-05-25-21/pig14_rgb_20260126-05-27-52.jpg,/Users/akbar/Downloads/paal_pipeline/data/20260126-05-25-21/pig14_ir_vis_20260126-05-27-52.jpg,/Users/akbar/Downloads/paal_pipeline/data/20260126-05-25-21/pig14_depth_vis_20260126-05-27-52.jpg,2
20260125-19-39-07,6,20260125-19-40-27,/Users/akbar/Downloads/paal_pipeline/data/20260125-19-39-07/pig6_rgb_20260125-19-40-27.jpg,/Users/akbar/Downloads/paal_pipeline/data/20260125-19-39-07/pig6_ir_vis_20260125-19-40-27.jpg,/Users/akbar/Downloads/paal_pipeline/data/20260125-19-39-07/pig6_depth_vis_20260125-19-40-27.jpg,2
20260202-17-42-44,0,20260202-17-43-01,/Users/akbar/Downloads/paal_pipeline/data/20260202-17-42-44/pig0_rgb_20260202-17-43-01.jpg,/Users/akbar/Downloads/paal_pipeline/data/20260202-17-42-44/pig0_ir_vis_20260202-17-43-01.jpg,/Users/akbar/Downloads/paal_pipeline/data/20260202-17-42-44/pig0_depth_vis_20260202-17-43-01.jpg,2
20260128-02-33-26,2,20260128-02-34-10,/Users/akbar/Downloads/paal_pipeline/data/20260128-02-33-26/pig2_rgb_20260128-02-34-10.jpg,/Users/akbar/Downloads/paal_pipeline/data/20260128-02-33-26/pig2_ir_vis_20260128-02-34-10.jpg,/Users/akbar/Downloads/paal_pipeline/data/20260128-02-33-26/pig2_depth_vis_20260128-02-34-10.jpg,2
20260125-21-25-42,6,20260125-21-27-02,/Users/akbar/Downloads/paal_pipeline/data/20260125-21-25-42/pig6_rgb_20260125-21-27-02.jpg,/Users/akbar/Downloads/paal_pipeline/data/20260125-21-25-42/pig6_ir_vis_20260125-21-27-02.jpg,/Users/akbar/Downloads/paal_pipeline/data/20260125-21-25-42/pig6_depth_vis_20260125-21-27-02.jpg,2
20260126-05-25-21,10,20260126-05-27-17,/Users/akbar/Downloads/paal_pipeline/data/20260126-05-25-21/pig10_rgb_20260126-05-27-17.jpg,/Users/akbar/Downloads/paal_pipeline/data/20260126-05-25-21/pig10_ir_vis_20260126-05-27-17.jpg,/Users/akbar/Downloads/paal_pipeline/data/20260126-05-25-21/pig10_depth_vis_20260126-05-27-17.jpg,2
20260202-17-42-44,5,20260202-17-43-46,/Users/akbar/Downloads/paal_pipeline/data/20260202-17-42-44/pig5_rgb_20260202-17-43-46.jpg,/Users/akbar/Downloads/paal_pipeline/data/20260202-17-42-44/pig5_ir_vis_20260202-17-43-46.jpg,/Users/akbar/Downloads/paal_pipeline/data/20260202-17-42-44/pig5_depth_vis_20260202-17-43-46.jpg,2
20260126-05-36-01,12,20260126-05-38-14,/Users/akbar/Downloads/paal_pipeline/data/20260126-05-36-01/pig12_rgb_20260126-05-38-14.jpg,/Users/akbar/Downloads/paal_pipeline/data/20260126-05-36-01/pig12_ir_vis_20260126-05-38-14.jpg,/Users/akbar/Downloads/paal_pipeline/data/20260126-05-36-01/pig12_depth_vis_20260126-05-38-14.jpg,2
20260126-05-25-21,15,20260126-05-28-01,/Users/akbar/Downloads/paal_pipeline/data/20260126-05-25-21/pig15_rgb_20260126-05-28-01.jpg,/Users/akbar/Downloads/paal_pipeline/data/20260126-05-25-21/pig15_ir_vis_20260126-05-28-01.jpg,/Users/akbar/Downloads/paal_pipeline/data/20260126-05-25-21/pig15_depth_vis_20260126-05-28-01.jpg,2
20260125-22-29-39,3,20260125-22-30-32,/Users/akbar/Downloads/paal_pipeline/data/20260125-22-29-39/pig3_rgb_20260125-22-30-32.jpg,/Users/akbar/Downloads/paal_pipeline/data/20260125-22-29-39/pig3_ir_vis_20260125-22-30-32.jpg,/Users/akbar/Downloads/paal_pipeline/data/20260125-22-29-39/pig3_depth_vis_20260125-22-30-32.jpg,2
20260125-16-59-14,18,20260125-17-02-21,/Users/akbar/Downloads/paal_pipeline/data/20260125-16-59-14/pig18_rgb_20260125-17-02-21.jpg,/Users/akbar/Downloads/paal_pipeline/data/20260125-16-59-14/pig18_ir_vis_20260125-17-02-21.jpg,/Users/akbar/Downloads/paal_pipeline/data/20260125-16-59-14/pig18_depth_vis_20260125-17-02-21.jpg,2
20260125-20-43-04,18,20260125-20-46-10,/Users/akbar/Downloads/paal_pipeline/data/20260125-20-43-04/pig18_rgb_20260125-20-46-10.jpg,/Users/akbar/Downloads/paal_pipeline/data/20260125-20-43-04/pig18_ir_vis_20260125-20-46-10.jpg,/Users/akbar/Downloads/paal_pipeline/data/20260125-20-43-04/pig18_depth_vis_20260125-20-46-10.jpg,2
20260128-18-25-16,16,20260128-18-28-05,/Users/akbar/Downloads/paal_pipeline/data/20260128-18-25-16/pig16_rgb_20260128-18-28-05.jpg,/Users/akbar/Downloads/paal_pipeline/data/20260128-18-25-16/pig16_ir_vis_20260128-18-28-05.jpg,/Users/akbar/Downloads/paal_pipeline/data/20260128-18-25-16/pig16_depth_vis_20260128-18-28-05.jpg,0
20260130-19-00-42,16,20260130-19-03-31,/Users/akbar/Downloads/paal_pipeline/data/20260130-19-00-42/pig16_rgb_20260130-19-03-31.jpg,/Users/akbar/Downloads/paal_pipeline/data/20260130-19-00-42/pig16_ir_vis_20260130-19-03-31.jpg,/Users/akbar/Downloads/paal_pipeline/data/20260130-19-00-42/pig16_depth_vis_20260130-19-03-31.jpg,0
20260125-09-20-54,2,20260125-09-21-38,/Users/akbar/Downloads/paal_pipeline/data/20260125-09-20-54/pig2_rgb_20260125-09-21-38.jpg,/Users/akbar/Downloads/paal_pipeline/data/20260125-09-20-54/pig2_ir_vis_20260125-09-21-38.jpg,/Users/akbar/Downloads/paal_pipeline/data/20260125-09-20-54/pig2_depth_vis_20260125-09-21-38.jpg,0
20260131-20-14-26,3,20260131-20-15-19,/Users/akbar/Downloads/paal_pipeline/data/20260131-20-14-26/pig3_rgb_20260131-20-15-19.jpg,/Users/akbar/Downloads/paal_pipeline/data/20260131-20-14-26/pig3_ir_vis_20260131-20-15-19.jpg,/Users/akbar/Downloads/paal_pipeline/data/20260131-20-14-26/pig3_depth_vis_20260131-20-15-19.jpg,1
20260126-06-39-58,4,20260126-06-41-00,/Users/akbar/Downloads/paal_pipeline/data/20260126-06-39-58/pig4_rgb_20260126-06-41-00.jpg,/Users/akbar/Downloads/paal_pipeline/data/20260126-06-39-58/pig4_ir_vis_20260126-06-41-00.jpg,/Users/akbar/Downloads/paal_pipeline/data/20260126-06-39-58/pig4_depth_vis_20260126-06-41-00.jpg,2
20260125-15-33-58,18,20260125-15-37-04,/Users/akbar/Downloads/paal_pipeline/data/20260125-15-33-58/pig18_rgb_20260125-15-37-04.jpg,/Users/akbar/Downloads/paal_pipeline/data/20260125-15-33-58/pig18_ir_vis_20260125-15-37-04.jpg,/Users/akbar/Downloads/paal_pipeline/data/20260125-15-33-58/pig18_depth_vis_20260125-15-37-04.jpg,0
20260128-02-54-45,2,20260128-02-55-29,/Users/akbar/Downloads/paal_pipeline/data/20260128-02-54-45/pig2_rgb_20260128-02-55-29.jpg,/Users/akbar/Downloads/paal_pipeline/data/20260128-02-54-45/pig2_ir_vis_20260128-02-55-29.jpg,/Users/akbar/Downloads/paal_pipeline/data/20260128-02-54-45/pig2_depth_vis_20260128-02-55-29.jpg,2
20260125-21-25-42,5,20260125-21-26-53,/Users/akbar/Downloads/paal_pipeline/data/20260125-21-25-42/pig5_rgb_20260125-21-26-53.jpg,/Users/akbar/Downloads/paal_pipeline/data/20260125-21-25-42/pig5_ir_vis_20260125-21-26-53.jpg,/Users/akbar/Downloads/paal_pipeline/data/20260125-21-25-42/pig5_depth_vis_20260125-21-26-53.jpg,2
20260131-10-38-44,4,20260131-10-39-46,/Users/akbar/Downloads/paal_pipeline/data/20260131-10-38-44/pig4_rgb_20260131-10-39-46.jpg,/Users/akbar/Downloads/paal_pipeline/data/20260131-10-38-44/pig4_ir_vis_20260131-10-39-46.jpg,/Users/akbar/Downloads/paal_pipeline/data/20260131-10-38-44/pig4_depth_vis_20260131-10-39-46.jpg,2
20260127-07-00-56,2,20260127-07-01-41,/Users/akbar/Downloads/paal_pipeline/data/20260127-07-00-56/pig2_rgb_20260127-07-01-41.jpg,/Users/akbar/Downloads/paal_pipeline/data/20260127-07-00-56/pig2_ir_vis_20260127-07-01-41.jpg,/Users/akbar/Downloads/paal_pipeline/data/20260127-07-00-56/pig2_depth_vis_20260127-07-01-41.jpg,2
20260131-19-42-27,11,20260131-19-44-32,/Users/akbar/Downloads/paal_pipeline/data/20260131-19-42-27/pig11_rgb_20260131-19-44-32.jpg,/Users/akbar/Downloads/paal_pipeline/data/20260131-19-42-27/pig11_ir_vis_20260131-19-44-32.jpg,/Users/akbar/Downloads/paal_pipeline/data/20260131-19-42-27/pig11_depth_vis_20260131-19-44-32.jpg,0
20260131-11-32-02,7,20260131-11-33-31,/Users/akbar/Downloads/paal_pipeline/data/20260131-11-32-02/pig7_rgb_20260131-11-33-31.jpg,/Users/akbar/Downloads/paal_pipeline/data/20260131-11-32-02/pig7_ir_vis_20260131-11-33-31.jpg,/Users/akbar/Downloads/paal_pipeline/data/20260131-11-32-02/pig7_depth_vis_20260131-11-33-31.jpg,0
20260130-19-00-42,2,20260130-19-01-27,/Users/akbar/Downloads/paal_pipeline/data/20260130-19-00-42/pig2_rgb_20260130-19-01-27.jpg,/Users/akbar/Downloads/paal_pipeline/data/20260130-19-00-42/pig2_ir_vis_20260130-19-01-27.jpg,/Users/akbar/Downloads/paal_pipeline/data/20260130-19-00-42/pig2_depth_vis_20260130-19-01-27.jpg,2
20260125-21-47-01,2,20260125-21-47-45,/Users/akbar/Downloads/paal_pipeline/data/20260125-21-47-01/pig2_rgb_20260125-21-47-45.jpg,/Users/akbar/Downloads/paal_pipeline/data/20260125-21-47-01/pig2_ir_vis_20260125-21-47-45.jpg,/Users/akbar/Downloads/paal_pipeline/data/20260125-21-47-01/pig2_depth_vis_20260125-21-47-45.jpg,1
20260127-19-05-45,0,20260127-19-06-11,/Users/akbar/Downloads/paal_pipeline/data/20260127-19-05-45/pig0_rgb_20260127-19-06-11.jpg,/Users/akbar/Downloads/paal_pipeline/data/20260127-19-05-45/pig0_ir_vis_20260127-19-06-11.jpg,/Users/akbar/Downloads/paal_pipeline/data/20260127-19-05-45/pig0_depth_vis_20260127-19-06-11.jpg,1
20260125-22-08-20,18,20260125-22-11-27,/Users/akbar/Downloads/paal_pipeline/data/20260125-22-08-20/pig18_rgb_20260125-22-11-27.jpg,/Users/akbar/Downloads/paal_pipeline/data/20260125-22-08-20/pig18_ir_vis_20260125-22-11-27.jpg,/Users/akbar/Downloads/paal_pipeline/data/20260125-22-08-20/pig18_depth_vis_20260125-22-11-27.jpg,1
20260126-06-50-37,4,20260126-06-51-39,/Users/akbar/Downloads/paal_pipeline/data/20260126-06-50-37/pig4_rgb_20260126-06-51-39.jpg,/Users/akbar/Downloads/paal_pipeline/data/20260126-06-50-37/pig4_ir_vis_20260126-06-51-39.jpg,/Users/akbar/Downloads/paal_pipeline/data/20260126-06-50-37/pig4_depth_vis_20260126-06-51-39.jpg,2
20260125-22-29-39,18,20260125-22-32-46,/Users/akbar/Downloads/paal_pipeline/data/20260125-22-29-39/pig18_rgb_20260125-22-32-46.jpg,/Users/akbar/Downloads/paal_pipeline/data/20260125-22-29-39/pig18_ir_vis_20260125-22-32-46.jpg,/Users/akbar/Downloads/paal_pipeline/data/20260125-22-29-39/pig18_depth_vis_20260125-22-32-46.jpg,2
20260125-13-47-22,15,20260125-13-50-03,/Users/akbar/Downloads/paal_pipeline/data/20260125-13-47-22/pig15_rgb_20260125-13-50-03.jpg,/Users/akbar/Downloads/paal_pipeline/data/20260125-13-47-22/pig15_ir_vis_20260125-13-50-03.jpg,/Users/akbar/Downloads/paal_pipeline/data/20260125-13-47-22/pig15_depth_vis_20260125-13-50-03.jpg,2
20260130-04-11-30,12,20260130-04-13-44,/Users/akbar/Downloads/paal_pipeline/data/20260130-04-11-30/pig12_rgb_20260130-04-13-44.jpg,/Users/akbar/Downloads/paal_pipeline/data/20260130-04-11-30/pig12_ir_vis_20260130-04-13-44.jpg,/Users/akbar/Downloads/paal_pipeline/data/20260130-04-11-30/pig12_depth_vis_20260130-04-13-44.jpg,1
20260126-05-25-21,16,20260126-05-28-10,/Users/akbar/Downloads/paal_pipeline/data/20260126-05-25-21/pig16_rgb_20260126-05-28-10.jpg,/Users/akbar/Downloads/paal_pipeline/data/20260126-05-25-21/pig16_ir_vis_20260126-05-28-10.jpg,/Users/akbar/Downloads/paal_pipeline/data/20260126-05-25-21/pig16_depth_vis_20260126-05-28-10.jpg,2
20260202-17-42-44,1,20260202-17-43-10,/Users/akbar/Downloads/paal_pipeline/data/20260202-17-42-44/pig1_rgb_20260202-17-43-10.jpg,/Users/akbar/Downloads/paal_pipeline/data/20260202-17-42-44/pig1_ir_vis_20260202-17-43-10.jpg,/Users/akbar/Downloads/paal_pipeline/data/20260202-17-42-44/pig1_depth_vis_20260202-17-43-10.jpg,1
20260126-05-36-01,18,20260126-05-39-07,/Users/akbar/Downloads/paal_pipeline/data/20260126-05-36-01/pig18_rgb_20260126-05-39-07.jpg,/Users/akbar/Downloads/paal_pipeline/data/20260126-05-36-01/pig18_ir_vis_20260126-05-39-07.jpg,/Users/akbar/Downloads/paal_pipeline/data/20260126-05-36-01/pig18_depth_vis_20260126-05-39-07.jpg,2
20260126-05-36-01,4,20260126-05-37-03,/Users/akbar/Downloads/paal_pipeline/data/20260126-05-36-01/pig4_rgb_20260126-05-37-03.jpg,/Users/akbar/Downloads/paal_pipeline/data/20260126-05-36-01/pig4_ir_vis_20260126-05-37-03.jpg,/Users/akbar/Downloads/paal_pipeline/data/20260126-05-36-01/pig4_depth_vis_20260126-05-37-03.jpg,2
20260125-22-08-20,2,20260125-22-09-04,/Users/akbar/Downloads/paal_pipeline/data/20260125-22-08-20/pig2_rgb_20260125-22-09-04.jpg,/Users/akbar/Downloads/paal_pipeline/data/20260125-22-08-20/pig2_ir_vis_20260125-22-09-04.jpg,/Users/akbar/Downloads/paal_pipeline/data/20260125-22-08-20/pig2_depth_vis_20260125-22-09-04.jpg,1
20260125-21-47-01,11,20260125-21-49-06,/Users/akbar/Downloads/paal_pipeline/data/20260125-21-47-01/pig11_rgb_20260125-21-49-06.jpg,/Users/akbar/Downloads/paal_pipeline/data/20260125-21-47-01/pig11_ir_vis_20260125-21-49-06.jpg,/Users/akbar/Downloads/paal_pipeline/data/20260125-21-47-01/pig11_depth_vis_20260125-21-49-06.jpg,2
20260126-05-57-20,16,20260126-06-00-09,/Users/akbar/Downloads/paal_pipeline/data/20260126-05-57-20/pig16_rgb_20260126-06-00-09.jpg,/Users/akbar/Downloads/paal_pipeline/data/20260126-05-57-20/pig16_ir_vis_20260126-06-00-09.jpg,/Users/akbar/Downloads/paal_pipeline/data/20260126-05-57-20/pig16_depth_vis_20260126-06-00-09.jpg,2
20260126-06-39-58,2,20260126-06-40-42,/Users/akbar/Downloads/paal_pipeline/data/20260126-06-39-58/pig2_rgb_20260126-06-40-42.jpg,/Users/akbar/Downloads/paal_pipeline/data/20260126-06-39-58/pig2_ir_vis_20260126-06-40-42.jpg,/Users/akbar/Downloads/paal_pipeline/data/20260126-06-39-58/pig2_depth_vis_20260126-06-40-42.jpg,2
20260125-22-29-39,2,20260125-22-30-23,/Users/akbar/Downloads/paal_pipeline/data/20260125-22-29-39/pig2_rgb_20260125-22-30-23.jpg,/Users/akbar/Downloads/paal_pipeline/data/20260125-22-29-39/pig2_ir_vis_20260125-22-30-23.jpg,/Users/akbar/Downloads/paal_pipeline/data/20260125-22-29-39/pig2_depth_vis_20260125-22-30-23.jpg,1
20260125-22-29-39,8,20260125-22-31-17,/Users/akbar/Downloads/paal_pipeline/data/20260125-22-29-39/pig8_rgb_20260125-22-31-17.jpg,/Users/akbar/Downloads/paal_pipeline/data/20260125-22-29-39/pig8_ir_vis_20260125-22-31-17.jpg,/Users/akbar/Downloads/paal_pipeline/data/20260125-22-29-39/pig8_depth_vis_20260125-22-31-17.jpg,2
20260126-06-39-58,12,20260126-06-42-11,/Users/akbar/Downloads/paal_pipeline/data/20260126-06-39-58/pig12_rgb_20260126-06-42-11.jpg,/Users/akbar/Downloads/paal_pipeline/data/20260126-06-39-58/pig12_ir_vis_20260126-06-42-11.jpg,/Users/akbar/Downloads/paal_pipeline/data/20260126-06-39-58/pig12_depth_vis_20260126-06-42-11.jpg,2
20260125-20-43-04,6,20260125-20-44-24,/Users/akbar/Downloads/paal_pipeline/data/20260125-20-43-04/pig6_rgb_20260125-20-44-24.jpg,/Users/akbar/Downloads/paal_pipeline/data/20260125-20-43-04/pig6_ir_vis_20260125-20-44-24.jpg,/Users/akbar/Downloads/paal_pipeline/data/20260125-20-43-04/pig6_depth_vis_20260125-20-44-24.jpg,2
20260126-06-50-37,2,20260126-06-51-22,/Users/akbar/Downloads/paal_pipeline/data/20260126-06-50-37/pig2_rgb_20260126-06-51-22.jpg,/Users/akbar/Downloads/paal_pipeline/data/20260126-06-50-37/pig2_ir_vis_20260126-06-51-22.jpg,/Users/akbar/Downloads/paal_pipeline/data/20260126-06-50-37/pig2_depth_vis_20260126-06-51-22.jpg,2
20260126-05-25-21,12,20260126-05-27-34,/Users/akbar/Downloads/paal_pipeline/data/20260126-05-25-21/pig12_rgb_20260126-05-27-34.jpg,/Users/akbar/Downloads/paal_pipeline/data/20260126-05-25-21/pig12_ir_vis_20260126-05-27-34.jpg,/Users/akbar/Downloads/paal_pipeline/data/20260126-05-25-21/pig12_depth_vis_20260126-05-27-34.jpg,2
20260126-05-36-01,14,20260126-05-38-32,/Users/akbar/Downloads/paal_pipeline/data/20260126-05-36-01/pig14_rgb_20260126-05-38-32.jpg,/Users/akbar/Downloads/paal_pipeline/data/20260126-05-36-01/pig14_ir_vis_20260126-05-38-32.jpg,/Users/akbar/Downloads/paal_pipeline/data/20260126-05-36-01/pig14_depth_vis_20260126-05-38-32.jpg,2
20260125-19-39-07,7,20260125-19-40-36,/Users/akbar/Downloads/paal_pipeline/data/20260125-19-39-07/pig7_rgb_20260125-19-40-36.jpg,/Users/akbar/Downloads/paal_pipeline/data/20260125-19-39-07/pig7_ir_vis_20260125-19-40-36.jpg,/Users/akbar/Downloads/paal_pipeline/data/20260125-19-39-07/pig7_depth_vis_20260125-19-40-36.jpg,2
20260130-20-15-19,16,20260130-20-18-08,/Users/akbar/Downloads/paal_pipeline/data/20260130-20-15-19/pig16_rgb_20260130-20-18-08.jpg,/Users/akbar/Downloads/paal_pipeline/data/20260130-20-15-19/pig16_ir_vis_20260130-20-18-08.jpg,/Users/akbar/Downloads/paal_pipeline/data/20260130-20-15-19/pig16_depth_vis_20260130-20-18-08.jpg,0
20260128-20-11-52,15,20260128-20-14-32,/Users/akbar/Downloads/paal_pipeline/data/20260128-20-11-52/pig15_rgb_20260128-20-14-32.jpg,/Users/akbar/Downloads/paal_pipeline/data/20260128-20-11-52/pig15_ir_vis_20260128-20-14-32.jpg,/Users/akbar/Downloads/paal_pipeline/data/20260128-20-11-52/pig15_depth_vis_20260128-20-14-32.jpg,0
20260202-17-10-45,6,20260202-17-11-56,/Users/akbar/Downloads/paal_pipeline/data/20260202-17-10-45/pig6_rgb_20260202-17-11-56.jpg,/Users/akbar/Downloads/paal_pipeline/data/20260202-17-10-45/pig6_ir_vis_20260202-17-11-56.jpg,/Users/akbar/Downloads/paal_pipeline/data/20260202-17-10-45/pig6_depth_vis_20260202-17-11-56.jpg,0
20260127-21-34-58,7,20260127-21-36-27,/Users/akbar/Downloads/paal_pipeline/data/20260127-21-34-58/pig7_rgb_20260127-21-36-27.jpg,/Users/akbar/Downloads/paal_pipeline/data/20260127-21-34-58/pig7_ir_vis_20260127-21-36-27.jpg,/Users/akbar/Downloads/paal_pipeline/data/20260127-21-34-58/pig7_depth_vis_20260127-21-36-27.jpg,0
20260203-06-30-04,9,20260203-06-31-42,/Users/akbar/Downloads/paal_pipeline/data/20260203-06-30-04/pig9_rgb_20260203-06-31-42.jpg,/Users/akbar/Downloads/paal_pipeline/data/20260203-06-30-04/pig9_ir_vis_20260203-06-31-42.jpg,/Users/akbar/Downloads/paal_pipeline/data/20260203-06-30-04/pig9_depth_vis_20260203-06-31-42.jpg,0
20260201-19-09-31,10,20260201-19-11-27,/Users/akbar/Downloads/paal_pipeline/data/20260201-19-09-31/pig10_rgb_20260201-19-11-27.jpg,/Users/akbar/Downloads/paal_pipeline/data/20260201-19-09-31/pig10_ir_vis_20260201-19-11-27.jpg,/Users/akbar/Downloads/paal_pipeline/data/20260201-19-09-31/pig10_depth_vis_20260201-19-11-27.jpg,0
20260129-20-11-51,15,20260129-20-14-31,/Users/akbar/Downloads/paal_pipeline/data/20260129-20-11-51/pig15_rgb_20260129-20-14-31.jpg,/Users/akbar/Downloads/paal_pipeline/data/20260129-20-11-51/pig15_ir_vis_20260129-20-14-31.jpg,/Users/akbar/Downloads/paal_pipeline/data/20260129-20-11-51/pig15_depth_vis_20260129-20-14-31.jpg,0
20260126-05-25-21,18,20260126-05-28-27,/Users/akbar/Downloads/paal_pipeline/data/20260126-05-25-21/pig18_rgb_20260126-05-28-27.jpg,/Users/akbar/Downloads/paal_pipeline/data/20260126-05-25-21/pig18_ir_vis_20260126-05-28-27.jpg,/Users/akbar/Downloads/paal_pipeline/data/20260126-05-25-21/pig18_depth_vis_20260126-05-28-27.jpg,2
20260126-18-13-29,5,20260126-18-14-40,/Users/akbar/Downloads/paal_pipeline/data/20260126-18-13-29/pig5_rgb_20260126-18-14-40.jpg,/Users/akbar/Downloads/paal_pipeline/data/20260126-18-13-29/pig5_ir_vis_20260126-18-14-40.jpg,/Users/akbar/Downloads/paal_pipeline/data/20260126-18-13-29/pig5_depth_vis_20260126-18-14-40.jpg,0
20260126-11-49-44,4,20260126-11-50-46,/Users/akbar/Downloads/paal_pipeline/data/20260126-11-49-44/pig4_rgb_20260126-11-50-46.jpg,/Users/akbar/Downloads/paal_pipeline/data/20260126-11-49-44/pig4_ir_vis_20260126-11-50-46.jpg,/Users/akbar/Downloads/paal_pipeline/data/20260126-11-49-44/pig4_depth_vis_20260126-11-50-46.jpg,2
20260125-20-43-04,4,20260125-20-44-06,/Users/akbar/Downloads/paal_pipeline/data/20260125-20-43-04/pig4_rgb_20260125-20-44-06.jpg,/Users/akbar/Downloads/paal_pipeline/data/20260125-20-43-04/pig4_ir_vis_20260125-20-44-06.jpg,/Users/akbar/Downloads/paal_pipeline/data/20260125-20-43-04/pig4_depth_vis_20260125-20-44-06.jpg,0
20260131-16-41-13,15,20260131-16-43-53,/Users/akbar/Downloads/paal_pipeline/data/20260131-16-41-13/pig15_rgb_20260131-16-43-53.jpg,/Users/akbar/Downloads/paal_pipeline/data/20260131-16-41-13/pig15_ir_vis_20260131-16-43-53.jpg,/Users/akbar/Downloads/paal_pipeline/data/20260131-16-41-13/pig15_depth_vis_20260131-16-43-53.jpg,0
20260130-07-02-03,4,20260130-07-03-05,/Users/akbar/Downloads/paal_pipeline/data/20260130-07-02-03/pig4_rgb_20260130-07-03-05.jpg,/Users/akbar/Downloads/paal_pipeline/data/20260130-07-02-03/pig4_ir_vis_20260130-07-03-05.jpg,/Users/akbar/Downloads/paal_pipeline/data/20260130-07-02-03/pig4_depth_vis_20260130-07-03-05.jpg,0
20260126-05-57-20,18,20260126-06-00-26,/Users/akbar/Downloads/paal_pipeline/data/20260126-05-57-20/pig18_rgb_20260126-06-00-26.jpg,/Users/akbar/Downloads/paal_pipeline/data/20260126-05-57-20/pig18_ir_vis_20260126-06-00-26.jpg,/Users/akbar/Downloads/paal_pipeline/data/20260126-05-57-20/pig18_depth_vis_20260126-06-00-26.jpg,2
20260128-20-11-52,14,20260128-20-14-23,/Users/akbar/Downloads/paal_pipeline/data/20260128-20-11-52/pig14_rgb_20260128-20-14-23.jpg,/Users/akbar/Downloads/paal_pipeline/data/20260128-20-11-52/pig14_ir_vis_20260128-20-14-23.jpg,/Users/akbar/Downloads/paal_pipeline/data/20260128-20-11-52/pig14_depth_vis_20260128-20-14-23.jpg,0
20260125-19-39-07,9,20260125-19-40-53,/Users/akbar/Downloads/paal_pipeline/data/20260125-19-39-07/pig9_rgb_20260125-19-40-53.jpg,/Users/akbar/Downloads/paal_pipeline/data/20260125-19-39-07/pig9_ir_vis_20260125-19-40-53.jpg,/Users/akbar/Downloads/paal_pipeline/data/20260125-19-39-07/pig9_depth_vis_20260125-19-40-53.jpg,0
20260126-18-13-29,14,20260126-18-16-00,/Users/akbar/Downloads/paal_pipeline/data/20260126-18-13-29/pig14_rgb_20260126-18-16-00.jpg,/Users/akbar/Downloads/paal_pipeline/data/20260126-18-13-29/pig14_ir_vis_20260126-18-16-00.jpg,/Users/akbar/Downloads/paal_pipeline/data/20260126-18-13-29/pig14_depth_vis_20260126-18-16-00.jpg,0
20260126-05-25-21,11,20260126-05-27-26,/Users/akbar/Downloads/paal_pipeline/data/20260126-05-25-21/pig11_rgb_20260126-05-27-26.jpg,/Users/akbar/Downloads/paal_pipeline/data/20260126-05-25-21/pig11_ir_vis_20260126-05-27-26.jpg,/Users/akbar/Downloads/paal_pipeline/data/20260126-05-25-21/pig11_depth_vis_20260126-05-27-26.jpg,2
20260125-21-25-42,4,20260125-21-26-44,/Users/akbar/Downloads/paal_pipeline/data/20260125-21-25-42/pig4_rgb_20260125-21-26-44.jpg,/Users/akbar/Downloads/paal_pipeline/data/20260125-21-25-42/pig4_ir_vis_20260125-21-26-44.jpg,/Users/akbar/Downloads/paal_pipeline/data/20260125-21-25-42/pig4_depth_vis_20260125-21-26-44.jpg,0
20260127-20-31-01,18,20260127-20-34-08,/Users/akbar/Downloads/paal_pipeline/data/20260127-20-31-01/pig18_rgb_20260127-20-34-08.jpg,/Users/akbar/Downloads/paal_pipeline/data/20260127-20-31-01/pig18_ir_vis_20260127-20-34-08.jpg,/Users/akbar/Downloads/paal_pipeline/data/20260127-20-31-01/pig18_depth_vis_20260127-20-34-08.jpg,0
20260125-20-53-43,6,20260125-20-55-03,/Users/akbar/Downloads/paal_pipeline/data/20260125-20-53-43/pig6_rgb_20260125-20-55-03.jpg,/Users/akbar/Downloads/paal_pipeline/data/20260125-20-53-43/pig6_ir_vis_20260125-20-55-03.jpg,/Users/akbar/Downloads/paal_pipeline/data/20260125-20-53-43/pig6_depth_vis_20260125-20-55-03.jpg,2
20260125-17-20-33,12,20260125-17-22-47,/Users/akbar/Downloads/paal_pipeline/data/20260125-17-20-33/pig12_rgb_20260125-17-22-47.jpg,/Users/akbar/Downloads/paal_pipeline/data/20260125-17-20-33/pig12_ir_vis_20260125-17-22-47.jpg,/Users/akbar/Downloads/paal_pipeline/data/20260125-17-20-33/pig12_depth_vis_20260125-17-22-47.jpg,2
20260125-17-20-33,3,20260125-17-21-26,/Users/akbar/Downloads/paal_pipeline/data/20260125-17-20-33/pig3_rgb_20260125-17-21-26.jpg,/Users/akbar/Downloads/paal_pipeline/data/20260125-17-20-33/pig3_ir_vis_20260125-17-21-26.jpg,/Users/akbar/Downloads/paal_pipeline/data/20260125-17-20-33/pig3_depth_vis_20260125-17-21-26.jpg,2
20260127-19-59-03,18,20260127-20-02-09,/Users/akbar/Downloads/paal_pipeline/data/20260127-19-59-03/pig18_rgb_20260127-20-02-09.jpg,/Users/akbar/Downloads/paal_pipeline/data/20260127-19-59-03/pig18_ir_vis_20260127-20-02-09.jpg,/Users/akbar/Downloads/paal_pipeline/data/20260127-19-59-03/pig18_depth_vis_20260127-20-02-09.jpg,0
20260125-21-25-42,16,20260125-21-28-31,/Users/akbar/Downloads/paal_pipeline/data/20260125-21-25-42/pig16_rgb_20260125-21-28-31.jpg,/Users/akbar/Downloads/paal_pipeline/data/20260125-21-25-42/pig16_ir_vis_20260125-21-28-31.jpg,/Users/akbar/Downloads/paal_pipeline/data/20260125-21-25-42/pig16_depth_vis_20260125-21-28-31.jpg,2
20260129-20-11-51,14,20260129-20-14-22,/Users/akbar/Downloads/paal_pipeline/data/20260129-20-11-51/pig14_rgb_20260129-20-14-22.jpg,/Users/akbar/Downloads/paal_pipeline/data/20260129-20-11-51/pig14_ir_vis_20260129-20-14-22.jpg,/Users/akbar/Downloads/paal_pipeline/data/20260129-20-11-51/pig14_depth_vis_20260129-20-14-22.jpg,0
20260126-05-25-21,4,20260126-05-26-23,/Users/akbar/Downloads/paal_pipeline/data/20260126-05-25-21/pig4_rgb_20260126-05-26-23.jpg,/Users/akbar/Downloads/paal_pipeline/data/20260126-05-25-21/pig4_ir_vis_20260126-05-26-23.jpg,/Users/akbar/Downloads/paal_pipeline/data/20260126-05-25-21/pig4_depth_vis_20260126-05-26-23.jpg,2
20260124-07-03-17,18,20260124-07-06-23,/Users/akbar/Downloads/paal_pipeline/data/20260124-07-03-17/pig18_rgb_20260124-07-06-23.jpg,/Users/akbar/Downloads/paal_pipeline/data/20260124-07-03-17/pig18_ir_vis_20260124-07-06-23.jpg,/Users/akbar/Downloads/paal_pipeline/data/20260124-07-03-17/pig18_depth_vis_20260124-07-06-23.jpg,0
20260125-13-47-22,9,20260125-13-49-09,/Users/akbar/Downloads/paal_pipeline/data/20260125-13-47-22/pig9_rgb_20260125-13-49-09.jpg,/Users/akbar/Downloads/paal_pipeline/data/20260125-13-47-22/pig9_ir_vis_20260125-13-49-09.jpg,/Users/akbar/Downloads/paal_pipeline/data/20260125-13-47-22/pig9_depth_vis_20260125-13-49-09.jpg,2
20260125-20-43-04,16,20260125-20-45-53,/Users/akbar/Downloads/paal_pipeline/data/20260125-20-43-04/pig16_rgb_20260125-20-45-53.jpg,/Users/akbar/Downloads/paal_pipeline/data/20260125-20-43-04/pig16_ir_vis_20260125-20-45-53.jpg,/Users/akbar/Downloads/paal_pipeline/data/20260125-20-43-04/pig16_depth_vis_20260125-20-45-53.jpg,2
20260128-18-25-16,14,20260128-18-27-47,/Users/akbar/Downloads/paal_pipeline/data/20260128-18-25-16/pig14_rgb_20260128-18-27-47.jpg,/Users/akbar/Downloads/paal_pipeline/data/20260128-18-25-16/pig14_ir_vis_20260128-18-27-47.jpg,/Users/akbar/Downloads/paal_pipeline/data/20260128-18-25-16/pig14_depth_vis_20260128-18-27-47.jpg,0
20260129-13-48-07,16,20260129-13-50-56,/Users/akbar/Downloads/paal_pipeline/data/20260129-13-48-07/pig16_rgb_20260129-13-50-56.jpg,/Users/akbar/Downloads/paal_pipeline/data/20260129-13-48-07/pig16_ir_vis_20260129-13-50-56.jpg,/Users/akbar/Downloads/paal_pipeline/data/20260129-13-48-07/pig16_depth_vis_20260129-13-50-56.jpg,0
20260125-21-47-01,16,20260125-21-49-50,/Users/akbar/Downloads/paal_pipeline/data/20260125-21-47-01/pig16_rgb_20260125-21-49-50.jpg,/Users/akbar/Downloads/paal_pipeline/data/20260125-21-47-01/pig16_ir_vis_20260125-21-49-50.jpg,/Users/akbar/Downloads/paal_pipeline/data/20260125-21-47-01/pig16_depth_vis_20260125-21-49-50.jpg,2
20260125-14-40-40,9,20260125-14-42-27,/Users/akbar/Downloads/paal_pipeline/data/20260125-14-40-40/pig9_rgb_20260125-14-42-27.jpg,/Users/akbar/Downloads/paal_pipeline/data/20260125-14-40-40/pig9_ir_vis_20260125-14-42-27.jpg,/Users/akbar/Downloads/paal_pipeline/data/20260125-14-40-40/pig9_depth_vis_20260125-14-42-27.jpg,2
20260125-08-06-17,15,20260125-08-08-57,/Users/akbar/Downloads/paal_pipeline/data/20260125-08-06-17/pig15_rgb_20260125-08-08-57.jpg,/Users/akbar/Downloads/paal_pipeline/data/20260125-08-06-17/pig15_ir_vis_20260125-08-08-57.jpg,/Users/akbar/Downloads/paal_pipeline/data/20260125-08-06-17/pig15_depth_vis_20260125-08-08-57.jpg,0
20260126-05-36-01,7,20260126-05-37-30,/Users/akbar/Downloads/paal_pipeline/data/20260126-05-36-01/pig7_rgb_20260126-05-37-30.jpg,/Users/akbar/Downloads/paal_pipeline/data/20260126-05-36-01/pig7_ir_vis_20260126-05-37-30.jpg,/Users/akbar/Downloads/paal_pipeline/data/20260126-05-36-01/pig7_depth_vis_20260126-05-37-30.jpg,2
20260125-22-29-39,11,20260125-22-31-44,/Users/akbar/Downloads/paal_pipeline/data/20260125-22-29-39/pig11_rgb_20260125-22-31-44.jpg,/Users/akbar/Downloads/paal_pipeline/data/20260125-22-29-39/pig11_ir_vis_20260125-22-31-44.jpg,/Users/akbar/Downloads/paal_pipeline/data/20260125-22-29-39/pig11_depth_vis_20260125-22-31-44.jpg,2
20260125-17-20-33,4,20260125-17-21-35,/Users/akbar/Downloads/paal_pipeline/data/20260125-17-20-33/pig4_rgb_20260125-17-21-35.jpg,/Users/akbar/Downloads/paal_pipeline/data/20260125-17-20-33/pig4_ir_vis_20260125-17-21-35.jpg,/Users/akbar/Downloads/paal_pipeline/data/20260125-17-20-33/pig4_depth_vis_20260125-17-21-35.jpg,0
20260129-06-19-25,6,20260129-06-20-45,/Users/akbar/Downloads/paal_pipeline/data/20260129-06-19-25/pig6_rgb_20260129-06-20-45.jpg,/Users/akbar/Downloads/paal_pipeline/data/20260129-06-19-25/pig6_ir_vis_20260129-06-20-45.jpg,/Users/akbar/Downloads/paal_pipeline/data/20260129-06-19-25/pig6_depth_vis_20260129-06-20-45.jpg,0
20260126-05-36-01,2,20260126-05-36-45,/Users/akbar/Downloads/paal_pipeline/data/20260126-05-36-01/pig2_rgb_20260126-05-36-45.jpg,/Users/akbar/Downloads/paal_pipeline/data/20260126-05-36-01/pig2_ir_vis_20260126-05-36-45.jpg,/Users/akbar/Downloads/paal_pipeline/data/20260126-05-36-01/pig2_depth_vis_20260126-05-36-45.jpg,2
20260126-05-57-20,3,20260126-05-58-13,/Users/akbar/Downloads/paal_pipeline/data/20260126-05-57-20/pig3_rgb_20260126-05-58-13.jpg,/Users/akbar/Downloads/paal_pipeline/data/20260126-05-57-20/pig3_ir_vis_20260126-05-58-13.jpg,/Users/akbar/Downloads/paal_pipeline/data/20260126-05-57-20/pig3_depth_vis_20260126-05-58-13.jpg,2
20260125-22-08-20,10,20260125-22-10-16,/Users/akbar/Downloads/paal_pipeline/data/20260125-22-08-20/pig10_rgb_20260125-22-10-16.jpg,/Users/akbar/Downloads/paal_pipeline/data/20260125-22-08-20/pig10_ir_vis_20260125-22-10-16.jpg,/Users/akbar/Downloads/paal_pipeline/data/20260125-22-08-20/pig10_depth_vis_20260125-22-10-16.jpg,2
20260128-18-25-16,12,20260128-18-27-30,/Users/akbar/Downloads/paal_pipeline/data/20260128-18-25-16/pig12_rgb_20260128-18-27-30.jpg,/Users/akbar/Downloads/paal_pipeline/data/20260128-18-25-16/pig12_ir_vis_20260128-18-27-30.jpg,/Users/akbar/Downloads/paal_pipeline/data/20260128-18-25-16/pig12_depth_vis_20260128-18-27-30.jpg,0
20260125-20-43-04,3,20260125-20-43-57,/Users/akbar/Downloads/paal_pipeline/data/20260125-20-43-04/pig3_rgb_20260125-20-43-57.jpg,/Users/akbar/Downloads/paal_pipeline/data/20260125-20-43-04/pig3_ir_vis_20260125-20-43-57.jpg,/Users/akbar/Downloads/paal_pipeline/data/20260125-20-43-04/pig3_depth_vis_20260125-20-43-57.jpg,2
20260128-21-47-47,9,20260128-21-49-34,/Users/akbar/Downloads/paal_pipeline/data/20260128-21-47-47/pig9_rgb_20260128-21-49-34.jpg,/Users/akbar/Downloads/paal_pipeline/data/20260128-21-47-47/pig9_ir_vis_20260128-21-49-34.jpg,/Users/akbar/Downloads/paal_pipeline/data/20260128-21-47-47/pig9_depth_vis_20260128-21-49-34.jpg,0
20260125-21-47-01,8,20260125-21-48-39,/Users/akbar/Downloads/paal_pipeline/data/20260125-21-47-01/pig8_rgb_20260125-21-48-39.jpg,/Users/akbar/Downloads/paal_pipeline/data/20260125-21-47-01/pig8_ir_vis_20260125-21-48-39.jpg,/Users/akbar/Downloads/paal_pipeline/data/20260125-21-47-01/pig8_depth_vis_20260125-21-48-39.jpg,2
20260201-05-18-04,18,20260201-05-21-10,/Users/akbar/Downloads/paal_pipeline/data/20260201-05-18-04/pig18_rgb_20260201-05-21-10.jpg,/Users/akbar/Downloads/paal_pipeline/data/20260201-05-18-04/pig18_ir_vis_20260201-05-21-10.jpg,/Users/akbar/Downloads/paal_pipeline/data/20260201-05-18-04/pig18_depth_vis_20260201-05-21-10.jpg,0
20260202-16-38-47,4,20260202-16-39-40,/Users/akbar/Downloads/paal_pipeline/data/20260202-16-38-47/pig4_rgb_20260202-16-39-40.jpg,/Users/akbar/Downloads/paal_pipeline/data/20260202-16-38-47/pig4_ir_vis_20260202-16-39-40.jpg,/Users/akbar/Downloads/paal_pipeline/data/20260202-16-38-47/pig4_depth_vis_20260202-16-39-40.jpg,0
20260129-20-11-51,2,20260129-20-12-35,/Users/akbar/Downloads/paal_pipeline/data/20260129-20-11-51/pig2_rgb_20260129-20-12-35.jpg,/Users/akbar/Downloads/paal_pipeline/data/20260129-20-11-51/pig2_ir_vis_20260129-20-12-35.jpg,/Users/akbar/Downloads/paal_pipeline/data/20260129-20-11-51/pig2_depth_vis_20260129-20-12-35.jpg,1
20260125-20-53-43,16,20260125-20-56-32,/Users/akbar/Downloads/paal_pipeline/data/20260125-20-53-43/pig16_rgb_20260125-20-56-32.jpg,/Users/akbar/Downloads/paal_pipeline/data/20260125-20-53-43/pig16_ir_vis_20260125-20-56-32.jpg,/Users/akbar/Downloads/paal_pipeline/data/20260125-20-53-43/pig16_depth_vis_20260125-20-56-32.jpg,2
20260131-07-16-13,16,20260131-07-19-02,/Users/akbar/Downloads/paal_pipeline/data/20260131-07-16-13/pig16_rgb_20260131-07-19-02.jpg,/Users/akbar/Downloads/paal_pipeline/data/20260131-07-16-13/pig16_ir_vis_20260131-07-19-02.jpg,/Users/akbar/Downloads/paal_pipeline/data/20260131-07-16-13/pig16_depth_vis_20260131-07-19-02.jpg,0
20260130-06-19-25,18,20260130-06-22-31,/Users/akbar/Downloads/paal_pipeline/data/20260130-06-19-25/pig18_rgb_20260130-06-22-31.jpg,/Users/akbar/Downloads/paal_pipeline/data/20260130-06-19-25/pig18_ir_vis_20260130-06-22-31.jpg,/Users/akbar/Downloads/paal_pipeline/data/20260130-06-19-25/pig18_depth_vis_20260130-06-22-31.jpg,0
20260126-05-57-20,10,20260126-05-59-15,/Users/akbar/Downloads/paal_pipeline/data/20260126-05-57-20/pig10_rgb_20260126-05-59-15.jpg,/Users/akbar/Downloads/paal_pipeline/data/20260126-05-57-20/pig10_ir_vis_20260126-05-59-15.jpg,/Users/akbar/Downloads/paal_pipeline/data/20260126-05-57-20/pig10_depth_vis_20260126-05-59-15.jpg,2
20260128-16-38-41,0,20260128-16-39-08,/Users/akbar/Downloads/paal_pipeline/data/20260128-16-38-41/pig0_rgb_20260128-16-39-08.jpg,/Users/akbar/Downloads/paal_pipeline/data/20260128-16-38-41/pig0_ir_vis_20260128-16-39-08.jpg,/Users/akbar/Downloads/paal_pipeline/data/20260128-16-38-41/pig0_depth_vis_20260128-16-39-08.jpg,0
20260130-13-51-35,18,20260130-13-54-41,/Users/akbar/Downloads/paal_pipeline/data/20260130-13-51-35/pig18_rgb_20260130-13-54-41.jpg,/Users/akbar/Downloads/paal_pipeline/data/20260130-13-51-35/pig18_ir_vis_20260130-13-54-41.jpg,/Users/akbar/Downloads/paal_pipeline/data/20260130-13-51-35/pig18_depth_vis_20260130-13-54-41.jpg,0
20260125-17-20-33,15,20260125-17-23-13,/Users/akbar/Downloads/paal_pipeline/data/20260125-17-20-33/pig15_rgb_20260125-17-23-13.jpg,/Users/akbar/Downloads/paal_pipeline/data/20260125-17-20-33/pig15_ir_vis_20260125-17-23-13.jpg,/Users/akbar/Downloads/paal_pipeline/data/20260125-17-20-33/pig15_depth_vis_20260125-17-23-13.jpg,2
20260131-15-58-34,15,20260131-16-01-14,/Users/akbar/Downloads/paal_pipeline/data/20260131-15-58-34/pig15_rgb_20260131-16-01-14.jpg,/Users/akbar/Downloads/paal_pipeline/data/20260131-15-58-34/pig15_ir_vis_20260131-16-01-14.jpg,/Users/akbar/Downloads/paal_pipeline/data/20260131-15-58-34/pig15_depth_vis_20260131-16-01-14.jpg,0
20260126-05-36-01,15,20260126-05-38-41,/Users/akbar/Downloads/paal_pipeline/data/20260126-05-36-01/pig15_rgb_20260126-05-38-41.jpg,/Users/akbar/Downloads/paal_pipeline/data/20260126-05-36-01/pig15_ir_vis_20260126-05-38-41.jpg,/Users/akbar/Downloads/paal_pipeline/data/20260126-05-36-01/pig15_depth_vis_20260126-05-38-41.jpg,2
20260125-22-29-39,16,20260125-22-32-28,/Users/akbar/Downloads/paal_pipeline/data/20260125-22-29-39/pig16_rgb_20260125-22-32-28.jpg,/Users/akbar/Downloads/paal_pipeline/data/20260125-22-29-39/pig16_ir_vis_20260125-22-32-28.jpg,/Users/akbar/Downloads/paal_pipeline/data/20260125-22-29-39/pig16_depth_vis_20260125-22-32-28.jpg,2
20260131-20-14-26,11,20260131-20-16-30,/Users/akbar/Downloads/paal_pipeline/data/20260131-20-14-26/pig11_rgb_20260131-20-16-30.jpg,/Users/akbar/Downloads/paal_pipeline/data/20260131-20-14-26/pig11_ir_vis_20260131-20-16-30.jpg,/Users/akbar/Downloads/paal_pipeline/data/20260131-20-14-26/pig11_depth_vis_20260131-20-16-30.jpg,0
20260130-05-58-06,6,20260130-05-59-26,/Users/akbar/Downloads/paal_pipeline/data/20260130-05-58-06/pig6_rgb_20260130-05-59-26.jpg,/Users/akbar/Downloads/paal_pipeline/data/20260130-05-58-06/pig6_ir_vis_20260130-05-59-26.jpg,/Users/akbar/Downloads/paal_pipeline/data/20260130-05-58-06/pig6_depth_vis_20260130-05-59-26.jpg,0
20260126-12-21-43,12,20260126-12-23-56,/Users/akbar/Downloads/paal_pipeline/data/20260126-12-21-43/pig12_rgb_20260126-12-23-56.jpg,/Users/akbar/Downloads/paal_pipeline/data/20260126-12-21-43/pig12_ir_vis_20260126-12-23-56.jpg,/Users/akbar/Downloads/paal_pipeline/data/20260126-12-21-43/pig12_depth_vis_20260126-12-23-56.jpg,2
20260131-13-39-58,9,20260131-13-41-44,/Users/akbar/Downloads/paal_pipeline/data/20260131-13-39-58/pig9_rgb_20260131-13-41-44.jpg,/Users/akbar/Downloads/paal_pipeline/data/20260131-13-39-58/pig9_ir_vis_20260131-13-41-44.jpg,/Users/akbar/Downloads/paal_pipeline/data/20260131-13-39-58/pig9_depth_vis_20260131-13-41-44.jpg,2
20260125-16-59-14,9,20260125-17-01-01,/Users/akbar/Downloads/paal_pipeline/data/20260125-16-59-14/pig9_rgb_20260125-17-01-01.jpg,/Users/akbar/Downloads/paal_pipeline/data/20260125-16-59-14/pig9_ir_vis_20260125-17-01-01.jpg,/Users/akbar/Downloads/paal_pipeline/data/20260125-16-59-14/pig9_depth_vis_20260125-17-01-01.jpg,2
20260126-05-25-21,7,20260126-05-26-50,/Users/akbar/Downloads/paal_pipeline/data/20260126-05-25-21/pig7_rgb_20260126-05-26-50.jpg,/Users/akbar/Downloads/paal_pipeline/data/20260126-05-25-21/pig7_ir_vis_20260126-05-26-50.jpg,/Users/akbar/Downloads/paal_pipeline/data/20260126-05-25-21/pig7_depth_vis_20260126-05-26-50.jpg,2
20260125-22-29-39,10,20260125-22-31-35,/Users/akbar/Downloads/paal_pipeline/data/20260125-22-29-39/pig10_rgb_20260125-22-31-35.jpg,/Users/akbar/Downloads/paal_pipeline/data/20260125-22-29-39/pig10_ir_vis_20260125-22-31-35.jpg,/Users/akbar/Downloads/paal_pipeline/data/20260125-22-29-39/pig10_depth_vis_20260125-22-31-35.jpg,2
20260125-05-05-05,18,20260125-05-08-11,/Users/akbar/Downloads/paal_pipeline/data/20260125-05-05-05/pig18_rgb_20260125-05-08-11.jpg,/Users/akbar/Downloads/paal_pipeline/data/20260125-05-05-05/pig18_ir_vis_20260125-05-08-11.jpg,/Users/akbar/Downloads/paal_pipeline/data/20260125-05-05-05/pig18_depth_vis_20260125-05-08-11.jpg,2
20260126-05-25-21,2,20260126-05-26-05,/Users/akbar/Downloads/paal_pipeline/data/20260126-05-25-21/pig2_rgb_20260126-05-26-05.jpg,/Users/akbar/Downloads/paal_pipeline/data/20260126-05-25-21/pig2_ir_vis_20260126-05-26-05.jpg,/Users/akbar/Downloads/paal_pipeline/data/20260126-05-25-21/pig2_depth_vis_20260126-05-26-05.jpg,2
20260125-19-39-07,14,20260125-19-41-38,/Users/akbar/Downloads/paal_pipeline/data/20260125-19-39-07/pig14_rgb_20260125-19-41-38.jpg,/Users/akbar/Downloads/paal_pipeline/data/20260125-19-39-07/pig14_ir_vis_20260125-19-41-38.jpg,/Users/akbar/Downloads/paal_pipeline/data/20260125-19-39-07/pig14_depth_vis_20260125-19-41-38.jpg,2
20260131-10-38-44,6,20260131-10-40-04,/Users/akbar/Downloads/paal_pipeline/data/20260131-10-38-44/pig6_rgb_20260131-10-40-04.jpg,/Users/akbar/Downloads/paal_pipeline/data/20260131-10-38-44/pig6_ir_vis_20260131-10-40-04.jpg,/Users/akbar/Downloads/paal_pipeline/data/20260131-10-38-44/pig6_depth_vis_20260131-10-40-04.jpg,0
20260128-15-45-23,18,20260128-15-48-30,/Users/akbar/Downloads/paal_pipeline/data/20260128-15-45-23/pig18_rgb_20260128-15-48-30.jpg,/Users/akbar/Downloads/paal_pipeline/data/20260128-15-45-23/pig18_ir_vis_20260128-15-48-30.jpg,/Users/akbar/Downloads/paal_pipeline/data/20260128-15-45-23/pig18_depth_vis_20260128-15-48-30.jpg,0
20260126-07-11-57,4,20260126-07-12-59,/Users/akbar/Downloads/paal_pipeline/data/20260126-07-11-57/pig4_rgb_20260126-07-12-59.jpg,/Users/akbar/Downloads/paal_pipeline/data/20260126-07-11-57/pig4_ir_vis_20260126-07-12-59.jpg,/Users/akbar/Downloads/paal_pipeline/data/20260126-07-11-57/pig4_depth_vis_20260126-07-12-59.jpg,2
20260125-21-25-42,9,20260125-21-27-29,/Users/akbar/Downloads/paal_pipeline/data/20260125-21-25-42/pig9_rgb_20260125-21-27-29.jpg,/Users/akbar/Downloads/paal_pipeline/data/20260125-21-25-42/pig9_ir_vis_20260125-21-27-29.jpg,/Users/akbar/Downloads/paal_pipeline/data/20260125-21-25-42/pig9_depth_vis_20260125-21-27-29.jpg,2
20260131-11-21-23,10,20260131-11-23-18,/Users/akbar/Downloads/paal_pipeline/data/20260131-11-21-23/pig10_rgb_20260131-11-23-18.jpg,/Users/akbar/Downloads/paal_pipeline/data/20260131-11-21-23/pig10_ir_vis_20260131-11-23-18.jpg,/Users/akbar/Downloads/paal_pipeline/data/20260131-11-21-23/pig10_depth_vis_20260131-11-23-18.jpg,0
20260125-22-08-20,8,20260125-22-09-58,/Users/akbar/Downloads/paal_pipeline/data/20260125-22-08-20/pig8_rgb_20260125-22-09-58.jpg,/Users/akbar/Downloads/paal_pipeline/data/20260125-22-08-20/pig8_ir_vis_20260125-22-09-58.jpg,/Users/akbar/Downloads/paal_pipeline/data/20260125-22-08-20/pig8_depth_vis_20260125-22-09-58.jpg,2
20260202-19-29-19,0,20260202-19-29-36,/Users/akbar/Downloads/paal_pipeline/data/20260202-19-29-19/pig0_rgb_20260202-19-29-36.jpg,/Users/akbar/Downloads/paal_pipeline/data/20260202-19-29-19/pig0_ir_vis_20260202-19-29-36.jpg,/Users/akbar/Downloads/paal_pipeline/data/20260202-19-29-19/pig0_depth_vis_20260202-19-29-36.jpg,2
20260126-05-57-20,2,20260126-05-58-04,/Users/akbar/Downloads/paal_pipeline/data/20260126-05-57-20/pig2_rgb_20260126-05-58-04.jpg,/Users/akbar/Downloads/paal_pipeline/data/20260126-05-57-20/pig2_ir_vis_20260126-05-58-04.jpg,/Users/akbar/Downloads/paal_pipeline/data/20260126-05-57-20/pig2_depth_vis_20260126-05-58-04.jpg,2
20260125-20-53-43,14,20260125-20-56-14,/Users/akbar/Downloads/paal_pipeline/data/20260125-20-53-43/pig14_rgb_20260125-20-56-14.jpg,/Users/akbar/Downloads/paal_pipeline/data/20260125-20-53-43/pig14_ir_vis_20260125-20-56-14.jpg,/Users/akbar/Downloads/paal_pipeline/data/20260125-20-53-43/pig14_depth_vis_20260125-20-56-14.jpg,0
20260128-11-29-34,15,20260128-11-32-14,/Users/akbar/Downloads/paal_pipeline/data/20260128-11-29-34/pig15_rgb_20260128-11-32-14.jpg,/Users/akbar/Downloads/paal_pipeline/data/20260128-11-29-34/pig15_ir_vis_20260128-11-32-14.jpg,/Users/akbar/Downloads/paal_pipeline/data/20260128-11-29-34/pig15_depth_vis_20260128-11-32-14.jpg,2
20260125-08-48-55,6,20260125-08-50-15,/Users/akbar/Downloads/paal_pipeline/data/20260125-08-48-55/pig6_rgb_20260125-08-50-15.jpg,/Users/akbar/Downloads/paal_pipeline/data/20260125-08-48-55/pig6_ir_vis_20260125-08-50-15.jpg,/Users/akbar/Downloads/paal_pipeline/data/20260125-08-48-55/pig6_depth_vis_20260125-08-50-15.jpg,0
20260131-11-21-23,6,20260131-11-22-43,/Users/akbar/Downloads/paal_pipeline/data/20260131-11-21-23/pig6_rgb_20260131-11-22-43.jpg,/Users/akbar/Downloads/paal_pipeline/data/20260131-11-21-23/pig6_ir_vis_20260131-11-22-43.jpg,/Users/akbar/Downloads/paal_pipeline/data/20260131-11-21-23/pig6_depth_vis_20260131-11-22-43.jpg,0
20260125-20-53-43,5,20260125-20-54-54,/Users/akbar/Downloads/paal_pipeline/data/20260125-20-53-43/pig5_rgb_20260125-20-54-54.jpg,/Users/akbar/Downloads/paal_pipeline/data/20260125-20-53-43/pig5_ir_vis_20260125-20-54-54.jpg,/Users/akbar/Downloads/paal_pipeline/data/20260125-20-53-43/pig5_depth_vis_20260125-20-54-54.jpg,0
20260126-05-57-20,4,20260126-05-58-22,/Users/akbar/Downloads/paal_pipeline/data/20260126-05-57-20/pig4_rgb_20260126-05-58-22.jpg,/Users/akbar/Downloads/paal_pipeline/data/20260126-05-57-20/pig4_ir_vis_20260126-05-58-22.jpg,/Users/akbar/Downloads/paal_pipeline/data/20260126-05-57-20/pig4_depth_vis_20260126-05-58-22.jpg,0
20260127-12-52-42,15,20260127-12-55-22,/Users/akbar/Downloads/paal_pipeline/data/20260127-12-52-42/pig15_rgb_20260127-12-55-22.jpg,/Users/akbar/Downloads/paal_pipeline/data/20260127-12-52-42/pig15_ir_vis_20260127-12-55-22.jpg,/Users/akbar/Downloads/paal_pipeline/data/20260127-12-52-42/pig15_depth_vis_20260127-12-55-22.jpg,2
20260129-10-56-33,4,20260129-10-57-35,/Users/akbar/Downloads/paal_pipeline/data/20260129-10-56-33/pig4_rgb_20260129-10-57-35.jpg,/Users/akbar/Downloads/paal_pipeline/data/20260129-10-56-33/pig4_ir_vis_20260129-10-57-35.jpg,/Users/akbar/Downloads/paal_pipeline/data/20260129-10-56-33/pig4_depth_vis_20260129-10-57-35.jpg,2
20260125-17-20-33,18,20260125-17-23-39,/Users/akbar/Downloads/paal_pipeline/data/20260125-17-20-33/pig18_rgb_20260125-17-23-39.jpg,/Users/akbar/Downloads/paal_pipeline/data/20260125-17-20-33/pig18_ir_vis_20260125-17-23-39.jpg,/Users/akbar/Downloads/paal_pipeline/data/20260125-17-20-33/pig18_depth_vis_20260125-17-23-39.jpg,2
20260126-06-39-58,10,20260126-06-41-53,/Users/akbar/Downloads/paal_pipeline/data/20260126-06-39-58/pig10_rgb_20260126-06-41-53.jpg,/Users/akbar/Downloads/paal_pipeline/data/20260126-06-39-58/pig10_ir_vis_20260126-06-41-53.jpg,/Users/akbar/Downloads/paal_pipeline/data/20260126-06-39-58/pig10_depth_vis_20260126-06-41-53.jpg,2
20260125-21-47-01,6,20260125-21-48-21,/Users/akbar/Downloads/paal_pipeline/data/20260125-21-47-01/pig6_rgb_20260125-21-48-21.jpg,/Users/akbar/Downloads/paal_pipeline/data/20260125-21-47-01/pig6_ir_vis_20260125-21-48-21.jpg,/Users/akbar/Downloads/paal_pipeline/data/20260125-21-47-01/pig6_depth_vis_20260125-21-48-21.jpg,2
20260125-01-42-34,15,20260125-01-45-14,/Users/akbar/Downloads/paal_pipeline/data/20260125-01-42-34/pig15_rgb_20260125-01-45-14.jpg,/Users/akbar/Downloads/paal_pipeline/data/20260125-01-42-34/pig15_ir_vis_20260125-01-45-14.jpg,/Users/akbar/Downloads/paal_pipeline/data/20260125-01-42-34/pig15_depth_vis_20260125-01-45-14.jpg,2
20260125-20-53-43,12,20260125-20-55-57,/Users/akbar/Downloads/paal_pipeline/data/20260125-20-53-43/pig12_rgb_20260125-20-55-57.jpg,/Users/akbar/Downloads/paal_pipeline/data/20260125-20-53-43/pig12_ir_vis_20260125-20-55-57.jpg,/Users/akbar/Downloads/paal_pipeline/data/20260125-20-53-43/pig12_depth_vis_20260125-20-55-57.jpg,2
20260202-10-47-23,4,20260202-10-48-25,/Users/akbar/Downloads/paal_pipeline/data/20260202-10-47-23/pig4_rgb_20260202-10-48-25.jpg,/Users/akbar/Downloads/paal_pipeline/data/20260202-10-47-23/pig4_ir_vis_20260202-10-48-25.jpg,/Users/akbar/Downloads/paal_pipeline/data/20260202-10-47-23/pig4_depth_vis_20260202-10-48-25.jpg,2
20260127-14-07-19,18,20260127-14-10-25,/Users/akbar/Downloads/paal_pipeline/data/20260127-14-07-19/pig18_rgb_20260127-14-10-25.jpg,/Users/akbar/Downloads/paal_pipeline/data/20260127-14-07-19/pig18_ir_vis_20260127-14-10-25.jpg,/Users/akbar/Downloads/paal_pipeline/data/20260127-14-07-19/pig18_depth_vis_20260127-14-10-25.jpg,2
20260125-20-43-04,9,20260125-20-44-50,/Users/akbar/Downloads/paal_pipeline/data/20260125-20-43-04/pig9_rgb_20260125-20-44-50.jpg,/Users/akbar/Downloads/paal_pipeline/data/20260125-20-43-04/pig9_ir_vis_20260125-20-44-50.jpg,/Users/akbar/Downloads/paal_pipeline/data/20260125-20-43-04/pig9_depth_vis_20260125-20-44-50.jpg,2
20260125-22-29-39,9,20260125-22-31-26,/Users/akbar/Downloads/paal_pipeline/data/20260125-22-29-39/pig9_rgb_20260125-22-31-26.jpg,/Users/akbar/Downloads/paal_pipeline/data/20260125-22-29-39/pig9_ir_vis_20260125-22-31-26.jpg,/Users/akbar/Downloads/paal_pipeline/data/20260125-22-29-39/pig9_depth_vis_20260125-22-31-26.jpg,2
20260125-22-08-20,15,20260125-22-11-01,/Users/akbar/Downloads/paal_pipeline/data/20260125-22-08-20/pig15_rgb_20260125-22-11-01.jpg,/Users/akbar/Downloads/paal_pipeline/data/20260125-22-08-20/pig15_ir_vis_20260125-22-11-01.jpg,/Users/akbar/Downloads/paal_pipeline/data/20260125-22-08-20/pig15_depth_vis_20260125-22-11-01.jpg,2
20260129-13-48-07,14,20260129-13-50-38,/Users/akbar/Downloads/paal_pipeline/data/20260129-13-48-07/pig14_rgb_20260129-13-50-38.jpg,/Users/akbar/Downloads/paal_pipeline/data/20260129-13-48-07/pig14_ir_vis_20260129-13-50-38.jpg,/Users/akbar/Downloads/paal_pipeline/data/20260129-13-48-07/pig14_depth_vis_20260129-13-50-38.jpg,0
20260203-08-06-00,15,20260203-08-08-31,/Users/akbar/Downloads/paal_pipeline/data/20260203-08-06-00/pig15_rgb_20260203-08-08-31.jpg,/Users/akbar/Downloads/paal_pipeline/data/20260203-08-06-00/pig15_ir_vis_20260203-08-08-31.jpg,/Users/akbar/Downloads/paal_pipeline/data/20260203-08-06-00/pig15_depth_vis_20260203-08-08-31.jpg,0
20260129-10-56-33,15,20260129-10-59-14,/Users/akbar/Downloads/paal_pipeline/data/20260129-10-56-33/pig15_rgb_20260129-10-59-14.jpg,/Users/akbar/Downloads/paal_pipeline/data/20260129-10-56-33/pig15_ir_vis_20260129-10-59-14.jpg,/Users/akbar/Downloads/paal_pipeline/data/20260129-10-56-33/pig15_depth_vis_20260129-10-59-14.jpg,2
20260125-12-43-25,9,20260125-12-45-12,/Users/akbar/Downloads/paal_pipeline/data/20260125-12-43-25/pig9_rgb_20260125-12-45-12.jpg,/Users/akbar/Downloads/paal_pipeline/data/20260125-12-43-25/pig9_ir_vis_20260125-12-45-12.jpg,/Users/akbar/Downloads/paal_pipeline/data/20260125-12-43-25/pig9_depth_vis_20260125-12-45-12.jpg,2
20260126-06-50-37,10,20260126-06-52-33,/Users/akbar/Downloads/paal_pipeline/data/20260126-06-50-37/pig10_rgb_20260126-06-52-33.jpg,/Users/akbar/Downloads/paal_pipeline/data/20260126-06-50-37/pig10_ir_vis_20260126-06-52-33.jpg,/Users/akbar/Downloads/paal_pipeline/data/20260126-06-50-37/pig10_depth_vis_20260126-06-52-33.jpg,2
20260131-11-21-23,4,20260131-11-22-25,/Users/akbar/Downloads/paal_pipeline/data/20260131-11-21-23/pig4_rgb_20260131-11-22-25.jpg,/Users/akbar/Downloads/paal_pipeline/data/20260131-11-21-23/pig4_ir_vis_20260131-11-22-25.jpg,/Users/akbar/Downloads/paal_pipeline/data/20260131-11-21-23/pig4_depth_vis_20260131-11-22-25.jpg,2
20260126-06-39-58,9,20260126-06-41-44,/Users/akbar/Downloads/paal_pipeline/data/20260126-06-39-58/pig9_rgb_20260126-06-41-44.jpg,/Users/akbar/Downloads/paal_pipeline/data/20260126-06-39-58/pig9_ir_vis_20260126-06-41-44.jpg,/Users/akbar/Downloads/paal_pipeline/data/20260126-06-39-58/pig9_depth_vis_20260126-06-41-44.jpg,2
20260125-08-16-56,6,20260125-08-18-16,/Users/akbar/Downloads/paal_pipeline/data/20260125-08-16-56/pig6_rgb_20260125-08-18-16.jpg,/Users/akbar/Downloads/paal_pipeline/data/20260125-08-16-56/pig6_ir_vis_20260125-08-18-16.jpg,/Users/akbar/Downloads/paal_pipeline/data/20260125-08-16-56/pig6_depth_vis_20260125-08-18-16.jpg,0
20260125-21-47-01,3,20260125-21-47-54,/Users/akbar/Downloads/paal_pipeline/data/20260125-21-47-01/pig3_rgb_20260125-21-47-54.jpg,/Users/akbar/Downloads/paal_pipeline/data/20260125-21-47-01/pig3_ir_vis_20260125-21-47-54.jpg,/Users/akbar/Downloads/paal_pipeline/data/20260125-21-47-01/pig3_depth_vis_20260125-21-47-54.jpg,2
20260125-20-43-04,14,20260125-20-45-35,/Users/akbar/Downloads/paal_pipeline/data/20260125-20-43-04/pig14_rgb_20260125-20-45-35.jpg,/Users/akbar/Downloads/paal_pipeline/data/20260125-20-43-04/pig14_ir_vis_20260125-20-45-35.jpg,/Users/akbar/Downloads/paal_pipeline/data/20260125-20-43-04/pig14_depth_vis_20260125-20-45-35.jpg,2
20260201-04-14-07,5,20260201-04-15-18,/Users/akbar/Downloads/paal_pipeline/data/20260201-04-14-07/pig5_rgb_20260201-04-15-18.jpg,/Users/akbar/Downloads/paal_pipeline/data/20260201-04-14-07/pig5_ir_vis_20260201-04-15-18.jpg,/Users/akbar/Downloads/paal_pipeline/data/20260201-04-14-07/pig5_depth_vis_20260201-04-15-18.jpg,2
20260131-07-16-13,14,20260131-07-18-44,/Users/akbar/Downloads/paal_pipeline/data/20260131-07-16-13/pig14_rgb_20260131-07-18-44.jpg,/Users/akbar/Downloads/paal_pipeline/data/20260131-07-16-13/pig14_ir_vis_20260131-07-18-44.jpg,/Users/akbar/Downloads/paal_pipeline/data/20260131-07-16-13/pig14_depth_vis_20260131-07-18-44.jpg,0
20260129-18-46-34,3,20260129-18-47-28,/Users/akbar/Downloads/paal_pipeline/data/20260129-18-46-34/pig3_rgb_20260129-18-47-28.jpg,/Users/akbar/Downloads/paal_pipeline/data/20260129-18-46-34/pig3_ir_vis_20260129-18-47-28.jpg,/Users/akbar/Downloads/paal_pipeline/data/20260129-18-46-34/pig3_depth_vis_20260129-18-47-28.jpg,0
20260126-11-49-44,9,20260126-11-51-31,/Users/akbar/Downloads/paal_pipeline/data/20260126-11-49-44/pig9_rgb_20260126-11-51-31.jpg,/Users/akbar/Downloads/paal_pipeline/data/20260126-11-49-44/pig9_ir_vis_20260126-11-51-31.jpg,/Users/akbar/Downloads/paal_pipeline/data/20260126-11-49-44/pig9_depth_vis_20260126-11-51-31.jpg,2
20260125-21-47-01,18,20260125-21-50-07,/Users/akbar/Downloads/paal_pipeline/data/20260125-21-47-01/pig18_rgb_20260125-21-50-07.jpg,/Users/akbar/Downloads/paal_pipeline/data/20260125-21-47-01/pig18_ir_vis_20260125-21-50-07.jpg,/Users/akbar/Downloads/paal_pipeline/data/20260125-21-47-01/pig18_depth_vis_20260125-21-50-07.jpg,2
20260126-06-39-58,15,20260126-06-42-38,/Users/akbar/Downloads/paal_pipeline/data/20260126-06-39-58/pig15_rgb_20260126-06-42-38.jpg,/Users/akbar/Downloads/paal_pipeline/data/20260126-06-39-58/pig15_ir_vis_20260126-06-42-38.jpg,/Users/akbar/Downloads/paal_pipeline/data/20260126-06-39-58/pig15_depth_vis_20260126-06-42-38.jpg,2
20260128-15-45-23,16,20260128-15-48-12,/Users/akbar/Downloads/paal_pipeline/data/20260128-15-45-23/pig16_rgb_20260128-15-48-12.jpg,/Users/akbar/Downloads/paal_pipeline/data/20260128-15-45-23/pig16_ir_vis_20260128-15-48-12.jpg,/Users/akbar/Downloads/paal_pipeline/data/20260128-15-45-23/pig16_depth_vis_20260128-15-48-12.jpg,0
20260126-19-28-06,0,20260126-19-28-32,/Users/akbar/Downloads/paal_pipeline/data/20260126-19-28-06/pig0_rgb_20260126-19-28-32.jpg,/Users/akbar/Downloads/paal_pipeline/data/20260126-19-28-06/pig0_ir_vis_20260126-19-28-32.jpg,/Users/akbar/Downloads/paal_pipeline/data/20260126-19-28-06/pig0_depth_vis_20260126-19-28-32.jpg,0
20260126-05-36-01,11,20260126-05-38-05,/Users/akbar/Downloads/paal_pipeline/data/20260126-05-36-01/pig11_rgb_20260126-05-38-05.jpg,/Users/akbar/Downloads/paal_pipeline/data/20260126-05-36-01/pig11_ir_vis_20260126-05-38-05.jpg,/Users/akbar/Downloads/paal_pipeline/data/20260126-05-36-01/pig11_depth_vis_20260126-05-38-05.jpg,2
20260125-20-53-43,4,20260125-20-54-45,/Users/akbar/Downloads/paal_pipeline/data/20260125-20-53-43/pig4_rgb_20260125-20-54-45.jpg,/Users/akbar/Downloads/paal_pipeline/data/20260125-20-53-43/pig4_ir_vis_20260125-20-54-45.jpg,/Users/akbar/Downloads/paal_pipeline/data/20260125-20-53-43/pig4_depth_vis_20260125-20-54-45.jpg,2
20260126-10-56-26,4,20260126-10-57-28,/Users/akbar/Downloads/paal_pipeline/data/20260126-10-56-26/pig4_rgb_20260126-10-57-28.jpg,/Users/akbar/Downloads/paal_pipeline/data/20260126-10-56-26/pig4_ir_vis_20260126-10-57-28.jpg,/Users/akbar/Downloads/paal_pipeline/data/20260126-10-56-26/pig4_depth_vis_20260126-10-57-28.jpg,2
20260130-06-19-25,16,20260130-06-22-14,/Users/akbar/Downloads/paal_pipeline/data/20260130-06-19-25/pig16_rgb_20260130-06-22-14.jpg,/Users/akbar/Downloads/paal_pipeline/data/20260130-06-19-25/pig16_ir_vis_20260130-06-22-14.jpg,/Users/akbar/Downloads/paal_pipeline/data/20260130-06-19-25/pig16_depth_vis_20260130-06-22-14.jpg,0
