timestamp_folder,pig_id,pig_timestamp,rgb_jpg,rgb_aligned_jpg,ir_jpg,depth_jpg,label
20260130-02-03-36,0,20260130-02-04-02,/Users/akbar/Downloads/paal_pipeline/data/20260130-02-03-36/pig0_rgb_20260130-02-04-02.jpg,/Users/akbar/Downloads/paal_pipeline/data/20260130-02-03-36/pig0_rgb_aligned_20260130-02-04-02.jpg,/Users/akbar/Downloads/paal_pipeline/data/20260130-02-03-36/pig0_ir_vis_20260130-02-04-02.jpg,/Users/akbar/Downloads/paal_pipeline/data/20260130-02-03-36/pig0_depth_vis_20260130-02-04-02.jpg,1
20260130-02-03-36,2,20260130-02-04-20,/Users/akbar/Downloads/paal_pipeline/data/20260130-02-03-36/pig2_rgb_20260130-02-04-20.jpg,/Users/akbar/Downloads/paal_pipeline/data/20260130-02-03-36/pig2_rgb_aligned_20260130-02-04-20.jpg,/Users/akbar/Downloads/paal_pipeline/data/20260130-02-03-36/pig2_ir_vis_20260130-02-04-20.jpg,/Users/akbar/Downloads/paal_pipeline/data/20260130-02-03-36/pig2_depth_vis_20260130-02-04-20.jpg,1
20260130-02-03-36,3,20260130-02-04-29,/Users/akbar/Downloads/paal_pipeline/data/20260130-02-03-36/pig3_rgb_20260130-02-04-29.jpg,/Users/akbar/Downloads/paal_pipeline/data/20260130-02-03-36/pig3_rgb_aligned_20260130-02-04-29.jpg,/Users/akbar/Downloads/paal_pipeline/data/20260130-02-03-36/pig3_ir_vis_20260130-02-04-29.jpg,/Users/akbar/Downloads/paal_pipeline/data/20260130-02-03-36/pig3_depth_vis_20260130-02-04-29.jpg,1
20260130-02-03-36,4,20260130-02-04-38,/Users/akbar/Downloads/paal_pipeline/data/20260130-02-03-36/pig4_rgb_20260130-02-04-38.jpg,/Users/akbar/Downloads/paal_pipeline/data/20260130-02-03-36/pig4_rgb_aligned_20260130-02-04-38.jpg,/Users/akbar/Downloads/paal_pipeline/data/20260130-02-03-36/pig4_ir_vis_20260130-02-04-38.jpg,/Users/akbar/Downloads/paal_pipeline/data/20260130-02-03-36/pig4_depth_vis_20260130-02-04-38.jpg,1
20260130-02-03-36,6,20260130-02-04-56,/Users/akbar/Downloads/paal_pipeline/data/20260130-02-03-36/pig6_rgb_20260130-02-04-56.jpg,/Users/akbar/Downloads/paal_pipeline/data/20260130-02-03-36/pig6_rgb_aligned_20260130-02-04-56.jpg,/Users/akbar/Downloads/paal_pipeline/data/20260130-02-03-36/pig6_ir_vis_20260130-02-04-56.jpg,/Users/akbar/Downloads/paal_pipeline/data/20260130-02-03-36/pig6_depth_vis_20260130-02-04-56.jpg,1
20260130-02-03-36,7,20260130-02-05-05,/Users/akbar/Downloads/paal_pipeline/data/20260130-02-03-36/pig7_rgb_20260130-02-05-05.jpg,/Users/akbar/Downloads/paal_pipeline/data/20260130-02-03-36/pig7_rgb_aligned_20260130-02-05-05.jpg,/Users/akbar/Downloads/paal_pipeline/data/20260130-02-03-36/pig7_ir_vis_20260130-02-05-05.jpg,/Users/akbar/Downloads/paal_pipeline/data/20260130-02-03-36/pig7_depth_vis_20260130-02-05-05.jpg,1
20260130-02-03-36,8,20260130-02-05-14,/Users/akbar/Downloads/paal_pipeline/data/20260130-02-03-36/pig8_rgb_20260130-02-05-14.jpg,/Users/akbar/Downloads/paal_pipeline/data/20260130-02-03-36/pig8_rgb_aligned_20260130-02-05-14.jpg,/Users/akbar/Downloads/paal_pipeline/data/20260130-02-03-36/pig8_ir_vis_20260130-02-05-14.jpg,/Users/akbar/Downloads/paal_pipeline/data/20260130-02-03-36/pig8_depth_vis_20260130-02-05-14.jpg,1
20260130-02-03-36,9,20260130-02-05-22,/Users/akbar/Downloads/paal_pipeline/data/20260130-02-03-36/pig9_rgb_20260130-02-05-22.jpg,/Users/akbar/Downloads/paal_pipeline/data/20260130-02-03-36/pig9_rgb_aligned_20260130-02-05-22.jpg,/Users/akbar/Downloads/paal_pipeline/data/20260130-02-03-36/pig9_ir_vis_20260130-02-05-22.jpg,/Users/akbar/Downloads/paal_pipeline/data/20260130-02-03-36/pig9_depth_vis_20260130-02-05-22.jpg,1
20260130-02-03-36,10,20260130-02-05-31,/Users/akbar/Downloads/paal_pipeline/data/20260130-02-03-36/pig10_rgb_20260130-02-05-31.jpg,/Users/akbar/Downloads/paal_pipeline/data/20260130-02-03-36/pig10_rgb_aligned_20260130-02-05-31.jpg,/Users/akbar/Downloads/paal_pipeline/data/20260130-02-03-36/pig10_ir_vis_20260130-02-05-31.jpg,/Users/akbar/Downloads/paal_pipeline/data/20260130-02-03-36/pig10_depth_vis_20260130-02-05-31.jpg,1
20260130-02-03-36,11,20260130-02-05-41,/Users/akbar/Downloads/paal_pipeline/data/20260130-02-03-36/pig11_rgb_20260130-02-05-41.jpg,/Users/akbar/Downloads/paal_pipeline/data/20260130-02-03-36/pig11_rgb_aligned_20260130-02-05-41.jpg,/Users/akbar/Downloads/paal_pipeline/data/20260130-02-03-36/pig11_ir_vis_20260130-02-05-41.jpg,/Users/akbar/Downloads/paal_pipeline/data/20260130-02-03-36/pig11_depth_vis_20260130-02-05-41.jpg,1
20260130-02-03-36,12,20260130-02-05-49,/Users/akbar/Downloads/paal_pipeline/data/20260130-02-03-36/pig12_rgb_20260130-02-05-49.jpg,/Users/akbar/Downloads/paal_pipeline/data/20260130-02-03-36/pig12_rgb_aligned_20260130-02-05-49.jpg,/Users/akbar/Downloads/paal_pipeline/data/20260130-02-03-36/pig12_ir_vis_20260130-02-05-49.jpg,/Users/akbar/Downloads/paal_pipeline/data/20260130-02-03-36/pig12_depth_vis_20260130-02-05-49.jpg,1
20260130-02-03-36,15,20260130-02-06-16,/Users/akbar/Downloads/paal_pipeline/data/20260130-02-03-36/pig15_rgb_20260130-02-06-16.jpg,/Users/akbar/Downloads/paal_pipeline/data/20260130-02-03-36/pig15_rgb_aligned_20260130-02-06-16.jpg,/Users/akbar/Downloads/paal_pipeline/data/20260130-02-03-36/pig15_ir_vis_20260130-02-06-16.jpg,/Users/akbar/Downloads/paal_pipeline/data/20260130-02-03-36/pig15_depth_vis_20260130-02-06-16.jpg,1
20260130-02-03-36,16,20260130-02-06-25,/Users/akbar/Downloads/paal_pipeline/data/20260130-02-03-36/pig16_rgb_20260130-02-06-25.jpg,/Users/akbar/Downloads/paal_pipeline/data/20260130-02-03-36/pig16_rgb_aligned_20260130-02-06-25.jpg,/Users/akbar/Downloads/paal_pipeline/data/20260130-02-03-36/pig16_ir_vis_20260130-02-06-25.jpg,/Users/akbar/Downloads/paal_pipeline/data/20260130-02-03-36/pig16_depth_vis_20260130-02-06-25.jpg,1
20260130-05-04-48,2,20260130-05-05-32,/Users/akbar/Downloads/paal_pipeline/data/20260130-05-04-48/pig2_rgb_20260130-05-05-32.jpg,/Users/akbar/Downloads/paal_pipeline/data/20260130-05-04-48/pig2_rgb_aligned_20260130-05-05-32.jpg,/Users/akbar/Downloads/paal_pipeline/data/20260130-05-04-48/pig2_ir_vis_20260130-05-05-32.jpg,/Users/akbar/Downloads/paal_pipeline/data/20260130-05-04-48/pig2_depth_vis_20260130-05-05-32.jpg,1
20260130-05-04-48,11,20260130-05-06-53,/Users/akbar/Downloads/paal_pipeline/data/20260130-05-04-48/pig11_rgb_20260130-05-06-53.jpg,/Users/akbar/Downloads/paal_pipeline/data/20260130-05-04-48/pig11_rgb_aligned_20260130-05-06-53.jpg,/Users/akbar/Downloads/paal_pipeline/data/20260130-05-04-48/pig11_ir_vis_20260130-05-06-53.jpg,/Users/akbar/Downloads/paal_pipeline/data/20260130-05-04-48/pig11_depth_vis_20260130-05-06-53.jpg,1
20260130-05-04-48,12,20260130-05-07-01,/Users/akbar/Downloads/paal_pipeline/data/20260130-05-04-48/pig12_rgb_20260130-05-07-01.jpg,/Users/akbar/Downloads/paal_pipeline/data/20260130-05-04-48/pig12_rgb_aligned_20260130-05-07-01.jpg,/Users/akbar/Downloads/paal_pipeline/data/20260130-05-04-48/pig12_ir_vis_20260130-05-07-01.jpg,/Users/akbar/Downloads/paal_pipeline/data/20260130-05-04-48/pig12_depth_vis_20260130-05-07-01.jpg,1
20260130-05-04-48,14,20260130-05-07-19,/Users/akbar/Downloads/paal_pipeline/data/20260130-05-04-48/pig14_rgb_20260130-05-07-19.jpg,/Users/akbar/Downloads/paal_pipeline/data/20260130-05-04-48/pig14_rgb_aligned_20260130-05-07-19.jpg,/Users/akbar/Downloads/paal_pipeline/data/20260130-05-04-48/pig14_ir_vis_20260130-05-07-19.jpg,/Users/akbar/Downloads/paal_pipeline/data/20260130-05-04-48/pig14_depth_vis_20260130-05-07-19.jpg,1
20260130-05-04-48,15,20260130-05-07-28,/Users/akbar/Downloads/paal_pipeline/data/20260130-05-04-48/pig15_rgb_20260130-05-07-28.jpg,/Users/akbar/Downloads/paal_pipeline/data/20260130-05-04-48/pig15_rgb_aligned_20260130-05-07-28.jpg,/Users/akbar/Downloads/paal_pipeline/data/20260130-05-04-48/pig15_ir_vis_20260130-05-07-28.jpg,/Users/akbar/Downloads/paal_pipeline/data/20260130-05-04-48/pig15_depth_vis_20260130-05-07-28.jpg,1
20260130-05-04-48,16,20260130-05-07-37,/Users/akbar/Downloads/paal_pipeline/data/20260130-05-04-48/pig16_rgb_20260130-05-07-37.jpg,/Users/akbar/Downloads/paal_pipeline/data/20260130-05-04-48/pig16_rgb_aligned_20260130-05-07-37.jpg,/Users/akbar/Downloads/paal_pipeline/data/20260130-05-04-48/pig16_ir_vis_20260130-05-07-37.jpg,/Users/akbar/Downloads/paal_pipeline/data/20260130-05-04-48/pig16_depth_vis_20260130-05-07-37.jpg,1
20260130-05-04-48,18,20260130-05-07-54,/Users/akbar/Downloads/paal_pipeline/data/20260130-05-04-48/pig18_rgb_20260130-05-07-54.jpg,/Users/akbar/Downloads/paal_pipeline/data/20260130-05-04-48/pig18_rgb_aligned_20260130-05-07-54.jpg,/Users/akbar/Downloads/paal_pipeline/data/20260130-05-04-48/pig18_ir_vis_20260130-05-07-54.jpg,/Users/akbar/Downloads/paal_pipeline/data/20260130-05-04-48/pig18_depth_vis_20260130-05-07-54.jpg,1
20260130-08-16-40,0,20260130-08-17-06,/Users/akbar/Downloads/paal_pipeline/data/20260130-08-16-40/pig0_rgb_20260130-08-17-06.jpg,/Users/akbar/Downloads/paal_pipeline/data/20260130-08-16-40/pig0_rgb_aligned_20260130-08-17-06.jpg,/Users/akbar/Downloads/paal_pipeline/data/20260130-08-16-40/pig0_ir_vis_20260130-08-17-06.jpg,/Users/akbar/Downloads/paal_pipeline/data/20260130-08-16-40/pig0_depth_vis_20260130-08-17-06.jpg,1
20260130-08-16-40,2,20260130-08-17-24,/Users/akbar/Downloads/paal_pipeline/data/20260130-08-16-40/pig2_rgb_20260130-08-17-24.jpg,/Users/akbar/Downloads/paal_pipeline/data/20260130-08-16-40/pig2_rgb_aligned_20260130-08-17-24.jpg,/Users/akbar/Downloads/paal_pipeline/data/20260130-08-16-40/pig2_ir_vis_20260130-08-17-24.jpg,/Users/akbar/Downloads/paal_pipeline/data/20260130-08-16-40/pig2_depth_vis_20260130-08-17-24.jpg,1
20260130-08-16-40,3,20260130-08-17-33,/Users/akbar/Downloads/paal_pipeline/data/20260130-08-16-40/pig3_rgb_20260130-08-17-33.jpg,/Users/akbar/Downloads/paal_pipeline/data/20260130-08-16-40/pig3_rgb_aligned_20260130-08-17-33.jpg,/Users/akbar/Downloads/paal_pipeline/data/20260130-08-16-40/pig3_ir_vis_20260130-08-17-33.jpg,/Users/akbar/Downloads/paal_pipeline/data/20260130-08-16-40/pig3_depth_vis_20260130-08-17-33.jpg,1
20260130-08-16-40,4,20260130-08-17-42,/Users/akbar/Downloads/paal_pipeline/data/20260130-08-16-40/pig4_rgb_20260130-08-17-42.jpg,/Users/akbar/Downloads/paal_pipeline/data/20260130-08-16-40/pig4_rgb_aligned_20260130-08-17-42.jpg,/Users/akbar/Downloads/paal_pipeline/data/20260130-08-16-40/pig4_ir_vis_20260130-08-17-42.jpg,/Users/akbar/Downloads/paal_pipeline/data/20260130-08-16-40/pig4_depth_vis_20260130-08-17-42.jpg,1
20260130-08-16-40,5,20260130-08-17-51,/Users/akbar/Downloads/paal_pipeline/data/20260130-08-16-40/pig5_rgb_20260130-08-17-51.jpg,/Users/akbar/Downloads/paal_pipeline/data/20260130-08-16-40/pig5_rgb_aligned_20260130-08-17-51.jpg,/Users/akbar/Downloads/paal_pipeline/data/20260130-08-16-40/pig5_ir_vis_20260130-08-17-51.jpg,/Users/akbar/Downloads/paal_pipeline/data/20260130-08-16-40/pig5_depth_vis_20260130-08-17-51.jpg,1
20260130-08-16-40,6,20260130-08-18-00,/Users/akbar/Downloads/paal_pipeline/data/20260130-08-16-40/pig6_rgb_20260130-08-18-00.jpg,/Users/akbar/Downloads/paal_pipeline/data/20260130-08-16-40/pig6_rgb_aligned_20260130-08-18-00.jpg,/Users/akbar/Downloads/paal_pipeline/data/20260130-08-16-40/pig6_ir_vis_20260130-08-18-00.jpg,/Users/akbar/Downloads/paal_pipeline/data/20260130-08-16-40/pig6_depth_vis_20260130-08-18-00.jpg,1
20260130-08-16-40,7,20260130-08-18-09,/Users/akbar/Downloads/paal_pipeline/data/20260130-08-16-40/pig7_rgb_20260130-08-18-09.jpg,/Users/akbar/Downloads/paal_pipeline/data/20260130-08-16-40/pig7_rgb_aligned_20260130-08-18-09.jpg,/Users/akbar/Downloads/paal_pipeline/data/20260130-08-16-40/pig7_ir_vis_20260130-08-18-09.jpg,/Users/akbar/Downloads/paal_pipeline/data/20260130-08-16-40/pig7_depth_vis_20260130-08-18-09.jpg,1
20260130-08-16-40,8,20260130-08-18-18,/Users/akbar/Downloads/paal_pipeline/data/20260130-08-16-40/pig8_rgb_20260130-08-18-18.jpg,/Users/akbar/Downloads/paal_pipeline/data/20260130-08-16-40/pig8_rgb_aligned_20260130-08-18-18.jpg,/Users/akbar/Downloads/paal_pipeline/data/20260130-08-16-40/pig8_ir_vis_20260130-08-18-18.jpg,/Users/akbar/Downloads/paal_pipeline/data/20260130-08-16-40/pig8_depth_vis_20260130-08-18-18.jpg,1
20260130-08-16-40,9,20260130-08-18-27,/Users/akbar/Downloads/paal_pipeline/data/20260130-08-16-40/pig9_rgb_20260130-08-18-27.jpg,/Users/akbar/Downloads/paal_pipeline/data/20260130-08-16-40/pig9_rgb_aligned_20260130-08-18-27.jpg,/Users/akbar/Downloads/paal_pipeline/data/20260130-08-16-40/pig9_ir_vis_20260130-08-18-27.jpg,/Users/akbar/Downloads/paal_pipeline/data/20260130-08-16-40/pig9_depth_vis_20260130-08-18-27.jpg,0
20260130-08-16-40,10,20260130-08-18-36,/Users/akbar/Downloads/paal_pipeline/data/20260130-08-16-40/pig10_rgb_20260130-08-18-36.jpg,/Users/akbar/Downloads/paal_pipeline/data/20260130-08-16-40/pig10_rgb_aligned_20260130-08-18-36.jpg,/Users/akbar/Downloads/paal_pipeline/data/20260130-08-16-40/pig10_ir_vis_20260130-08-18-36.jpg,/Users/akbar/Downloads/paal_pipeline/data/20260130-08-16-40/pig10_depth_vis_20260130-08-18-36.jpg,1
20260130-08-16-40,11,20260130-08-18-45,/Users/akbar/Downloads/paal_pipeline/data/20260130-08-16-40/pig11_rgb_20260130-08-18-45.jpg,/Users/akbar/Downloads/paal_pipeline/data/20260130-08-16-40/pig11_rgb_aligned_20260130-08-18-45.jpg,/Users/akbar/Downloads/paal_pipeline/data/20260130-08-16-40/pig11_ir_vis_20260130-08-18-45.jpg,/Users/akbar/Downloads/paal_pipeline/data/20260130-08-16-40/pig11_depth_vis_20260130-08-18-45.jpg,1
20260130-08-16-40,12,20260130-08-18-53,/Users/akbar/Downloads/paal_pipeline/data/20260130-08-16-40/pig12_rgb_20260130-08-18-53.jpg,/Users/akbar/Downloads/paal_pipeline/data/20260130-08-16-40/pig12_rgb_aligned_20260130-08-18-53.jpg,/Users/akbar/Downloads/paal_pipeline/data/20260130-08-16-40/pig12_ir_vis_20260130-08-18-53.jpg,/Users/akbar/Downloads/paal_pipeline/data/20260130-08-16-40/pig12_depth_vis_20260130-08-18-53.jpg,1
20260130-08-16-40,14,20260130-08-19-11,/Users/akbar/Downloads/paal_pipeline/data/20260130-08-16-40/pig14_rgb_20260130-08-19-11.jpg,/Users/akbar/Downloads/paal_pipeline/data/20260130-08-16-40/pig14_rgb_aligned_20260130-08-19-11.jpg,/Users/akbar/Downloads/paal_pipeline/data/20260130-08-16-40/pig14_ir_vis_20260130-08-19-11.jpg,/Users/akbar/Downloads/paal_pipeline/data/20260130-08-16-40/pig14_depth_vis_20260130-08-19-11.jpg,1
20260130-08-16-40,15,20260130-08-19-20,/Users/akbar/Downloads/paal_pipeline/data/20260130-08-16-40/pig15_rgb_20260130-08-19-20.jpg,/Users/akbar/Downloads/paal_pipeline/data/20260130-08-16-40/pig15_rgb_aligned_20260130-08-19-20.jpg,/Users/akbar/Downloads/paal_pipeline/data/20260130-08-16-40/pig15_ir_vis_20260130-08-19-20.jpg,/Users/akbar/Downloads/paal_pipeline/data/20260130-08-16-40/pig15_depth_vis_20260130-08-19-20.jpg,1
20260130-08-16-40,16,20260130-08-19-29,/Users/akbar/Downloads/paal_pipeline/data/20260130-08-16-40/pig16_rgb_20260130-08-19-29.jpg,/Users/akbar/Downloads/paal_pipeline/data/20260130-08-16-40/pig16_rgb_aligned_20260130-08-19-29.jpg,/Users/akbar/Downloads/paal_pipeline/data/20260130-08-16-40/pig16_ir_vis_20260130-08-19-29.jpg,/Users/akbar/Downloads/paal_pipeline/data/20260130-08-16-40/pig16_depth_vis_20260130-08-19-29.jpg,1
20260130-08-16-40,18,20260130-08-19-46,/Users/akbar/Downloads/paal_pipeline/data/20260130-08-16-40/pig18_rgb_20260130-08-19-46.jpg,/Users/akbar/Downloads/paal_pipeline/data/20260130-08-16-40/pig18_rgb_aligned_20260130-08-19-46.jpg,/Users/akbar/Downloads/paal_pipeline/data/20260130-08-16-40/pig18_ir_vis_20260130-08-19-46.jpg,/Users/akbar/Downloads/paal_pipeline/data/20260130-08-16-40/pig18_depth_vis_20260130-08-19-46.jpg,1
20260130-12-04-59,0,20260130-12-05-26,/Users/akbar/Downloads/paal_pipeline/data/20260130-12-04-59/pig0_rgb_20260130-12-05-26.jpg,/Users/akbar/Downloads/paal_pipeline/data/20260130-12-04-59/pig0_rgb_aligned_20260130-12-05-26.jpg,/Users/akbar/Downloads/paal_pipeline/data/20260130-12-04-59/pig0_ir_vis_20260130-12-05-26.jpg,/Users/akbar/Downloads/paal_pipeline/data/20260130-12-04-59/pig0_depth_vis_20260130-12-05-26.jpg,1
20260130-12-04-59,2,20260130-12-05-43,/Users/akbar/Downloads/paal_pipeline/data/20260130-12-04-59/pig2_rgb_20260130-12-05-43.jpg,/Users/akbar/Downloads/paal_pipeline/data/20260130-12-04-59/pig2_rgb_aligned_20260130-12-05-43.jpg,/Users/akbar/Downloads/paal_pipeline/data/20260130-12-04-59/pig2_ir_vis_20260130-12-05-43.jpg,/Users/akbar/Downloads/paal_pipeline/data/20260130-12-04-59/pig2_depth_vis_20260130-12-05-43.jpg,1
20260130-12-04-59,3,20260130-12-05-52,/Users/akbar/Downloads/paal_pipeline/data/20260130-12-04-59/pig3_rgb_20260130-12-05-52.jpg,/Users/akbar/Downloads/paal_pipeline/data/20260130-12-04-59/pig3_rgb_aligned_20260130-12-05-52.jpg,/Users/akbar/Downloads/paal_pipeline/data/20260130-12-04-59/pig3_ir_vis_20260130-12-05-52.jpg,/Users/akbar/Downloads/paal_pipeline/data/20260130-12-04-59/pig3_depth_vis_20260130-12-05-52.jpg,1
20260130-12-04-59,4,20260130-12-06-01,/Users/akbar/Downloads/paal_pipeline/data/20260130-12-04-59/pig4_rgb_20260130-12-06-01.jpg,/Users/akbar/Downloads/paal_pipeline/data/20260130-12-04-59/pig4_rgb_aligned_20260130-12-06-01.jpg,/Users/akbar/Downloads/paal_pipeline/data/20260130-12-04-59/pig4_ir_vis_20260130-12-06-01.jpg,/Users/akbar/Downloads/paal_pipeline/data/20260130-12-04-59/pig4_depth_vis_20260130-12-06-01.jpg,0
20260130-12-04-59,5,20260130-12-06-10,/Users/akbar/Downloads/paal_pipeline/data/20260130-12-04-59/pig5_rgb_20260130-12-06-10.jpg,/Users/akbar/Downloads/paal_pipeline/data/20260130-12-04-59/pig5_rgb_aligned_20260130-12-06-10.jpg,/Users/akbar/Downloads/paal_pipeline/data/20260130-12-04-59/pig5_ir_vis_20260130-12-06-10.jpg,/Users/akbar/Downloads/paal_pipeline/data/20260130-12-04-59/pig5_depth_vis_20260130-12-06-10.jpg,1
20260130-12-04-59,6,20260130-12-06-19,/Users/akbar/Downloads/paal_pipeline/data/20260130-12-04-59/pig6_rgb_20260130-12-06-19.jpg,/Users/akbar/Downloads/paal_pipeline/data/20260130-12-04-59/pig6_rgb_aligned_20260130-12-06-19.jpg,/Users/akbar/Downloads/paal_pipeline/data/20260130-12-04-59/pig6_ir_vis_20260130-12-06-19.jpg,/Users/akbar/Downloads/paal_pipeline/data/20260130-12-04-59/pig6_depth_vis_20260130-12-06-19.jpg,1
20260130-12-04-59,7,20260130-12-06-28,/Users/akbar/Downloads/paal_pipeline/data/20260130-12-04-59/pig7_rgb_20260130-12-06-28.jpg,/Users/akbar/Downloads/paal_pipeline/data/20260130-12-04-59/pig7_rgb_aligned_20260130-12-06-28.jpg,/Users/akbar/Downloads/paal_pipeline/data/20260130-12-04-59/pig7_ir_vis_20260130-12-06-28.jpg,/Users/akbar/Downloads/paal_pipeline/data/20260130-12-04-59/pig7_depth_vis_20260130-12-06-28.jpg,1
20260130-12-04-59,8,20260130-12-06-37,/Users/akbar/Downloads/paal_pipeline/data/20260130-12-04-59/pig8_rgb_20260130-12-06-37.jpg,/Users/akbar/Downloads/paal_pipeline/data/20260130-12-04-59/pig8_rgb_aligned_20260130-12-06-37.jpg,/Users/akbar/Downloads/paal_pipeline/data/20260130-12-04-59/pig8_ir_vis_20260130-12-06-37.jpg,/Users/akbar/Downloads/paal_pipeline/data/20260130-12-04-59/pig8_depth_vis_20260130-12-06-37.jpg,1
20260130-12-04-59,9,20260130-12-06-46,/Users/akbar/Downloads/paal_pipeline/data/20260130-12-04-59/pig9_rgb_20260130-12-06-46.jpg,/Users/akbar/Downloads/paal_pipeline/data/20260130-12-04-59/pig9_rgb_aligned_20260130-12-06-46.jpg,/Users/akbar/Downloads/paal_pipeline/data/20260130-12-04-59/pig9_ir_vis_20260130-12-06-46.jpg,/Users/akbar/Downloads/paal_pipeline/data/20260130-12-04-59/pig9_depth_vis_20260130-12-06-46.jpg,0
20260130-12-04-59,10,20260130-12-06-55,/Users/akbar/Downloads/paal_pipeline/data/20260130-12-04-59/pig10_rgb_20260130-12-06-55.jpg,/Users/akbar/Downloads/paal_pipeline/data/20260130-12-04-59/pig10_rgb_aligned_20260130-12-06-55.jpg,/Users/akbar/Downloads/paal_pipeline/data/20260130-12-04-59/pig10_ir_vis_20260130-12-06-55.jpg,/Users/akbar/Downloads/paal_pipeline/data/20260130-12-04-59/pig10_depth_vis_20260130-12-06-55.jpg,1
20260130-12-04-59,11,20260130-12-07-04,/Users/akbar/Downloads/paal_pipeline/data/20260130-12-04-59/pig11_rgb_20260130-12-07-04.jpg,/Users/akbar/Downloads/paal_pipeline/data/20260130-12-04-59/pig11_rgb_aligned_20260130-12-07-04.jpg,/Users/akbar/Downloads/paal_pipeline/data/20260130-12-04-59/pig11_ir_vis_20260130-12-07-04.jpg,/Users/akbar/Downloads/paal_pipeline/data/20260130-12-04-59/pig11_depth_vis_20260130-12-07-04.jpg,1
20260130-12-04-59,12,20260130-12-07-12,/Users/akbar/Downloads/paal_pipeline/data/20260130-12-04-59/pig12_rgb_20260130-12-07-12.jpg,/Users/akbar/Downloads/paal_pipeline/data/20260130-12-04-59/pig12_rgb_aligned_20260130-12-07-12.jpg,/Users/akbar/Downloads/paal_pipeline/data/20260130-12-04-59/pig12_ir_vis_20260130-12-07-12.jpg,/Users/akbar/Downloads/paal_pipeline/data/20260130-12-04-59/pig12_depth_vis_20260130-12-07-12.jpg,1
20260130-12-04-59,13,20260130-12-07-21,/Users/akbar/Downloads/paal_pipeline/data/20260130-12-04-59/pig13_rgb_20260130-12-07-21.jpg,/Users/akbar/Downloads/paal_pipeline/data/20260130-12-04-59/pig13_rgb_aligned_20260130-12-07-21.jpg,/Users/akbar/Downloads/paal_pipeline/data/20260130-12-04-59/pig13_ir_vis_20260130-12-07-21.jpg,/Users/akbar/Downloads/paal_pipeline/data/20260130-12-04-59/pig13_depth_vis_20260130-12-07-21.jpg,0
20260130-12-04-59,14,20260130-12-07-30,/Users/akbar/Downloads/paal_pipeline/data/20260130-12-04-59/pig14_rgb_20260130-12-07-30.jpg,/Users/akbar/Downloads/paal_pipeline/data/20260130-12-04-59/pig14_rgb_aligned_20260130-12-07-30.jpg,/Users/akbar/Downloads/paal_pipeline/data/20260130-12-04-59/pig14_ir_vis_20260130-12-07-30.jpg,/Users/akbar/Downloads/paal_pipeline/data/20260130-12-04-59/pig14_depth_vis_20260130-12-07-30.jpg,1
20260130-12-04-59,15,20260130-12-07-39,/Users/akbar/Downloads/paal_pipeline/data/20260130-12-04-59/pig15_rgb_20260130-12-07-39.jpg,/Users/akbar/Downloads/paal_pipeline/data/20260130-12-04-59/pig15_rgb_aligned_20260130-12-07-39.jpg,/Users/akbar/Downloads/paal_pipeline/data/20260130-12-04-59/pig15_ir_vis_20260130-12-07-39.jpg,/Users/akbar/Downloads/paal_pipeline/data/20260130-12-04-59/pig15_depth_vis_20260130-12-07-39.jpg,1
20260130-12-04-59,16,20260130-12-07-48,/Users/akbar/Downloads/paal_pipeline/data/20260130-12-04-59/pig16_rgb_20260130-12-07-48.jpg,/Users/akbar/Downloads/paal_pipeline/data/20260130-12-04-59/pig16_rgb_aligned_20260130-12-07-48.jpg,/Users/akbar/Downloads/paal_pipeline/data/20260130-12-04-59/pig16_ir_vis_20260130-12-07-48.jpg,/Users/akbar/Downloads/paal_pipeline/data/20260130-12-04-59/pig16_depth_vis_20260130-12-07-48.jpg,1
20260130-12-04-59,17,20260130-12-07-57,/Users/akbar/Downloads/paal_pipeline/data/20260130-12-04-59/pig17_rgb_20260130-12-07-57.jpg,/Users/akbar/Downloads/paal_pipeline/data/20260130-12-04-59/pig17_rgb_aligned_20260130-12-07-57.jpg,/Users/akbar/Downloads/paal_pipeline/data/20260130-12-04-59/pig17_ir_vis_20260130-12-07-57.jpg,/Users/akbar/Downloads/paal_pipeline/data/20260130-12-04-59/pig17_depth_vis_20260130-12-07-57.jpg,0
20260130-12-04-59,18,20260130-12-08-05,/Users/akbar/Downloads/paal_pipeline/data/20260130-12-04-59/pig18_rgb_20260130-12-08-05.jpg,/Users/akbar/Downloads/paal_pipeline/data/20260130-12-04-59/pig18_rgb_aligned_20260130-12-08-05.jpg,/Users/akbar/Downloads/paal_pipeline/data/20260130-12-04-59/pig18_ir_vis_20260130-12-08-05.jpg,/Users/akbar/Downloads/paal_pipeline/data/20260130-12-04-59/pig18_depth_vis_20260130-12-08-05.jpg,1
20260130-15-59-29,0,20260130-15-59-56,/Users/akbar/Downloads/paal_pipeline/data/20260130-15-59-29/pig0_rgb_20260130-15-59-56.jpg,/Users/akbar/Downloads/paal_pipeline/data/20260130-15-59-29/pig0_rgb_aligned_20260130-15-59-56.jpg,/Users/akbar/Downloads/paal_pipeline/data/20260130-15-59-29/pig0_ir_vis_20260130-15-59-56.jpg,/Users/akbar/Downloads/paal_pipeline/data/20260130-15-59-29/pig0_depth_vis_20260130-15-59-56.jpg,1
20260130-15-59-29,2,20260130-16-00-14,/Users/akbar/Downloads/paal_pipeline/data/20260130-15-59-29/pig2_rgb_20260130-16-00-14.jpg,/Users/akbar/Downloads/paal_pipeline/data/20260130-15-59-29/pig2_rgb_aligned_20260130-16-00-14.jpg,/Users/akbar/Downloads/paal_pipeline/data/20260130-15-59-29/pig2_ir_vis_20260130-16-00-14.jpg,/Users/akbar/Downloads/paal_pipeline/data/20260130-15-59-29/pig2_depth_vis_20260130-16-00-14.jpg,1
20260130-15-59-29,3,20260130-16-00-23,/Users/akbar/Downloads/paal_pipeline/data/20260130-15-59-29/pig3_rgb_20260130-16-00-23.jpg,/Users/akbar/Downloads/paal_pipeline/data/20260130-15-59-29/pig3_rgb_aligned_20260130-16-00-23.jpg,/Users/akbar/Downloads/paal_pipeline/data/20260130-15-59-29/pig3_ir_vis_20260130-16-00-23.jpg,/Users/akbar/Downloads/paal_pipeline/data/20260130-15-59-29/pig3_depth_vis_20260130-16-00-23.jpg,1
20260130-15-59-29,4,20260130-16-00-31,/Users/akbar/Downloads/paal_pipeline/data/20260130-15-59-29/pig4_rgb_20260130-16-00-31.jpg,/Users/akbar/Downloads/paal_pipeline/data/20260130-15-59-29/pig4_rgb_aligned_20260130-16-00-31.jpg,/Users/akbar/Downloads/paal_pipeline/data/20260130-15-59-29/pig4_ir_vis_20260130-16-00-31.jpg,/Users/akbar/Downloads/paal_pipeline/data/20260130-15-59-29/pig4_depth_vis_20260130-16-00-31.jpg,1
20260130-15-59-29,5,20260130-16-00-40,/Users/akbar/Downloads/paal_pipeline/data/20260130-15-59-29/pig5_rgb_20260130-16-00-40.jpg,/Users/akbar/Downloads/paal_pipeline/data/20260130-15-59-29/pig5_rgb_aligned_20260130-16-00-40.jpg,/Users/akbar/Downloads/paal_pipeline/data/20260130-15-59-29/pig5_ir_vis_20260130-16-00-40.jpg,/Users/akbar/Downloads/paal_pipeline/data/20260130-15-59-29/pig5_depth_vis_20260130-16-00-40.jpg,1
20260130-15-59-29,6,20260130-16-00-49,/Users/akbar/Downloads/paal_pipeline/data/20260130-15-59-29/pig6_rgb_20260130-16-00-49.jpg,/Users/akbar/Downloads/paal_pipeline/data/20260130-15-59-29/pig6_rgb_aligned_20260130-16-00-49.jpg,/Users/akbar/Downloads/paal_pipeline/data/20260130-15-59-29/pig6_ir_vis_20260130-16-00-49.jpg,/Users/akbar/Downloads/paal_pipeline/data/20260130-15-59-29/pig6_depth_vis_20260130-16-00-49.jpg,1
20260130-15-59-29,7,20260130-16-00-58,/Users/akbar/Downloads/paal_pipeline/data/20260130-15-59-29/pig7_rgb_20260130-16-00-58.jpg,/Users/akbar/Downloads/paal_pipeline/data/20260130-15-59-29/pig7_rgb_aligned_20260130-16-00-58.jpg,/Users/akbar/Downloads/paal_pipeline/data/20260130-15-59-29/pig7_ir_vis_20260130-16-00-58.jpg,/Users/akbar/Downloads/paal_pipeline/data/20260130-15-59-29/pig7_depth_vis_20260130-16-00-58.jpg,1
20260130-15-59-29,8,20260130-16-01-07,/Users/akbar/Downloads/paal_pipeline/data/20260130-15-59-29/pig8_rgb_20260130-16-01-07.jpg,/Users/akbar/Downloads/paal_pipeline/data/20260130-15-59-29/pig8_rgb_aligned_20260130-16-01-07.jpg,/Users/akbar/Downloads/paal_pipeline/data/20260130-15-59-29/pig8_ir_vis_20260130-16-01-07.jpg,/Users/akbar/Downloads/paal_pipeline/data/20260130-15-59-29/pig8_depth_vis_20260130-16-01-07.jpg,1
20260130-15-59-29,9,20260130-16-01-16,/Users/akbar/Downloads/paal_pipeline/data/20260130-15-59-29/pig9_rgb_20260130-16-01-16.jpg,/Users/akbar/Downloads/paal_pipeline/data/20260130-15-59-29/pig9_rgb_aligned_20260130-16-01-16.jpg,/Users/akbar/Downloads/paal_pipeline/data/20260130-15-59-29/pig9_ir_vis_20260130-16-01-16.jpg,/Users/akbar/Downloads/paal_pipeline/data/20260130-15-59-29/pig9_depth_vis_20260130-16-01-16.jpg,0
20260130-15-59-29,10,20260130-16-01-25,/Users/akbar/Downloads/paal_pipeline/data/20260130-15-59-29/pig10_rgb_20260130-16-01-25.jpg,/Users/akbar/Downloads/paal_pipeline/data/20260130-15-59-29/pig10_rgb_aligned_20260130-16-01-25.jpg,/Users/akbar/Downloads/paal_pipeline/data/20260130-15-59-29/pig10_ir_vis_20260130-16-01-25.jpg,/Users/akbar/Downloads/paal_pipeline/data/20260130-15-59-29/pig10_depth_vis_20260130-16-01-25.jpg,1
20260130-15-59-29,11,20260130-16-01-34,/Users/akbar/Downloads/paal_pipeline/data/20260130-15-59-29/pig11_rgb_20260130-16-01-34.jpg,/Users/akbar/Downloads/paal_pipeline/data/20260130-15-59-29/pig11_rgb_aligned_20260130-16-01-34.jpg,/Users/akbar/Downloads/paal_pipeline/data/20260130-15-59-29/pig11_ir_vis_20260130-16-01-34.jpg,/Users/akbar/Downloads/paal_pipeline/data/20260130-15-59-29/pig11_depth_vis_20260130-16-01-34.jpg,1
20260130-15-59-29,12,20260130-16-01-43,/Users/akbar/Downloads/paal_pipeline/data/20260130-15-59-29/pig12_rgb_20260130-16-01-43.jpg,/Users/akbar/Downloads/paal_pipeline/data/20260130-15-59-29/pig12_rgb_aligned_20260130-16-01-43.jpg,/Users/akbar/Downloads/paal_pipeline/data/20260130-15-59-29/pig12_ir_vis_20260130-16-01-43.jpg,/Users/akbar/Downloads/paal_pipeline/data/20260130-15-59-29/pig12_depth_vis_20260130-16-01-43.jpg,1
20260130-15-59-29,14,20260130-16-02-00,/Users/akbar/Downloads/paal_pipeline/data/20260130-15-59-29/pig14_rgb_20260130-16-02-00.jpg,/Users/akbar/Downloads/paal_pipeline/data/20260130-15-59-29/pig14_rgb_aligned_20260130-16-02-00.jpg,/Users/akbar/Downloads/paal_pipeline/data/20260130-15-59-29/pig14_ir_vis_20260130-16-02-00.jpg,/Users/akbar/Downloads/paal_pipeline/data/20260130-15-59-29/pig14_depth_vis_20260130-16-02-00.jpg,1
20260130-15-59-29,15,20260130-16-02-10,/Users/akbar/Downloads/paal_pipeline/data/20260130-15-59-29/pig15_rgb_20260130-16-02-10.jpg,/Users/akbar/Downloads/paal_pipeline/data/20260130-15-59-29/pig15_rgb_aligned_20260130-16-02-10.jpg,/Users/akbar/Downloads/paal_pipeline/data/20260130-15-59-29/pig15_ir_vis_20260130-16-02-10.jpg,/Users/akbar/Downloads/paal_pipeline/data/20260130-15-59-29/pig15_depth_vis_20260130-16-02-10.jpg,1
20260130-15-59-29,16,20260130-16-02-18,/Users/akbar/Downloads/paal_pipeline/data/20260130-15-59-29/pig16_rgb_20260130-16-02-18.jpg,/Users/akbar/Downloads/paal_pipeline/data/20260130-15-59-29/pig16_rgb_aligned_20260130-16-02-18.jpg,/Users/akbar/Downloads/paal_pipeline/data/20260130-15-59-29/pig16_ir_vis_20260130-16-02-18.jpg,/Users/akbar/Downloads/paal_pipeline/data/20260130-15-59-29/pig16_depth_vis_20260130-16-02-18.jpg,1
20260130-15-59-29,18,20260130-16-02-36,/Users/akbar/Downloads/paal_pipeline/data/20260130-15-59-29/pig18_rgb_20260130-16-02-36.jpg,/Users/akbar/Downloads/paal_pipeline/data/20260130-15-59-29/pig18_rgb_aligned_20260130-16-02-36.jpg,/Users/akbar/Downloads/paal_pipeline/data/20260130-15-59-29/pig18_ir_vis_20260130-16-02-36.jpg,/Users/akbar/Downloads/paal_pipeline/data/20260130-15-59-29/pig18_depth_vis_20260130-16-02-36.jpg,1
20260130-18-39-23,0,20260130-18-39-50,/Users/akbar/Downloads/paal_pipeline/data/20260130-18-39-23/pig0_rgb_20260130-18-39-50.jpg,/Users/akbar/Downloads/paal_pipeline/data/20260130-18-39-23/pig0_rgb_aligned_20260130-18-39-50.jpg,/Users/akbar/Downloads/paal_pipeline/data/20260130-18-39-23/pig0_ir_vis_20260130-18-39-50.jpg,/Users/akbar/Downloads/paal_pipeline/data/20260130-18-39-23/pig0_depth_vis_20260130-18-39-50.jpg,0
20260130-18-39-23,2,20260130-18-40-07,/Users/akbar/Downloads/paal_pipeline/data/20260130-18-39-23/pig2_rgb_20260130-18-40-07.jpg,/Users/akbar/Downloads/paal_pipeline/data/20260130-18-39-23/pig2_rgb_aligned_20260130-18-40-07.jpg,/Users/akbar/Downloads/paal_pipeline/data/20260130-18-39-23/pig2_ir_vis_20260130-18-40-07.jpg,/Users/akbar/Downloads/paal_pipeline/data/20260130-18-39-23/pig2_depth_vis_20260130-18-40-07.jpg,0
20260130-18-39-23,3,20260130-18-40-16,/Users/akbar/Downloads/paal_pipeline/data/20260130-18-39-23/pig3_rgb_20260130-18-40-16.jpg,/Users/akbar/Downloads/paal_pipeline/data/20260130-18-39-23/pig3_rgb_aligned_20260130-18-40-16.jpg,/Users/akbar/Downloads/paal_pipeline/data/20260130-18-39-23/pig3_ir_vis_20260130-18-40-16.jpg,/Users/akbar/Downloads/paal_pipeline/data/20260130-18-39-23/pig3_depth_vis_20260130-18-40-16.jpg,0
20260130-18-39-23,4,20260130-18-40-25,/Users/akbar/Downloads/paal_pipeline/data/20260130-18-39-23/pig4_rgb_20260130-18-40-25.jpg,/Users/akbar/Downloads/paal_pipeline/data/20260130-18-39-23/pig4_rgb_aligned_20260130-18-40-25.jpg,/Users/akbar/Downloads/paal_pipeline/data/20260130-18-39-23/pig4_ir_vis_20260130-18-40-25.jpg,/Users/akbar/Downloads/paal_pipeline/data/20260130-18-39-23/pig4_depth_vis_20260130-18-40-25.jpg,0
20260130-18-39-23,5,20260130-18-40-34,/Users/akbar/Downloads/paal_pipeline/data/20260130-18-39-23/pig5_rgb_20260130-18-40-34.jpg,/Users/akbar/Downloads/paal_pipeline/data/20260130-18-39-23/pig5_rgb_aligned_20260130-18-40-34.jpg,/Users/akbar/Downloads/paal_pipeline/data/20260130-18-39-23/pig5_ir_vis_20260130-18-40-34.jpg,/Users/akbar/Downloads/paal_pipeline/data/20260130-18-39-23/pig5_depth_vis_20260130-18-40-34.jpg,1
20260130-18-39-23,6,20260130-18-40-43,/Users/akbar/Downloads/paal_pipeline/data/20260130-18-39-23/pig6_rgb_20260130-18-40-43.jpg,/Users/akbar/Downloads/paal_pipeline/data/20260130-18-39-23/pig6_rgb_aligned_20260130-18-40-43.jpg,/Users/akbar/Downloads/paal_pipeline/data/20260130-18-39-23/pig6_ir_vis_20260130-18-40-43.jpg,/Users/akbar/Downloads/paal_pipeline/data/20260130-18-39-23/pig6_depth_vis_20260130-18-40-43.jpg,0
20260130-18-39-23,7,20260130-18-40-52,/Users/akbar/Downloads/paal_pipeline/data/20260130-18-39-23/pig7_rgb_20260130-18-40-52.jpg,/Users/akbar/Downloads/paal_pipeline/data/20260130-18-39-23/pig7_rgb_aligned_20260130-18-40-52.jpg,/Users/akbar/Downloads/paal_pipeline/data/20260130-18-39-23/pig7_ir_vis_20260130-18-40-52.jpg,/Users/akbar/Downloads/paal_pipeline/data/20260130-18-39-23/pig7_depth_vis_20260130-18-40-52.jpg,0
20260130-18-39-23,8,20260130-18-41-01,/Users/akbar/Downloads/paal_pipeline/data/20260130-18-39-23/pig8_rgb_20260130-18-41-01.jpg,/Users/akbar/Downloads/paal_pipeline/data/20260130-18-39-23/pig8_rgb_aligned_20260130-18-41-01.jpg,/Users/akbar/Downloads/paal_pipeline/data/20260130-18-39-23/pig8_ir_vis_20260130-18-41-01.jpg,/Users/akbar/Downloads/paal_pipeline/data/20260130-18-39-23/pig8_depth_vis_20260130-18-41-01.jpg,1
20260130-18-39-23,9,20260130-18-41-10,/Users/akbar/Downloads/paal_pipeline/data/20260130-18-39-23/pig9_rgb_20260130-18-41-10.jpg,/Users/akbar/Downloads/paal_pipeline/data/20260130-18-39-23/pig9_rgb_aligned_20260130-18-41-10.jpg,/Users/akbar/Downloads/paal_pipeline/data/20260130-18-39-23/pig9_ir_vis_20260130-18-41-10.jpg,/Users/akbar/Downloads/paal_pipeline/data/20260130-18-39-23/pig9_depth_vis_20260130-18-41-10.jpg,0
20260130-18-39-23,10,20260130-18-41-19,/Users/akbar/Downloads/paal_pipeline/data/20260130-18-39-23/pig10_rgb_20260130-18-41-19.jpg,/Users/akbar/Downloads/paal_pipeline/data/20260130-18-39-23/pig10_rgb_aligned_20260130-18-41-19.jpg,/Users/akbar/Downloads/paal_pipeline/data/20260130-18-39-23/pig10_ir_vis_20260130-18-41-19.jpg,/Users/akbar/Downloads/paal_pipeline/data/20260130-18-39-23/pig10_depth_vis_20260130-18-41-19.jpg,1
20260130-18-39-23,11,20260130-18-41-28,/Users/akbar/Downloads/paal_pipeline/data/20260130-18-39-23/pig11_rgb_20260130-18-41-28.jpg,/Users/akbar/Downloads/paal_pipeline/data/20260130-18-39-23/pig11_rgb_aligned_20260130-18-41-28.jpg,/Users/akbar/Downloads/paal_pipeline/data/20260130-18-39-23/pig11_ir_vis_20260130-18-41-28.jpg,/Users/akbar/Downloads/paal_pipeline/data/20260130-18-39-23/pig11_depth_vis_20260130-18-41-28.jpg,1
20260130-18-39-23,12,20260130-18-41-36,/Users/akbar/Downloads/paal_pipeline/data/20260130-18-39-23/pig12_rgb_20260130-18-41-36.jpg,/Users/akbar/Downloads/paal_pipeline/data/20260130-18-39-23/pig12_rgb_aligned_20260130-18-41-36.jpg,/Users/akbar/Downloads/paal_pipeline/data/20260130-18-39-23/pig12_ir_vis_20260130-18-41-36.jpg,/Users/akbar/Downloads/paal_pipeline/data/20260130-18-39-23/pig12_depth_vis_20260130-18-41-36.jpg,0
20260130-18-39-23,14,20260130-18-41-54,/Users/akbar/Downloads/paal_pipeline/data/20260130-18-39-23/pig14_rgb_20260130-18-41-54.jpg,/Users/akbar/Downloads/paal_pipeline/data/20260130-18-39-23/pig14_rgb_aligned_20260130-18-41-54.jpg,/Users/akbar/Downloads/paal_pipeline/data/20260130-18-39-23/pig14_ir_vis_20260130-18-41-54.jpg,/Users/akbar/Downloads/paal_pipeline/data/20260130-18-39-23/pig14_depth_vis_20260130-18-41-54.jpg,1
20260130-18-39-23,15,20260130-18-42-03,/Users/akbar/Downloads/paal_pipeline/data/20260130-18-39-23/pig15_rgb_20260130-18-42-03.jpg,/Users/akbar/Downloads/paal_pipeline/data/20260130-18-39-23/pig15_rgb_aligned_20260130-18-42-03.jpg,/Users/akbar/Downloads/paal_pipeline/data/20260130-18-39-23/pig15_ir_vis_20260130-18-42-03.jpg,/Users/akbar/Downloads/paal_pipeline/data/20260130-18-39-23/pig15_depth_vis_20260130-18-42-03.jpg,0
20260130-18-39-23,16,20260130-18-42-12,/Users/akbar/Downloads/paal_pipeline/data/20260130-18-39-23/pig16_rgb_20260130-18-42-12.jpg,/Users/akbar/Downloads/paal_pipeline/data/20260130-18-39-23/pig16_rgb_aligned_20260130-18-42-12.jpg,/Users/akbar/Downloads/paal_pipeline/data/20260130-18-39-23/pig16_ir_vis_20260130-18-42-12.jpg,/Users/akbar/Downloads/paal_pipeline/data/20260130-18-39-23/pig16_depth_vis_20260130-18-42-12.jpg,1
20260130-18-39-23,18,20260130-18-42-29,/Users/akbar/Downloads/paal_pipeline/data/20260130-18-39-23/pig18_rgb_20260130-18-42-29.jpg,/Users/akbar/Downloads/paal_pipeline/data/20260130-18-39-23/pig18_rgb_aligned_20260130-18-42-29.jpg,/Users/akbar/Downloads/paal_pipeline/data/20260130-18-39-23/pig18_ir_vis_20260130-18-42-29.jpg,/Users/akbar/Downloads/paal_pipeline/data/20260130-18-39-23/pig18_depth_vis_20260130-18-42-29.jpg,0
20260130-21-08-37,0,20260130-21-09-04,/Users/akbar/Downloads/paal_pipeline/data/20260130-21-08-37/pig0_rgb_20260130-21-09-04.jpg,/Users/akbar/Downloads/paal_pipeline/data/20260130-21-08-37/pig0_rgb_aligned_20260130-21-09-04.jpg,/Users/akbar/Downloads/paal_pipeline/data/20260130-21-08-37/pig0_ir_vis_20260130-21-09-04.jpg,/Users/akbar/Downloads/paal_pipeline/data/20260130-21-08-37/pig0_depth_vis_20260130-21-09-04.jpg,0
20260130-21-08-37,2,20260130-21-09-21,/Users/akbar/Downloads/paal_pipeline/data/20260130-21-08-37/pig2_rgb_20260130-21-09-21.jpg,/Users/akbar/Downloads/paal_pipeline/data/20260130-21-08-37/pig2_rgb_aligned_20260130-21-09-21.jpg,/Users/akbar/Downloads/paal_pipeline/data/20260130-21-08-37/pig2_ir_vis_20260130-21-09-21.jpg,/Users/akbar/Downloads/paal_pipeline/data/20260130-21-08-37/pig2_depth_vis_20260130-21-09-21.jpg,0
20260130-21-08-37,3,20260130-21-09-30,/Users/akbar/Downloads/paal_pipeline/data/20260130-21-08-37/pig3_rgb_20260130-21-09-30.jpg,/Users/akbar/Downloads/paal_pipeline/data/20260130-21-08-37/pig3_rgb_aligned_20260130-21-09-30.jpg,/Users/akbar/Downloads/paal_pipeline/data/20260130-21-08-37/pig3_ir_vis_20260130-21-09-30.jpg,/Users/akbar/Downloads/paal_pipeline/data/20260130-21-08-37/pig3_depth_vis_20260130-21-09-30.jpg,0
20260130-21-08-37,4,20260130-21-09-39,/Users/akbar/Downloads/paal_pipeline/data/20260130-21-08-37/pig4_rgb_20260130-21-09-39.jpg,/Users/akbar/Downloads/paal_pipeline/data/20260130-21-08-37/pig4_rgb_aligned_20260130-21-09-39.jpg,/Users/akbar/Downloads/paal_pipeline/data/20260130-21-08-37/pig4_ir_vis_20260130-21-09-39.jpg,/Users/akbar/Downloads/paal_pipeline/data/20260130-21-08-37/pig4_depth_vis_20260130-21-09-39.jpg,0
20260130-21-08-37,5,20260130-21-09-48,/Users/akbar/Downloads/paal_pipeline/data/20260130-21-08-37/pig5_rgb_20260130-21-09-48.jpg,/Users/akbar/Downloads/paal_pipeline/data/20260130-21-08-37/pig5_rgb_aligned_20260130-21-09-48.jpg,/Users/akbar/Downloads/paal_pipeline/data/20260130-21-08-37/pig5_ir_vis_20260130-21-09-48.jpg,/Users/akbar/Downloads/paal_pipeline/data/20260130-21-08-37/pig5_depth_vis_20260130-21-09-48.jpg,0
20260130-21-08-37,6,20260130-21-09-57,/Users/akbar/Downloads/paal_pipeline/data/20260130-21-08-37/pig6_rgb_20260130-21-09-57.jpg,/Users/akbar/Downloads/paal_pipeline/data/20260130-21-08-37/pig6_rgb_aligned_20260130-21-09-57.jpg,/Users/akbar/Downloads/paal_pipeline/data/20260130-21-08-37/pig6_ir_vis_20260130-21-09-57.jpg,/Users/akbar/Downloads/paal_pipeline/data/20260130-21-08-37/pig6_depth_vis_20260130-21-09-57.jpg,0
20260130-21-08-37,7,20260130-21-10-06,/Users/akbar/Downloads/paal_pipeline/data/20260130-21-08-37/pig7_rgb_20260130-21-10-06.jpg,/Users/akbar/Downloads/paal_pipeline/data/20260130-21-08-37/pig7_rgb_aligned_20260130-21-10-06.jpg,/Users/akbar/Downloads/paal_pipeline/data/20260130-21-08-37/pig7_ir_vis_20260130-21-10-06.jpg,/Users/akbar/Downloads/paal_pipeline/data/20260130-21-08-37/pig7_depth_vis_20260130-21-10-06.jpg,0
20260130-21-08-37,8,20260130-21-10-15,/Users/akbar/Downloads/paal_pipeline/data/20260130-21-08-37/pig8_rgb_20260130-21-10-15.jpg,/Users/akbar/Downloads/paal_pipeline/data/20260130-21-08-37/pig8_rgb_aligned_20260130-21-10-15.jpg,/Users/akbar/Downloads/paal_pipeline/data/20260130-21-08-37/pig8_ir_vis_20260130-21-10-15.jpg,/Users/akbar/Downloads/paal_pipeline/data/20260130-21-08-37/pig8_depth_vis_20260130-21-10-15.jpg,1
20260130-21-08-37,9,20260130-21-10-24,/Users/akbar/Downloads/paal_pipeline/data/20260130-21-08-37/pig9_rgb_20260130-21-10-24.jpg,/Users/akbar/Downloads/paal_pipeline/data/20260130-21-08-37/pig9_rgb_aligned_20260130-21-10-24.jpg,/Users/akbar/Downloads/paal_pipeline/data/20260130-21-08-37/pig9_ir_vis_20260130-21-10-24.jpg,/Users/akbar/Downloads/paal_pipeline/data/20260130-21-08-37/pig9_depth_vis_20260130-21-10-24.jpg,0
20260130-21-08-37,10,20260130-21-10-33,/Users/akbar/Downloads/paal_pipeline/data/20260130-21-08-37/pig10_rgb_20260130-21-10-33.jpg,/Users/akbar/Downloads/paal_pipeline/data/20260130-21-08-37/pig10_rgb_aligned_20260130-21-10-33.jpg,/Users/akbar/Downloads/paal_pipeline/data/20260130-21-08-37/pig10_ir_vis_20260130-21-10-33.jpg,/Users/akbar/Downloads/paal_pipeline/data/20260130-21-08-37/pig10_depth_vis_20260130-21-10-33.jpg,1
20260130-21-08-37,11,20260130-21-10-42,/Users/akbar/Downloads/paal_pipeline/data/20260130-21-08-37/pig11_rgb_20260130-21-10-42.jpg,/Users/akbar/Downloads/paal_pipeline/data/20260130-21-08-37/pig11_rgb_aligned_20260130-21-10-42.jpg,/Users/akbar/Downloads/paal_pipeline/data/20260130-21-08-37/pig11_ir_vis_20260130-21-10-42.jpg,/Users/akbar/Downloads/paal_pipeline/data/20260130-21-08-37/pig11_depth_vis_20260130-21-10-42.jpg,1
20260130-21-08-37,12,20260130-21-10-51,/Users/akbar/Downloads/paal_pipeline/data/20260130-21-08-37/pig12_rgb_20260130-21-10-51.jpg,/Users/akbar/Downloads/paal_pipeline/data/20260130-21-08-37/pig12_rgb_aligned_20260130-21-10-51.jpg,/Users/akbar/Downloads/paal_pipeline/data/20260130-21-08-37/pig12_ir_vis_20260130-21-10-51.jpg,/Users/akbar/Downloads/paal_pipeline/data/20260130-21-08-37/pig12_depth_vis_20260130-21-10-51.jpg,0
20260130-21-08-37,14,20260130-21-11-08,/Users/akbar/Downloads/paal_pipeline/data/20260130-21-08-37/pig14_rgb_20260130-21-11-08.jpg,/Users/akbar/Downloads/paal_pipeline/data/20260130-21-08-37/pig14_rgb_aligned_20260130-21-11-08.jpg,/Users/akbar/Downloads/paal_pipeline/data/20260130-21-08-37/pig14_ir_vis_20260130-21-11-08.jpg,/Users/akbar/Downloads/paal_pipeline/data/20260130-21-08-37/pig14_depth_vis_20260130-21-11-08.jpg,0
20260130-21-08-37,15,20260130-21-11-18,/Users/akbar/Downloads/paal_pipeline/data/20260130-21-08-37/pig15_rgb_20260130-21-11-18.jpg,/Users/akbar/Downloads/paal_pipeline/data/20260130-21-08-37/pig15_rgb_aligned_20260130-21-11-18.jpg,/Users/akbar/Downloads/paal_pipeline/data/20260130-21-08-37/pig15_ir_vis_20260130-21-11-18.jpg,/Users/akbar/Downloads/paal_pipeline/data/20260130-21-08-37/pig15_depth_vis_20260130-21-11-18.jpg,0
20260130-21-08-37,16,20260130-21-11-26,/Users/akbar/Downloads/paal_pipeline/data/20260130-21-08-37/pig16_rgb_20260130-21-11-26.jpg,/Users/akbar/Downloads/paal_pipeline/data/20260130-21-08-37/pig16_rgb_aligned_20260130-21-11-26.jpg,/Users/akbar/Downloads/paal_pipeline/data/20260130-21-08-37/pig16_ir_vis_20260130-21-11-26.jpg,/Users/akbar/Downloads/paal_pipeline/data/20260130-21-08-37/pig16_depth_vis_20260130-21-11-26.jpg,0
20260130-21-08-37,18,20260130-21-11-44,/Users/akbar/Downloads/paal_pipeline/data/20260130-21-08-37/pig18_rgb_20260130-21-11-44.jpg,/Users/akbar/Downloads/paal_pipeline/data/20260130-21-08-37/pig18_rgb_aligned_20260130-21-11-44.jpg,/Users/akbar/Downloads/paal_pipeline/data/20260130-21-08-37/pig18_ir_vis_20260130-21-11-44.jpg,/Users/akbar/Downloads/paal_pipeline/data/20260130-21-08-37/pig18_depth_vis_20260130-21-11-44.jpg,0
20260130-23-59-10,0,20260130-23-59-37,/Users/akbar/Downloads/paal_pipeline/data/20260130-23-59-10/pig0_rgb_20260130-23-59-37.jpg,/Users/akbar/Downloads/paal_pipeline/data/20260130-23-59-10/pig0_rgb_aligned_20260130-23-59-37.jpg,/Users/akbar/Downloads/paal_pipeline/data/20260130-23-59-10/pig0_ir_vis_20260130-23-59-37.jpg,/Users/akbar/Downloads/paal_pipeline/data/20260130-23-59-10/pig0_depth_vis_20260130-23-59-37.jpg,0
20260130-23-59-10,2,20260130-23-59-55,/Users/akbar/Downloads/paal_pipeline/data/20260130-23-59-10/pig2_rgb_20260130-23-59-55.jpg,/Users/akbar/Downloads/paal_pipeline/data/20260130-23-59-10/pig2_rgb_aligned_20260130-23-59-55.jpg,/Users/akbar/Downloads/paal_pipeline/data/20260130-23-59-10/pig2_ir_vis_20260130-23-59-55.jpg,/Users/akbar/Downloads/paal_pipeline/data/20260130-23-59-10/pig2_depth_vis_20260130-23-59-55.jpg,0
20260130-23-59-10,3,20260131-00-00-04,/Users/akbar/Downloads/paal_pipeline/data/20260130-23-59-10/pig3_rgb_20260131-00-00-04.jpg,/Users/akbar/Downloads/paal_pipeline/data/20260130-23-59-10/pig3_rgb_aligned_20260131-00-00-04.jpg,/Users/akbar/Downloads/paal_pipeline/data/20260130-23-59-10/pig3_ir_vis_20260131-00-00-04.jpg,/Users/akbar/Downloads/paal_pipeline/data/20260130-23-59-10/pig3_depth_vis_20260131-00-00-04.jpg,0
20260130-23-59-10,4,20260131-00-00-12,/Users/akbar/Downloads/paal_pipeline/data/20260130-23-59-10/pig4_rgb_20260131-00-00-12.jpg,/Users/akbar/Downloads/paal_pipeline/data/20260130-23-59-10/pig4_rgb_aligned_20260131-00-00-12.jpg,/Users/akbar/Downloads/paal_pipeline/data/20260130-23-59-10/pig4_ir_vis_20260131-00-00-12.jpg,/Users/akbar/Downloads/paal_pipeline/data/20260130-23-59-10/pig4_depth_vis_20260131-00-00-12.jpg,0
20260130-23-59-10,5,20260131-00-00-21,/Users/akbar/Downloads/paal_pipeline/data/20260130-23-59-10/pig5_rgb_20260131-00-00-21.jpg,/Users/akbar/Downloads/paal_pipeline/data/20260130-23-59-10/pig5_rgb_aligned_20260131-00-00-21.jpg,/Users/akbar/Downloads/paal_pipeline/data/20260130-23-59-10/pig5_ir_vis_20260131-00-00-21.jpg,/Users/akbar/Downloads/paal_pipeline/data/20260130-23-59-10/pig5_depth_vis_20260131-00-00-21.jpg,0
20260130-23-59-10,6,20260131-00-00-30,/Users/akbar/Downloads/paal_pipeline/data/20260130-23-59-10/pig6_rgb_20260131-00-00-30.jpg,/Users/akbar/Downloads/paal_pipeline/data/20260130-23-59-10/pig6_rgb_aligned_20260131-00-00-30.jpg,/Users/akbar/Downloads/paal_pipeline/data/20260130-23-59-10/pig6_ir_vis_20260131-00-00-30.jpg,/Users/akbar/Downloads/paal_pipeline/data/20260130-23-59-10/pig6_depth_vis_20260131-00-00-30.jpg,0
20260130-23-59-10,7,20260131-00-00-39,/Users/akbar/Downloads/paal_pipeline/data/20260130-23-59-10/pig7_rgb_20260131-00-00-39.jpg,/Users/akbar/Downloads/paal_pipeline/data/20260130-23-59-10/pig7_rgb_aligned_20260131-00-00-39.jpg,/Users/akbar/Downloads/paal_pipeline/data/20260130-23-59-10/pig7_ir_vis_20260131-00-00-39.jpg,/Users/akbar/Downloads/paal_pipeline/data/20260130-23-59-10/pig7_depth_vis_20260131-00-00-39.jpg,0
20260130-23-59-10,8,20260131-00-00-48,/Users/akbar/Downloads/paal_pipeline/data/20260130-23-59-10/pig8_rgb_20260131-00-00-48.jpg,/Users/akbar/Downloads/paal_pipeline/data/20260130-23-59-10/pig8_rgb_aligned_20260131-00-00-48.jpg,/Users/akbar/Downloads/paal_pipeline/data/20260130-23-59-10/pig8_ir_vis_20260131-00-00-48.jpg,/Users/akbar/Downloads/paal_pipeline/data/20260130-23-59-10/pig8_depth_vis_20260131-00-00-48.jpg,0
20260130-23-59-10,9,20260131-00-00-57,/Users/akbar/Downloads/paal_pipeline/data/20260130-23-59-10/pig9_rgb_20260131-00-00-57.jpg,/Users/akbar/Downloads/paal_pipeline/data/20260130-23-59-10/pig9_rgb_aligned_20260131-00-00-57.jpg,/Users/akbar/Downloads/paal_pipeline/data/20260130-23-59-10/pig9_ir_vis_20260131-00-00-57.jpg,/Users/akbar/Downloads/paal_pipeline/data/20260130-23-59-10/pig9_depth_vis_20260131-00-00-57.jpg,0
20260130-23-59-10,10,20260131-00-01-06,/Users/akbar/Downloads/paal_pipeline/data/20260130-23-59-10/pig10_rgb_20260131-00-01-06.jpg,/Users/akbar/Downloads/paal_pipeline/data/20260130-23-59-10/pig10_rgb_aligned_20260131-00-01-06.jpg,/Users/akbar/Downloads/paal_pipeline/data/20260130-23-59-10/pig10_ir_vis_20260131-00-01-06.jpg,/Users/akbar/Downloads/paal_pipeline/data/20260130-23-59-10/pig10_depth_vis_20260131-00-01-06.jpg,0
20260130-23-59-10,11,20260131-00-01-15,/Users/akbar/Downloads/paal_pipeline/data/20260130-23-59-10/pig11_rgb_20260131-00-01-15.jpg,/Users/akbar/Downloads/paal_pipeline/data/20260130-23-59-10/pig11_rgb_aligned_20260131-00-01-15.jpg,/Users/akbar/Downloads/paal_pipeline/data/20260130-23-59-10/pig11_ir_vis_20260131-00-01-15.jpg,/Users/akbar/Downloads/paal_pipeline/data/20260130-23-59-10/pig11_depth_vis_20260131-00-01-15.jpg,0
20260130-23-59-10,12,20260131-00-01-24,/Users/akbar/Downloads/paal_pipeline/data/20260130-23-59-10/pig12_rgb_20260131-00-01-24.jpg,/Users/akbar/Downloads/paal_pipeline/data/20260130-23-59-10/pig12_rgb_aligned_20260131-00-01-24.jpg,/Users/akbar/Downloads/paal_pipeline/data/20260130-23-59-10/pig12_ir_vis_20260131-00-01-24.jpg,/Users/akbar/Downloads/paal_pipeline/data/20260130-23-59-10/pig12_depth_vis_20260131-00-01-24.jpg,0
20260130-23-59-10,15,20260131-00-01-51,/Users/akbar/Downloads/paal_pipeline/data/20260130-23-59-10/pig15_rgb_20260131-00-01-51.jpg,/Users/akbar/Downloads/paal_pipeline/data/20260130-23-59-10/pig15_rgb_aligned_20260131-00-01-51.jpg,/Users/akbar/Downloads/paal_pipeline/data/20260130-23-59-10/pig15_ir_vis_20260131-00-01-51.jpg,/Users/akbar/Downloads/paal_pipeline/data/20260130-23-59-10/pig15_depth_vis_20260131-00-01-51.jpg,0
20260130-23-59-10,16,20260131-00-01-59,/Users/akbar/Downloads/paal_pipeline/data/20260130-23-59-10/pig16_rgb_20260131-00-01-59.jpg,/Users/akbar/Downloads/paal_pipeline/data/20260130-23-59-10/pig16_rgb_aligned_20260131-00-01-59.jpg,/Users/akbar/Downloads/paal_pipeline/data/20260130-23-59-10/pig16_ir_vis_20260131-00-01-59.jpg,/Users/akbar/Downloads/paal_pipeline/data/20260130-23-59-10/pig16_depth_vis_20260131-00-01-59.jpg,0
20260130-23-59-10,18,20260131-00-02-17,/Users/akbar/Downloads/paal_pipeline/data/20260130-23-59-10/pig18_rgb_20260131-00-02-17.jpg,/Users/akbar/Downloads/paal_pipeline/data/20260130-23-59-10/pig18_rgb_aligned_20260131-00-02-17.jpg,/Users/akbar/Downloads/paal_pipeline/data/20260130-23-59-10/pig18_ir_vis_20260131-00-02-17.jpg,/Users/akbar/Downloads/paal_pipeline/data/20260130-23-59-10/pig18_depth_vis_20260131-00-02-17.jpg,0
20260131-00-20-29,0,20260131-00-20-56,/Users/akbar/Downloads/paal_pipeline/data/20260131-00-20-29/pig0_rgb_20260131-00-20-56.jpg,/Users/akbar/Downloads/paal_pipeline/data/20260131-00-20-29/pig0_rgb_aligned_20260131-00-20-56.jpg,/Users/akbar/Downloads/paal_pipeline/data/20260131-00-20-29/pig0_ir_vis_20260131-00-20-56.jpg,/Users/akbar/Downloads/paal_pipeline/data/20260131-00-20-29/pig0_depth_vis_20260131-00-20-56.jpg,0
20260131-00-20-29,2,20260131-00-21-14,/Users/akbar/Downloads/paal_pipeline/data/20260131-00-20-29/pig2_rgb_20260131-00-21-14.jpg,/Users/akbar/Downloads/paal_pipeline/data/20260131-00-20-29/pig2_rgb_aligned_20260131-00-21-14.jpg,/Users/akbar/Downloads/paal_pipeline/data/20260131-00-20-29/pig2_ir_vis_20260131-00-21-14.jpg,/Users/akbar/Downloads/paal_pipeline/data/20260131-00-20-29/pig2_depth_vis_20260131-00-21-14.jpg,0
20260131-00-20-29,3,20260131-00-21-23,/Users/akbar/Downloads/paal_pipeline/data/20260131-00-20-29/pig3_rgb_20260131-00-21-23.jpg,/Users/akbar/Downloads/paal_pipeline/data/20260131-00-20-29/pig3_rgb_aligned_20260131-00-21-23.jpg,/Users/akbar/Downloads/paal_pipeline/data/20260131-00-20-29/pig3_ir_vis_20260131-00-21-23.jpg,/Users/akbar/Downloads/paal_pipeline/data/20260131-00-20-29/pig3_depth_vis_20260131-00-21-23.jpg,0
20260131-00-20-29,4,20260131-00-21-32,/Users/akbar/Downloads/paal_pipeline/data/20260131-00-20-29/pig4_rgb_20260131-00-21-32.jpg,/Users/akbar/Downloads/paal_pipeline/data/20260131-00-20-29/pig4_rgb_aligned_20260131-00-21-32.jpg,/Users/akbar/Downloads/paal_pipeline/data/20260131-00-20-29/pig4_ir_vis_20260131-00-21-32.jpg,/Users/akbar/Downloads/paal_pipeline/data/20260131-00-20-29/pig4_depth_vis_20260131-00-21-32.jpg,0
20260131-00-20-29,5,20260131-00-21-40,/Users/akbar/Downloads/paal_pipeline/data/20260131-00-20-29/pig5_rgb_20260131-00-21-40.jpg,/Users/akbar/Downloads/paal_pipeline/data/20260131-00-20-29/pig5_rgb_aligned_20260131-00-21-40.jpg,/Users/akbar/Downloads/paal_pipeline/data/20260131-00-20-29/pig5_ir_vis_20260131-00-21-40.jpg,/Users/akbar/Downloads/paal_pipeline/data/20260131-00-20-29/pig5_depth_vis_20260131-00-21-40.jpg,0
20260131-00-20-29,6,20260131-00-21-49,/Users/akbar/Downloads/paal_pipeline/data/20260131-00-20-29/pig6_rgb_20260131-00-21-49.jpg,/Users/akbar/Downloads/paal_pipeline/data/20260131-00-20-29/pig6_rgb_aligned_20260131-00-21-49.jpg,/Users/akbar/Downloads/paal_pipeline/data/20260131-00-20-29/pig6_ir_vis_20260131-00-21-49.jpg,/Users/akbar/Downloads/paal_pipeline/data/20260131-00-20-29/pig6_depth_vis_20260131-00-21-49.jpg,0
20260131-00-20-29,7,20260131-00-21-58,/Users/akbar/Downloads/paal_pipeline/data/20260131-00-20-29/pig7_rgb_20260131-00-21-58.jpg,/Users/akbar/Downloads/paal_pipeline/data/20260131-00-20-29/pig7_rgb_aligned_20260131-00-21-58.jpg,/Users/akbar/Downloads/paal_pipeline/data/20260131-00-20-29/pig7_ir_vis_20260131-00-21-58.jpg,/Users/akbar/Downloads/paal_pipeline/data/20260131-00-20-29/pig7_depth_vis_20260131-00-21-58.jpg,0
20260131-00-20-29,8,20260131-00-22-07,/Users/akbar/Downloads/paal_pipeline/data/20260131-00-20-29/pig8_rgb_20260131-00-22-07.jpg,/Users/akbar/Downloads/paal_pipeline/data/20260131-00-20-29/pig8_rgb_aligned_20260131-00-22-07.jpg,/Users/akbar/Downloads/paal_pipeline/data/20260131-00-20-29/pig8_ir_vis_20260131-00-22-07.jpg,/Users/akbar/Downloads/paal_pipeline/data/20260131-00-20-29/pig8_depth_vis_20260131-00-22-07.jpg,0
20260131-00-20-29,9,20260131-00-22-16,/Users/akbar/Downloads/paal_pipeline/data/20260131-00-20-29/pig9_rgb_20260131-00-22-16.jpg,/Users/akbar/Downloads/paal_pipeline/data/20260131-00-20-29/pig9_rgb_aligned_20260131-00-22-16.jpg,/Users/akbar/Downloads/paal_pipeline/data/20260131-00-20-29/pig9_ir_vis_20260131-00-22-16.jpg,/Users/akbar/Downloads/paal_pipeline/data/20260131-00-20-29/pig9_depth_vis_20260131-00-22-16.jpg,0
20260131-00-20-29,10,20260131-00-22-25,/Users/akbar/Downloads/paal_pipeline/data/20260131-00-20-29/pig10_rgb_20260131-00-22-25.jpg,/Users/akbar/Downloads/paal_pipeline/data/20260131-00-20-29/pig10_rgb_aligned_20260131-00-22-25.jpg,/Users/akbar/Downloads/paal_pipeline/data/20260131-00-20-29/pig10_ir_vis_20260131-00-22-25.jpg,/Users/akbar/Downloads/paal_pipeline/data/20260131-00-20-29/pig10_depth_vis_20260131-00-22-25.jpg,0
20260131-00-20-29,11,20260131-00-22-34,/Users/akbar/Downloads/paal_pipeline/data/20260131-00-20-29/pig11_rgb_20260131-00-22-34.jpg,/Users/akbar/Downloads/paal_pipeline/data/20260131-00-20-29/pig11_rgb_aligned_20260131-00-22-34.jpg,/Users/akbar/Downloads/paal_pipeline/data/20260131-00-20-29/pig11_ir_vis_20260131-00-22-34.jpg,/Users/akbar/Downloads/paal_pipeline/data/20260131-00-20-29/pig11_depth_vis_20260131-00-22-34.jpg,0
20260131-00-20-29,12,20260131-00-22-43,/Users/akbar/Downloads/paal_pipeline/data/20260131-00-20-29/pig12_rgb_20260131-00-22-43.jpg,/Users/akbar/Downloads/paal_pipeline/data/20260131-00-20-29/pig12_rgb_aligned_20260131-00-22-43.jpg,/Users/akbar/Downloads/paal_pipeline/data/20260131-00-20-29/pig12_ir_vis_20260131-00-22-43.jpg,/Users/akbar/Downloads/paal_pipeline/data/20260131-00-20-29/pig12_depth_vis_20260131-00-22-43.jpg,0
20260131-00-20-29,14,20260131-00-23-01,/Users/akbar/Downloads/paal_pipeline/data/20260131-00-20-29/pig14_rgb_20260131-00-23-01.jpg,/Users/akbar/Downloads/paal_pipeline/data/20260131-00-20-29/pig14_rgb_aligned_20260131-00-23-01.jpg,/Users/akbar/Downloads/paal_pipeline/data/20260131-00-20-29/pig14_ir_vis_20260131-00-23-01.jpg,/Users/akbar/Downloads/paal_pipeline/data/20260131-00-20-29/pig14_depth_vis_20260131-00-23-01.jpg,0
20260131-00-20-29,15,20260131-00-23-10,/Users/akbar/Downloads/paal_pipeline/data/20260131-00-20-29/pig15_rgb_20260131-00-23-10.jpg,/Users/akbar/Downloads/paal_pipeline/data/20260131-00-20-29/pig15_rgb_aligned_20260131-00-23-10.jpg,/Users/akbar/Downloads/paal_pipeline/data/20260131-00-20-29/pig15_ir_vis_20260131-00-23-10.jpg,/Users/akbar/Downloads/paal_pipeline/data/20260131-00-20-29/pig15_depth_vis_20260131-00-23-10.jpg,0
20260131-00-20-29,16,20260131-00-23-19,/Users/akbar/Downloads/paal_pipeline/data/20260131-00-20-29/pig16_rgb_20260131-00-23-19.jpg,/Users/akbar/Downloads/paal_pipeline/data/20260131-00-20-29/pig16_rgb_aligned_20260131-00-23-19.jpg,/Users/akbar/Downloads/paal_pipeline/data/20260131-00-20-29/pig16_ir_vis_20260131-00-23-19.jpg,/Users/akbar/Downloads/paal_pipeline/data/20260131-00-20-29/pig16_depth_vis_20260131-00-23-19.jpg,0
20260131-00-20-29,18,20260131-00-23-36,/Users/akbar/Downloads/paal_pipeline/data/20260131-00-20-29/pig18_rgb_20260131-00-23-36.jpg,/Users/akbar/Downloads/paal_pipeline/data/20260131-00-20-29/pig18_rgb_aligned_20260131-00-23-36.jpg,/Users/akbar/Downloads/paal_pipeline/data/20260131-00-20-29/pig18_ir_vis_20260131-00-23-36.jpg,/Users/akbar/Downloads/paal_pipeline/data/20260131-00-20-29/pig18_depth_vis_20260131-00-23-36.jpg,0
20260131-03-11-03,0,20260131-03-11-29,/Users/akbar/Downloads/paal_pipeline/data/20260131-03-11-03/pig0_rgb_20260131-03-11-29.jpg,/Users/akbar/Downloads/paal_pipeline/data/20260131-03-11-03/pig0_rgb_aligned_20260131-03-11-29.jpg,/Users/akbar/Downloads/paal_pipeline/data/20260131-03-11-03/pig0_ir_vis_20260131-03-11-29.jpg,/Users/akbar/Downloads/paal_pipeline/data/20260131-03-11-03/pig0_depth_vis_20260131-03-11-29.jpg,0
20260131-03-11-03,2,20260131-03-11-47,/Users/akbar/Downloads/paal_pipeline/data/20260131-03-11-03/pig2_rgb_20260131-03-11-47.jpg,/Users/akbar/Downloads/paal_pipeline/data/20260131-03-11-03/pig2_rgb_aligned_20260131-03-11-47.jpg,/Users/akbar/Downloads/paal_pipeline/data/20260131-03-11-03/pig2_ir_vis_20260131-03-11-47.jpg,/Users/akbar/Downloads/paal_pipeline/data/20260131-03-11-03/pig2_depth_vis_20260131-03-11-47.jpg,0
20260131-03-11-03,3,20260131-03-11-56,/Users/akbar/Downloads/paal_pipeline/data/20260131-03-11-03/pig3_rgb_20260131-03-11-56.jpg,/Users/akbar/Downloads/paal_pipeline/data/20260131-03-11-03/pig3_rgb_aligned_20260131-03-11-56.jpg,/Users/akbar/Downloads/paal_pipeline/data/20260131-03-11-03/pig3_ir_vis_20260131-03-11-56.jpg,/Users/akbar/Downloads/paal_pipeline/data/20260131-03-11-03/pig3_depth_vis_20260131-03-11-56.jpg,0
20260131-03-11-03,4,20260131-03-12-05,/Users/akbar/Downloads/paal_pipeline/data/20260131-03-11-03/pig4_rgb_20260131-03-12-05.jpg,/Users/akbar/Downloads/paal_pipeline/data/20260131-03-11-03/pig4_rgb_aligned_20260131-03-12-05.jpg,/Users/akbar/Downloads/paal_pipeline/data/20260131-03-11-03/pig4_ir_vis_20260131-03-12-05.jpg,/Users/akbar/Downloads/paal_pipeline/data/20260131-03-11-03/pig4_depth_vis_20260131-03-12-05.jpg,0
20260131-03-11-03,5,20260131-03-12-14,/Users/akbar/Downloads/paal_pipeline/data/20260131-03-11-03/pig5_rgb_20260131-03-12-14.jpg,/Users/akbar/Downloads/paal_pipeline/data/20260131-03-11-03/pig5_rgb_aligned_20260131-03-12-14.jpg,/Users/akbar/Downloads/paal_pipeline/data/20260131-03-11-03/pig5_ir_vis_20260131-03-12-14.jpg,/Users/akbar/Downloads/paal_pipeline/data/20260131-03-11-03/pig5_depth_vis_20260131-03-12-14.jpg,0
20260131-03-11-03,6,20260131-03-12-23,/Users/akbar/Downloads/paal_pipeline/data/20260131-03-11-03/pig6_rgb_20260131-03-12-23.jpg,/Users/akbar/Downloads/paal_pipeline/data/20260131-03-11-03/pig6_rgb_aligned_20260131-03-12-23.jpg,/Users/akbar/Downloads/paal_pipeline/data/20260131-03-11-03/pig6_ir_vis_20260131-03-12-23.jpg,/Users/akbar/Downloads/paal_pipeline/data/20260131-03-11-03/pig6_depth_vis_20260131-03-12-23.jpg,0
20260131-03-11-03,7,20260131-03-12-32,/Users/akbar/Downloads/paal_pipeline/data/20260131-03-11-03/pig7_rgb_20260131-03-12-32.jpg,/Users/akbar/Downloads/paal_pipeline/data/20260131-03-11-03/pig7_rgb_aligned_20260131-03-12-32.jpg,/Users/akbar/Downloads/paal_pipeline/data/20260131-03-11-03/pig7_ir_vis_20260131-03-12-32.jpg,/Users/akbar/Downloads/paal_pipeline/data/20260131-03-11-03/pig7_depth_vis_20260131-03-12-32.jpg,0
20260131-03-11-03,8,20260131-03-12-41,/Users/akbar/Downloads/paal_pipeline/data/20260131-03-11-03/pig8_rgb_20260131-03-12-41.jpg,/Users/akbar/Downloads/paal_pipeline/data/20260131-03-11-03/pig8_rgb_aligned_20260131-03-12-41.jpg,/Users/akbar/Downloads/paal_pipeline/data/20260131-03-11-03/pig8_ir_vis_20260131-03-12-41.jpg,/Users/akbar/Downloads/paal_pipeline/data/20260131-03-11-03/pig8_depth_vis_20260131-03-12-41.jpg,0
20260131-03-11-03,9,20260131-03-12-49,/Users/akbar/Downloads/paal_pipeline/data/20260131-03-11-03/pig9_rgb_20260131-03-12-49.jpg,/Users/akbar/Downloads/paal_pipeline/data/20260131-03-11-03/pig9_rgb_aligned_20260131-03-12-49.jpg,/Users/akbar/Downloads/paal_pipeline/data/20260131-03-11-03/pig9_ir_vis_20260131-03-12-49.jpg,/Users/akbar/Downloads/paal_pipeline/data/20260131-03-11-03/pig9_depth_vis_20260131-03-12-49.jpg,0
20260131-03-11-03,10,20260131-03-12-58,/Users/akbar/Downloads/paal_pipeline/data/20260131-03-11-03/pig10_rgb_20260131-03-12-58.jpg,/Users/akbar/Downloads/paal_pipeline/data/20260131-03-11-03/pig10_rgb_aligned_20260131-03-12-58.jpg,/Users/akbar/Downloads/paal_pipeline/data/20260131-03-11-03/pig10_ir_vis_20260131-03-12-58.jpg,/Users/akbar/Downloads/paal_pipeline/data/20260131-03-11-03/pig10_depth_vis_20260131-03-12-58.jpg,0
20260131-03-11-03,11,20260131-03-13-07,/Users/akbar/Downloads/paal_pipeline/data/20260131-03-11-03/pig11_rgb_20260131-03-13-07.jpg,/Users/akbar/Downloads/paal_pipeline/data/20260131-03-11-03/pig11_rgb_aligned_20260131-03-13-07.jpg,/Users/akbar/Downloads/paal_pipeline/data/20260131-03-11-03/pig11_ir_vis_20260131-03-13-07.jpg,/Users/akbar/Downloads/paal_pipeline/data/20260131-03-11-03/pig11_depth_vis_20260131-03-13-07.jpg,0
20260131-03-11-03,12,20260131-03-13-16,/Users/akbar/Downloads/paal_pipeline/data/20260131-03-11-03/pig12_rgb_20260131-03-13-16.jpg,/Users/akbar/Downloads/paal_pipeline/data/20260131-03-11-03/pig12_rgb_aligned_20260131-03-13-16.jpg,/Users/akbar/Downloads/paal_pipeline/data/20260131-03-11-03/pig12_ir_vis_20260131-03-13-16.jpg,/Users/akbar/Downloads/paal_pipeline/data/20260131-03-11-03/pig12_depth_vis_20260131-03-13-16.jpg,0
20260131-03-11-03,14,20260131-03-13-34,/Users/akbar/Downloads/paal_pipeline/data/20260131-03-11-03/pig14_rgb_20260131-03-13-34.jpg,/Users/akbar/Downloads/paal_pipeline/data/20260131-03-11-03/pig14_rgb_aligned_20260131-03-13-34.jpg,/Users/akbar/Downloads/paal_pipeline/data/20260131-03-11-03/pig14_ir_vis_20260131-03-13-34.jpg,/Users/akbar/Downloads/paal_pipeline/data/20260131-03-11-03/pig14_depth_vis_20260131-03-13-34.jpg,0
20260131-03-11-03,15,20260131-03-13-43,/Users/akbar/Downloads/paal_pipeline/data/20260131-03-11-03/pig15_rgb_20260131-03-13-43.jpg,/Users/akbar/Downloads/paal_pipeline/data/20260131-03-11-03/pig15_rgb_aligned_20260131-03-13-43.jpg,/Users/akbar/Downloads/paal_pipeline/data/20260131-03-11-03/pig15_ir_vis_20260131-03-13-43.jpg,/Users/akbar/Downloads/paal_pipeline/data/20260131-03-11-03/pig15_depth_vis_20260131-03-13-43.jpg,0
20260131-03-11-03,16,20260131-03-13-52,/Users/akbar/Downloads/paal_pipeline/data/20260131-03-11-03/pig16_rgb_20260131-03-13-52.jpg,/Users/akbar/Downloads/paal_pipeline/data/20260131-03-11-03/pig16_rgb_aligned_20260131-03-13-52.jpg,/Users/akbar/Downloads/paal_pipeline/data/20260131-03-11-03/pig16_ir_vis_20260131-03-13-52.jpg,/Users/akbar/Downloads/paal_pipeline/data/20260131-03-11-03/pig16_depth_vis_20260131-03-13-52.jpg,0
20260131-03-11-03,18,20260131-03-14-09,/Users/akbar/Downloads/paal_pipeline/data/20260131-03-11-03/pig18_rgb_20260131-03-14-09.jpg,/Users/akbar/Downloads/paal_pipeline/data/20260131-03-11-03/pig18_rgb_aligned_20260131-03-14-09.jpg,/Users/akbar/Downloads/paal_pipeline/data/20260131-03-11-03/pig18_ir_vis_20260131-03-14-09.jpg,/Users/akbar/Downloads/paal_pipeline/data/20260131-03-11-03/pig18_depth_vis_20260131-03-14-09.jpg,0
20260131-06-44-14,0,20260131-06-44-41,/Users/akbar/Downloads/paal_pipeline/data/20260131-06-44-14/pig0_rgb_20260131-06-44-41.jpg,/Users/akbar/Downloads/paal_pipeline/data/20260131-06-44-14/pig0_rgb_aligned_20260131-06-44-41.jpg,/Users/akbar/Downloads/paal_pipeline/data/20260131-06-44-14/pig0_ir_vis_20260131-06-44-41.jpg,/Users/akbar/Downloads/paal_pipeline/data/20260131-06-44-14/pig0_depth_vis_20260131-06-44-41.jpg,1
20260131-06-44-14,2,20260131-06-44-58,/Users/akbar/Downloads/paal_pipeline/data/20260131-06-44-14/pig2_rgb_20260131-06-44-58.jpg,/Users/akbar/Downloads/paal_pipeline/data/20260131-06-44-14/pig2_rgb_aligned_20260131-06-44-58.jpg,/Users/akbar/Downloads/paal_pipeline/data/20260131-06-44-14/pig2_ir_vis_20260131-06-44-58.jpg,/Users/akbar/Downloads/paal_pipeline/data/20260131-06-44-14/pig2_depth_vis_20260131-06-44-58.jpg,1
20260131-06-44-14,3,20260131-06-45-07,/Users/akbar/Downloads/paal_pipeline/data/20260131-06-44-14/pig3_rgb_20260131-06-45-07.jpg,/Users/akbar/Downloads/paal_pipeline/data/20260131-06-44-14/pig3_rgb_aligned_20260131-06-45-07.jpg,/Users/akbar/Downloads/paal_pipeline/data/20260131-06-44-14/pig3_ir_vis_20260131-06-45-07.jpg,/Users/akbar/Downloads/paal_pipeline/data/20260131-06-44-14/pig3_depth_vis_20260131-06-45-07.jpg,1
20260131-06-44-14,5,20260131-06-45-25,/Users/akbar/Downloads/paal_pipeline/data/20260131-06-44-14/pig5_rgb_20260131-06-45-25.jpg,/Users/akbar/Downloads/paal_pipeline/data/20260131-06-44-14/pig5_rgb_aligned_20260131-06-45-25.jpg,/Users/akbar/Downloads/paal_pipeline/data/20260131-06-44-14/pig5_ir_vis_20260131-06-45-25.jpg,/Users/akbar/Downloads/paal_pipeline/data/20260131-06-44-14/pig5_depth_vis_20260131-06-45-25.jpg,1
20260131-06-44-14,6,20260131-06-45-34,/Users/akbar/Downloads/paal_pipeline/data/20260131-06-44-14/pig6_rgb_20260131-06-45-34.jpg,/Users/akbar/Downloads/paal_pipeline/data/20260131-06-44-14/pig6_rgb_aligned_20260131-06-45-34.jpg,/Users/akbar/Downloads/paal_pipeline/data/20260131-06-44-14/pig6_ir_vis_20260131-06-45-34.jpg,/Users/akbar/Downloads/paal_pipeline/data/20260131-06-44-14/pig6_depth_vis_20260131-06-45-34.jpg,1
20260131-06-44-14,7,20260131-06-45-43,/Users/akbar/Downloads/paal_pipeline/data/20260131-06-44-14/pig7_rgb_20260131-06-45-43.jpg,/Users/akbar/Downloads/paal_pipeline/data/20260131-06-44-14/pig7_rgb_aligned_20260131-06-45-43.jpg,/Users/akbar/Downloads/paal_pipeline/data/20260131-06-44-14/pig7_ir_vis_20260131-06-45-43.jpg,/Users/akbar/Downloads/paal_pipeline/data/20260131-06-44-14/pig7_depth_vis_20260131-06-45-43.jpg,1
20260131-06-44-14,8,20260131-06-45-52,/Users/akbar/Downloads/paal_pipeline/data/20260131-06-44-14/pig8_rgb_20260131-06-45-52.jpg,/Users/akbar/Downloads/paal_pipeline/data/20260131-06-44-14/pig8_rgb_aligned_20260131-06-45-52.jpg,/Users/akbar/Downloads/paal_pipeline/data/20260131-06-44-14/pig8_ir_vis_20260131-06-45-52.jpg,/Users/akbar/Downloads/paal_pipeline/data/20260131-06-44-14/pig8_depth_vis_20260131-06-45-52.jpg,1
20260131-06-44-14,9,20260131-06-46-01,/Users/akbar/Downloads/paal_pipeline/data/20260131-06-44-14/pig9_rgb_20260131-06-46-01.jpg,/Users/akbar/Downloads/paal_pipeline/data/20260131-06-44-14/pig9_rgb_aligned_20260131-06-46-01.jpg,/Users/akbar/Downloads/paal_pipeline/data/20260131-06-44-14/pig9_ir_vis_20260131-06-46-01.jpg,/Users/akbar/Downloads/paal_pipeline/data/20260131-06-44-14/pig9_depth_vis_20260131-06-46-01.jpg,0
20260131-06-44-14,10,20260131-06-46-10,/Users/akbar/Downloads/paal_pipeline/data/20260131-06-44-14/pig10_rgb_20260131-06-46-10.jpg,/Users/akbar/Downloads/paal_pipeline/data/20260131-06-44-14/pig10_rgb_aligned_20260131-06-46-10.jpg,/Users/akbar/Downloads/paal_pipeline/data/20260131-06-44-14/pig10_ir_vis_20260131-06-46-10.jpg,/Users/akbar/Downloads/paal_pipeline/data/20260131-06-44-14/pig10_depth_vis_20260131-06-46-10.jpg,0
20260131-06-44-14,11,20260131-06-46-19,/Users/akbar/Downloads/paal_pipeline/data/20260131-06-44-14/pig11_rgb_20260131-06-46-19.jpg,/Users/akbar/Downloads/paal_pipeline/data/20260131-06-44-14/pig11_rgb_aligned_20260131-06-46-19.jpg,/Users/akbar/Downloads/paal_pipeline/data/20260131-06-44-14/pig11_ir_vis_20260131-06-46-19.jpg,/Users/akbar/Downloads/paal_pipeline/data/20260131-06-44-14/pig11_depth_vis_20260131-06-46-19.jpg,1
20260131-06-44-14,12,20260131-06-46-27,/Users/akbar/Downloads/paal_pipeline/data/20260131-06-44-14/pig12_rgb_20260131-06-46-27.jpg,/Users/akbar/Downloads/paal_pipeline/data/20260131-06-44-14/pig12_rgb_aligned_20260131-06-46-27.jpg,/Users/akbar/Downloads/paal_pipeline/data/20260131-06-44-14/pig12_ir_vis_20260131-06-46-27.jpg,/Users/akbar/Downloads/paal_pipeline/data/20260131-06-44-14/pig12_depth_vis_20260131-06-46-27.jpg,1
20260131-06-44-14,14,20260131-06-46-45,/Users/akbar/Downloads/paal_pipeline/data/20260131-06-44-14/pig14_rgb_20260131-06-46-45.jpg,/Users/akbar/Downloads/paal_pipeline/data/20260131-06-44-14/pig14_rgb_aligned_20260131-06-46-45.jpg,/Users/akbar/Downloads/paal_pipeline/data/20260131-06-44-14/pig14_ir_vis_20260131-06-46-45.jpg,/Users/akbar/Downloads/paal_pipeline/data/20260131-06-44-14/pig14_depth_vis_20260131-06-46-45.jpg,1
20260131-06-44-14,15,20260131-06-46-54,/Users/akbar/Downloads/paal_pipeline/data/20260131-06-44-14/pig15_rgb_20260131-06-46-54.jpg,/Users/akbar/Downloads/paal_pipeline/data/20260131-06-44-14/pig15_rgb_aligned_20260131-06-46-54.jpg,/Users/akbar/Downloads/paal_pipeline/data/20260131-06-44-14/pig15_ir_vis_20260131-06-46-54.jpg,/Users/akbar/Downloads/paal_pipeline/data/20260131-06-44-14/pig15_depth_vis_20260131-06-46-54.jpg,0
20260131-06-44-14,16,20260131-06-47-03,/Users/akbar/Downloads/paal_pipeline/data/20260131-06-44-14/pig16_rgb_20260131-06-47-03.jpg,/Users/akbar/Downloads/paal_pipeline/data/20260131-06-44-14/pig16_rgb_aligned_20260131-06-47-03.jpg,/Users/akbar/Downloads/paal_pipeline/data/20260131-06-44-14/pig16_ir_vis_20260131-06-47-03.jpg,/Users/akbar/Downloads/paal_pipeline/data/20260131-06-44-14/pig16_depth_vis_20260131-06-47-03.jpg,1
20260131-06-44-14,18,20260131-06-47-20,/Users/akbar/Downloads/paal_pipeline/data/20260131-06-44-14/pig18_rgb_20260131-06-47-20.jpg,/Users/akbar/Downloads/paal_pipeline/data/20260131-06-44-14/pig18_rgb_aligned_20260131-06-47-20.jpg,/Users/akbar/Downloads/paal_pipeline/data/20260131-06-44-14/pig18_ir_vis_20260131-06-47-20.jpg,/Users/akbar/Downloads/paal_pipeline/data/20260131-06-44-14/pig18_depth_vis_20260131-06-47-20.jpg,0
20260131-09-02-48,0,20260131-09-03-15,/Users/akbar/Downloads/paal_pipeline/data/20260131-09-02-48/pig0_rgb_20260131-09-03-15.jpg,/Users/akbar/Downloads/paal_pipeline/data/20260131-09-02-48/pig0_rgb_aligned_20260131-09-03-15.jpg,/Users/akbar/Downloads/paal_pipeline/data/20260131-09-02-48/pig0_ir_vis_20260131-09-03-15.jpg,/Users/akbar/Downloads/paal_pipeline/data/20260131-09-02-48/pig0_depth_vis_20260131-09-03-15.jpg,1
20260131-09-02-48,2,20260131-09-03-33,/Users/akbar/Downloads/paal_pipeline/data/20260131-09-02-48/pig2_rgb_20260131-09-03-33.jpg,/Users/akbar/Downloads/paal_pipeline/data/20260131-09-02-48/pig2_rgb_aligned_20260131-09-03-33.jpg,/Users/akbar/Downloads/paal_pipeline/data/20260131-09-02-48/pig2_ir_vis_20260131-09-03-33.jpg,/Users/akbar/Downloads/paal_pipeline/data/20260131-09-02-48/pig2_depth_vis_20260131-09-03-33.jpg,1
20260131-09-02-48,3,20260131-09-03-42,/Users/akbar/Downloads/paal_pipeline/data/20260131-09-02-48/pig3_rgb_20260131-09-03-42.jpg,/Users/akbar/Downloads/paal_pipeline/data/20260131-09-02-48/pig3_rgb_aligned_20260131-09-03-42.jpg,/Users/akbar/Downloads/paal_pipeline/data/20260131-09-02-48/pig3_ir_vis_20260131-09-03-42.jpg,/Users/akbar/Downloads/paal_pipeline/data/20260131-09-02-48/pig3_depth_vis_20260131-09-03-42.jpg,1
20260131-09-02-48,4,20260131-09-03-50,/Users/akbar/Downloads/paal_pipeline/data/20260131-09-02-48/pig4_rgb_20260131-09-03-50.jpg,/Users/akbar/Downloads/paal_pipeline/data/20260131-09-02-48/pig4_rgb_aligned_20260131-09-03-50.jpg,/Users/akbar/Downloads/paal_pipeline/data/20260131-09-02-48/pig4_ir_vis_20260131-09-03-50.jpg,/Users/akbar/Downloads/paal_pipeline/data/20260131-09-02-48/pig4_depth_vis_20260131-09-03-50.jpg,1
20260131-09-02-48,5,20260131-09-03-59,/Users/akbar/Downloads/paal_pipeline/data/20260131-09-02-48/pig5_rgb_20260131-09-03-59.jpg,/Users/akbar/Downloads/paal_pipeline/data/20260131-09-02-48/pig5_rgb_aligned_20260131-09-03-59.jpg,/Users/akbar/Downloads/paal_pipeline/data/20260131-09-02-48/pig5_ir_vis_20260131-09-03-59.jpg,/Users/akbar/Downloads/paal_pipeline/data/20260131-09-02-48/pig5_depth_vis_20260131-09-03-59.jpg,1
20260131-09-02-48,6,20260131-09-04-08,/Users/akbar/Downloads/paal_pipeline/data/20260131-09-02-48/pig6_rgb_20260131-09-04-08.jpg,/Users/akbar/Downloads/paal_pipeline/data/20260131-09-02-48/pig6_rgb_aligned_20260131-09-04-08.jpg,/Users/akbar/Downloads/paal_pipeline/data/20260131-09-02-48/pig6_ir_vis_20260131-09-04-08.jpg,/Users/akbar/Downloads/paal_pipeline/data/20260131-09-02-48/pig6_depth_vis_20260131-09-04-08.jpg,1
20260131-09-02-48,7,20260131-09-04-17,/Users/akbar/Downloads/paal_pipeline/data/20260131-09-02-48/pig7_rgb_20260131-09-04-17.jpg,/Users/akbar/Downloads/paal_pipeline/data/20260131-09-02-48/pig7_rgb_aligned_20260131-09-04-17.jpg,/Users/akbar/Downloads/paal_pipeline/data/20260131-09-02-48/pig7_ir_vis_20260131-09-04-17.jpg,/Users/akbar/Downloads/paal_pipeline/data/20260131-09-02-48/pig7_depth_vis_20260131-09-04-17.jpg,1
20260131-09-02-48,8,20260131-09-04-26,/Users/akbar/Downloads/paal_pipeline/data/20260131-09-02-48/pig8_rgb_20260131-09-04-26.jpg,/Users/akbar/Downloads/paal_pipeline/data/20260131-09-02-48/pig8_rgb_aligned_20260131-09-04-26.jpg,/Users/akbar/Downloads/paal_pipeline/data/20260131-09-02-48/pig8_ir_vis_20260131-09-04-26.jpg,/Users/akbar/Downloads/paal_pipeline/data/20260131-09-02-48/pig8_depth_vis_20260131-09-04-26.jpg,1
20260131-09-02-48,9,20260131-09-04-35,/Users/akbar/Downloads/paal_pipeline/data/20260131-09-02-48/pig9_rgb_20260131-09-04-35.jpg,/Users/akbar/Downloads/paal_pipeline/data/20260131-09-02-48/pig9_rgb_aligned_20260131-09-04-35.jpg,/Users/akbar/Downloads/paal_pipeline/data/20260131-09-02-48/pig9_ir_vis_20260131-09-04-35.jpg,/Users/akbar/Downloads/paal_pipeline/data/20260131-09-02-48/pig9_depth_vis_20260131-09-04-35.jpg,0
20260131-09-02-48,10,20260131-09-04-44,/Users/akbar/Downloads/paal_pipeline/data/20260131-09-02-48/pig10_rgb_20260131-09-04-44.jpg,/Users/akbar/Downloads/paal_pipeline/data/20260131-09-02-48/pig10_rgb_aligned_20260131-09-04-44.jpg,/Users/akbar/Downloads/paal_pipeline/data/20260131-09-02-48/pig10_ir_vis_20260131-09-04-44.jpg,/Users/akbar/Downloads/paal_pipeline/data/20260131-09-02-48/pig10_depth_vis_20260131-09-04-44.jpg,1
20260131-09-02-48,11,20260131-09-04-53,/Users/akbar/Downloads/paal_pipeline/data/20260131-09-02-48/pig11_rgb_20260131-09-04-53.jpg,/Users/akbar/Downloads/paal_pipeline/data/20260131-09-02-48/pig11_rgb_aligned_20260131-09-04-53.jpg,/Users/akbar/Downloads/paal_pipeline/data/20260131-09-02-48/pig11_ir_vis_20260131-09-04-53.jpg,/Users/akbar/Downloads/paal_pipeline/data/20260131-09-02-48/pig11_depth_vis_20260131-09-04-53.jpg,1
20260131-09-02-48,12,20260131-09-05-02,/Users/akbar/Downloads/paal_pipeline/data/20260131-09-02-48/pig12_rgb_20260131-09-05-02.jpg,/Users/akbar/Downloads/paal_pipeline/data/20260131-09-02-48/pig12_rgb_aligned_20260131-09-05-02.jpg,/Users/akbar/Downloads/paal_pipeline/data/20260131-09-02-48/pig12_ir_vis_20260131-09-05-02.jpg,/Users/akbar/Downloads/paal_pipeline/data/20260131-09-02-48/pig12_depth_vis_20260131-09-05-02.jpg,1
20260131-09-02-48,14,20260131-09-05-19,/Users/akbar/Downloads/paal_pipeline/data/20260131-09-02-48/pig14_rgb_20260131-09-05-19.jpg,/Users/akbar/Downloads/paal_pipeline/data/20260131-09-02-48/pig14_rgb_aligned_20260131-09-05-19.jpg,/Users/akbar/Downloads/paal_pipeline/data/20260131-09-02-48/pig14_ir_vis_20260131-09-05-19.jpg,/Users/akbar/Downloads/paal_pipeline/data/20260131-09-02-48/pig14_depth_vis_20260131-09-05-19.jpg,1
20260131-09-02-48,15,20260131-09-05-29,/Users/akbar/Downloads/paal_pipeline/data/20260131-09-02-48/pig15_rgb_20260131-09-05-29.jpg,/Users/akbar/Downloads/paal_pipeline/data/20260131-09-02-48/pig15_rgb_aligned_20260131-09-05-29.jpg,/Users/akbar/Downloads/paal_pipeline/data/20260131-09-02-48/pig15_ir_vis_20260131-09-05-29.jpg,/Users/akbar/Downloads/paal_pipeline/data/20260131-09-02-48/pig15_depth_vis_20260131-09-05-29.jpg,1
20260131-09-02-48,16,20260131-09-05-37,/Users/akbar/Downloads/paal_pipeline/data/20260131-09-02-48/pig16_rgb_20260131-09-05-37.jpg,/Users/akbar/Downloads/paal_pipeline/data/20260131-09-02-48/pig16_rgb_aligned_20260131-09-05-37.jpg,/Users/akbar/Downloads/paal_pipeline/data/20260131-09-02-48/pig16_ir_vis_20260131-09-05-37.jpg,/Users/akbar/Downloads/paal_pipeline/data/20260131-09-02-48/pig16_depth_vis_20260131-09-05-37.jpg,1
20260131-09-02-48,17,20260131-09-05-46,/Users/akbar/Downloads/paal_pipeline/data/20260131-09-02-48/pig17_rgb_20260131-09-05-46.jpg,/Users/akbar/Downloads/paal_pipeline/data/20260131-09-02-48/pig17_rgb_aligned_20260131-09-05-46.jpg,/Users/akbar/Downloads/paal_pipeline/data/20260131-09-02-48/pig17_ir_vis_20260131-09-05-46.jpg,/Users/akbar/Downloads/paal_pipeline/data/20260131-09-02-48/pig17_depth_vis_20260131-09-05-46.jpg,1
20260131-09-02-48,18,20260131-09-05-55,/Users/akbar/Downloads/paal_pipeline/data/20260131-09-02-48/pig18_rgb_20260131-09-05-55.jpg,/Users/akbar/Downloads/paal_pipeline/data/20260131-09-02-48/pig18_rgb_aligned_20260131-09-05-55.jpg,/Users/akbar/Downloads/paal_pipeline/data/20260131-09-02-48/pig18_ir_vis_20260131-09-05-55.jpg,/Users/akbar/Downloads/paal_pipeline/data/20260131-09-02-48/pig18_depth_vis_20260131-09-05-55.jpg,1
20260131-12-14-40,0,20260131-12-15-07,/Users/akbar/Downloads/paal_pipeline/data/20260131-12-14-40/pig0_rgb_20260131-12-15-07.jpg,/Users/akbar/Downloads/paal_pipeline/data/20260131-12-14-40/pig0_rgb_aligned_20260131-12-15-07.jpg,/Users/akbar/Downloads/paal_pipeline/data/20260131-12-14-40/pig0_ir_vis_20260131-12-15-07.jpg,/Users/akbar/Downloads/paal_pipeline/data/20260131-12-14-40/pig0_depth_vis_20260131-12-15-07.jpg,1
20260131-12-14-40,2,20260131-12-15-25,/Users/akbar/Downloads/paal_pipeline/data/20260131-12-14-40/pig2_rgb_20260131-12-15-25.jpg,/Users/akbar/Downloads/paal_pipeline/data/20260131-12-14-40/pig2_rgb_aligned_20260131-12-15-25.jpg,/Users/akbar/Downloads/paal_pipeline/data/20260131-12-14-40/pig2_ir_vis_20260131-12-15-25.jpg,/Users/akbar/Downloads/paal_pipeline/data/20260131-12-14-40/pig2_depth_vis_20260131-12-15-25.jpg,1
20260131-12-14-40,3,20260131-12-15-33,/Users/akbar/Downloads/paal_pipeline/data/20260131-12-14-40/pig3_rgb_20260131-12-15-33.jpg,/Users/akbar/Downloads/paal_pipeline/data/20260131-12-14-40/pig3_rgb_aligned_20260131-12-15-33.jpg,/Users/akbar/Downloads/paal_pipeline/data/20260131-12-14-40/pig3_ir_vis_20260131-12-15-33.jpg,/Users/akbar/Downloads/paal_pipeline/data/20260131-12-14-40/pig3_depth_vis_20260131-12-15-33.jpg,1
20260131-12-14-40,5,20260131-12-15-51,/Users/akbar/Downloads/paal_pipeline/data/20260131-12-14-40/pig5_rgb_20260131-12-15-51.jpg,/Users/akbar/Downloads/paal_pipeline/data/20260131-12-14-40/pig5_rgb_aligned_20260131-12-15-51.jpg,/Users/akbar/Downloads/paal_pipeline/data/20260131-12-14-40/pig5_ir_vis_20260131-12-15-51.jpg,/Users/akbar/Downloads/paal_pipeline/data/20260131-12-14-40/pig5_depth_vis_20260131-12-15-51.jpg,1
20260131-12-14-40,6,20260131-12-16-00,/Users/akbar/Downloads/paal_pipeline/data/20260131-12-14-40/pig6_rgb_20260131-12-16-00.jpg,/Users/akbar/Downloads/paal_pipeline/data/20260131-12-14-40/pig6_rgb_aligned_20260131-12-16-00.jpg,/Users/akbar/Downloads/paal_pipeline/data/20260131-12-14-40/pig6_ir_vis_20260131-12-16-00.jpg,/Users/akbar/Downloads/paal_pipeline/data/20260131-12-14-40/pig6_depth_vis_20260131-12-16-00.jpg,1
20260131-12-14-40,7,20260131-12-16-09,/Users/akbar/Downloads/paal_pipeline/data/20260131-12-14-40/pig7_rgb_20260131-12-16-09.jpg,/Users/akbar/Downloads/paal_pipeline/data/20260131-12-14-40/pig7_rgb_aligned_20260131-12-16-09.jpg,/Users/akbar/Downloads/paal_pipeline/data/20260131-12-14-40/pig7_ir_vis_20260131-12-16-09.jpg,/Users/akbar/Downloads/paal_pipeline/data/20260131-12-14-40/pig7_depth_vis_20260131-12-16-09.jpg,1
20260131-12-14-40,8,20260131-12-16-18,/Users/akbar/Downloads/paal_pipeline/data/20260131-12-14-40/pig8_rgb_20260131-12-16-18.jpg,/Users/akbar/Downloads/paal_pipeline/data/20260131-12-14-40/pig8_rgb_aligned_20260131-12-16-18.jpg,/Users/akbar/Downloads/paal_pipeline/data/20260131-12-14-40/pig8_ir_vis_20260131-12-16-18.jpg,/Users/akbar/Downloads/paal_pipeline/data/20260131-12-14-40/pig8_depth_vis_20260131-12-16-18.jpg,1
20260131-12-14-40,9,20260131-12-16-27,/Users/akbar/Downloads/paal_pipeline/data/20260131-12-14-40/pig9_rgb_20260131-12-16-27.jpg,/Users/akbar/Downloads/paal_pipeline/data/20260131-12-14-40/pig9_rgb_aligned_20260131-12-16-27.jpg,/Users/akbar/Downloads/paal_pipeline/data/20260131-12-14-40/pig9_ir_vis_20260131-12-16-27.jpg,/Users/akbar/Downloads/paal_pipeline/data/20260131-12-14-40/pig9_depth_vis_20260131-12-16-27.jpg,0
20260131-12-14-40,10,20260131-12-16-36,/Users/akbar/Downloads/paal_pipeline/data/20260131-12-14-40/pig10_rgb_20260131-12-16-36.jpg,/Users/akbar/Downloads/paal_pipeline/data/20260131-12-14-40/pig10_rgb_aligned_20260131-12-16-36.jpg,/Users/akbar/Downloads/paal_pipeline/data/20260131-12-14-40/pig10_ir_vis_20260131-12-16-36.jpg,/Users/akbar/Downloads/paal_pipeline/data/20260131-12-14-40/pig10_depth_vis_20260131-12-16-36.jpg,1
20260131-12-14-40,11,20260131-12-16-45,/Users/akbar/Downloads/paal_pipeline/data/20260131-12-14-40/pig11_rgb_20260131-12-16-45.jpg,/Users/akbar/Downloads/paal_pipeline/data/20260131-12-14-40/pig11_rgb_aligned_20260131-12-16-45.jpg,/Users/akbar/Downloads/paal_pipeline/data/20260131-12-14-40/pig11_ir_vis_20260131-12-16-45.jpg,/Users/akbar/Downloads/paal_pipeline/data/20260131-12-14-40/pig11_depth_vis_20260131-12-16-45.jpg,1
20260131-12-14-40,12,20260131-12-16-54,/Users/akbar/Downloads/paal_pipeline/data/20260131-12-14-40/pig12_rgb_20260131-12-16-54.jpg,/Users/akbar/Downloads/paal_pipeline/data/20260131-12-14-40/pig12_rgb_aligned_20260131-12-16-54.jpg,/Users/akbar/Downloads/paal_pipeline/data/20260131-12-14-40/pig12_ir_vis_20260131-12-16-54.jpg,/Users/akbar/Downloads/paal_pipeline/data/20260131-12-14-40/pig12_depth_vis_20260131-12-16-54.jpg,1
20260131-12-14-40,14,20260131-12-17-11,/Users/akbar/Downloads/paal_pipeline/data/20260131-12-14-40/pig14_rgb_20260131-12-17-11.jpg,/Users/akbar/Downloads/paal_pipeline/data/20260131-12-14-40/pig14_rgb_aligned_20260131-12-17-11.jpg,/Users/akbar/Downloads/paal_pipeline/data/20260131-12-14-40/pig14_ir_vis_20260131-12-17-11.jpg,/Users/akbar/Downloads/paal_pipeline/data/20260131-12-14-40/pig14_depth_vis_20260131-12-17-11.jpg,1
20260131-12-14-40,15,20260131-12-17-21,/Users/akbar/Downloads/paal_pipeline/data/20260131-12-14-40/pig15_rgb_20260131-12-17-21.jpg,/Users/akbar/Downloads/paal_pipeline/data/20260131-12-14-40/pig15_rgb_aligned_20260131-12-17-21.jpg,/Users/akbar/Downloads/paal_pipeline/data/20260131-12-14-40/pig15_ir_vis_20260131-12-17-21.jpg,/Users/akbar/Downloads/paal_pipeline/data/20260131-12-14-40/pig15_depth_vis_20260131-12-17-21.jpg,1
20260131-12-14-40,16,20260131-12-17-29,/Users/akbar/Downloads/paal_pipeline/data/20260131-12-14-40/pig16_rgb_20260131-12-17-29.jpg,/Users/akbar/Downloads/paal_pipeline/data/20260131-12-14-40/pig16_rgb_aligned_20260131-12-17-29.jpg,/Users/akbar/Downloads/paal_pipeline/data/20260131-12-14-40/pig16_ir_vis_20260131-12-17-29.jpg,/Users/akbar/Downloads/paal_pipeline/data/20260131-12-14-40/pig16_depth_vis_20260131-12-17-29.jpg,1
20260131-12-14-40,18,20260131-12-17-47,/Users/akbar/Downloads/paal_pipeline/data/20260131-12-14-40/pig18_rgb_20260131-12-17-47.jpg,/Users/akbar/Downloads/paal_pipeline/data/20260131-12-14-40/pig18_rgb_aligned_20260131-12-17-47.jpg,/Users/akbar/Downloads/paal_pipeline/data/20260131-12-14-40/pig18_ir_vis_20260131-12-17-47.jpg,/Users/akbar/Downloads/paal_pipeline/data/20260131-12-14-40/pig18_depth_vis_20260131-12-17-47.jpg,1
20260131-15-15-55,0,20260131-15-16-22,/Users/akbar/Downloads/paal_pipeline/data/20260131-15-15-55/pig0_rgb_20260131-15-16-22.jpg,/Users/akbar/Downloads/paal_pipeline/data/20260131-15-15-55/pig0_rgb_aligned_20260131-15-16-22.jpg,/Users/akbar/Downloads/paal_pipeline/data/20260131-15-15-55/pig0_ir_vis_20260131-15-16-22.jpg,/Users/akbar/Downloads/paal_pipeline/data/20260131-15-15-55/pig0_depth_vis_20260131-15-16-22.jpg,1
20260131-15-15-55,2,20260131-15-16-39,/Users/akbar/Downloads/paal_pipeline/data/20260131-15-15-55/pig2_rgb_20260131-15-16-39.jpg,/Users/akbar/Downloads/paal_pipeline/data/20260131-15-15-55/pig2_rgb_aligned_20260131-15-16-39.jpg,/Users/akbar/Downloads/paal_pipeline/data/20260131-15-15-55/pig2_ir_vis_20260131-15-16-39.jpg,/Users/akbar/Downloads/paal_pipeline/data/20260131-15-15-55/pig2_depth_vis_20260131-15-16-39.jpg,1
20260131-15-15-55,3,20260131-15-16-48,/Users/akbar/Downloads/paal_pipeline/data/20260131-15-15-55/pig3_rgb_20260131-15-16-48.jpg,/Users/akbar/Downloads/paal_pipeline/data/20260131-15-15-55/pig3_rgb_aligned_20260131-15-16-48.jpg,/Users/akbar/Downloads/paal_pipeline/data/20260131-15-15-55/pig3_ir_vis_20260131-15-16-48.jpg,/Users/akbar/Downloads/paal_pipeline/data/20260131-15-15-55/pig3_depth_vis_20260131-15-16-48.jpg,1
20260131-15-15-55,4,20260131-15-16-57,/Users/akbar/Downloads/paal_pipeline/data/20260131-15-15-55/pig4_rgb_20260131-15-16-57.jpg,/Users/akbar/Downloads/paal_pipeline/data/20260131-15-15-55/pig4_rgb_aligned_20260131-15-16-57.jpg,/Users/akbar/Downloads/paal_pipeline/data/20260131-15-15-55/pig4_ir_vis_20260131-15-16-57.jpg,/Users/akbar/Downloads/paal_pipeline/data/20260131-15-15-55/pig4_depth_vis_20260131-15-16-57.jpg,1
20260131-15-15-55,5,20260131-15-17-06,/Users/akbar/Downloads/paal_pipeline/data/20260131-15-15-55/pig5_rgb_20260131-15-17-06.jpg,/Users/akbar/Downloads/paal_pipeline/data/20260131-15-15-55/pig5_rgb_aligned_20260131-15-17-06.jpg,/Users/akbar/Downloads/paal_pipeline/data/20260131-15-15-55/pig5_ir_vis_20260131-15-17-06.jpg,/Users/akbar/Downloads/paal_pipeline/data/20260131-15-15-55/pig5_depth_vis_20260131-15-17-06.jpg,1
20260131-15-15-55,6,20260131-15-17-15,/Users/akbar/Downloads/paal_pipeline/data/20260131-15-15-55/pig6_rgb_20260131-15-17-15.jpg,/Users/akbar/Downloads/paal_pipeline/data/20260131-15-15-55/pig6_rgb_aligned_20260131-15-17-15.jpg,/Users/akbar/Downloads/paal_pipeline/data/20260131-15-15-55/pig6_ir_vis_20260131-15-17-15.jpg,/Users/akbar/Downloads/paal_pipeline/data/20260131-15-15-55/pig6_depth_vis_20260131-15-17-15.jpg,1
20260131-15-15-55,7,20260131-15-17-24,/Users/akbar/Downloads/paal_pipeline/data/20260131-15-15-55/pig7_rgb_20260131-15-17-24.jpg,/Users/akbar/Downloads/paal_pipeline/data/20260131-15-15-55/pig7_rgb_aligned_20260131-15-17-24.jpg,/Users/akbar/Downloads/paal_pipeline/data/20260131-15-15-55/pig7_ir_vis_20260131-15-17-24.jpg,/Users/akbar/Downloads/paal_pipeline/data/20260131-15-15-55/pig7_depth_vis_20260131-15-17-24.jpg,1
20260131-15-15-55,8,20260131-15-17-33,/Users/akbar/Downloads/paal_pipeline/data/20260131-15-15-55/pig8_rgb_20260131-15-17-33.jpg,/Users/akbar/Downloads/paal_pipeline/data/20260131-15-15-55/pig8_rgb_aligned_20260131-15-17-33.jpg,/Users/akbar/Downloads/paal_pipeline/data/20260131-15-15-55/pig8_ir_vis_20260131-15-17-33.jpg,/Users/akbar/Downloads/paal_pipeline/data/20260131-15-15-55/pig8_depth_vis_20260131-15-17-33.jpg,1
20260131-15-15-55,9,20260131-15-17-42,/Users/akbar/Downloads/paal_pipeline/data/20260131-15-15-55/pig9_rgb_20260131-15-17-42.jpg,/Users/akbar/Downloads/paal_pipeline/data/20260131-15-15-55/pig9_rgb_aligned_20260131-15-17-42.jpg,/Users/akbar/Downloads/paal_pipeline/data/20260131-15-15-55/pig9_ir_vis_20260131-15-17-42.jpg,/Users/akbar/Downloads/paal_pipeline/data/20260131-15-15-55/pig9_depth_vis_20260131-15-17-42.jpg,0
20260131-15-15-55,10,20260131-15-17-51,/Users/akbar/Downloads/paal_pipeline/data/20260131-15-15-55/pig10_rgb_20260131-15-17-51.jpg,/Users/akbar/Downloads/paal_pipeline/data/20260131-15-15-55/pig10_rgb_aligned_20260131-15-17-51.jpg,/Users/akbar/Downloads/paal_pipeline/data/20260131-15-15-55/pig10_ir_vis_20260131-15-17-51.jpg,/Users/akbar/Downloads/paal_pipeline/data/20260131-15-15-55/pig10_depth_vis_20260131-15-17-51.jpg,1
20260131-15-15-55,11,20260131-15-18-00,/Users/akbar/Downloads/paal_pipeline/data/20260131-15-15-55/pig11_rgb_20260131-15-18-00.jpg,/Users/akbar/Downloads/paal_pipeline/data/20260131-15-15-55/pig11_rgb_aligned_20260131-15-18-00.jpg,/Users/akbar/Downloads/paal_pipeline/data/20260131-15-15-55/pig11_ir_vis_20260131-15-18-00.jpg,/Users/akbar/Downloads/paal_pipeline/data/20260131-15-15-55/pig11_depth_vis_20260131-15-18-00.jpg,1
20260131-15-15-55,12,20260131-15-18-09,/Users/akbar/Downloads/paal_pipeline/data/20260131-15-15-55/pig12_rgb_20260131-15-18-09.jpg,/Users/akbar/Downloads/paal_pipeline/data/20260131-15-15-55/pig12_rgb_aligned_20260131-15-18-09.jpg,/Users/akbar/Downloads/paal_pipeline/data/20260131-15-15-55/pig12_ir_vis_20260131-15-18-09.jpg,/Users/akbar/Downloads/paal_pipeline/data/20260131-15-15-55/pig12_depth_vis_20260131-15-18-09.jpg,1
20260131-15-15-55,14,20260131-15-18-26,/Users/akbar/Downloads/paal_pipeline/data/20260131-15-15-55/pig14_rgb_20260131-15-18-26.jpg,/Users/akbar/Downloads/paal_pipeline/data/20260131-15-15-55/pig14_rgb_aligned_20260131-15-18-26.jpg,/Users/akbar/Downloads/paal_pipeline/data/20260131-15-15-55/pig14_ir_vis_20260131-15-18-26.jpg,/Users/akbar/Downloads/paal_pipeline/data/20260131-15-15-55/pig14_depth_vis_20260131-15-18-26.jpg,1
20260131-15-15-55,15,20260131-15-18-36,/Users/akbar/Downloads/paal_pipeline/data/20260131-15-15-55/pig15_rgb_20260131-15-18-36.jpg,/Users/akbar/Downloads/paal_pipeline/data/20260131-15-15-55/pig15_rgb_aligned_20260131-15-18-36.jpg,/Users/akbar/Downloads/paal_pipeline/data/20260131-15-15-55/pig15_ir_vis_20260131-15-18-36.jpg,/Users/akbar/Downloads/paal_pipeline/data/20260131-15-15-55/pig15_depth_vis_20260131-15-18-36.jpg,1
20260131-15-15-55,16,20260131-15-18-44,/Users/akbar/Downloads/paal_pipeline/data/20260131-15-15-55/pig16_rgb_20260131-15-18-44.jpg,/Users/akbar/Downloads/paal_pipeline/data/20260131-15-15-55/pig16_rgb_aligned_20260131-15-18-44.jpg,/Users/akbar/Downloads/paal_pipeline/data/20260131-15-15-55/pig16_ir_vis_20260131-15-18-44.jpg,/Users/akbar/Downloads/paal_pipeline/data/20260131-15-15-55/pig16_depth_vis_20260131-15-18-44.jpg,1
20260131-15-15-55,18,20260131-15-19-02,/Users/akbar/Downloads/paal_pipeline/data/20260131-15-15-55/pig18_rgb_20260131-15-19-02.jpg,/Users/akbar/Downloads/paal_pipeline/data/20260131-15-15-55/pig18_rgb_aligned_20260131-15-19-02.jpg,/Users/akbar/Downloads/paal_pipeline/data/20260131-15-15-55/pig18_ir_vis_20260131-15-19-02.jpg,/Users/akbar/Downloads/paal_pipeline/data/20260131-15-15-55/pig18_depth_vis_20260131-15-19-02.jpg,1
20260131-18-27-50,0,20260131-18-28-16,/Users/akbar/Downloads/paal_pipeline/data/20260131-18-27-50/pig0_rgb_20260131-18-28-16.jpg,/Users/akbar/Downloads/paal_pipeline/data/20260131-18-27-50/pig0_rgb_aligned_20260131-18-28-16.jpg,/Users/akbar/Downloads/paal_pipeline/data/20260131-18-27-50/pig0_ir_vis_20260131-18-28-16.jpg,/Users/akbar/Downloads/paal_pipeline/data/20260131-18-27-50/pig0_depth_vis_20260131-18-28-16.jpg,0
20260131-18-27-50,2,20260131-18-28-34,/Users/akbar/Downloads/paal_pipeline/data/20260131-18-27-50/pig2_rgb_20260131-18-28-34.jpg,/Users/akbar/Downloads/paal_pipeline/data/20260131-18-27-50/pig2_rgb_aligned_20260131-18-28-34.jpg,/Users/akbar/Downloads/paal_pipeline/data/20260131-18-27-50/pig2_ir_vis_20260131-18-28-34.jpg,/Users/akbar/Downloads/paal_pipeline/data/20260131-18-27-50/pig2_depth_vis_20260131-18-28-34.jpg,1
20260131-18-27-50,3,20260131-18-28-43,/Users/akbar/Downloads/paal_pipeline/data/20260131-18-27-50/pig3_rgb_20260131-18-28-43.jpg,/Users/akbar/Downloads/paal_pipeline/data/20260131-18-27-50/pig3_rgb_aligned_20260131-18-28-43.jpg,/Users/akbar/Downloads/paal_pipeline/data/20260131-18-27-50/pig3_ir_vis_20260131-18-28-43.jpg,/Users/akbar/Downloads/paal_pipeline/data/20260131-18-27-50/pig3_depth_vis_20260131-18-28-43.jpg,1
20260131-18-27-50,4,20260131-18-28-52,/Users/akbar/Downloads/paal_pipeline/data/20260131-18-27-50/pig4_rgb_20260131-18-28-52.jpg,/Users/akbar/Downloads/paal_pipeline/data/20260131-18-27-50/pig4_rgb_aligned_20260131-18-28-52.jpg,/Users/akbar/Downloads/paal_pipeline/data/20260131-18-27-50/pig4_ir_vis_20260131-18-28-52.jpg,/Users/akbar/Downloads/paal_pipeline/data/20260131-18-27-50/pig4_depth_vis_20260131-18-28-52.jpg,0
20260131-18-27-50,5,20260131-18-29-01,/Users/akbar/Downloads/paal_pipeline/data/20260131-18-27-50/pig5_rgb_20260131-18-29-01.jpg,/Users/akbar/Downloads/paal_pipeline/data/20260131-18-27-50/pig5_rgb_aligned_20260131-18-29-01.jpg,/Users/akbar/Downloads/paal_pipeline/data/20260131-18-27-50/pig5_ir_vis_20260131-18-29-01.jpg,/Users/akbar/Downloads/paal_pipeline/data/20260131-18-27-50/pig5_depth_vis_20260131-18-29-01.jpg,1
20260131-18-27-50,6,20260131-18-29-10,/Users/akbar/Downloads/paal_pipeline/data/20260131-18-27-50/pig6_rgb_20260131-18-29-10.jpg,/Users/akbar/Downloads/paal_pipeline/data/20260131-18-27-50/pig6_rgb_aligned_20260131-18-29-10.jpg,/Users/akbar/Downloads/paal_pipeline/data/20260131-18-27-50/pig6_ir_vis_20260131-18-29-10.jpg,/Users/akbar/Downloads/paal_pipeline/data/20260131-18-27-50/pig6_depth_vis_20260131-18-29-10.jpg,0
20260131-18-27-50,7,20260131-18-29-19,/Users/akbar/Downloads/paal_pipeline/data/20260131-18-27-50/pig7_rgb_20260131-18-29-19.jpg,/Users/akbar/Downloads/paal_pipeline/data/20260131-18-27-50/pig7_rgb_aligned_20260131-18-29-19.jpg,/Users/akbar/Downloads/paal_pipeline/data/20260131-18-27-50/pig7_ir_vis_20260131-18-29-19.jpg,/Users/akbar/Downloads/paal_pipeline/data/20260131-18-27-50/pig7_depth_vis_20260131-18-29-19.jpg,1
20260131-18-27-50,8,20260131-18-29-28,/Users/akbar/Downloads/paal_pipeline/data/20260131-18-27-50/pig8_rgb_20260131-18-29-28.jpg,/Users/akbar/Downloads/paal_pipeline/data/20260131-18-27-50/pig8_rgb_aligned_20260131-18-29-28.jpg,/Users/akbar/Downloads/paal_pipeline/data/20260131-18-27-50/pig8_ir_vis_20260131-18-29-28.jpg,/Users/akbar/Downloads/paal_pipeline/data/20260131-18-27-50/pig8_depth_vis_20260131-18-29-28.jpg,1
20260131-18-27-50,9,20260131-18-29-37,/Users/akbar/Downloads/paal_pipeline/data/20260131-18-27-50/pig9_rgb_20260131-18-29-37.jpg,/Users/akbar/Downloads/paal_pipeline/data/20260131-18-27-50/pig9_rgb_aligned_20260131-18-29-37.jpg,/Users/akbar/Downloads/paal_pipeline/data/20260131-18-27-50/pig9_ir_vis_20260131-18-29-37.jpg,/Users/akbar/Downloads/paal_pipeline/data/20260131-18-27-50/pig9_depth_vis_20260131-18-29-37.jpg,0
20260131-18-27-50,10,20260131-18-29-46,/Users/akbar/Downloads/paal_pipeline/data/20260131-18-27-50/pig10_rgb_20260131-18-29-46.jpg,/Users/akbar/Downloads/paal_pipeline/data/20260131-18-27-50/pig10_rgb_aligned_20260131-18-29-46.jpg,/Users/akbar/Downloads/paal_pipeline/data/20260131-18-27-50/pig10_ir_vis_20260131-18-29-46.jpg,/Users/akbar/Downloads/paal_pipeline/data/20260131-18-27-50/pig10_depth_vis_20260131-18-29-46.jpg,1
20260131-18-27-50,11,20260131-18-29-55,/Users/akbar/Downloads/paal_pipeline/data/20260131-18-27-50/pig11_rgb_20260131-18-29-55.jpg,/Users/akbar/Downloads/paal_pipeline/data/20260131-18-27-50/pig11_rgb_aligned_20260131-18-29-55.jpg,/Users/akbar/Downloads/paal_pipeline/data/20260131-18-27-50/pig11_ir_vis_20260131-18-29-55.jpg,/Users/akbar/Downloads/paal_pipeline/data/20260131-18-27-50/pig11_depth_vis_20260131-18-29-55.jpg,1
20260131-18-27-50,12,20260131-18-30-03,/Users/akbar/Downloads/paal_pipeline/data/20260131-18-27-50/pig12_rgb_20260131-18-30-03.jpg,/Users/akbar/Downloads/paal_pipeline/data/20260131-18-27-50/pig12_rgb_aligned_20260131-18-30-03.jpg,/Users/akbar/Downloads/paal_pipeline/data/20260131-18-27-50/pig12_ir_vis_20260131-18-30-03.jpg,/Users/akbar/Downloads/paal_pipeline/data/20260131-18-27-50/pig12_depth_vis_20260131-18-30-03.jpg,0
20260131-18-27-50,14,20260131-18-30-21,/Users/akbar/Downloads/paal_pipeline/data/20260131-18-27-50/pig14_rgb_20260131-18-30-21.jpg,/Users/akbar/Downloads/paal_pipeline/data/20260131-18-27-50/pig14_rgb_aligned_20260131-18-30-21.jpg,/Users/akbar/Downloads/paal_pipeline/data/20260131-18-27-50/pig14_ir_vis_20260131-18-30-21.jpg,/Users/akbar/Downloads/paal_pipeline/data/20260131-18-27-50/pig14_depth_vis_20260131-18-30-21.jpg,0
20260131-18-27-50,15,20260131-18-30-30,/Users/akbar/Downloads/paal_pipeline/data/20260131-18-27-50/pig15_rgb_20260131-18-30-30.jpg,/Users/akbar/Downloads/paal_pipeline/data/20260131-18-27-50/pig15_rgb_aligned_20260131-18-30-30.jpg,/Users/akbar/Downloads/paal_pipeline/data/20260131-18-27-50/pig15_ir_vis_20260131-18-30-30.jpg,/Users/akbar/Downloads/paal_pipeline/data/20260131-18-27-50/pig15_depth_vis_20260131-18-30-30.jpg,0
20260131-18-27-50,16,20260131-18-30-39,/Users/akbar/Downloads/paal_pipeline/data/20260131-18-27-50/pig16_rgb_20260131-18-30-39.jpg,/Users/akbar/Downloads/paal_pipeline/data/20260131-18-27-50/pig16_rgb_aligned_20260131-18-30-39.jpg,/Users/akbar/Downloads/paal_pipeline/data/20260131-18-27-50/pig16_ir_vis_20260131-18-30-39.jpg,/Users/akbar/Downloads/paal_pipeline/data/20260131-18-27-50/pig16_depth_vis_20260131-18-30-39.jpg,0
20260131-18-27-50,18,20260131-18-30-56,/Users/akbar/Downloads/paal_pipeline/data/20260131-18-27-50/pig18_rgb_20260131-18-30-56.jpg,/Users/akbar/Downloads/paal_pipeline/data/20260131-18-27-50/pig18_rgb_aligned_20260131-18-30-56.jpg,/Users/akbar/Downloads/paal_pipeline/data/20260131-18-27-50/pig18_ir_vis_20260131-18-30-56.jpg,/Users/akbar/Downloads/paal_pipeline/data/20260131-18-27-50/pig18_depth_vis_20260131-18-30-56.jpg,0
20260131-21-07-44,0,20260131-21-08-10,/Users/akbar/Downloads/paal_pipeline/data/20260131-21-07-44/pig0_rgb_20260131-21-08-10.jpg,/Users/akbar/Downloads/paal_pipeline/data/20260131-21-07-44/pig0_rgb_aligned_20260131-21-08-10.jpg,/Users/akbar/Downloads/paal_pipeline/data/20260131-21-07-44/pig0_ir_vis_20260131-21-08-10.jpg,/Users/akbar/Downloads/paal_pipeline/data/20260131-21-07-44/pig0_depth_vis_20260131-21-08-10.jpg,0
20260131-21-07-44,2,20260131-21-08-28,/Users/akbar/Downloads/paal_pipeline/data/20260131-21-07-44/pig2_rgb_20260131-21-08-28.jpg,/Users/akbar/Downloads/paal_pipeline/data/20260131-21-07-44/pig2_rgb_aligned_20260131-21-08-28.jpg,/Users/akbar/Downloads/paal_pipeline/data/20260131-21-07-44/pig2_ir_vis_20260131-21-08-28.jpg,/Users/akbar/Downloads/paal_pipeline/data/20260131-21-07-44/pig2_depth_vis_20260131-21-08-28.jpg,1
20260131-21-07-44,3,20260131-21-08-37,/Users/akbar/Downloads/paal_pipeline/data/20260131-21-07-44/pig3_rgb_20260131-21-08-37.jpg,/Users/akbar/Downloads/paal_pipeline/data/20260131-21-07-44/pig3_rgb_aligned_20260131-21-08-37.jpg,/Users/akbar/Downloads/paal_pipeline/data/20260131-21-07-44/pig3_ir_vis_20260131-21-08-37.jpg,/Users/akbar/Downloads/paal_pipeline/data/20260131-21-07-44/pig3_depth_vis_20260131-21-08-37.jpg,0
20260131-21-07-44,4,20260131-21-08-46,/Users/akbar/Downloads/paal_pipeline/data/20260131-21-07-44/pig4_rgb_20260131-21-08-46.jpg,/Users/akbar/Downloads/paal_pipeline/data/20260131-21-07-44/pig4_rgb_aligned_20260131-21-08-46.jpg,/Users/akbar/Downloads/paal_pipeline/data/20260131-21-07-44/pig4_ir_vis_20260131-21-08-46.jpg,/Users/akbar/Downloads/paal_pipeline/data/20260131-21-07-44/pig4_depth_vis_20260131-21-08-46.jpg,0
20260131-21-07-44,5,20260131-21-08-55,/Users/akbar/Downloads/paal_pipeline/data/20260131-21-07-44/pig5_rgb_20260131-21-08-55.jpg,/Users/akbar/Downloads/paal_pipeline/data/20260131-21-07-44/pig5_rgb_aligned_20260131-21-08-55.jpg,/Users/akbar/Downloads/paal_pipeline/data/20260131-21-07-44/pig5_ir_vis_20260131-21-08-55.jpg,/Users/akbar/Downloads/paal_pipeline/data/20260131-21-07-44/pig5_depth_vis_20260131-21-08-55.jpg,1
20260131-21-07-44,6,20260131-21-09-04,/Users/akbar/Downloads/paal_pipeline/data/20260131-21-07-44/pig6_rgb_20260131-21-09-04.jpg,/Users/akbar/Downloads/paal_pipeline/data/20260131-21-07-44/pig6_rgb_aligned_20260131-21-09-04.jpg,/Users/akbar/Downloads/paal_pipeline/data/20260131-21-07-44/pig6_ir_vis_20260131-21-09-04.jpg,/Users/akbar/Downloads/paal_pipeline/data/20260131-21-07-44/pig6_depth_vis_20260131-21-09-04.jpg,0
20260131-21-07-44,7,20260131-21-09-13,/Users/akbar/Downloads/paal_pipeline/data/20260131-21-07-44/pig7_rgb_20260131-21-09-13.jpg,/Users/akbar/Downloads/paal_pipeline/data/20260131-21-07-44/pig7_rgb_aligned_20260131-21-09-13.jpg,/Users/akbar/Downloads/paal_pipeline/data/20260131-21-07-44/pig7_ir_vis_20260131-21-09-13.jpg,/Users/akbar/Downloads/paal_pipeline/data/20260131-21-07-44/pig7_depth_vis_20260131-21-09-13.jpg,0
20260131-21-07-44,8,20260131-21-09-22,/Users/akbar/Downloads/paal_pipeline/data/20260131-21-07-44/pig8_rgb_20260131-21-09-22.jpg,/Users/akbar/Downloads/paal_pipeline/data/20260131-21-07-44/pig8_rgb_aligned_20260131-21-09-22.jpg,/Users/akbar/Downloads/paal_pipeline/data/20260131-21-07-44/pig8_ir_vis_20260131-21-09-22.jpg,/Users/akbar/Downloads/paal_pipeline/data/20260131-21-07-44/pig8_depth_vis_20260131-21-09-22.jpg,1
20260131-21-07-44,9,20260131-21-09-30,/Users/akbar/Downloads/paal_pipeline/data/20260131-21-07-44/pig9_rgb_20260131-21-09-30.jpg,/Users/akbar/Downloads/paal_pipeline/data/20260131-21-07-44/pig9_rgb_aligned_20260131-21-09-30.jpg,/Users/akbar/Downloads/paal_pipeline/data/20260131-21-07-44/pig9_ir_vis_20260131-21-09-30.jpg,/Users/akbar/Downloads/paal_pipeline/data/20260131-21-07-44/pig9_depth_vis_20260131-21-09-30.jpg,0
20260131-21-07-44,10,20260131-21-09-39,/Users/akbar/Downloads/paal_pipeline/data/20260131-21-07-44/pig10_rgb_20260131-21-09-39.jpg,/Users/akbar/Downloads/paal_pipeline/data/20260131-21-07-44/pig10_rgb_aligned_20260131-21-09-39.jpg,/Users/akbar/Downloads/paal_pipeline/data/20260131-21-07-44/pig10_ir_vis_20260131-21-09-39.jpg,/Users/akbar/Downloads/paal_pipeline/data/20260131-21-07-44/pig10_depth_vis_20260131-21-09-39.jpg,0
20260131-21-07-44,11,20260131-21-09-48,/Users/akbar/Downloads/paal_pipeline/data/20260131-21-07-44/pig11_rgb_20260131-21-09-48.jpg,/Users/akbar/Downloads/paal_pipeline/data/20260131-21-07-44/pig11_rgb_aligned_20260131-21-09-48.jpg,/Users/akbar/Downloads/paal_pipeline/data/20260131-21-07-44/pig11_ir_vis_20260131-21-09-48.jpg,/Users/akbar/Downloads/paal_pipeline/data/20260131-21-07-44/pig11_depth_vis_20260131-21-09-48.jpg,0
20260131-21-07-44,12,20260131-21-09-57,/Users/akbar/Downloads/paal_pipeline/data/20260131-21-07-44/pig12_rgb_20260131-21-09-57.jpg,/Users/akbar/Downloads/paal_pipeline/data/20260131-21-07-44/pig12_rgb_aligned_20260131-21-09-57.jpg,/Users/akbar/Downloads/paal_pipeline/data/20260131-21-07-44/pig12_ir_vis_20260131-21-09-57.jpg,/Users/akbar/Downloads/paal_pipeline/data/20260131-21-07-44/pig12_depth_vis_20260131-21-09-57.jpg,0
20260131-21-07-44,14,20260131-21-10-15,/Users/akbar/Downloads/paal_pipeline/data/20260131-21-07-44/pig14_rgb_20260131-21-10-15.jpg,/Users/akbar/Downloads/paal_pipeline/data/20260131-21-07-44/pig14_rgb_aligned_20260131-21-10-15.jpg,/Users/akbar/Downloads/paal_pipeline/data/20260131-21-07-44/pig14_ir_vis_20260131-21-10-15.jpg,/Users/akbar/Downloads/paal_pipeline/data/20260131-21-07-44/pig14_depth_vis_20260131-21-10-15.jpg,0
20260131-21-07-44,15,20260131-21-10-24,/Users/akbar/Downloads/paal_pipeline/data/20260131-21-07-44/pig15_rgb_20260131-21-10-24.jpg,/Users/akbar/Downloads/paal_pipeline/data/20260131-21-07-44/pig15_rgb_aligned_20260131-21-10-24.jpg,/Users/akbar/Downloads/paal_pipeline/data/20260131-21-07-44/pig15_ir_vis_20260131-21-10-24.jpg,/Users/akbar/Downloads/paal_pipeline/data/20260131-21-07-44/pig15_depth_vis_20260131-21-10-24.jpg,0
20260131-21-07-44,16,20260131-21-10-33,/Users/akbar/Downloads/paal_pipeline/data/20260131-21-07-44/pig16_rgb_20260131-21-10-33.jpg,/Users/akbar/Downloads/paal_pipeline/data/20260131-21-07-44/pig16_rgb_aligned_20260131-21-10-33.jpg,/Users/akbar/Downloads/paal_pipeline/data/20260131-21-07-44/pig16_ir_vis_20260131-21-10-33.jpg,/Users/akbar/Downloads/paal_pipeline/data/20260131-21-07-44/pig16_depth_vis_20260131-21-10-33.jpg,0
20260131-21-07-44,18,20260131-21-10-50,/Users/akbar/Downloads/paal_pipeline/data/20260131-21-07-44/pig18_rgb_20260131-21-10-50.jpg,/Users/akbar/Downloads/paal_pipeline/data/20260131-21-07-44/pig18_rgb_aligned_20260131-21-10-50.jpg,/Users/akbar/Downloads/paal_pipeline/data/20260131-21-07-44/pig18_ir_vis_20260131-21-10-50.jpg,/Users/akbar/Downloads/paal_pipeline/data/20260131-21-07-44/pig18_depth_vis_20260131-21-10-50.jpg,0
20260201-01-12-54,0,20260201-01-13-21,/Users/akbar/Downloads/paal_pipeline/data/20260201-01-12-54/pig0_rgb_20260201-01-13-21.jpg,/Users/akbar/Downloads/paal_pipeline/data/20260201-01-12-54/pig0_rgb_aligned_20260201-01-13-21.jpg,/Users/akbar/Downloads/paal_pipeline/data/20260201-01-12-54/pig0_ir_vis_20260201-01-13-21.jpg,/Users/akbar/Downloads/paal_pipeline/data/20260201-01-12-54/pig0_depth_vis_20260201-01-13-21.jpg,0
20260201-01-12-54,2,20260201-01-13-39,/Users/akbar/Downloads/paal_pipeline/data/20260201-01-12-54/pig2_rgb_20260201-01-13-39.jpg,/Users/akbar/Downloads/paal_pipeline/data/20260201-01-12-54/pig2_rgb_aligned_20260201-01-13-39.jpg,/Users/akbar/Downloads/paal_pipeline/data/20260201-01-12-54/pig2_ir_vis_20260201-01-13-39.jpg,/Users/akbar/Downloads/paal_pipeline/data/20260201-01-12-54/pig2_depth_vis_20260201-01-13-39.jpg,0
20260201-01-12-54,3,20260201-01-13-48,/Users/akbar/Downloads/paal_pipeline/data/20260201-01-12-54/pig3_rgb_20260201-01-13-48.jpg,/Users/akbar/Downloads/paal_pipeline/data/20260201-01-12-54/pig3_rgb_aligned_20260201-01-13-48.jpg,/Users/akbar/Downloads/paal_pipeline/data/20260201-01-12-54/pig3_ir_vis_20260201-01-13-48.jpg,/Users/akbar/Downloads/paal_pipeline/data/20260201-01-12-54/pig3_depth_vis_20260201-01-13-48.jpg,0
20260201-01-12-54,4,20260201-01-13-56,/Users/akbar/Downloads/paal_pipeline/data/20260201-01-12-54/pig4_rgb_20260201-01-13-56.jpg,/Users/akbar/Downloads/paal_pipeline/data/20260201-01-12-54/pig4_rgb_aligned_20260201-01-13-56.jpg,/Users/akbar/Downloads/paal_pipeline/data/20260201-01-12-54/pig4_ir_vis_20260201-01-13-56.jpg,/Users/akbar/Downloads/paal_pipeline/data/20260201-01-12-54/pig4_depth_vis_20260201-01-13-56.jpg,0
20260201-01-12-54,5,20260201-01-14-05,/Users/akbar/Downloads/paal_pipeline/data/20260201-01-12-54/pig5_rgb_20260201-01-14-05.jpg,/Users/akbar/Downloads/paal_pipeline/data/20260201-01-12-54/pig5_rgb_aligned_20260201-01-14-05.jpg,/Users/akbar/Downloads/paal_pipeline/data/20260201-01-12-54/pig5_ir_vis_20260201-01-14-05.jpg,/Users/akbar/Downloads/paal_pipeline/data/20260201-01-12-54/pig5_depth_vis_20260201-01-14-05.jpg,0
20260201-01-12-54,6,20260201-01-14-14,/Users/akbar/Downloads/paal_pipeline/data/20260201-01-12-54/pig6_rgb_20260201-01-14-14.jpg,/Users/akbar/Downloads/paal_pipeline/data/20260201-01-12-54/pig6_rgb_aligned_20260201-01-14-14.jpg,/Users/akbar/Downloads/paal_pipeline/data/20260201-01-12-54/pig6_ir_vis_20260201-01-14-14.jpg,/Users/akbar/Downloads/paal_pipeline/data/20260201-01-12-54/pig6_depth_vis_20260201-01-14-14.jpg,0
20260201-01-12-54,7,20260201-01-14-23,/Users/akbar/Downloads/paal_pipeline/data/20260201-01-12-54/pig7_rgb_20260201-01-14-23.jpg,/Users/akbar/Downloads/paal_pipeline/data/20260201-01-12-54/pig7_rgb_aligned_20260201-01-14-23.jpg,/Users/akbar/Downloads/paal_pipeline/data/20260201-01-12-54/pig7_ir_vis_20260201-01-14-23.jpg,/Users/akbar/Downloads/paal_pipeline/data/20260201-01-12-54/pig7_depth_vis_20260201-01-14-23.jpg,0
20260201-01-12-54,8,20260201-01-14-32,/Users/akbar/Downloads/paal_pipeline/data/20260201-01-12-54/pig8_rgb_20260201-01-14-32.jpg,/Users/akbar/Downloads/paal_pipeline/data/20260201-01-12-54/pig8_rgb_aligned_20260201-01-14-32.jpg,/Users/akbar/Downloads/paal_pipeline/data/20260201-01-12-54/pig8_ir_vis_20260201-01-14-32.jpg,/Users/akbar/Downloads/paal_pipeline/data/20260201-01-12-54/pig8_depth_vis_20260201-01-14-32.jpg,0
20260201-01-12-54,9,20260201-01-14-41,/Users/akbar/Downloads/paal_pipeline/data/20260201-01-12-54/pig9_rgb_20260201-01-14-41.jpg,/Users/akbar/Downloads/paal_pipeline/data/20260201-01-12-54/pig9_rgb_aligned_20260201-01-14-41.jpg,/Users/akbar/Downloads/paal_pipeline/data/20260201-01-12-54/pig9_ir_vis_20260201-01-14-41.jpg,/Users/akbar/Downloads/paal_pipeline/data/20260201-01-12-54/pig9_depth_vis_20260201-01-14-41.jpg,0
20260201-01-12-54,10,20260201-01-14-50,/Users/akbar/Downloads/paal_pipeline/data/20260201-01-12-54/pig10_rgb_20260201-01-14-50.jpg,/Users/akbar/Downloads/paal_pipeline/data/20260201-01-12-54/pig10_rgb_aligned_20260201-01-14-50.jpg,/Users/akbar/Downloads/paal_pipeline/data/20260201-01-12-54/pig10_ir_vis_20260201-01-14-50.jpg,/Users/akbar/Downloads/paal_pipeline/data/20260201-01-12-54/pig10_depth_vis_20260201-01-14-50.jpg,0
20260201-01-12-54,11,20260201-01-14-59,/Users/akbar/Downloads/paal_pipeline/data/20260201-01-12-54/pig11_rgb_20260201-01-14-59.jpg,/Users/akbar/Downloads/paal_pipeline/data/20260201-01-12-54/pig11_rgb_aligned_20260201-01-14-59.jpg,/Users/akbar/Downloads/paal_pipeline/data/20260201-01-12-54/pig11_ir_vis_20260201-01-14-59.jpg,/Users/akbar/Downloads/paal_pipeline/data/20260201-01-12-54/pig11_depth_vis_20260201-01-14-59.jpg,0
20260201-01-12-54,12,20260201-01-15-08,/Users/akbar/Downloads/paal_pipeline/data/20260201-01-12-54/pig12_rgb_20260201-01-15-08.jpg,/Users/akbar/Downloads/paal_pipeline/data/20260201-01-12-54/pig12_rgb_aligned_20260201-01-15-08.jpg,/Users/akbar/Downloads/paal_pipeline/data/20260201-01-12-54/pig12_ir_vis_20260201-01-15-08.jpg,/Users/akbar/Downloads/paal_pipeline/data/20260201-01-12-54/pig12_depth_vis_20260201-01-15-08.jpg,0
20260201-01-12-54,14,20260201-01-15-25,/Users/akbar/Downloads/paal_pipeline/data/20260201-01-12-54/pig14_rgb_20260201-01-15-25.jpg,/Users/akbar/Downloads/paal_pipeline/data/20260201-01-12-54/pig14_rgb_aligned_20260201-01-15-25.jpg,/Users/akbar/Downloads/paal_pipeline/data/20260201-01-12-54/pig14_ir_vis_20260201-01-15-25.jpg,/Users/akbar/Downloads/paal_pipeline/data/20260201-01-12-54/pig14_depth_vis_20260201-01-15-25.jpg,0
20260201-01-12-54,15,20260201-01-15-35,/Users/akbar/Downloads/paal_pipeline/data/20260201-01-12-54/pig15_rgb_20260201-01-15-35.jpg,/Users/akbar/Downloads/paal_pipeline/data/20260201-01-12-54/pig15_rgb_aligned_20260201-01-15-35.jpg,/Users/akbar/Downloads/paal_pipeline/data/20260201-01-12-54/pig15_ir_vis_20260201-01-15-35.jpg,/Users/akbar/Downloads/paal_pipeline/data/20260201-01-12-54/pig15_depth_vis_20260201-01-15-35.jpg,0
20260201-01-12-54,16,20260201-01-15-43,/Users/akbar/Downloads/paal_pipeline/data/20260201-01-12-54/pig16_rgb_20260201-01-15-43.jpg,/Users/akbar/Downloads/paal_pipeline/data/20260201-01-12-54/pig16_rgb_aligned_20260201-01-15-43.jpg,/Users/akbar/Downloads/paal_pipeline/data/20260201-01-12-54/pig16_ir_vis_20260201-01-15-43.jpg,/Users/akbar/Downloads/paal_pipeline/data/20260201-01-12-54/pig16_depth_vis_20260201-01-15-43.jpg,0
20260201-01-12-54,18,20260201-01-16-01,/Users/akbar/Downloads/paal_pipeline/data/20260201-01-12-54/pig18_rgb_20260201-01-16-01.jpg,/Users/akbar/Downloads/paal_pipeline/data/20260201-01-12-54/pig18_rgb_aligned_20260201-01-16-01.jpg,/Users/akbar/Downloads/paal_pipeline/data/20260201-01-12-54/pig18_ir_vis_20260201-01-16-01.jpg,/Users/akbar/Downloads/paal_pipeline/data/20260201-01-12-54/pig18_depth_vis_20260201-01-16-01.jpg,0
20260201-04-24-46,0,20260201-04-25-13,/Users/akbar/Downloads/paal_pipeline/data/20260201-04-24-46/pig0_rgb_20260201-04-25-13.jpg,/Users/akbar/Downloads/paal_pipeline/data/20260201-04-24-46/pig0_rgb_aligned_20260201-04-25-13.jpg,/Users/akbar/Downloads/paal_pipeline/data/20260201-04-24-46/pig0_ir_vis_20260201-04-25-13.jpg,/Users/akbar/Downloads/paal_pipeline/data/20260201-04-24-46/pig0_depth_vis_20260201-04-25-13.jpg,0
20260201-04-24-46,2,20260201-04-25-31,/Users/akbar/Downloads/paal_pipeline/data/20260201-04-24-46/pig2_rgb_20260201-04-25-31.jpg,/Users/akbar/Downloads/paal_pipeline/data/20260201-04-24-46/pig2_rgb_aligned_20260201-04-25-31.jpg,/Users/akbar/Downloads/paal_pipeline/data/20260201-04-24-46/pig2_ir_vis_20260201-04-25-31.jpg,/Users/akbar/Downloads/paal_pipeline/data/20260201-04-24-46/pig2_depth_vis_20260201-04-25-31.jpg,0
20260201-04-24-46,3,20260201-04-25-40,/Users/akbar/Downloads/paal_pipeline/data/20260201-04-24-46/pig3_rgb_20260201-04-25-40.jpg,/Users/akbar/Downloads/paal_pipeline/data/20260201-04-24-46/pig3_rgb_aligned_20260201-04-25-40.jpg,/Users/akbar/Downloads/paal_pipeline/data/20260201-04-24-46/pig3_ir_vis_20260201-04-25-40.jpg,/Users/akbar/Downloads/paal_pipeline/data/20260201-04-24-46/pig3_depth_vis_20260201-04-25-40.jpg,0
20260201-04-24-46,4,20260201-04-25-48,/Users/akbar/Downloads/paal_pipeline/data/20260201-04-24-46/pig4_rgb_20260201-04-25-48.jpg,/Users/akbar/Downloads/paal_pipeline/data/20260201-04-24-46/pig4_rgb_aligned_20260201-04-25-48.jpg,/Users/akbar/Downloads/paal_pipeline/data/20260201-04-24-46/pig4_ir_vis_20260201-04-25-48.jpg,/Users/akbar/Downloads/paal_pipeline/data/20260201-04-24-46/pig4_depth_vis_20260201-04-25-48.jpg,1
20260201-04-24-46,5,20260201-04-25-57,/Users/akbar/Downloads/paal_pipeline/data/20260201-04-24-46/pig5_rgb_20260201-04-25-57.jpg,/Users/akbar/Downloads/paal_pipeline/data/20260201-04-24-46/pig5_rgb_aligned_20260201-04-25-57.jpg,/Users/akbar/Downloads/paal_pipeline/data/20260201-04-24-46/pig5_ir_vis_20260201-04-25-57.jpg,/Users/akbar/Downloads/paal_pipeline/data/20260201-04-24-46/pig5_depth_vis_20260201-04-25-57.jpg,0
20260201-04-24-46,6,20260201-04-26-06,/Users/akbar/Downloads/paal_pipeline/data/20260201-04-24-46/pig6_rgb_20260201-04-26-06.jpg,/Users/akbar/Downloads/paal_pipeline/data/20260201-04-24-46/pig6_rgb_aligned_20260201-04-26-06.jpg,/Users/akbar/Downloads/paal_pipeline/data/20260201-04-24-46/pig6_ir_vis_20260201-04-26-06.jpg,/Users/akbar/Downloads/paal_pipeline/data/20260201-04-24-46/pig6_depth_vis_20260201-04-26-06.jpg,0
20260201-04-24-46,7,20260201-04-26-15,/Users/akbar/Downloads/paal_pipeline/data/20260201-04-24-46/pig7_rgb_20260201-04-26-15.jpg,/Users/akbar/Downloads/paal_pipeline/data/20260201-04-24-46/pig7_rgb_aligned_20260201-04-26-15.jpg,/Users/akbar/Downloads/paal_pipeline/data/20260201-04-24-46/pig7_ir_vis_20260201-04-26-15.jpg,/Users/akbar/Downloads/paal_pipeline/data/20260201-04-24-46/pig7_depth_vis_20260201-04-26-15.jpg,0
20260201-04-24-46,8,20260201-04-26-24,/Users/akbar/Downloads/paal_pipeline/data/20260201-04-24-46/pig8_rgb_20260201-04-26-24.jpg,/Users/akbar/Downloads/paal_pipeline/data/20260201-04-24-46/pig8_rgb_aligned_20260201-04-26-24.jpg,/Users/akbar/Downloads/paal_pipeline/data/20260201-04-24-46/pig8_ir_vis_20260201-04-26-24.jpg,/Users/akbar/Downloads/paal_pipeline/data/20260201-04-24-46/pig8_depth_vis_20260201-04-26-24.jpg,0
20260201-04-24-46,9,20260201-04-26-33,/Users/akbar/Downloads/paal_pipeline/data/20260201-04-24-46/pig9_rgb_20260201-04-26-33.jpg,/Users/akbar/Downloads/paal_pipeline/data/20260201-04-24-46/pig9_rgb_aligned_20260201-04-26-33.jpg,/Users/akbar/Downloads/paal_pipeline/data/20260201-04-24-46/pig9_ir_vis_20260201-04-26-33.jpg,/Users/akbar/Downloads/paal_pipeline/data/20260201-04-24-46/pig9_depth_vis_20260201-04-26-33.jpg,0
20260201-04-24-46,10,20260201-04-26-42,/Users/akbar/Downloads/paal_pipeline/data/20260201-04-24-46/pig10_rgb_20260201-04-26-42.jpg,/Users/akbar/Downloads/paal_pipeline/data/20260201-04-24-46/pig10_rgb_aligned_20260201-04-26-42.jpg,/Users/akbar/Downloads/paal_pipeline/data/20260201-04-24-46/pig10_ir_vis_20260201-04-26-42.jpg,/Users/akbar/Downloads/paal_pipeline/data/20260201-04-24-46/pig10_depth_vis_20260201-04-26-42.jpg,0
20260201-04-24-46,11,20260201-04-26-51,/Users/akbar/Downloads/paal_pipeline/data/20260201-04-24-46/pig11_rgb_20260201-04-26-51.jpg,/Users/akbar/Downloads/paal_pipeline/data/20260201-04-24-46/pig11_rgb_aligned_20260201-04-26-51.jpg,/Users/akbar/Downloads/paal_pipeline/data/20260201-04-24-46/pig11_ir_vis_20260201-04-26-51.jpg,/Users/akbar/Downloads/paal_pipeline/data/20260201-04-24-46/pig11_depth_vis_20260201-04-26-51.jpg,0
20260201-04-24-46,12,20260201-04-27-00,/Users/akbar/Downloads/paal_pipeline/data/20260201-04-24-46/pig12_rgb_20260201-04-27-00.jpg,/Users/akbar/Downloads/paal_pipeline/data/20260201-04-24-46/pig12_rgb_aligned_20260201-04-27-00.jpg,/Users/akbar/Downloads/paal_pipeline/data/20260201-04-24-46/pig12_ir_vis_20260201-04-27-00.jpg,/Users/akbar/Downloads/paal_pipeline/data/20260201-04-24-46/pig12_depth_vis_20260201-04-27-00.jpg,0
20260201-04-24-46,14,20260201-04-27-17,/Users/akbar/Downloads/paal_pipeline/data/20260201-04-24-46/pig14_rgb_20260201-04-27-17.jpg,/Users/akbar/Downloads/paal_pipeline/data/20260201-04-24-46/pig14_rgb_aligned_20260201-04-27-17.jpg,/Users/akbar/Downloads/paal_pipeline/data/20260201-04-24-46/pig14_ir_vis_20260201-04-27-17.jpg,/Users/akbar/Downloads/paal_pipeline/data/20260201-04-24-46/pig14_depth_vis_20260201-04-27-17.jpg,0
20260201-04-24-46,15,20260201-04-27-27,/Users/akbar/Downloads/paal_pipeline/data/20260201-04-24-46/pig15_rgb_20260201-04-27-27.jpg,/Users/akbar/Downloads/paal_pipeline/data/20260201-04-24-46/pig15_rgb_aligned_20260201-04-27-27.jpg,/Users/akbar/Downloads/paal_pipeline/data/20260201-04-24-46/pig15_ir_vis_20260201-04-27-27.jpg,/Users/akbar/Downloads/paal_pipeline/data/20260201-04-24-46/pig15_depth_vis_20260201-04-27-27.jpg,0
20260201-04-24-46,16,20260201-04-27-35,/Users/akbar/Downloads/paal_pipeline/data/20260201-04-24-46/pig16_rgb_20260201-04-27-35.jpg,/Users/akbar/Downloads/paal_pipeline/data/20260201-04-24-46/pig16_rgb_aligned_20260201-04-27-35.jpg,/Users/akbar/Downloads/paal_pipeline/data/20260201-04-24-46/pig16_ir_vis_20260201-04-27-35.jpg,/Users/akbar/Downloads/paal_pipeline/data/20260201-04-24-46/pig16_depth_vis_20260201-04-27-35.jpg,0
20260201-04-24-46,18,20260201-04-27-53,/Users/akbar/Downloads/paal_pipeline/data/20260201-04-24-46/pig18_rgb_20260201-04-27-53.jpg,/Users/akbar/Downloads/paal_pipeline/data/20260201-04-24-46/pig18_rgb_aligned_20260201-04-27-53.jpg,/Users/akbar/Downloads/paal_pipeline/data/20260201-04-24-46/pig18_ir_vis_20260201-04-27-53.jpg,/Users/akbar/Downloads/paal_pipeline/data/20260201-04-24-46/pig18_depth_vis_20260201-04-27-53.jpg,1
20260201-07-36-39,0,20260201-07-37-05,/Users/akbar/Downloads/paal_pipeline/data/20260201-07-36-39/pig0_rgb_20260201-07-37-05.jpg,/Users/akbar/Downloads/paal_pipeline/data/20260201-07-36-39/pig0_rgb_aligned_20260201-07-37-05.jpg,/Users/akbar/Downloads/paal_pipeline/data/20260201-07-36-39/pig0_ir_vis_20260201-07-37-05.jpg,/Users/akbar/Downloads/paal_pipeline/data/20260201-07-36-39/pig0_depth_vis_20260201-07-37-05.jpg,1
20260201-07-36-39,2,20260201-07-37-23,/Users/akbar/Downloads/paal_pipeline/data/20260201-07-36-39/pig2_rgb_20260201-07-37-23.jpg,/Users/akbar/Downloads/paal_pipeline/data/20260201-07-36-39/pig2_rgb_aligned_20260201-07-37-23.jpg,/Users/akbar/Downloads/paal_pipeline/data/20260201-07-36-39/pig2_ir_vis_20260201-07-37-23.jpg,/Users/akbar/Downloads/paal_pipeline/data/20260201-07-36-39/pig2_depth_vis_20260201-07-37-23.jpg,1
20260201-07-36-39,3,20260201-07-37-32,/Users/akbar/Downloads/paal_pipeline/data/20260201-07-36-39/pig3_rgb_20260201-07-37-32.jpg,/Users/akbar/Downloads/paal_pipeline/data/20260201-07-36-39/pig3_rgb_aligned_20260201-07-37-32.jpg,/Users/akbar/Downloads/paal_pipeline/data/20260201-07-36-39/pig3_ir_vis_20260201-07-37-32.jpg,/Users/akbar/Downloads/paal_pipeline/data/20260201-07-36-39/pig3_depth_vis_20260201-07-37-32.jpg,1
20260201-07-36-39,4,20260201-07-37-41,/Users/akbar/Downloads/paal_pipeline/data/20260201-07-36-39/pig4_rgb_20260201-07-37-41.jpg,/Users/akbar/Downloads/paal_pipeline/data/20260201-07-36-39/pig4_rgb_aligned_20260201-07-37-41.jpg,/Users/akbar/Downloads/paal_pipeline/data/20260201-07-36-39/pig4_ir_vis_20260201-07-37-41.jpg,/Users/akbar/Downloads/paal_pipeline/data/20260201-07-36-39/pig4_depth_vis_20260201-07-37-41.jpg,0
20260201-07-36-39,5,20260201-07-37-50,/Users/akbar/Downloads/paal_pipeline/data/20260201-07-36-39/pig5_rgb_20260201-07-37-50.jpg,/Users/akbar/Downloads/paal_pipeline/data/20260201-07-36-39/pig5_rgb_aligned_20260201-07-37-50.jpg,/Users/akbar/Downloads/paal_pipeline/data/20260201-07-36-39/pig5_ir_vis_20260201-07-37-50.jpg,/Users/akbar/Downloads/paal_pipeline/data/20260201-07-36-39/pig5_depth_vis_20260201-07-37-50.jpg,1
20260201-07-36-39,6,20260201-07-37-59,/Users/akbar/Downloads/paal_pipeline/data/20260201-07-36-39/pig6_rgb_20260201-07-37-59.jpg,/Users/akbar/Downloads/paal_pipeline/data/20260201-07-36-39/pig6_rgb_aligned_20260201-07-37-59.jpg,/Users/akbar/Downloads/paal_pipeline/data/20260201-07-36-39/pig6_ir_vis_20260201-07-37-59.jpg,/Users/akbar/Downloads/paal_pipeline/data/20260201-07-36-39/pig6_depth_vis_20260201-07-37-59.jpg,1
20260201-07-36-39,7,20260201-07-38-08,/Users/akbar/Downloads/paal_pipeline/data/20260201-07-36-39/pig7_rgb_20260201-07-38-08.jpg,/Users/akbar/Downloads/paal_pipeline/data/20260201-07-36-39/pig7_rgb_aligned_20260201-07-38-08.jpg,/Users/akbar/Downloads/paal_pipeline/data/20260201-07-36-39/pig7_ir_vis_20260201-07-38-08.jpg,/Users/akbar/Downloads/paal_pipeline/data/20260201-07-36-39/pig7_depth_vis_20260201-07-38-08.jpg,1
20260201-07-36-39,8,20260201-07-38-17,/Users/akbar/Downloads/paal_pipeline/data/20260201-07-36-39/pig8_rgb_20260201-07-38-17.jpg,/Users/akbar/Downloads/paal_pipeline/data/20260201-07-36-39/pig8_rgb_aligned_20260201-07-38-17.jpg,/Users/akbar/Downloads/paal_pipeline/data/20260201-07-36-39/pig8_ir_vis_20260201-07-38-17.jpg,/Users/akbar/Downloads/paal_pipeline/data/20260201-07-36-39/pig8_depth_vis_20260201-07-38-17.jpg,1
20260201-07-36-39,9,20260201-07-38-25,/Users/akbar/Downloads/paal_pipeline/data/20260201-07-36-39/pig9_rgb_20260201-07-38-25.jpg,/Users/akbar/Downloads/paal_pipeline/data/20260201-07-36-39/pig9_rgb_aligned_20260201-07-38-25.jpg,/Users/akbar/Downloads/paal_pipeline/data/20260201-07-36-39/pig9_ir_vis_20260201-07-38-25.jpg,/Users/akbar/Downloads/paal_pipeline/data/20260201-07-36-39/pig9_depth_vis_20260201-07-38-25.jpg,1
20260201-07-36-39,10,20260201-07-38-34,/Users/akbar/Downloads/paal_pipeline/data/20260201-07-36-39/pig10_rgb_20260201-07-38-34.jpg,/Users/akbar/Downloads/paal_pipeline/data/20260201-07-36-39/pig10_rgb_aligned_20260201-07-38-34.jpg,/Users/akbar/Downloads/paal_pipeline/data/20260201-07-36-39/pig10_ir_vis_20260201-07-38-34.jpg,/Users/akbar/Downloads/paal_pipeline/data/20260201-07-36-39/pig10_depth_vis_20260201-07-38-34.jpg,1
20260201-07-36-39,11,20260201-07-38-43,/Users/akbar/Downloads/paal_pipeline/data/20260201-07-36-39/pig11_rgb_20260201-07-38-43.jpg,/Users/akbar/Downloads/paal_pipeline/data/20260201-07-36-39/pig11_rgb_aligned_20260201-07-38-43.jpg,/Users/akbar/Downloads/paal_pipeline/data/20260201-07-36-39/pig11_ir_vis_20260201-07-38-43.jpg,/Users/akbar/Downloads/paal_pipeline/data/20260201-07-36-39/pig11_depth_vis_20260201-07-38-43.jpg,1
20260201-07-36-39,12,20260201-07-38-52,/Users/akbar/Downloads/paal_pipeline/data/20260201-07-36-39/pig12_rgb_20260201-07-38-52.jpg,/Users/akbar/Downloads/paal_pipeline/data/20260201-07-36-39/pig12_rgb_aligned_20260201-07-38-52.jpg,/Users/akbar/Downloads/paal_pipeline/data/20260201-07-36-39/pig12_ir_vis_20260201-07-38-52.jpg,/Users/akbar/Downloads/paal_pipeline/data/20260201-07-36-39/pig12_depth_vis_20260201-07-38-52.jpg,1
20260201-07-36-39,14,20260201-07-39-10,/Users/akbar/Downloads/paal_pipeline/data/20260201-07-36-39/pig14_rgb_20260201-07-39-10.jpg,/Users/akbar/Downloads/paal_pipeline/data/20260201-07-36-39/pig14_rgb_aligned_20260201-07-39-10.jpg,/Users/akbar/Downloads/paal_pipeline/data/20260201-07-36-39/pig14_ir_vis_20260201-07-39-10.jpg,/Users/akbar/Downloads/paal_pipeline/data/20260201-07-36-39/pig14_depth_vis_20260201-07-39-10.jpg,1
20260201-07-36-39,15,20260201-07-39-19,/Users/akbar/Downloads/paal_pipeline/data/20260201-07-36-39/pig15_rgb_20260201-07-39-19.jpg,/Users/akbar/Downloads/paal_pipeline/data/20260201-07-36-39/pig15_rgb_aligned_20260201-07-39-19.jpg,/Users/akbar/Downloads/paal_pipeline/data/20260201-07-36-39/pig15_ir_vis_20260201-07-39-19.jpg,/Users/akbar/Downloads/paal_pipeline/data/20260201-07-36-39/pig15_depth_vis_20260201-07-39-19.jpg,1
20260201-07-36-39,16,20260201-07-39-28,/Users/akbar/Downloads/paal_pipeline/data/20260201-07-36-39/pig16_rgb_20260201-07-39-28.jpg,/Users/akbar/Downloads/paal_pipeline/data/20260201-07-36-39/pig16_rgb_aligned_20260201-07-39-28.jpg,/Users/akbar/Downloads/paal_pipeline/data/20260201-07-36-39/pig16_ir_vis_20260201-07-39-28.jpg,/Users/akbar/Downloads/paal_pipeline/data/20260201-07-36-39/pig16_depth_vis_20260201-07-39-28.jpg,1
20260201-07-36-39,18,20260201-07-39-45,/Users/akbar/Downloads/paal_pipeline/data/20260201-07-36-39/pig18_rgb_20260201-07-39-45.jpg,/Users/akbar/Downloads/paal_pipeline/data/20260201-07-36-39/pig18_rgb_aligned_20260201-07-39-45.jpg,/Users/akbar/Downloads/paal_pipeline/data/20260201-07-36-39/pig18_ir_vis_20260201-07-39-45.jpg,/Users/akbar/Downloads/paal_pipeline/data/20260201-07-36-39/pig18_depth_vis_20260201-07-39-45.jpg,1
20260201-10-48-31,0,20260201-10-48-58,/Users/akbar/Downloads/paal_pipeline/data/20260201-10-48-31/pig0_rgb_20260201-10-48-58.jpg,/Users/akbar/Downloads/paal_pipeline/data/20260201-10-48-31/pig0_rgb_aligned_20260201-10-48-58.jpg,/Users/akbar/Downloads/paal_pipeline/data/20260201-10-48-31/pig0_ir_vis_20260201-10-48-58.jpg,/Users/akbar/Downloads/paal_pipeline/data/20260201-10-48-31/pig0_depth_vis_20260201-10-48-58.jpg,1
20260201-10-48-31,2,20260201-10-49-16,/Users/akbar/Downloads/paal_pipeline/data/20260201-10-48-31/pig2_rgb_20260201-10-49-16.jpg,/Users/akbar/Downloads/paal_pipeline/data/20260201-10-48-31/pig2_rgb_aligned_20260201-10-49-16.jpg,/Users/akbar/Downloads/paal_pipeline/data/20260201-10-48-31/pig2_ir_vis_20260201-10-49-16.jpg,/Users/akbar/Downloads/paal_pipeline/data/20260201-10-48-31/pig2_depth_vis_20260201-10-49-16.jpg,1
20260201-10-48-31,3,20260201-10-49-25,/Users/akbar/Downloads/paal_pipeline/data/20260201-10-48-31/pig3_rgb_20260201-10-49-25.jpg,/Users/akbar/Downloads/paal_pipeline/data/20260201-10-48-31/pig3_rgb_aligned_20260201-10-49-25.jpg,/Users/akbar/Downloads/paal_pipeline/data/20260201-10-48-31/pig3_ir_vis_20260201-10-49-25.jpg,/Users/akbar/Downloads/paal_pipeline/data/20260201-10-48-31/pig3_depth_vis_20260201-10-49-25.jpg,1
20260201-10-48-31,5,20260201-10-49-42,/Users/akbar/Downloads/paal_pipeline/data/20260201-10-48-31/pig5_rgb_20260201-10-49-42.jpg,/Users/akbar/Downloads/paal_pipeline/data/20260201-10-48-31/pig5_rgb_aligned_20260201-10-49-42.jpg,/Users/akbar/Downloads/paal_pipeline/data/20260201-10-48-31/pig5_ir_vis_20260201-10-49-42.jpg,/Users/akbar/Downloads/paal_pipeline/data/20260201-10-48-31/pig5_depth_vis_20260201-10-49-42.jpg,1
20260201-10-48-31,6,20260201-10-49-51,/Users/akbar/Downloads/paal_pipeline/data/20260201-10-48-31/pig6_rgb_20260201-10-49-51.jpg,/Users/akbar/Downloads/paal_pipeline/data/20260201-10-48-31/pig6_rgb_aligned_20260201-10-49-51.jpg,/Users/akbar/Downloads/paal_pipeline/data/20260201-10-48-31/pig6_ir_vis_20260201-10-49-51.jpg,/Users/akbar/Downloads/paal_pipeline/data/20260201-10-48-31/pig6_depth_vis_20260201-10-49-51.jpg,1
20260201-10-48-31,7,20260201-10-50-00,/Users/akbar/Downloads/paal_pipeline/data/20260201-10-48-31/pig7_rgb_20260201-10-50-00.jpg,/Users/akbar/Downloads/paal_pipeline/data/20260201-10-48-31/pig7_rgb_aligned_20260201-10-50-00.jpg,/Users/akbar/Downloads/paal_pipeline/data/20260201-10-48-31/pig7_ir_vis_20260201-10-50-00.jpg,/Users/akbar/Downloads/paal_pipeline/data/20260201-10-48-31/pig7_depth_vis_20260201-10-50-00.jpg,1
20260201-10-48-31,8,20260201-10-50-09,/Users/akbar/Downloads/paal_pipeline/data/20260201-10-48-31/pig8_rgb_20260201-10-50-09.jpg,/Users/akbar/Downloads/paal_pipeline/data/20260201-10-48-31/pig8_rgb_aligned_20260201-10-50-09.jpg,/Users/akbar/Downloads/paal_pipeline/data/20260201-10-48-31/pig8_ir_vis_20260201-10-50-09.jpg,/Users/akbar/Downloads/paal_pipeline/data/20260201-10-48-31/pig8_depth_vis_20260201-10-50-09.jpg,1
20260201-10-48-31,9,20260201-10-50-18,/Users/akbar/Downloads/paal_pipeline/data/20260201-10-48-31/pig9_rgb_20260201-10-50-18.jpg,/Users/akbar/Downloads/paal_pipeline/data/20260201-10-48-31/pig9_rgb_aligned_20260201-10-50-18.jpg,/Users/akbar/Downloads/paal_pipeline/data/20260201-10-48-31/pig9_ir_vis_20260201-10-50-18.jpg,/Users/akbar/Downloads/paal_pipeline/data/20260201-10-48-31/pig9_depth_vis_20260201-10-50-18.jpg,0
20260201-10-48-31,10,20260201-10-50-27,/Users/akbar/Downloads/paal_pipeline/data/20260201-10-48-31/pig10_rgb_20260201-10-50-27.jpg,/Users/akbar/Downloads/paal_pipeline/data/20260201-10-48-31/pig10_rgb_aligned_20260201-10-50-27.jpg,/Users/akbar/Downloads/paal_pipeline/data/20260201-10-48-31/pig10_ir_vis_20260201-10-50-27.jpg,/Users/akbar/Downloads/paal_pipeline/data/20260201-10-48-31/pig10_depth_vis_20260201-10-50-27.jpg,1
20260201-10-48-31,11,20260201-10-50-36,/Users/akbar/Downloads/paal_pipeline/data/20260201-10-48-31/pig11_rgb_20260201-10-50-36.jpg,/Users/akbar/Downloads/paal_pipeline/data/20260201-10-48-31/pig11_rgb_aligned_20260201-10-50-36.jpg,/Users/akbar/Downloads/paal_pipeline/data/20260201-10-48-31/pig11_ir_vis_20260201-10-50-36.jpg,/Users/akbar/Downloads/paal_pipeline/data/20260201-10-48-31/pig11_depth_vis_20260201-10-50-36.jpg,1
20260201-10-48-31,12,20260201-10-50-45,/Users/akbar/Downloads/paal_pipeline/data/20260201-10-48-31/pig12_rgb_20260201-10-50-45.jpg,/Users/akbar/Downloads/paal_pipeline/data/20260201-10-48-31/pig12_rgb_aligned_20260201-10-50-45.jpg,/Users/akbar/Downloads/paal_pipeline/data/20260201-10-48-31/pig12_ir_vis_20260201-10-50-45.jpg,/Users/akbar/Downloads/paal_pipeline/data/20260201-10-48-31/pig12_depth_vis_20260201-10-50-45.jpg,1
20260201-10-48-31,14,20260201-10-51-02,/Users/akbar/Downloads/paal_pipeline/data/20260201-10-48-31/pig14_rgb_20260201-10-51-02.jpg,/Users/akbar/Downloads/paal_pipeline/data/20260201-10-48-31/pig14_rgb_aligned_20260201-10-51-02.jpg,/Users/akbar/Downloads/paal_pipeline/data/20260201-10-48-31/pig14_ir_vis_20260201-10-51-02.jpg,/Users/akbar/Downloads/paal_pipeline/data/20260201-10-48-31/pig14_depth_vis_20260201-10-51-02.jpg,1
20260201-10-48-31,15,20260201-10-51-12,/Users/akbar/Downloads/paal_pipeline/data/20260201-10-48-31/pig15_rgb_20260201-10-51-12.jpg,/Users/akbar/Downloads/paal_pipeline/data/20260201-10-48-31/pig15_rgb_aligned_20260201-10-51-12.jpg,/Users/akbar/Downloads/paal_pipeline/data/20260201-10-48-31/pig15_ir_vis_20260201-10-51-12.jpg,/Users/akbar/Downloads/paal_pipeline/data/20260201-10-48-31/pig15_depth_vis_20260201-10-51-12.jpg,1
20260201-10-48-31,16,20260201-10-51-20,/Users/akbar/Downloads/paal_pipeline/data/20260201-10-48-31/pig16_rgb_20260201-10-51-20.jpg,/Users/akbar/Downloads/paal_pipeline/data/20260201-10-48-31/pig16_rgb_aligned_20260201-10-51-20.jpg,/Users/akbar/Downloads/paal_pipeline/data/20260201-10-48-31/pig16_ir_vis_20260201-10-51-20.jpg,/Users/akbar/Downloads/paal_pipeline/data/20260201-10-48-31/pig16_depth_vis_20260201-10-51-20.jpg,1
20260201-10-48-31,18,20260201-10-51-38,/Users/akbar/Downloads/paal_pipeline/data/20260201-10-48-31/pig18_rgb_20260201-10-51-38.jpg,/Users/akbar/Downloads/paal_pipeline/data/20260201-10-48-31/pig18_rgb_aligned_20260201-10-51-38.jpg,/Users/akbar/Downloads/paal_pipeline/data/20260201-10-48-31/pig18_ir_vis_20260201-10-51-38.jpg,/Users/akbar/Downloads/paal_pipeline/data/20260201-10-48-31/pig18_depth_vis_20260201-10-51-38.jpg,1
20260201-13-39-05,0,20260201-13-39-31,/Users/akbar/Downloads/paal_pipeline/data/20260201-13-39-05/pig0_rgb_20260201-13-39-31.jpg,/Users/akbar/Downloads/paal_pipeline/data/20260201-13-39-05/pig0_rgb_aligned_20260201-13-39-31.jpg,/Users/akbar/Downloads/paal_pipeline/data/20260201-13-39-05/pig0_ir_vis_20260201-13-39-31.jpg,/Users/akbar/Downloads/paal_pipeline/data/20260201-13-39-05/pig0_depth_vis_20260201-13-39-31.jpg,1
20260201-13-39-05,2,20260201-13-39-49,/Users/akbar/Downloads/paal_pipeline/data/20260201-13-39-05/pig2_rgb_20260201-13-39-49.jpg,/Users/akbar/Downloads/paal_pipeline/data/20260201-13-39-05/pig2_rgb_aligned_20260201-13-39-49.jpg,/Users/akbar/Downloads/paal_pipeline/data/20260201-13-39-05/pig2_ir_vis_20260201-13-39-49.jpg,/Users/akbar/Downloads/paal_pipeline/data/20260201-13-39-05/pig2_depth_vis_20260201-13-39-49.jpg,1
20260201-13-39-05,3,20260201-13-39-58,/Users/akbar/Downloads/paal_pipeline/data/20260201-13-39-05/pig3_rgb_20260201-13-39-58.jpg,/Users/akbar/Downloads/paal_pipeline/data/20260201-13-39-05/pig3_rgb_aligned_20260201-13-39-58.jpg,/Users/akbar/Downloads/paal_pipeline/data/20260201-13-39-05/pig3_ir_vis_20260201-13-39-58.jpg,/Users/akbar/Downloads/paal_pipeline/data/20260201-13-39-05/pig3_depth_vis_20260201-13-39-58.jpg,1
20260201-13-39-05,5,20260201-13-40-16,/Users/akbar/Downloads/paal_pipeline/data/20260201-13-39-05/pig5_rgb_20260201-13-40-16.jpg,/Users/akbar/Downloads/paal_pipeline/data/20260201-13-39-05/pig5_rgb_aligned_20260201-13-40-16.jpg,/Users/akbar/Downloads/paal_pipeline/data/20260201-13-39-05/pig5_ir_vis_20260201-13-40-16.jpg,/Users/akbar/Downloads/paal_pipeline/data/20260201-13-39-05/pig5_depth_vis_20260201-13-40-16.jpg,1
20260201-13-39-05,6,20260201-13-40-25,/Users/akbar/Downloads/paal_pipeline/data/20260201-13-39-05/pig6_rgb_20260201-13-40-25.jpg,/Users/akbar/Downloads/paal_pipeline/data/20260201-13-39-05/pig6_rgb_aligned_20260201-13-40-25.jpg,/Users/akbar/Downloads/paal_pipeline/data/20260201-13-39-05/pig6_ir_vis_20260201-13-40-25.jpg,/Users/akbar/Downloads/paal_pipeline/data/20260201-13-39-05/pig6_depth_vis_20260201-13-40-25.jpg,1
20260201-13-39-05,7,20260201-13-40-34,/Users/akbar/Downloads/paal_pipeline/data/20260201-13-39-05/pig7_rgb_20260201-13-40-34.jpg,/Users/akbar/Downloads/paal_pipeline/data/20260201-13-39-05/pig7_rgb_aligned_20260201-13-40-34.jpg,/Users/akbar/Downloads/paal_pipeline/data/20260201-13-39-05/pig7_ir_vis_20260201-13-40-34.jpg,/Users/akbar/Downloads/paal_pipeline/data/20260201-13-39-05/pig7_depth_vis_20260201-13-40-34.jpg,1
20260201-13-39-05,8,20260201-13-40-43,/Users/akbar/Downloads/paal_pipeline/data/20260201-13-39-05/pig8_rgb_20260201-13-40-43.jpg,/Users/akbar/Downloads/paal_pipeline/data/20260201-13-39-05/pig8_rgb_aligned_20260201-13-40-43.jpg,/Users/akbar/Downloads/paal_pipeline/data/20260201-13-39-05/pig8_ir_vis_20260201-13-40-43.jpg,/Users/akbar/Downloads/paal_pipeline/data/20260201-13-39-05/pig8_depth_vis_20260201-13-40-43.jpg,1
20260201-13-39-05,9,20260201-13-40-51,/Users/akbar/Downloads/paal_pipeline/data/20260201-13-39-05/pig9_rgb_20260201-13-40-51.jpg,/Users/akbar/Downloads/paal_pipeline/data/20260201-13-39-05/pig9_rgb_aligned_20260201-13-40-51.jpg,/Users/akbar/Downloads/paal_pipeline/data/20260201-13-39-05/pig9_ir_vis_20260201-13-40-51.jpg,/Users/akbar/Downloads/paal_pipeline/data/20260201-13-39-05/pig9_depth_vis_20260201-13-40-51.jpg,0
20260201-13-39-05,10,20260201-13-41-00,/Users/akbar/Downloads/paal_pipeline/data/20260201-13-39-05/pig10_rgb_20260201-13-41-00.jpg,/Users/akbar/Downloads/paal_pipeline/data/20260201-13-39-05/pig10_rgb_aligned_20260201-13-41-00.jpg,/Users/akbar/Downloads/paal_pipeline/data/20260201-13-39-05/pig10_ir_vis_20260201-13-41-00.jpg,/Users/akbar/Downloads/paal_pipeline/data/20260201-13-39-05/pig10_depth_vis_20260201-13-41-00.jpg,1
20260201-13-39-05,11,20260201-13-41-09,/Users/akbar/Downloads/paal_pipeline/data/20260201-13-39-05/pig11_rgb_20260201-13-41-09.jpg,/Users/akbar/Downloads/paal_pipeline/data/20260201-13-39-05/pig11_rgb_aligned_20260201-13-41-09.jpg,/Users/akbar/Downloads/paal_pipeline/data/20260201-13-39-05/pig11_ir_vis_20260201-13-41-09.jpg,/Users/akbar/Downloads/paal_pipeline/data/20260201-13-39-05/pig11_depth_vis_20260201-13-41-09.jpg,1
20260201-13-39-05,12,20260201-13-41-18,/Users/akbar/Downloads/paal_pipeline/data/20260201-13-39-05/pig12_rgb_20260201-13-41-18.jpg,/Users/akbar/Downloads/paal_pipeline/data/20260201-13-39-05/pig12_rgb_aligned_20260201-13-41-18.jpg,/Users/akbar/Downloads/paal_pipeline/data/20260201-13-39-05/pig12_ir_vis_20260201-13-41-18.jpg,/Users/akbar/Downloads/paal_pipeline/data/20260201-13-39-05/pig12_depth_vis_20260201-13-41-18.jpg,1
20260201-13-39-05,14,20260201-13-41-36,/Users/akbar/Downloads/paal_pipeline/data/20260201-13-39-05/pig14_rgb_20260201-13-41-36.jpg,/Users/akbar/Downloads/paal_pipeline/data/20260201-13-39-05/pig14_rgb_aligned_20260201-13-41-36.jpg,/Users/akbar/Downloads/paal_pipeline/data/20260201-13-39-05/pig14_ir_vis_20260201-13-41-36.jpg,/Users/akbar/Downloads/paal_pipeline/data/20260201-13-39-05/pig14_depth_vis_20260201-13-41-36.jpg,1
20260201-13-39-05,15,20260201-13-41-45,/Users/akbar/Downloads/paal_pipeline/data/20260201-13-39-05/pig15_rgb_20260201-13-41-45.jpg,/Users/akbar/Downloads/paal_pipeline/data/20260201-13-39-05/pig15_rgb_aligned_20260201-13-41-45.jpg,/Users/akbar/Downloads/paal_pipeline/data/20260201-13-39-05/pig15_ir_vis_20260201-13-41-45.jpg,/Users/akbar/Downloads/paal_pipeline/data/20260201-13-39-05/pig15_depth_vis_20260201-13-41-45.jpg,1
20260201-13-39-05,16,20260201-13-41-54,/Users/akbar/Downloads/paal_pipeline/data/20260201-13-39-05/pig16_rgb_20260201-13-41-54.jpg,/Users/akbar/Downloads/paal_pipeline/data/20260201-13-39-05/pig16_rgb_aligned_20260201-13-41-54.jpg,/Users/akbar/Downloads/paal_pipeline/data/20260201-13-39-05/pig16_ir_vis_20260201-13-41-54.jpg,/Users/akbar/Downloads/paal_pipeline/data/20260201-13-39-05/pig16_depth_vis_20260201-13-41-54.jpg,1
20260201-13-39-05,18,20260201-13-42-11,/Users/akbar/Downloads/paal_pipeline/data/20260201-13-39-05/pig18_rgb_20260201-13-42-11.jpg,/Users/akbar/Downloads/paal_pipeline/data/20260201-13-39-05/pig18_rgb_aligned_20260201-13-42-11.jpg,/Users/akbar/Downloads/paal_pipeline/data/20260201-13-39-05/pig18_ir_vis_20260201-13-42-11.jpg,/Users/akbar/Downloads/paal_pipeline/data/20260201-13-39-05/pig18_depth_vis_20260201-13-42-11.jpg,1
20260201-16-40-17,0,20260201-16-40-44,/Users/akbar/Downloads/paal_pipeline/data/20260201-16-40-17/pig0_rgb_20260201-16-40-44.jpg,/Users/akbar/Downloads/paal_pipeline/data/20260201-16-40-17/pig0_rgb_aligned_20260201-16-40-44.jpg,/Users/akbar/Downloads/paal_pipeline/data/20260201-16-40-17/pig0_ir_vis_20260201-16-40-44.jpg,/Users/akbar/Downloads/paal_pipeline/data/20260201-16-40-17/pig0_depth_vis_20260201-16-40-44.jpg,1
20260201-16-40-17,2,20260201-16-41-02,/Users/akbar/Downloads/paal_pipeline/data/20260201-16-40-17/pig2_rgb_20260201-16-41-02.jpg,/Users/akbar/Downloads/paal_pipeline/data/20260201-16-40-17/pig2_rgb_aligned_20260201-16-41-02.jpg,/Users/akbar/Downloads/paal_pipeline/data/20260201-16-40-17/pig2_ir_vis_20260201-16-41-02.jpg,/Users/akbar/Downloads/paal_pipeline/data/20260201-16-40-17/pig2_depth_vis_20260201-16-41-02.jpg,1
20260201-16-40-17,3,20260201-16-41-11,/Users/akbar/Downloads/paal_pipeline/data/20260201-16-40-17/pig3_rgb_20260201-16-41-11.jpg,/Users/akbar/Downloads/paal_pipeline/data/20260201-16-40-17/pig3_rgb_aligned_20260201-16-41-11.jpg,/Users/akbar/Downloads/paal_pipeline/data/20260201-16-40-17/pig3_ir_vis_20260201-16-41-11.jpg,/Users/akbar/Downloads/paal_pipeline/data/20260201-16-40-17/pig3_depth_vis_20260201-16-41-11.jpg,1
20260201-16-40-17,4,20260201-16-41-19,/Users/akbar/Downloads/paal_pipeline/data/20260201-16-40-17/pig4_rgb_20260201-16-41-19.jpg,/Users/akbar/Downloads/paal_pipeline/data/20260201-16-40-17/pig4_rgb_aligned_20260201-16-41-19.jpg,/Users/akbar/Downloads/paal_pipeline/data/20260201-16-40-17/pig4_ir_vis_20260201-16-41-19.jpg,/Users/akbar/Downloads/paal_pipeline/data/20260201-16-40-17/pig4_depth_vis_20260201-16-41-19.jpg,1
20260201-16-40-17,5,20260201-16-41-28,/Users/akbar/Downloads/paal_pipeline/data/20260201-16-40-17/pig5_rgb_20260201-16-41-28.jpg,/Users/akbar/Downloads/paal_pipeline/data/20260201-16-40-17/pig5_rgb_aligned_20260201-16-41-28.jpg,/Users/akbar/Downloads/paal_pipeline/data/20260201-16-40-17/pig5_ir_vis_20260201-16-41-28.jpg,/Users/akbar/Downloads/paal_pipeline/data/20260201-16-40-17/pig5_depth_vis_20260201-16-41-28.jpg,1
20260201-16-40-17,6,20260201-16-41-37,/Users/akbar/Downloads/paal_pipeline/data/20260201-16-40-17/pig6_rgb_20260201-16-41-37.jpg,/Users/akbar/Downloads/paal_pipeline/data/20260201-16-40-17/pig6_rgb_aligned_20260201-16-41-37.jpg,/Users/akbar/Downloads/paal_pipeline/data/20260201-16-40-17/pig6_ir_vis_20260201-16-41-37.jpg,/Users/akbar/Downloads/paal_pipeline/data/20260201-16-40-17/pig6_depth_vis_20260201-16-41-37.jpg,1
20260201-16-40-17,7,20260201-16-41-46,/Users/akbar/Downloads/paal_pipeline/data/20260201-16-40-17/pig7_rgb_20260201-16-41-46.jpg,/Users/akbar/Downloads/paal_pipeline/data/20260201-16-40-17/pig7_rgb_aligned_20260201-16-41-46.jpg,/Users/akbar/Downloads/paal_pipeline/data/20260201-16-40-17/pig7_ir_vis_20260201-16-41-46.jpg,/Users/akbar/Downloads/paal_pipeline/data/20260201-16-40-17/pig7_depth_vis_20260201-16-41-46.jpg,1
20260201-16-40-17,8,20260201-16-41-55,/Users/akbar/Downloads/paal_pipeline/data/20260201-16-40-17/pig8_rgb_20260201-16-41-55.jpg,/Users/akbar/Downloads/paal_pipeline/data/20260201-16-40-17/pig8_rgb_aligned_20260201-16-41-55.jpg,/Users/akbar/Downloads/paal_pipeline/data/20260201-16-40-17/pig8_ir_vis_20260201-16-41-55.jpg,/Users/akbar/Downloads/paal_pipeline/data/20260201-16-40-17/pig8_depth_vis_20260201-16-41-55.jpg,1
20260201-16-40-17,9,20260201-16-42-04,/Users/akbar/Downloads/paal_pipeline/data/20260201-16-40-17/pig9_rgb_20260201-16-42-04.jpg,/Users/akbar/Downloads/paal_pipeline/data/20260201-16-40-17/pig9_rgb_aligned_20260201-16-42-04.jpg,/Users/akbar/Downloads/paal_pipeline/data/20260201-16-40-17/pig9_ir_vis_20260201-16-42-04.jpg,/Users/akbar/Downloads/paal_pipeline/data/20260201-16-40-17/pig9_depth_vis_20260201-16-42-04.jpg,1
20260201-16-40-17,10,20260201-16-42-13,/Users/akbar/Downloads/paal_pipeline/data/20260201-16-40-17/pig10_rgb_20260201-16-42-13.jpg,/Users/akbar/Downloads/paal_pipeline/data/20260201-16-40-17/pig10_rgb_aligned_20260201-16-42-13.jpg,/Users/akbar/Downloads/paal_pipeline/data/20260201-16-40-17/pig10_ir_vis_20260201-16-42-13.jpg,/Users/akbar/Downloads/paal_pipeline/data/20260201-16-40-17/pig10_depth_vis_20260201-16-42-13.jpg,1
20260201-16-40-17,11,20260201-16-42-22,/Users/akbar/Downloads/paal_pipeline/data/20260201-16-40-17/pig11_rgb_20260201-16-42-22.jpg,/Users/akbar/Downloads/paal_pipeline/data/20260201-16-40-17/pig11_rgb_aligned_20260201-16-42-22.jpg,/Users/akbar/Downloads/paal_pipeline/data/20260201-16-40-17/pig11_ir_vis_20260201-16-42-22.jpg,/Users/akbar/Downloads/paal_pipeline/data/20260201-16-40-17/pig11_depth_vis_20260201-16-42-22.jpg,1
20260201-16-40-17,12,20260201-16-42-31,/Users/akbar/Downloads/paal_pipeline/data/20260201-16-40-17/pig12_rgb_20260201-16-42-31.jpg,/Users/akbar/Downloads/paal_pipeline/data/20260201-16-40-17/pig12_rgb_aligned_20260201-16-42-31.jpg,/Users/akbar/Downloads/paal_pipeline/data/20260201-16-40-17/pig12_ir_vis_20260201-16-42-31.jpg,/Users/akbar/Downloads/paal_pipeline/data/20260201-16-40-17/pig12_depth_vis_20260201-16-42-31.jpg,1
20260201-16-40-17,14,20260201-16-42-48,/Users/akbar/Downloads/paal_pipeline/data/20260201-16-40-17/pig14_rgb_20260201-16-42-48.jpg,/Users/akbar/Downloads/paal_pipeline/data/20260201-16-40-17/pig14_rgb_aligned_20260201-16-42-48.jpg,/Users/akbar/Downloads/paal_pipeline/data/20260201-16-40-17/pig14_ir_vis_20260201-16-42-48.jpg,/Users/akbar/Downloads/paal_pipeline/data/20260201-16-40-17/pig14_depth_vis_20260201-16-42-48.jpg,1
20260201-16-40-17,15,20260201-16-42-58,/Users/akbar/Downloads/paal_pipeline/data/20260201-16-40-17/pig15_rgb_20260201-16-42-58.jpg,/Users/akbar/Downloads/paal_pipeline/data/20260201-16-40-17/pig15_rgb_aligned_20260201-16-42-58.jpg,/Users/akbar/Downloads/paal_pipeline/data/20260201-16-40-17/pig15_ir_vis_20260201-16-42-58.jpg,/Users/akbar/Downloads/paal_pipeline/data/20260201-16-40-17/pig15_depth_vis_20260201-16-42-58.jpg,1
20260201-16-40-17,16,20260201-16-43-06,/Users/akbar/Downloads/paal_pipeline/data/20260201-16-40-17/pig16_rgb_20260201-16-43-06.jpg,/Users/akbar/Downloads/paal_pipeline/data/20260201-16-40-17/pig16_rgb_aligned_20260201-16-43-06.jpg,/Users/akbar/Downloads/paal_pipeline/data/20260201-16-40-17/pig16_ir_vis_20260201-16-43-06.jpg,/Users/akbar/Downloads/paal_pipeline/data/20260201-16-40-17/pig16_depth_vis_20260201-16-43-06.jpg,1
20260201-16-40-17,18,20260201-16-43-24,/Users/akbar/Downloads/paal_pipeline/data/20260201-16-40-17/pig18_rgb_20260201-16-43-24.jpg,/Users/akbar/Downloads/paal_pipeline/data/20260201-16-40-17/pig18_rgb_aligned_20260201-16-43-24.jpg,/Users/akbar/Downloads/paal_pipeline/data/20260201-16-40-17/pig18_ir_vis_20260201-16-43-24.jpg,/Users/akbar/Downloads/paal_pipeline/data/20260201-16-40-17/pig18_depth_vis_20260201-16-43-24.jpg,1
20260201-19-52-10,0,20260201-19-52-36,/Users/akbar/Downloads/paal_pipeline/data/20260201-19-52-10/pig0_rgb_20260201-19-52-36.jpg,/Users/akbar/Downloads/paal_pipeline/data/20260201-19-52-10/pig0_rgb_aligned_20260201-19-52-36.jpg,/Users/akbar/Downloads/paal_pipeline/data/20260201-19-52-10/pig0_ir_vis_20260201-19-52-36.jpg,/Users/akbar/Downloads/paal_pipeline/data/20260201-19-52-10/pig0_depth_vis_20260201-19-52-36.jpg,0
20260201-19-52-10,2,20260201-19-52-54,/Users/akbar/Downloads/paal_pipeline/data/20260201-19-52-10/pig2_rgb_20260201-19-52-54.jpg,/Users/akbar/Downloads/paal_pipeline/data/20260201-19-52-10/pig2_rgb_aligned_20260201-19-52-54.jpg,/Users/akbar/Downloads/paal_pipeline/data/20260201-19-52-10/pig2_ir_vis_20260201-19-52-54.jpg,/Users/akbar/Downloads/paal_pipeline/data/20260201-19-52-10/pig2_depth_vis_20260201-19-52-54.jpg,0
20260201-19-52-10,3,20260201-19-53-03,/Users/akbar/Downloads/paal_pipeline/data/20260201-19-52-10/pig3_rgb_20260201-19-53-03.jpg,/Users/akbar/Downloads/paal_pipeline/data/20260201-19-52-10/pig3_rgb_aligned_20260201-19-53-03.jpg,/Users/akbar/Downloads/paal_pipeline/data/20260201-19-52-10/pig3_ir_vis_20260201-19-53-03.jpg,/Users/akbar/Downloads/paal_pipeline/data/20260201-19-52-10/pig3_depth_vis_20260201-19-53-03.jpg,0
20260201-19-52-10,4,20260201-19-53-12,/Users/akbar/Downloads/paal_pipeline/data/20260201-19-52-10/pig4_rgb_20260201-19-53-12.jpg,/Users/akbar/Downloads/paal_pipeline/data/20260201-19-52-10/pig4_rgb_aligned_20260201-19-53-12.jpg,/Users/akbar/Downloads/paal_pipeline/data/20260201-19-52-10/pig4_ir_vis_20260201-19-53-12.jpg,/Users/akbar/Downloads/paal_pipeline/data/20260201-19-52-10/pig4_depth_vis_20260201-19-53-12.jpg,0
20260201-19-52-10,5,20260201-19-53-21,/Users/akbar/Downloads/paal_pipeline/data/20260201-19-52-10/pig5_rgb_20260201-19-53-21.jpg,/Users/akbar/Downloads/paal_pipeline/data/20260201-19-52-10/pig5_rgb_aligned_20260201-19-53-21.jpg,/Users/akbar/Downloads/paal_pipeline/data/20260201-19-52-10/pig5_ir_vis_20260201-19-53-21.jpg,/Users/akbar/Downloads/paal_pipeline/data/20260201-19-52-10/pig5_depth_vis_20260201-19-53-21.jpg,1
20260201-19-52-10,6,20260201-19-53-30,/Users/akbar/Downloads/paal_pipeline/data/20260201-19-52-10/pig6_rgb_20260201-19-53-30.jpg,/Users/akbar/Downloads/paal_pipeline/data/20260201-19-52-10/pig6_rgb_aligned_20260201-19-53-30.jpg,/Users/akbar/Downloads/paal_pipeline/data/20260201-19-52-10/pig6_ir_vis_20260201-19-53-30.jpg,/Users/akbar/Downloads/paal_pipeline/data/20260201-19-52-10/pig6_depth_vis_20260201-19-53-30.jpg,0
20260201-19-52-10,7,20260201-19-53-39,/Users/akbar/Downloads/paal_pipeline/data/20260201-19-52-10/pig7_rgb_20260201-19-53-39.jpg,/Users/akbar/Downloads/paal_pipeline/data/20260201-19-52-10/pig7_rgb_aligned_20260201-19-53-39.jpg,/Users/akbar/Downloads/paal_pipeline/data/20260201-19-52-10/pig7_ir_vis_20260201-19-53-39.jpg,/Users/akbar/Downloads/paal_pipeline/data/20260201-19-52-10/pig7_depth_vis_20260201-19-53-39.jpg,1
20260201-19-52-10,8,20260201-19-53-48,/Users/akbar/Downloads/paal_pipeline/data/20260201-19-52-10/pig8_rgb_20260201-19-53-48.jpg,/Users/akbar/Downloads/paal_pipeline/data/20260201-19-52-10/pig8_rgb_aligned_20260201-19-53-48.jpg,/Users/akbar/Downloads/paal_pipeline/data/20260201-19-52-10/pig8_ir_vis_20260201-19-53-48.jpg,/Users/akbar/Downloads/paal_pipeline/data/20260201-19-52-10/pig8_depth_vis_20260201-19-53-48.jpg,1
20260201-19-52-10,9,20260201-19-53-56,/Users/akbar/Downloads/paal_pipeline/data/20260201-19-52-10/pig9_rgb_20260201-19-53-56.jpg,/Users/akbar/Downloads/paal_pipeline/data/20260201-19-52-10/pig9_rgb_aligned_20260201-19-53-56.jpg,/Users/akbar/Downloads/paal_pipeline/data/20260201-19-52-10/pig9_ir_vis_20260201-19-53-56.jpg,/Users/akbar/Downloads/paal_pipeline/data/20260201-19-52-10/pig9_depth_vis_20260201-19-53-56.jpg,0
20260201-19-52-10,10,20260201-19-54-05,/Users/akbar/Downloads/paal_pipeline/data/20260201-19-52-10/pig10_rgb_20260201-19-54-05.jpg,/Users/akbar/Downloads/paal_pipeline/data/20260201-19-52-10/pig10_rgb_aligned_20260201-19-54-05.jpg,/Users/akbar/Downloads/paal_pipeline/data/20260201-19-52-10/pig10_ir_vis_20260201-19-54-05.jpg,/Users/akbar/Downloads/paal_pipeline/data/20260201-19-52-10/pig10_depth_vis_20260201-19-54-05.jpg,1
20260201-19-52-10,11,20260201-19-54-14,/Users/akbar/Downloads/paal_pipeline/data/20260201-19-52-10/pig11_rgb_20260201-19-54-14.jpg,/Users/akbar/Downloads/paal_pipeline/data/20260201-19-52-10/pig11_rgb_aligned_20260201-19-54-14.jpg,/Users/akbar/Downloads/paal_pipeline/data/20260201-19-52-10/pig11_ir_vis_20260201-19-54-14.jpg,/Users/akbar/Downloads/paal_pipeline/data/20260201-19-52-10/pig11_depth_vis_20260201-19-54-14.jpg,1
20260201-19-52-10,12,20260201-19-54-23,/Users/akbar/Downloads/paal_pipeline/data/20260201-19-52-10/pig12_rgb_20260201-19-54-23.jpg,/Users/akbar/Downloads/paal_pipeline/data/20260201-19-52-10/pig12_rgb_aligned_20260201-19-54-23.jpg,/Users/akbar/Downloads/paal_pipeline/data/20260201-19-52-10/pig12_ir_vis_20260201-19-54-23.jpg,/Users/akbar/Downloads/paal_pipeline/data/20260201-19-52-10/pig12_depth_vis_20260201-19-54-23.jpg,0
20260201-19-52-10,14,20260201-19-54-41,/Users/akbar/Downloads/paal_pipeline/data/20260201-19-52-10/pig14_rgb_20260201-19-54-41.jpg,/Users/akbar/Downloads/paal_pipeline/data/20260201-19-52-10/pig14_rgb_aligned_20260201-19-54-41.jpg,/Users/akbar/Downloads/paal_pipeline/data/20260201-19-52-10/pig14_ir_vis_20260201-19-54-41.jpg,/Users/akbar/Downloads/paal_pipeline/data/20260201-19-52-10/pig14_depth_vis_20260201-19-54-41.jpg,1
20260201-19-52-10,15,20260201-19-54-50,/Users/akbar/Downloads/paal_pipeline/data/20260201-19-52-10/pig15_rgb_20260201-19-54-50.jpg,/Users/akbar/Downloads/paal_pipeline/data/20260201-19-52-10/pig15_rgb_aligned_20260201-19-54-50.jpg,/Users/akbar/Downloads/paal_pipeline/data/20260201-19-52-10/pig15_ir_vis_20260201-19-54-50.jpg,/Users/akbar/Downloads/paal_pipeline/data/20260201-19-52-10/pig15_depth_vis_20260201-19-54-50.jpg,1
20260201-19-52-10,16,20260201-19-54-59,/Users/akbar/Downloads/paal_pipeline/data/20260201-19-52-10/pig16_rgb_20260201-19-54-59.jpg,/Users/akbar/Downloads/paal_pipeline/data/20260201-19-52-10/pig16_rgb_aligned_20260201-19-54-59.jpg,/Users/akbar/Downloads/paal_pipeline/data/20260201-19-52-10/pig16_ir_vis_20260201-19-54-59.jpg,/Users/akbar/Downloads/paal_pipeline/data/20260201-19-52-10/pig16_depth_vis_20260201-19-54-59.jpg,1
20260201-23-25-18,0,20260201-23-25-45,/Users/akbar/Downloads/paal_pipeline/data/20260201-23-25-18/pig0_rgb_20260201-23-25-45.jpg,/Users/akbar/Downloads/paal_pipeline/data/20260201-23-25-18/pig0_rgb_aligned_20260201-23-25-45.jpg,/Users/akbar/Downloads/paal_pipeline/data/20260201-23-25-18/pig0_ir_vis_20260201-23-25-45.jpg,/Users/akbar/Downloads/paal_pipeline/data/20260201-23-25-18/pig0_depth_vis_20260201-23-25-45.jpg,0
20260201-23-25-18,2,20260201-23-26-02,/Users/akbar/Downloads/paal_pipeline/data/20260201-23-25-18/pig2_rgb_20260201-23-26-02.jpg,/Users/akbar/Downloads/paal_pipeline/data/20260201-23-25-18/pig2_rgb_aligned_20260201-23-26-02.jpg,/Users/akbar/Downloads/paal_pipeline/data/20260201-23-25-18/pig2_ir_vis_20260201-23-26-02.jpg,/Users/akbar/Downloads/paal_pipeline/data/20260201-23-25-18/pig2_depth_vis_20260201-23-26-02.jpg,0
20260201-23-25-18,3,20260201-23-26-11,/Users/akbar/Downloads/paal_pipeline/data/20260201-23-25-18/pig3_rgb_20260201-23-26-11.jpg,/Users/akbar/Downloads/paal_pipeline/data/20260201-23-25-18/pig3_rgb_aligned_20260201-23-26-11.jpg,/Users/akbar/Downloads/paal_pipeline/data/20260201-23-25-18/pig3_ir_vis_20260201-23-26-11.jpg,/Users/akbar/Downloads/paal_pipeline/data/20260201-23-25-18/pig3_depth_vis_20260201-23-26-11.jpg,0
20260201-23-25-18,4,20260201-23-26-20,/Users/akbar/Downloads/paal_pipeline/data/20260201-23-25-18/pig4_rgb_20260201-23-26-20.jpg,/Users/akbar/Downloads/paal_pipeline/data/20260201-23-25-18/pig4_rgb_aligned_20260201-23-26-20.jpg,/Users/akbar/Downloads/paal_pipeline/data/20260201-23-25-18/pig4_ir_vis_20260201-23-26-20.jpg,/Users/akbar/Downloads/paal_pipeline/data/20260201-23-25-18/pig4_depth_vis_20260201-23-26-20.jpg,0
20260201-23-25-18,5,20260201-23-26-29,/Users/akbar/Downloads/paal_pipeline/data/20260201-23-25-18/pig5_rgb_20260201-23-26-29.jpg,/Users/akbar/Downloads/paal_pipeline/data/20260201-23-25-18/pig5_rgb_aligned_20260201-23-26-29.jpg,/Users/akbar/Downloads/paal_pipeline/data/20260201-23-25-18/pig5_ir_vis_20260201-23-26-29.jpg,/Users/akbar/Downloads/paal_pipeline/data/20260201-23-25-18/pig5_depth_vis_20260201-23-26-29.jpg,0
20260201-23-25-18,6,20260201-23-26-38,/Users/akbar/Downloads/paal_pipeline/data/20260201-23-25-18/pig6_rgb_20260201-23-26-38.jpg,/Users/akbar/Downloads/paal_pipeline/data/20260201-23-25-18/pig6_rgb_aligned_20260201-23-26-38.jpg,/Users/akbar/Downloads/paal_pipeline/data/20260201-23-25-18/pig6_ir_vis_20260201-23-26-38.jpg,/Users/akbar/Downloads/paal_pipeline/data/20260201-23-25-18/pig6_depth_vis_20260201-23-26-38.jpg,0
20260201-23-25-18,7,20260201-23-26-47,/Users/akbar/Downloads/paal_pipeline/data/20260201-23-25-18/pig7_rgb_20260201-23-26-47.jpg,/Users/akbar/Downloads/paal_pipeline/data/20260201-23-25-18/pig7_rgb_aligned_20260201-23-26-47.jpg,/Users/akbar/Downloads/paal_pipeline/data/20260201-23-25-18/pig7_ir_vis_20260201-23-26-47.jpg,/Users/akbar/Downloads/paal_pipeline/data/20260201-23-25-18/pig7_depth_vis_20260201-23-26-47.jpg,0
20260201-23-25-18,8,20260201-23-26-56,/Users/akbar/Downloads/paal_pipeline/data/20260201-23-25-18/pig8_rgb_20260201-23-26-56.jpg,/Users/akbar/Downloads/paal_pipeline/data/20260201-23-25-18/pig8_rgb_aligned_20260201-23-26-56.jpg,/Users/akbar/Downloads/paal_pipeline/data/20260201-23-25-18/pig8_ir_vis_20260201-23-26-56.jpg,/Users/akbar/Downloads/paal_pipeline/data/20260201-23-25-18/pig8_depth_vis_20260201-23-26-56.jpg,0
20260201-23-25-18,9,20260201-23-27-05,/Users/akbar/Downloads/paal_pipeline/data/20260201-23-25-18/pig9_rgb_20260201-23-27-05.jpg,/Users/akbar/Downloads/paal_pipeline/data/20260201-23-25-18/pig9_rgb_aligned_20260201-23-27-05.jpg,/Users/akbar/Downloads/paal_pipeline/data/20260201-23-25-18/pig9_ir_vis_20260201-23-27-05.jpg,/Users/akbar/Downloads/paal_pipeline/data/20260201-23-25-18/pig9_depth_vis_20260201-23-27-05.jpg,0
20260201-23-25-18,10,20260201-23-27-14,/Users/akbar/Downloads/paal_pipeline/data/20260201-23-25-18/pig10_rgb_20260201-23-27-14.jpg,/Users/akbar/Downloads/paal_pipeline/data/20260201-23-25-18/pig10_rgb_aligned_20260201-23-27-14.jpg,/Users/akbar/Downloads/paal_pipeline/data/20260201-23-25-18/pig10_ir_vis_20260201-23-27-14.jpg,/Users/akbar/Downloads/paal_pipeline/data/20260201-23-25-18/pig10_depth_vis_20260201-23-27-14.jpg,0
20260201-23-25-18,11,20260201-23-27-23,/Users/akbar/Downloads/paal_pipeline/data/20260201-23-25-18/pig11_rgb_20260201-23-27-23.jpg,/Users/akbar/Downloads/paal_pipeline/data/20260201-23-25-18/pig11_rgb_aligned_20260201-23-27-23.jpg,/Users/akbar/Downloads/paal_pipeline/data/20260201-23-25-18/pig11_ir_vis_20260201-23-27-23.jpg,/Users/akbar/Downloads/paal_pipeline/data/20260201-23-25-18/pig11_depth_vis_20260201-23-27-23.jpg,0
20260201-23-25-18,12,20260201-23-27-32,/Users/akbar/Downloads/paal_pipeline/data/20260201-23-25-18/pig12_rgb_20260201-23-27-32.jpg,/Users/akbar/Downloads/paal_pipeline/data/20260201-23-25-18/pig12_rgb_aligned_20260201-23-27-32.jpg,/Users/akbar/Downloads/paal_pipeline/data/20260201-23-25-18/pig12_ir_vis_20260201-23-27-32.jpg,/Users/akbar/Downloads/paal_pipeline/data/20260201-23-25-18/pig12_depth_vis_20260201-23-27-32.jpg,0
20260201-23-25-18,14,20260201-23-27-49,/Users/akbar/Downloads/paal_pipeline/data/20260201-23-25-18/pig14_rgb_20260201-23-27-49.jpg,/Users/akbar/Downloads/paal_pipeline/data/20260201-23-25-18/pig14_rgb_aligned_20260201-23-27-49.jpg,/Users/akbar/Downloads/paal_pipeline/data/20260201-23-25-18/pig14_ir_vis_20260201-23-27-49.jpg,/Users/akbar/Downloads/paal_pipeline/data/20260201-23-25-18/pig14_depth_vis_20260201-23-27-49.jpg,0
20260201-23-25-18,15,20260201-23-27-59,/Users/akbar/Downloads/paal_pipeline/data/20260201-23-25-18/pig15_rgb_20260201-23-27-59.jpg,/Users/akbar/Downloads/paal_pipeline/data/20260201-23-25-18/pig15_rgb_aligned_20260201-23-27-59.jpg,/Users/akbar/Downloads/paal_pipeline/data/20260201-23-25-18/pig15_ir_vis_20260201-23-27-59.jpg,/Users/akbar/Downloads/paal_pipeline/data/20260201-23-25-18/pig15_depth_vis_20260201-23-27-59.jpg,0
20260201-23-25-18,16,20260201-23-28-07,/Users/akbar/Downloads/paal_pipeline/data/20260201-23-25-18/pig16_rgb_20260201-23-28-07.jpg,/Users/akbar/Downloads/paal_pipeline/data/20260201-23-25-18/pig16_rgb_aligned_20260201-23-28-07.jpg,/Users/akbar/Downloads/paal_pipeline/data/20260201-23-25-18/pig16_ir_vis_20260201-23-28-07.jpg,/Users/akbar/Downloads/paal_pipeline/data/20260201-23-25-18/pig16_depth_vis_20260201-23-28-07.jpg,0
20260201-23-25-18,18,20260201-23-28-25,/Users/akbar/Downloads/paal_pipeline/data/20260201-23-25-18/pig18_rgb_20260201-23-28-25.jpg,/Users/akbar/Downloads/paal_pipeline/data/20260201-23-25-18/pig18_rgb_aligned_20260201-23-28-25.jpg,/Users/akbar/Downloads/paal_pipeline/data/20260201-23-25-18/pig18_ir_vis_20260201-23-28-25.jpg,/Users/akbar/Downloads/paal_pipeline/data/20260201-23-25-18/pig18_depth_vis_20260201-23-28-25.jpg,0
20260202-00-50-34,0,20260202-00-51-00,/Users/akbar/Downloads/paal_pipeline/data/20260202-00-50-34/pig0_rgb_20260202-00-51-00.jpg,/Users/akbar/Downloads/paal_pipeline/data/20260202-00-50-34/pig0_rgb_aligned_20260202-00-51-00.jpg,/Users/akbar/Downloads/paal_pipeline/data/20260202-00-50-34/pig0_ir_vis_20260202-00-51-00.jpg,/Users/akbar/Downloads/paal_pipeline/data/20260202-00-50-34/pig0_depth_vis_20260202-00-51-00.jpg,0
20260202-00-50-34,2,20260202-00-51-18,/Users/akbar/Downloads/paal_pipeline/data/20260202-00-50-34/pig2_rgb_20260202-00-51-18.jpg,/Users/akbar/Downloads/paal_pipeline/data/20260202-00-50-34/pig2_rgb_aligned_20260202-00-51-18.jpg,/Users/akbar/Downloads/paal_pipeline/data/20260202-00-50-34/pig2_ir_vis_20260202-00-51-18.jpg,/Users/akbar/Downloads/paal_pipeline/data/20260202-00-50-34/pig2_depth_vis_20260202-00-51-18.jpg,0
20260202-00-50-34,3,20260202-00-51-27,/Users/akbar/Downloads/paal_pipeline/data/20260202-00-50-34/pig3_rgb_20260202-00-51-27.jpg,/Users/akbar/Downloads/paal_pipeline/data/20260202-00-50-34/pig3_rgb_aligned_20260202-00-51-27.jpg,/Users/akbar/Downloads/paal_pipeline/data/20260202-00-50-34/pig3_ir_vis_20260202-00-51-27.jpg,/Users/akbar/Downloads/paal_pipeline/data/20260202-00-50-34/pig3_depth_vis_20260202-00-51-27.jpg,0
20260202-00-50-34,4,20260202-00-51-36,/Users/akbar/Downloads/paal_pipeline/data/20260202-00-50-34/pig4_rgb_20260202-00-51-36.jpg,/Users/akbar/Downloads/paal_pipeline/data/20260202-00-50-34/pig4_rgb_aligned_20260202-00-51-36.jpg,/Users/akbar/Downloads/paal_pipeline/data/20260202-00-50-34/pig4_ir_vis_20260202-00-51-36.jpg,/Users/akbar/Downloads/paal_pipeline/data/20260202-00-50-34/pig4_depth_vis_20260202-00-51-36.jpg,0
20260202-00-50-34,5,20260202-00-51-45,/Users/akbar/Downloads/paal_pipeline/data/20260202-00-50-34/pig5_rgb_20260202-00-51-45.jpg,/Users/akbar/Downloads/paal_pipeline/data/20260202-00-50-34/pig5_rgb_aligned_20260202-00-51-45.jpg,/Users/akbar/Downloads/paal_pipeline/data/20260202-00-50-34/pig5_ir_vis_20260202-00-51-45.jpg,/Users/akbar/Downloads/paal_pipeline/data/20260202-00-50-34/pig5_depth_vis_20260202-00-51-45.jpg,0
20260202-00-50-34,6,20260202-00-51-54,/Users/akbar/Downloads/paal_pipeline/data/20260202-00-50-34/pig6_rgb_20260202-00-51-54.jpg,/Users/akbar/Downloads/paal_pipeline/data/20260202-00-50-34/pig6_rgb_aligned_20260202-00-51-54.jpg,/Users/akbar/Downloads/paal_pipeline/data/20260202-00-50-34/pig6_ir_vis_20260202-00-51-54.jpg,/Users/akbar/Downloads/paal_pipeline/data/20260202-00-50-34/pig6_depth_vis_20260202-00-51-54.jpg,0
20260202-00-50-34,7,20260202-00-52-03,/Users/akbar/Downloads/paal_pipeline/data/20260202-00-50-34/pig7_rgb_20260202-00-52-03.jpg,/Users/akbar/Downloads/paal_pipeline/data/20260202-00-50-34/pig7_rgb_aligned_20260202-00-52-03.jpg,/Users/akbar/Downloads/paal_pipeline/data/20260202-00-50-34/pig7_ir_vis_20260202-00-52-03.jpg,/Users/akbar/Downloads/paal_pipeline/data/20260202-00-50-34/pig7_depth_vis_20260202-00-52-03.jpg,0
20260202-00-50-34,8,20260202-00-52-12,/Users/akbar/Downloads/paal_pipeline/data/20260202-00-50-34/pig8_rgb_20260202-00-52-12.jpg,/Users/akbar/Downloads/paal_pipeline/data/20260202-00-50-34/pig8_rgb_aligned_20260202-00-52-12.jpg,/Users/akbar/Downloads/paal_pipeline/data/20260202-00-50-34/pig8_ir_vis_20260202-00-52-12.jpg,/Users/akbar/Downloads/paal_pipeline/data/20260202-00-50-34/pig8_depth_vis_20260202-00-52-12.jpg,0
20260202-00-50-34,9,20260202-00-52-20,/Users/akbar/Downloads/paal_pipeline/data/20260202-00-50-34/pig9_rgb_20260202-00-52-20.jpg,/Users/akbar/Downloads/paal_pipeline/data/20260202-00-50-34/pig9_rgb_aligned_20260202-00-52-20.jpg,/Users/akbar/Downloads/paal_pipeline/data/20260202-00-50-34/pig9_ir_vis_20260202-00-52-20.jpg,/Users/akbar/Downloads/paal_pipeline/data/20260202-00-50-34/pig9_depth_vis_20260202-00-52-20.jpg,0
20260202-00-50-34,10,20260202-00-52-29,/Users/akbar/Downloads/paal_pipeline/data/20260202-00-50-34/pig10_rgb_20260202-00-52-29.jpg,/Users/akbar/Downloads/paal_pipeline/data/20260202-00-50-34/pig10_rgb_aligned_20260202-00-52-29.jpg,/Users/akbar/Downloads/paal_pipeline/data/20260202-00-50-34/pig10_ir_vis_20260202-00-52-29.jpg,/Users/akbar/Downloads/paal_pipeline/data/20260202-00-50-34/pig10_depth_vis_20260202-00-52-29.jpg,0
20260202-00-50-34,11,20260202-00-52-38,/Users/akbar/Downloads/paal_pipeline/data/20260202-00-50-34/pig11_rgb_20260202-00-52-38.jpg,/Users/akbar/Downloads/paal_pipeline/data/20260202-00-50-34/pig11_rgb_aligned_20260202-00-52-38.jpg,/Users/akbar/Downloads/paal_pipeline/data/20260202-00-50-34/pig11_ir_vis_20260202-00-52-38.jpg,/Users/akbar/Downloads/paal_pipeline/data/20260202-00-50-34/pig11_depth_vis_20260202-00-52-38.jpg,0
20260202-00-50-34,12,20260202-00-52-47,/Users/akbar/Downloads/paal_pipeline/data/20260202-00-50-34/pig12_rgb_20260202-00-52-47.jpg,/Users/akbar/Downloads/paal_pipeline/data/20260202-00-50-34/pig12_rgb_aligned_20260202-00-52-47.jpg,/Users/akbar/Downloads/paal_pipeline/data/20260202-00-50-34/pig12_ir_vis_20260202-00-52-47.jpg,/Users/akbar/Downloads/paal_pipeline/data/20260202-00-50-34/pig12_depth_vis_20260202-00-52-47.jpg,0
20260202-00-50-34,14,20260202-00-53-05,/Users/akbar/Downloads/paal_pipeline/data/20260202-00-50-34/pig14_rgb_20260202-00-53-05.jpg,/Users/akbar/Downloads/paal_pipeline/data/20260202-00-50-34/pig14_rgb_aligned_20260202-00-53-05.jpg,/Users/akbar/Downloads/paal_pipeline/data/20260202-00-50-34/pig14_ir_vis_20260202-00-53-05.jpg,/Users/akbar/Downloads/paal_pipeline/data/20260202-00-50-34/pig14_depth_vis_20260202-00-53-05.jpg,0
20260202-00-50-34,15,20260202-00-53-14,/Users/akbar/Downloads/paal_pipeline/data/20260202-00-50-34/pig15_rgb_20260202-00-53-14.jpg,/Users/akbar/Downloads/paal_pipeline/data/20260202-00-50-34/pig15_rgb_aligned_20260202-00-53-14.jpg,/Users/akbar/Downloads/paal_pipeline/data/20260202-00-50-34/pig15_ir_vis_20260202-00-53-14.jpg,/Users/akbar/Downloads/paal_pipeline/data/20260202-00-50-34/pig15_depth_vis_20260202-00-53-14.jpg,0
20260202-00-50-34,16,20260202-00-53-23,/Users/akbar/Downloads/paal_pipeline/data/20260202-00-50-34/pig16_rgb_20260202-00-53-23.jpg,/Users/akbar/Downloads/paal_pipeline/data/20260202-00-50-34/pig16_rgb_aligned_20260202-00-53-23.jpg,/Users/akbar/Downloads/paal_pipeline/data/20260202-00-50-34/pig16_ir_vis_20260202-00-53-23.jpg,/Users/akbar/Downloads/paal_pipeline/data/20260202-00-50-34/pig16_depth_vis_20260202-00-53-23.jpg,0
20260202-00-50-34,18,20260202-00-53-40,/Users/akbar/Downloads/paal_pipeline/data/20260202-00-50-34/pig18_rgb_20260202-00-53-40.jpg,/Users/akbar/Downloads/paal_pipeline/data/20260202-00-50-34/pig18_rgb_aligned_20260202-00-53-40.jpg,/Users/akbar/Downloads/paal_pipeline/data/20260202-00-50-34/pig18_ir_vis_20260202-00-53-40.jpg,/Users/akbar/Downloads/paal_pipeline/data/20260202-00-50-34/pig18_depth_vis_20260202-00-53-40.jpg,0
20260202-04-23-42,0,20260202-04-24-09,/Users/akbar/Downloads/paal_pipeline/data/20260202-04-23-42/pig0_rgb_20260202-04-24-09.jpg,/Users/akbar/Downloads/paal_pipeline/data/20260202-04-23-42/pig0_rgb_aligned_20260202-04-24-09.jpg,/Users/akbar/Downloads/paal_pipeline/data/20260202-04-23-42/pig0_ir_vis_20260202-04-24-09.jpg,/Users/akbar/Downloads/paal_pipeline/data/20260202-04-23-42/pig0_depth_vis_20260202-04-24-09.jpg,0
20260202-04-23-42,2,20260202-04-24-27,/Users/akbar/Downloads/paal_pipeline/data/20260202-04-23-42/pig2_rgb_20260202-04-24-27.jpg,/Users/akbar/Downloads/paal_pipeline/data/20260202-04-23-42/pig2_rgb_aligned_20260202-04-24-27.jpg,/Users/akbar/Downloads/paal_pipeline/data/20260202-04-23-42/pig2_ir_vis_20260202-04-24-27.jpg,/Users/akbar/Downloads/paal_pipeline/data/20260202-04-23-42/pig2_depth_vis_20260202-04-24-27.jpg,0
20260202-04-23-42,3,20260202-04-24-36,/Users/akbar/Downloads/paal_pipeline/data/20260202-04-23-42/pig3_rgb_20260202-04-24-36.jpg,/Users/akbar/Downloads/paal_pipeline/data/20260202-04-23-42/pig3_rgb_aligned_20260202-04-24-36.jpg,/Users/akbar/Downloads/paal_pipeline/data/20260202-04-23-42/pig3_ir_vis_20260202-04-24-36.jpg,/Users/akbar/Downloads/paal_pipeline/data/20260202-04-23-42/pig3_depth_vis_20260202-04-24-36.jpg,0
20260202-04-23-42,4,20260202-04-24-44,/Users/akbar/Downloads/paal_pipeline/data/20260202-04-23-42/pig4_rgb_20260202-04-24-44.jpg,/Users/akbar/Downloads/paal_pipeline/data/20260202-04-23-42/pig4_rgb_aligned_20260202-04-24-44.jpg,/Users/akbar/Downloads/paal_pipeline/data/20260202-04-23-42/pig4_ir_vis_20260202-04-24-44.jpg,/Users/akbar/Downloads/paal_pipeline/data/20260202-04-23-42/pig4_depth_vis_20260202-04-24-44.jpg,0
20260202-04-23-42,5,20260202-04-24-53,/Users/akbar/Downloads/paal_pipeline/data/20260202-04-23-42/pig5_rgb_20260202-04-24-53.jpg,/Users/akbar/Downloads/paal_pipeline/data/20260202-04-23-42/pig5_rgb_aligned_20260202-04-24-53.jpg,/Users/akbar/Downloads/paal_pipeline/data/20260202-04-23-42/pig5_ir_vis_20260202-04-24-53.jpg,/Users/akbar/Downloads/paal_pipeline/data/20260202-04-23-42/pig5_depth_vis_20260202-04-24-53.jpg,0
20260202-04-23-42,6,20260202-04-25-02,/Users/akbar/Downloads/paal_pipeline/data/20260202-04-23-42/pig6_rgb_20260202-04-25-02.jpg,/Users/akbar/Downloads/paal_pipeline/data/20260202-04-23-42/pig6_rgb_aligned_20260202-04-25-02.jpg,/Users/akbar/Downloads/paal_pipeline/data/20260202-04-23-42/pig6_ir_vis_20260202-04-25-02.jpg,/Users/akbar/Downloads/paal_pipeline/data/20260202-04-23-42/pig6_depth_vis_20260202-04-25-02.jpg,0
20260202-04-23-42,7,20260202-04-25-11,/Users/akbar/Downloads/paal_pipeline/data/20260202-04-23-42/pig7_rgb_20260202-04-25-11.jpg,/Users/akbar/Downloads/paal_pipeline/data/20260202-04-23-42/pig7_rgb_aligned_20260202-04-25-11.jpg,/Users/akbar/Downloads/paal_pipeline/data/20260202-04-23-42/pig7_ir_vis_20260202-04-25-11.jpg,/Users/akbar/Downloads/paal_pipeline/data/20260202-04-23-42/pig7_depth_vis_20260202-04-25-11.jpg,0
20260202-04-23-42,8,20260202-04-25-20,/Users/akbar/Downloads/paal_pipeline/data/20260202-04-23-42/pig8_rgb_20260202-04-25-20.jpg,/Users/akbar/Downloads/paal_pipeline/data/20260202-04-23-42/pig8_rgb_aligned_20260202-04-25-20.jpg,/Users/akbar/Downloads/paal_pipeline/data/20260202-04-23-42/pig8_ir_vis_20260202-04-25-20.jpg,/Users/akbar/Downloads/paal_pipeline/data/20260202-04-23-42/pig8_depth_vis_20260202-04-25-20.jpg,0
20260202-04-23-42,9,20260202-04-25-29,/Users/akbar/Downloads/paal_pipeline/data/20260202-04-23-42/pig9_rgb_20260202-04-25-29.jpg,/Users/akbar/Downloads/paal_pipeline/data/20260202-04-23-42/pig9_rgb_aligned_20260202-04-25-29.jpg,/Users/akbar/Downloads/paal_pipeline/data/20260202-04-23-42/pig9_ir_vis_20260202-04-25-29.jpg,/Users/akbar/Downloads/paal_pipeline/data/20260202-04-23-42/pig9_depth_vis_20260202-04-25-29.jpg,0
20260202-04-23-42,10,20260202-04-25-38,/Users/akbar/Downloads/paal_pipeline/data/20260202-04-23-42/pig10_rgb_20260202-04-25-38.jpg,/Users/akbar/Downloads/paal_pipeline/data/20260202-04-23-42/pig10_rgb_aligned_20260202-04-25-38.jpg,/Users/akbar/Downloads/paal_pipeline/data/20260202-04-23-42/pig10_ir_vis_20260202-04-25-38.jpg,/Users/akbar/Downloads/paal_pipeline/data/20260202-04-23-42/pig10_depth_vis_20260202-04-25-38.jpg,0
20260202-04-23-42,11,20260202-04-25-47,/Users/akbar/Downloads/paal_pipeline/data/20260202-04-23-42/pig11_rgb_20260202-04-25-47.jpg,/Users/akbar/Downloads/paal_pipeline/data/20260202-04-23-42/pig11_rgb_aligned_20260202-04-25-47.jpg,/Users/akbar/Downloads/paal_pipeline/data/20260202-04-23-42/pig11_ir_vis_20260202-04-25-47.jpg,/Users/akbar/Downloads/paal_pipeline/data/20260202-04-23-42/pig11_depth_vis_20260202-04-25-47.jpg,0
20260202-04-23-42,12,20260202-04-25-56,/Users/akbar/Downloads/paal_pipeline/data/20260202-04-23-42/pig12_rgb_20260202-04-25-56.jpg,/Users/akbar/Downloads/paal_pipeline/data/20260202-04-23-42/pig12_rgb_aligned_20260202-04-25-56.jpg,/Users/akbar/Downloads/paal_pipeline/data/20260202-04-23-42/pig12_ir_vis_20260202-04-25-56.jpg,/Users/akbar/Downloads/paal_pipeline/data/20260202-04-23-42/pig12_depth_vis_20260202-04-25-56.jpg,0
20260202-04-23-42,14,20260202-04-26-13,/Users/akbar/Downloads/paal_pipeline/data/20260202-04-23-42/pig14_rgb_20260202-04-26-13.jpg,/Users/akbar/Downloads/paal_pipeline/data/20260202-04-23-42/pig14_rgb_aligned_20260202-04-26-13.jpg,/Users/akbar/Downloads/paal_pipeline/data/20260202-04-23-42/pig14_ir_vis_20260202-04-26-13.jpg,/Users/akbar/Downloads/paal_pipeline/data/20260202-04-23-42/pig14_depth_vis_20260202-04-26-13.jpg,0
20260202-04-23-42,15,20260202-04-26-23,/Users/akbar/Downloads/paal_pipeline/data/20260202-04-23-42/pig15_rgb_20260202-04-26-23.jpg,/Users/akbar/Downloads/paal_pipeline/data/20260202-04-23-42/pig15_rgb_aligned_20260202-04-26-23.jpg,/Users/akbar/Downloads/paal_pipeline/data/20260202-04-23-42/pig15_ir_vis_20260202-04-26-23.jpg,/Users/akbar/Downloads/paal_pipeline/data/20260202-04-23-42/pig15_depth_vis_20260202-04-26-23.jpg,0
20260202-04-23-42,16,20260202-04-26-31,/Users/akbar/Downloads/paal_pipeline/data/20260202-04-23-42/pig16_rgb_20260202-04-26-31.jpg,/Users/akbar/Downloads/paal_pipeline/data/20260202-04-23-42/pig16_rgb_aligned_20260202-04-26-31.jpg,/Users/akbar/Downloads/paal_pipeline/data/20260202-04-23-42/pig16_ir_vis_20260202-04-26-31.jpg,/Users/akbar/Downloads/paal_pipeline/data/20260202-04-23-42/pig16_depth_vis_20260202-04-26-31.jpg,0
20260202-04-23-42,18,20260202-04-26-49,/Users/akbar/Downloads/paal_pipeline/data/20260202-04-23-42/pig18_rgb_20260202-04-26-49.jpg,/Users/akbar/Downloads/paal_pipeline/data/20260202-04-23-42/pig18_rgb_aligned_20260202-04-26-49.jpg,/Users/akbar/Downloads/paal_pipeline/data/20260202-04-23-42/pig18_ir_vis_20260202-04-26-49.jpg,/Users/akbar/Downloads/paal_pipeline/data/20260202-04-23-42/pig18_depth_vis_20260202-04-26-49.jpg,0
20260202-07-03-34,0,20260202-07-04-01,/Users/akbar/Downloads/paal_pipeline/data/20260202-07-03-34/pig0_rgb_20260202-07-04-01.jpg,/Users/akbar/Downloads/paal_pipeline/data/20260202-07-03-34/pig0_rgb_aligned_20260202-07-04-01.jpg,/Users/akbar/Downloads/paal_pipeline/data/20260202-07-03-34/pig0_ir_vis_20260202-07-04-01.jpg,/Users/akbar/Downloads/paal_pipeline/data/20260202-07-03-34/pig0_depth_vis_20260202-07-04-01.jpg,1
20260202-07-03-34,2,20260202-07-04-19,/Users/akbar/Downloads/paal_pipeline/data/20260202-07-03-34/pig2_rgb_20260202-07-04-19.jpg,/Users/akbar/Downloads/paal_pipeline/data/20260202-07-03-34/pig2_rgb_aligned_20260202-07-04-19.jpg,/Users/akbar/Downloads/paal_pipeline/data/20260202-07-03-34/pig2_ir_vis_20260202-07-04-19.jpg,/Users/akbar/Downloads/paal_pipeline/data/20260202-07-03-34/pig2_depth_vis_20260202-07-04-19.jpg,1
20260202-07-03-34,3,20260202-07-04-27,/Users/akbar/Downloads/paal_pipeline/data/20260202-07-03-34/pig3_rgb_20260202-07-04-27.jpg,/Users/akbar/Downloads/paal_pipeline/data/20260202-07-03-34/pig3_rgb_aligned_20260202-07-04-27.jpg,/Users/akbar/Downloads/paal_pipeline/data/20260202-07-03-34/pig3_ir_vis_20260202-07-04-27.jpg,/Users/akbar/Downloads/paal_pipeline/data/20260202-07-03-34/pig3_depth_vis_20260202-07-04-27.jpg,0
20260202-07-03-34,5,20260202-07-04-45,/Users/akbar/Downloads/paal_pipeline/data/20260202-07-03-34/pig5_rgb_20260202-07-04-45.jpg,/Users/akbar/Downloads/paal_pipeline/data/20260202-07-03-34/pig5_rgb_aligned_20260202-07-04-45.jpg,/Users/akbar/Downloads/paal_pipeline/data/20260202-07-03-34/pig5_ir_vis_20260202-07-04-45.jpg,/Users/akbar/Downloads/paal_pipeline/data/20260202-07-03-34/pig5_depth_vis_20260202-07-04-45.jpg,1
20260202-07-03-34,6,20260202-07-04-54,/Users/akbar/Downloads/paal_pipeline/data/20260202-07-03-34/pig6_rgb_20260202-07-04-54.jpg,/Users/akbar/Downloads/paal_pipeline/data/20260202-07-03-34/pig6_rgb_aligned_20260202-07-04-54.jpg,/Users/akbar/Downloads/paal_pipeline/data/20260202-07-03-34/pig6_ir_vis_20260202-07-04-54.jpg,/Users/akbar/Downloads/paal_pipeline/data/20260202-07-03-34/pig6_depth_vis_20260202-07-04-54.jpg,1
20260202-07-03-34,7,20260202-07-05-03,/Users/akbar/Downloads/paal_pipeline/data/20260202-07-03-34/pig7_rgb_20260202-07-05-03.jpg,/Users/akbar/Downloads/paal_pipeline/data/20260202-07-03-34/pig7_rgb_aligned_20260202-07-05-03.jpg,/Users/akbar/Downloads/paal_pipeline/data/20260202-07-03-34/pig7_ir_vis_20260202-07-05-03.jpg,/Users/akbar/Downloads/paal_pipeline/data/20260202-07-03-34/pig7_depth_vis_20260202-07-05-03.jpg,1
20260202-07-03-34,8,20260202-07-05-12,/Users/akbar/Downloads/paal_pipeline/data/20260202-07-03-34/pig8_rgb_20260202-07-05-12.jpg,/Users/akbar/Downloads/paal_pipeline/data/20260202-07-03-34/pig8_rgb_aligned_20260202-07-05-12.jpg,/Users/akbar/Downloads/paal_pipeline/data/20260202-07-03-34/pig8_ir_vis_20260202-07-05-12.jpg,/Users/akbar/Downloads/paal_pipeline/data/20260202-07-03-34/pig8_depth_vis_20260202-07-05-12.jpg,1
20260202-07-03-34,9,20260202-07-05-21,/Users/akbar/Downloads/paal_pipeline/data/20260202-07-03-34/pig9_rgb_20260202-07-05-21.jpg,/Users/akbar/Downloads/paal_pipeline/data/20260202-07-03-34/pig9_rgb_aligned_20260202-07-05-21.jpg,/Users/akbar/Downloads/paal_pipeline/data/20260202-07-03-34/pig9_ir_vis_20260202-07-05-21.jpg,/Users/akbar/Downloads/paal_pipeline/data/20260202-07-03-34/pig9_depth_vis_20260202-07-05-21.jpg,0
20260202-07-03-34,10,20260202-07-05-30,/Users/akbar/Downloads/paal_pipeline/data/20260202-07-03-34/pig10_rgb_20260202-07-05-30.jpg,/Users/akbar/Downloads/paal_pipeline/data/20260202-07-03-34/pig10_rgb_aligned_20260202-07-05-30.jpg,/Users/akbar/Downloads/paal_pipeline/data/20260202-07-03-34/pig10_ir_vis_20260202-07-05-30.jpg,/Users/akbar/Downloads/paal_pipeline/data/20260202-07-03-34/pig10_depth_vis_20260202-07-05-30.jpg,1
20260202-07-03-34,11,20260202-07-05-39,/Users/akbar/Downloads/paal_pipeline/data/20260202-07-03-34/pig11_rgb_20260202-07-05-39.jpg,/Users/akbar/Downloads/paal_pipeline/data/20260202-07-03-34/pig11_rgb_aligned_20260202-07-05-39.jpg,/Users/akbar/Downloads/paal_pipeline/data/20260202-07-03-34/pig11_ir_vis_20260202-07-05-39.jpg,/Users/akbar/Downloads/paal_pipeline/data/20260202-07-03-34/pig11_depth_vis_20260202-07-05-39.jpg,1
20260202-07-03-34,12,20260202-07-05-48,/Users/akbar/Downloads/paal_pipeline/data/20260202-07-03-34/pig12_rgb_20260202-07-05-48.jpg,/Users/akbar/Downloads/paal_pipeline/data/20260202-07-03-34/pig12_rgb_aligned_20260202-07-05-48.jpg,/Users/akbar/Downloads/paal_pipeline/data/20260202-07-03-34/pig12_ir_vis_20260202-07-05-48.jpg,/Users/akbar/Downloads/paal_pipeline/data/20260202-07-03-34/pig12_depth_vis_20260202-07-05-48.jpg,1
20260202-07-03-34,14,20260202-07-06-05,/Users/akbar/Downloads/paal_pipeline/data/20260202-07-03-34/pig14_rgb_20260202-07-06-05.jpg,/Users/akbar/Downloads/paal_pipeline/data/20260202-07-03-34/pig14_rgb_aligned_20260202-07-06-05.jpg,/Users/akbar/Downloads/paal_pipeline/data/20260202-07-03-34/pig14_ir_vis_20260202-07-06-05.jpg,/Users/akbar/Downloads/paal_pipeline/data/20260202-07-03-34/pig14_depth_vis_20260202-07-06-05.jpg,0
20260202-07-03-34,15,20260202-07-06-15,/Users/akbar/Downloads/paal_pipeline/data/20260202-07-03-34/pig15_rgb_20260202-07-06-15.jpg,/Users/akbar/Downloads/paal_pipeline/data/20260202-07-03-34/pig15_rgb_aligned_20260202-07-06-15.jpg,/Users/akbar/Downloads/paal_pipeline/data/20260202-07-03-34/pig15_ir_vis_20260202-07-06-15.jpg,/Users/akbar/Downloads/paal_pipeline/data/20260202-07-03-34/pig15_depth_vis_20260202-07-06-15.jpg,0
20260202-07-03-34,16,20260202-07-06-23,/Users/akbar/Downloads/paal_pipeline/data/20260202-07-03-34/pig16_rgb_20260202-07-06-23.jpg,/Users/akbar/Downloads/paal_pipeline/data/20260202-07-03-34/pig16_rgb_aligned_20260202-07-06-23.jpg,/Users/akbar/Downloads/paal_pipeline/data/20260202-07-03-34/pig16_ir_vis_20260202-07-06-23.jpg,/Users/akbar/Downloads/paal_pipeline/data/20260202-07-03-34/pig16_depth_vis_20260202-07-06-23.jpg,1
20260202-07-03-34,18,20260202-07-06-41,/Users/akbar/Downloads/paal_pipeline/data/20260202-07-03-34/pig18_rgb_20260202-07-06-41.jpg,/Users/akbar/Downloads/paal_pipeline/data/20260202-07-03-34/pig18_rgb_aligned_20260202-07-06-41.jpg,/Users/akbar/Downloads/paal_pipeline/data/20260202-07-03-34/pig18_ir_vis_20260202-07-06-41.jpg,/Users/akbar/Downloads/paal_pipeline/data/20260202-07-03-34/pig18_depth_vis_20260202-07-06-41.jpg,1
20260202-10-04-45,0,20260202-10-05-11,/Users/akbar/Downloads/paal_pipeline/data/20260202-10-04-45/pig0_rgb_20260202-10-05-11.jpg,/Users/akbar/Downloads/paal_pipeline/data/20260202-10-04-45/pig0_rgb_aligned_20260202-10-05-11.jpg,/Users/akbar/Downloads/paal_pipeline/data/20260202-10-04-45/pig0_ir_vis_20260202-10-05-11.jpg,/Users/akbar/Downloads/paal_pipeline/data/20260202-10-04-45/pig0_depth_vis_20260202-10-05-11.jpg,1
20260202-10-04-45,2,20260202-10-05-29,/Users/akbar/Downloads/paal_pipeline/data/20260202-10-04-45/pig2_rgb_20260202-10-05-29.jpg,/Users/akbar/Downloads/paal_pipeline/data/20260202-10-04-45/pig2_rgb_aligned_20260202-10-05-29.jpg,/Users/akbar/Downloads/paal_pipeline/data/20260202-10-04-45/pig2_ir_vis_20260202-10-05-29.jpg,/Users/akbar/Downloads/paal_pipeline/data/20260202-10-04-45/pig2_depth_vis_20260202-10-05-29.jpg,1
20260202-10-04-45,3,20260202-10-05-38,/Users/akbar/Downloads/paal_pipeline/data/20260202-10-04-45/pig3_rgb_20260202-10-05-38.jpg,/Users/akbar/Downloads/paal_pipeline/data/20260202-10-04-45/pig3_rgb_aligned_20260202-10-05-38.jpg,/Users/akbar/Downloads/paal_pipeline/data/20260202-10-04-45/pig3_ir_vis_20260202-10-05-38.jpg,/Users/akbar/Downloads/paal_pipeline/data/20260202-10-04-45/pig3_depth_vis_20260202-10-05-38.jpg,1
20260202-10-04-45,4,20260202-10-05-47,/Users/akbar/Downloads/paal_pipeline/data/20260202-10-04-45/pig4_rgb_20260202-10-05-47.jpg,/Users/akbar/Downloads/paal_pipeline/data/20260202-10-04-45/pig4_rgb_aligned_20260202-10-05-47.jpg,/Users/akbar/Downloads/paal_pipeline/data/20260202-10-04-45/pig4_ir_vis_20260202-10-05-47.jpg,/Users/akbar/Downloads/paal_pipeline/data/20260202-10-04-45/pig4_depth_vis_20260202-10-05-47.jpg,0
20260202-10-04-45,5,20260202-10-05-56,/Users/akbar/Downloads/paal_pipeline/data/20260202-10-04-45/pig5_rgb_20260202-10-05-56.jpg,/Users/akbar/Downloads/paal_pipeline/data/20260202-10-04-45/pig5_rgb_aligned_20260202-10-05-56.jpg,/Users/akbar/Downloads/paal_pipeline/data/20260202-10-04-45/pig5_ir_vis_20260202-10-05-56.jpg,/Users/akbar/Downloads/paal_pipeline/data/20260202-10-04-45/pig5_depth_vis_20260202-10-05-56.jpg,1
20260202-10-04-45,6,20260202-10-06-05,/Users/akbar/Downloads/paal_pipeline/data/20260202-10-04-45/pig6_rgb_20260202-10-06-05.jpg,/Users/akbar/Downloads/paal_pipeline/data/20260202-10-04-45/pig6_rgb_aligned_20260202-10-06-05.jpg,/Users/akbar/Downloads/paal_pipeline/data/20260202-10-04-45/pig6_ir_vis_20260202-10-06-05.jpg,/Users/akbar/Downloads/paal_pipeline/data/20260202-10-04-45/pig6_depth_vis_20260202-10-06-05.jpg,1
20260202-10-04-45,7,20260202-10-06-14,/Users/akbar/Downloads/paal_pipeline/data/20260202-10-04-45/pig7_rgb_20260202-10-06-14.jpg,/Users/akbar/Downloads/paal_pipeline/data/20260202-10-04-45/pig7_rgb_aligned_20260202-10-06-14.jpg,/Users/akbar/Downloads/paal_pipeline/data/20260202-10-04-45/pig7_ir_vis_20260202-10-06-14.jpg,/Users/akbar/Downloads/paal_pipeline/data/20260202-10-04-45/pig7_depth_vis_20260202-10-06-14.jpg,1
20260202-10-04-45,8,20260202-10-06-23,/Users/akbar/Downloads/paal_pipeline/data/20260202-10-04-45/pig8_rgb_20260202-10-06-23.jpg,/Users/akbar/Downloads/paal_pipeline/data/20260202-10-04-45/pig8_rgb_aligned_20260202-10-06-23.jpg,/Users/akbar/Downloads/paal_pipeline/data/20260202-10-04-45/pig8_ir_vis_20260202-10-06-23.jpg,/Users/akbar/Downloads/paal_pipeline/data/20260202-10-04-45/pig8_depth_vis_20260202-10-06-23.jpg,1
20260202-10-04-45,10,20260202-10-06-40,/Users/akbar/Downloads/paal_pipeline/data/20260202-10-04-45/pig10_rgb_20260202-10-06-40.jpg,/Users/akbar/Downloads/paal_pipeline/data/20260202-10-04-45/pig10_rgb_aligned_20260202-10-06-40.jpg,/Users/akbar/Downloads/paal_pipeline/data/20260202-10-04-45/pig10_ir_vis_20260202-10-06-40.jpg,/Users/akbar/Downloads/paal_pipeline/data/20260202-10-04-45/pig10_depth_vis_20260202-10-06-40.jpg,1
20260202-10-04-45,11,20260202-10-06-49,/Users/akbar/Downloads/paal_pipeline/data/20260202-10-04-45/pig11_rgb_20260202-10-06-49.jpg,/Users/akbar/Downloads/paal_pipeline/data/20260202-10-04-45/pig11_rgb_aligned_20260202-10-06-49.jpg,/Users/akbar/Downloads/paal_pipeline/data/20260202-10-04-45/pig11_ir_vis_20260202-10-06-49.jpg,/Users/akbar/Downloads/paal_pipeline/data/20260202-10-04-45/pig11_depth_vis_20260202-10-06-49.jpg,1
20260202-10-04-45,12,20260202-10-06-58,/Users/akbar/Downloads/paal_pipeline/data/20260202-10-04-45/pig12_rgb_20260202-10-06-58.jpg,/Users/akbar/Downloads/paal_pipeline/data/20260202-10-04-45/pig12_rgb_aligned_20260202-10-06-58.jpg,/Users/akbar/Downloads/paal_pipeline/data/20260202-10-04-45/pig12_ir_vis_20260202-10-06-58.jpg,/Users/akbar/Downloads/paal_pipeline/data/20260202-10-04-45/pig12_depth_vis_20260202-10-06-58.jpg,1
20260202-10-04-45,14,20260202-10-07-16,/Users/akbar/Downloads/paal_pipeline/data/20260202-10-04-45/pig14_rgb_20260202-10-07-16.jpg,/Users/akbar/Downloads/paal_pipeline/data/20260202-10-04-45/pig14_rgb_aligned_20260202-10-07-16.jpg,/Users/akbar/Downloads/paal_pipeline/data/20260202-10-04-45/pig14_ir_vis_20260202-10-07-16.jpg,/Users/akbar/Downloads/paal_pipeline/data/20260202-10-04-45/pig14_depth_vis_20260202-10-07-16.jpg,1
20260202-10-04-45,15,20260202-10-07-25,/Users/akbar/Downloads/paal_pipeline/data/20260202-10-04-45/pig15_rgb_20260202-10-07-25.jpg,/Users/akbar/Downloads/paal_pipeline/data/20260202-10-04-45/pig15_rgb_aligned_20260202-10-07-25.jpg,/Users/akbar/Downloads/paal_pipeline/data/20260202-10-04-45/pig15_ir_vis_20260202-10-07-25.jpg,/Users/akbar/Downloads/paal_pipeline/data/20260202-10-04-45/pig15_depth_vis_20260202-10-07-25.jpg,1
20260202-10-04-45,16,20260202-10-07-34,/Users/akbar/Downloads/paal_pipeline/data/20260202-10-04-45/pig16_rgb_20260202-10-07-34.jpg,/Users/akbar/Downloads/paal_pipeline/data/20260202-10-04-45/pig16_rgb_aligned_20260202-10-07-34.jpg,/Users/akbar/Downloads/paal_pipeline/data/20260202-10-04-45/pig16_ir_vis_20260202-10-07-34.jpg,/Users/akbar/Downloads/paal_pipeline/data/20260202-10-04-45/pig16_depth_vis_20260202-10-07-34.jpg,1
20260202-10-04-45,18,20260202-10-07-51,/Users/akbar/Downloads/paal_pipeline/data/20260202-10-04-45/pig18_rgb_20260202-10-07-51.jpg,/Users/akbar/Downloads/paal_pipeline/data/20260202-10-04-45/pig18_rgb_aligned_20260202-10-07-51.jpg,/Users/akbar/Downloads/paal_pipeline/data/20260202-10-04-45/pig18_ir_vis_20260202-10-07-51.jpg,/Users/akbar/Downloads/paal_pipeline/data/20260202-10-04-45/pig18_depth_vis_20260202-10-07-51.jpg,1
20260202-13-58-55,0,20260202-13-59-21,/Users/akbar/Downloads/paal_pipeline/data/20260202-13-58-55/pig0_rgb_20260202-13-59-21.jpg,/Users/akbar/Downloads/paal_pipeline/data/20260202-13-58-55/pig0_rgb_aligned_20260202-13-59-21.jpg,/Users/akbar/Downloads/paal_pipeline/data/20260202-13-58-55/pig0_ir_vis_20260202-13-59-21.jpg,/Users/akbar/Downloads/paal_pipeline/data/20260202-13-58-55/pig0_depth_vis_20260202-13-59-21.jpg,1
20260202-13-58-55,2,20260202-13-59-39,/Users/akbar/Downloads/paal_pipeline/data/20260202-13-58-55/pig2_rgb_20260202-13-59-39.jpg,/Users/akbar/Downloads/paal_pipeline/data/20260202-13-58-55/pig2_rgb_aligned_20260202-13-59-39.jpg,/Users/akbar/Downloads/paal_pipeline/data/20260202-13-58-55/pig2_ir_vis_20260202-13-59-39.jpg,/Users/akbar/Downloads/paal_pipeline/data/20260202-13-58-55/pig2_depth_vis_20260202-13-59-39.jpg,1
20260202-13-58-55,3,20260202-13-59-48,/Users/akbar/Downloads/paal_pipeline/data/20260202-13-58-55/pig3_rgb_20260202-13-59-48.jpg,/Users/akbar/Downloads/paal_pipeline/data/20260202-13-58-55/pig3_rgb_aligned_20260202-13-59-48.jpg,/Users/akbar/Downloads/paal_pipeline/data/20260202-13-58-55/pig3_ir_vis_20260202-13-59-48.jpg,/Users/akbar/Downloads/paal_pipeline/data/20260202-13-58-55/pig3_depth_vis_20260202-13-59-48.jpg,1
20260202-13-58-55,4,20260202-13-59-57,/Users/akbar/Downloads/paal_pipeline/data/20260202-13-58-55/pig4_rgb_20260202-13-59-57.jpg,/Users/akbar/Downloads/paal_pipeline/data/20260202-13-58-55/pig4_rgb_aligned_20260202-13-59-57.jpg,/Users/akbar/Downloads/paal_pipeline/data/20260202-13-58-55/pig4_ir_vis_20260202-13-59-57.jpg,/Users/akbar/Downloads/paal_pipeline/data/20260202-13-58-55/pig4_depth_vis_20260202-13-59-57.jpg,1
20260202-13-58-55,5,20260202-14-00-06,/Users/akbar/Downloads/paal_pipeline/data/20260202-13-58-55/pig5_rgb_20260202-14-00-06.jpg,/Users/akbar/Downloads/paal_pipeline/data/20260202-13-58-55/pig5_rgb_aligned_20260202-14-00-06.jpg,/Users/akbar/Downloads/paal_pipeline/data/20260202-13-58-55/pig5_ir_vis_20260202-14-00-06.jpg,/Users/akbar/Downloads/paal_pipeline/data/20260202-13-58-55/pig5_depth_vis_20260202-14-00-06.jpg,1
20260202-13-58-55,6,20260202-14-00-15,/Users/akbar/Downloads/paal_pipeline/data/20260202-13-58-55/pig6_rgb_20260202-14-00-15.jpg,/Users/akbar/Downloads/paal_pipeline/data/20260202-13-58-55/pig6_rgb_aligned_20260202-14-00-15.jpg,/Users/akbar/Downloads/paal_pipeline/data/20260202-13-58-55/pig6_ir_vis_20260202-14-00-15.jpg,/Users/akbar/Downloads/paal_pipeline/data/20260202-13-58-55/pig6_depth_vis_20260202-14-00-15.jpg,1
20260202-13-58-55,7,20260202-14-00-24,/Users/akbar/Downloads/paal_pipeline/data/20260202-13-58-55/pig7_rgb_20260202-14-00-24.jpg,/Users/akbar/Downloads/paal_pipeline/data/20260202-13-58-55/pig7_rgb_aligned_20260202-14-00-24.jpg,/Users/akbar/Downloads/paal_pipeline/data/20260202-13-58-55/pig7_ir_vis_20260202-14-00-24.jpg,/Users/akbar/Downloads/paal_pipeline/data/20260202-13-58-55/pig7_depth_vis_20260202-14-00-24.jpg,1
20260202-13-58-55,8,20260202-14-00-33,/Users/akbar/Downloads/paal_pipeline/data/20260202-13-58-55/pig8_rgb_20260202-14-00-33.jpg,/Users/akbar/Downloads/paal_pipeline/data/20260202-13-58-55/pig8_rgb_aligned_20260202-14-00-33.jpg,/Users/akbar/Downloads/paal_pipeline/data/20260202-13-58-55/pig8_ir_vis_20260202-14-00-33.jpg,/Users/akbar/Downloads/paal_pipeline/data/20260202-13-58-55/pig8_depth_vis_20260202-14-00-33.jpg,1
20260202-13-58-55,10,20260202-14-00-50,/Users/akbar/Downloads/paal_pipeline/data/20260202-13-58-55/pig10_rgb_20260202-14-00-50.jpg,/Users/akbar/Downloads/paal_pipeline/data/20260202-13-58-55/pig10_rgb_aligned_20260202-14-00-50.jpg,/Users/akbar/Downloads/paal_pipeline/data/20260202-13-58-55/pig10_ir_vis_20260202-14-00-50.jpg,/Users/akbar/Downloads/paal_pipeline/data/20260202-13-58-55/pig10_depth_vis_20260202-14-00-50.jpg,1
20260202-13-58-55,11,20260202-14-01-00,/Users/akbar/Downloads/paal_pipeline/data/20260202-13-58-55/pig11_rgb_20260202-14-01-00.jpg,/Users/akbar/Downloads/paal_pipeline/data/20260202-13-58-55/pig11_rgb_aligned_20260202-14-01-00.jpg,/Users/akbar/Downloads/paal_pipeline/data/20260202-13-58-55/pig11_ir_vis_20260202-14-01-00.jpg,/Users/akbar/Downloads/paal_pipeline/data/20260202-13-58-55/pig11_depth_vis_20260202-14-01-00.jpg,1
20260202-13-58-55,12,20260202-14-01-08,/Users/akbar/Downloads/paal_pipeline/data/20260202-13-58-55/pig12_rgb_20260202-14-01-08.jpg,/Users/akbar/Downloads/paal_pipeline/data/20260202-13-58-55/pig12_rgb_aligned_20260202-14-01-08.jpg,/Users/akbar/Downloads/paal_pipeline/data/20260202-13-58-55/pig12_ir_vis_20260202-14-01-08.jpg,/Users/akbar/Downloads/paal_pipeline/data/20260202-13-58-55/pig12_depth_vis_20260202-14-01-08.jpg,1
20260202-13-58-55,14,20260202-14-01-26,/Users/akbar/Downloads/paal_pipeline/data/20260202-13-58-55/pig14_rgb_20260202-14-01-26.jpg,/Users/akbar/Downloads/paal_pipeline/data/20260202-13-58-55/pig14_rgb_aligned_20260202-14-01-26.jpg,/Users/akbar/Downloads/paal_pipeline/data/20260202-13-58-55/pig14_ir_vis_20260202-14-01-26.jpg,/Users/akbar/Downloads/paal_pipeline/data/20260202-13-58-55/pig14_depth_vis_20260202-14-01-26.jpg,1
20260202-13-58-55,15,20260202-14-01-35,/Users/akbar/Downloads/paal_pipeline/data/20260202-13-58-55/pig15_rgb_20260202-14-01-35.jpg,/Users/akbar/Downloads/paal_pipeline/data/20260202-13-58-55/pig15_rgb_aligned_20260202-14-01-35.jpg,/Users/akbar/Downloads/paal_pipeline/data/20260202-13-58-55/pig15_ir_vis_20260202-14-01-35.jpg,/Users/akbar/Downloads/paal_pipeline/data/20260202-13-58-55/pig15_depth_vis_20260202-14-01-35.jpg,1
20260202-13-58-55,16,20260202-14-01-44,/Users/akbar/Downloads/paal_pipeline/data/20260202-13-58-55/pig16_rgb_20260202-14-01-44.jpg,/Users/akbar/Downloads/paal_pipeline/data/20260202-13-58-55/pig16_rgb_aligned_20260202-14-01-44.jpg,/Users/akbar/Downloads/paal_pipeline/data/20260202-13-58-55/pig16_ir_vis_20260202-14-01-44.jpg,/Users/akbar/Downloads/paal_pipeline/data/20260202-13-58-55/pig16_depth_vis_20260202-14-01-44.jpg,1
20260202-13-58-55,18,20260202-14-02-01,/Users/akbar/Downloads/paal_pipeline/data/20260202-13-58-55/pig18_rgb_20260202-14-02-01.jpg,/Users/akbar/Downloads/paal_pipeline/data/20260202-13-58-55/pig18_rgb_aligned_20260202-14-02-01.jpg,/Users/akbar/Downloads/paal_pipeline/data/20260202-13-58-55/pig18_ir_vis_20260202-14-02-01.jpg,/Users/akbar/Downloads/paal_pipeline/data/20260202-13-58-55/pig18_depth_vis_20260202-14-02-01.jpg,1
20260202-16-17-28,0,20260202-16-17-45,/Users/akbar/Downloads/paal_pipeline/data/20260202-16-17-28/pig0_rgb_20260202-16-17-45.jpg,/Users/akbar/Downloads/paal_pipeline/data/20260202-16-17-28/pig0_rgb_aligned_20260202-16-17-45.jpg,/Users/akbar/Downloads/paal_pipeline/data/20260202-16-17-28/pig0_ir_vis_20260202-16-17-45.jpg,/Users/akbar/Downloads/paal_pipeline/data/20260202-16-17-28/pig0_depth_vis_20260202-16-17-45.jpg,1
20260202-16-17-28,1,20260202-16-17-54,/Users/akbar/Downloads/paal_pipeline/data/20260202-16-17-28/pig1_rgb_20260202-16-17-54.jpg,/Users/akbar/Downloads/paal_pipeline/data/20260202-16-17-28/pig1_rgb_aligned_20260202-16-17-54.jpg,/Users/akbar/Downloads/paal_pipeline/data/20260202-16-17-28/pig1_ir_vis_20260202-16-17-54.jpg,/Users/akbar/Downloads/paal_pipeline/data/20260202-16-17-28/pig1_depth_vis_20260202-16-17-54.jpg,1
20260202-16-17-28,3,20260202-16-18-12,/Users/akbar/Downloads/paal_pipeline/data/20260202-16-17-28/pig3_rgb_20260202-16-18-12.jpg,/Users/akbar/Downloads/paal_pipeline/data/20260202-16-17-28/pig3_rgb_aligned_20260202-16-18-12.jpg,/Users/akbar/Downloads/paal_pipeline/data/20260202-16-17-28/pig3_ir_vis_20260202-16-18-12.jpg,/Users/akbar/Downloads/paal_pipeline/data/20260202-16-17-28/pig3_depth_vis_20260202-16-18-12.jpg,1
20260202-16-17-28,4,20260202-16-18-21,/Users/akbar/Downloads/paal_pipeline/data/20260202-16-17-28/pig4_rgb_20260202-16-18-21.jpg,/Users/akbar/Downloads/paal_pipeline/data/20260202-16-17-28/pig4_rgb_aligned_20260202-16-18-21.jpg,/Users/akbar/Downloads/paal_pipeline/data/20260202-16-17-28/pig4_ir_vis_20260202-16-18-21.jpg,/Users/akbar/Downloads/paal_pipeline/data/20260202-16-17-28/pig4_depth_vis_20260202-16-18-21.jpg,1
20260202-16-17-28,5,20260202-16-18-30,/Users/akbar/Downloads/paal_pipeline/data/20260202-16-17-28/pig5_rgb_20260202-16-18-30.jpg,/Users/akbar/Downloads/paal_pipeline/data/20260202-16-17-28/pig5_rgb_aligned_20260202-16-18-30.jpg,/Users/akbar/Downloads/paal_pipeline/data/20260202-16-17-28/pig5_ir_vis_20260202-16-18-30.jpg,/Users/akbar/Downloads/paal_pipeline/data/20260202-16-17-28/pig5_depth_vis_20260202-16-18-30.jpg,1
20260202-16-17-28,6,20260202-16-18-39,/Users/akbar/Downloads/paal_pipeline/data/20260202-16-17-28/pig6_rgb_20260202-16-18-39.jpg,/Users/akbar/Downloads/paal_pipeline/data/20260202-16-17-28/pig6_rgb_aligned_20260202-16-18-39.jpg,/Users/akbar/Downloads/paal_pipeline/data/20260202-16-17-28/pig6_ir_vis_20260202-16-18-39.jpg,/Users/akbar/Downloads/paal_pipeline/data/20260202-16-17-28/pig6_depth_vis_20260202-16-18-39.jpg,1
20260202-16-17-28,7,20260202-16-18-48,/Users/akbar/Downloads/paal_pipeline/data/20260202-16-17-28/pig7_rgb_20260202-16-18-48.jpg,/Users/akbar/Downloads/paal_pipeline/data/20260202-16-17-28/pig7_rgb_aligned_20260202-16-18-48.jpg,/Users/akbar/Downloads/paal_pipeline/data/20260202-16-17-28/pig7_ir_vis_20260202-16-18-48.jpg,/Users/akbar/Downloads/paal_pipeline/data/20260202-16-17-28/pig7_depth_vis_20260202-16-18-48.jpg,1
20260202-16-17-28,8,20260202-16-18-57,/Users/akbar/Downloads/paal_pipeline/data/20260202-16-17-28/pig8_rgb_20260202-16-18-57.jpg,/Users/akbar/Downloads/paal_pipeline/data/20260202-16-17-28/pig8_rgb_aligned_20260202-16-18-57.jpg,/Users/akbar/Downloads/paal_pipeline/data/20260202-16-17-28/pig8_ir_vis_20260202-16-18-57.jpg,/Users/akbar/Downloads/paal_pipeline/data/20260202-16-17-28/pig8_depth_vis_20260202-16-18-57.jpg,1
20260202-16-17-28,9,20260202-16-19-06,/Users/akbar/Downloads/paal_pipeline/data/20260202-16-17-28/pig9_rgb_20260202-16-19-06.jpg,/Users/akbar/Downloads/paal_pipeline/data/20260202-16-17-28/pig9_rgb_aligned_20260202-16-19-06.jpg,/Users/akbar/Downloads/paal_pipeline/data/20260202-16-17-28/pig9_ir_vis_20260202-16-19-06.jpg,/Users/akbar/Downloads/paal_pipeline/data/20260202-16-17-28/pig9_depth_vis_20260202-16-19-06.jpg,1
20260202-16-17-28,11,20260202-16-19-23,/Users/akbar/Downloads/paal_pipeline/data/20260202-16-17-28/pig11_rgb_20260202-16-19-23.jpg,/Users/akbar/Downloads/paal_pipeline/data/20260202-16-17-28/pig11_rgb_aligned_20260202-16-19-23.jpg,/Users/akbar/Downloads/paal_pipeline/data/20260202-16-17-28/pig11_ir_vis_20260202-16-19-23.jpg,/Users/akbar/Downloads/paal_pipeline/data/20260202-16-17-28/pig11_depth_vis_20260202-16-19-23.jpg,1
20260202-16-17-28,12,20260202-16-19-33,/Users/akbar/Downloads/paal_pipeline/data/20260202-16-17-28/pig12_rgb_20260202-16-19-33.jpg,/Users/akbar/Downloads/paal_pipeline/data/20260202-16-17-28/pig12_rgb_aligned_20260202-16-19-33.jpg,/Users/akbar/Downloads/paal_pipeline/data/20260202-16-17-28/pig12_ir_vis_20260202-16-19-33.jpg,/Users/akbar/Downloads/paal_pipeline/data/20260202-16-17-28/pig12_depth_vis_20260202-16-19-33.jpg,1
20260202-16-17-28,13,20260202-16-19-41,/Users/akbar/Downloads/paal_pipeline/data/20260202-16-17-28/pig13_rgb_20260202-16-19-41.jpg,/Users/akbar/Downloads/paal_pipeline/data/20260202-16-17-28/pig13_rgb_aligned_20260202-16-19-41.jpg,/Users/akbar/Downloads/paal_pipeline/data/20260202-16-17-28/pig13_ir_vis_20260202-16-19-41.jpg,/Users/akbar/Downloads/paal_pipeline/data/20260202-16-17-28/pig13_depth_vis_20260202-16-19-41.jpg,1
20260202-16-17-28,15,20260202-16-19-59,/Users/akbar/Downloads/paal_pipeline/data/20260202-16-17-28/pig15_rgb_20260202-16-19-59.jpg,/Users/akbar/Downloads/paal_pipeline/data/20260202-16-17-28/pig15_rgb_aligned_20260202-16-19-59.jpg,/Users/akbar/Downloads/paal_pipeline/data/20260202-16-17-28/pig15_ir_vis_20260202-16-19-59.jpg,/Users/akbar/Downloads/paal_pipeline/data/20260202-16-17-28/pig15_depth_vis_20260202-16-19-59.jpg,1
20260202-16-17-28,16,20260202-16-20-08,/Users/akbar/Downloads/paal_pipeline/data/20260202-16-17-28/pig16_rgb_20260202-16-20-08.jpg,/Users/akbar/Downloads/paal_pipeline/data/20260202-16-17-28/pig16_rgb_aligned_20260202-16-20-08.jpg,/Users/akbar/Downloads/paal_pipeline/data/20260202-16-17-28/pig16_ir_vis_20260202-16-20-08.jpg,/Users/akbar/Downloads/paal_pipeline/data/20260202-16-17-28/pig16_depth_vis_20260202-16-20-08.jpg,1
20260202-16-17-28,17,20260202-16-20-17,/Users/akbar/Downloads/paal_pipeline/data/20260202-16-17-28/pig17_rgb_20260202-16-20-17.jpg,/Users/akbar/Downloads/paal_pipeline/data/20260202-16-17-28/pig17_rgb_aligned_20260202-16-20-17.jpg,/Users/akbar/Downloads/paal_pipeline/data/20260202-16-17-28/pig17_ir_vis_20260202-16-20-17.jpg,/Users/akbar/Downloads/paal_pipeline/data/20260202-16-17-28/pig17_depth_vis_20260202-16-20-17.jpg,1
20260202-16-17-28,19,20260202-16-20-34,/Users/akbar/Downloads/paal_pipeline/data/20260202-16-17-28/pig19_rgb_20260202-16-20-34.jpg,/Users/akbar/Downloads/paal_pipeline/data/20260202-16-17-28/pig19_rgb_aligned_20260202-16-20-34.jpg,/Users/akbar/Downloads/paal_pipeline/data/20260202-16-17-28/pig19_ir_vis_20260202-16-20-34.jpg,/Users/akbar/Downloads/paal_pipeline/data/20260202-16-17-28/pig19_depth_vis_20260202-16-20-34.jpg,1
20260202-19-08-00,0,20260202-19-08-17,/Users/akbar/Downloads/paal_pipeline/data/20260202-19-08-00/pig0_rgb_20260202-19-08-17.jpg,/Users/akbar/Downloads/paal_pipeline/data/20260202-19-08-00/pig0_rgb_aligned_20260202-19-08-17.jpg,/Users/akbar/Downloads/paal_pipeline/data/20260202-19-08-00/pig0_ir_vis_20260202-19-08-17.jpg,/Users/akbar/Downloads/paal_pipeline/data/20260202-19-08-00/pig0_depth_vis_20260202-19-08-17.jpg,0
20260202-19-08-00,1,20260202-19-08-26,/Users/akbar/Downloads/paal_pipeline/data/20260202-19-08-00/pig1_rgb_20260202-19-08-26.jpg,/Users/akbar/Downloads/paal_pipeline/data/20260202-19-08-00/pig1_rgb_aligned_20260202-19-08-26.jpg,/Users/akbar/Downloads/paal_pipeline/data/20260202-19-08-00/pig1_ir_vis_20260202-19-08-26.jpg,/Users/akbar/Downloads/paal_pipeline/data/20260202-19-08-00/pig1_depth_vis_20260202-19-08-26.jpg,0
20260202-19-08-00,3,20260202-19-08-44,/Users/akbar/Downloads/paal_pipeline/data/20260202-19-08-00/pig3_rgb_20260202-19-08-44.jpg,/Users/akbar/Downloads/paal_pipeline/data/20260202-19-08-00/pig3_rgb_aligned_20260202-19-08-44.jpg,/Users/akbar/Downloads/paal_pipeline/data/20260202-19-08-00/pig3_ir_vis_20260202-19-08-44.jpg,/Users/akbar/Downloads/paal_pipeline/data/20260202-19-08-00/pig3_depth_vis_20260202-19-08-44.jpg,1
20260202-19-08-00,4,20260202-19-08-53,/Users/akbar/Downloads/paal_pipeline/data/20260202-19-08-00/pig4_rgb_20260202-19-08-53.jpg,/Users/akbar/Downloads/paal_pipeline/data/20260202-19-08-00/pig4_rgb_aligned_20260202-19-08-53.jpg,/Users/akbar/Downloads/paal_pipeline/data/20260202-19-08-00/pig4_ir_vis_20260202-19-08-53.jpg,/Users/akbar/Downloads/paal_pipeline/data/20260202-19-08-00/pig4_depth_vis_20260202-19-08-53.jpg,1
20260202-19-08-00,5,20260202-19-09-02,/Users/akbar/Downloads/paal_pipeline/data/20260202-19-08-00/pig5_rgb_20260202-19-09-02.jpg,/Users/akbar/Downloads/paal_pipeline/data/20260202-19-08-00/pig5_rgb_aligned_20260202-19-09-02.jpg,/Users/akbar/Downloads/paal_pipeline/data/20260202-19-08-00/pig5_ir_vis_20260202-19-09-02.jpg,/Users/akbar/Downloads/paal_pipeline/data/20260202-19-08-00/pig5_depth_vis_20260202-19-09-02.jpg,1
20260202-19-08-00,6,20260202-19-09-11,/Users/akbar/Downloads/paal_pipeline/data/20260202-19-08-00/pig6_rgb_20260202-19-09-11.jpg,/Users/akbar/Downloads/paal_pipeline/data/20260202-19-08-00/pig6_rgb_aligned_20260202-19-09-11.jpg,/Users/akbar/Downloads/paal_pipeline/data/20260202-19-08-00/pig6_ir_vis_20260202-19-09-11.jpg,/Users/akbar/Downloads/paal_pipeline/data/20260202-19-08-00/pig6_depth_vis_20260202-19-09-11.jpg,1
20260202-19-08-00,7,20260202-19-09-20,/Users/akbar/Downloads/paal_pipeline/data/20260202-19-08-00/pig7_rgb_20260202-19-09-20.jpg,/Users/akbar/Downloads/paal_pipeline/data/20260202-19-08-00/pig7_rgb_aligned_20260202-19-09-20.jpg,/Users/akbar/Downloads/paal_pipeline/data/20260202-19-08-00/pig7_ir_vis_20260202-19-09-20.jpg,/Users/akbar/Downloads/paal_pipeline/data/20260202-19-08-00/pig7_depth_vis_20260202-19-09-20.jpg,0
20260202-19-08-00,8,20260202-19-09-29,/Users/akbar/Downloads/paal_pipeline/data/20260202-19-08-00/pig8_rgb_20260202-19-09-29.jpg,/Users/akbar/Downloads/paal_pipeline/data/20260202-19-08-00/pig8_rgb_aligned_20260202-19-09-29.jpg,/Users/akbar/Downloads/paal_pipeline/data/20260202-19-08-00/pig8_ir_vis_20260202-19-09-29.jpg,/Users/akbar/Downloads/paal_pipeline/data/20260202-19-08-00/pig8_depth_vis_20260202-19-09-29.jpg,1
20260202-19-08-00,9,20260202-19-09-37,/Users/akbar/Downloads/paal_pipeline/data/20260202-19-08-00/pig9_rgb_20260202-19-09-37.jpg,/Users/akbar/Downloads/paal_pipeline/data/20260202-19-08-00/pig9_rgb_aligned_20260202-19-09-37.jpg,/Users/akbar/Downloads/paal_pipeline/data/20260202-19-08-00/pig9_ir_vis_20260202-19-09-37.jpg,/Users/akbar/Downloads/paal_pipeline/data/20260202-19-08-00/pig9_depth_vis_20260202-19-09-37.jpg,1
20260202-19-08-00,11,20260202-19-09-55,/Users/akbar/Downloads/paal_pipeline/data/20260202-19-08-00/pig11_rgb_20260202-19-09-55.jpg,/Users/akbar/Downloads/paal_pipeline/data/20260202-19-08-00/pig11_rgb_aligned_20260202-19-09-55.jpg,/Users/akbar/Downloads/paal_pipeline/data/20260202-19-08-00/pig11_ir_vis_20260202-19-09-55.jpg,/Users/akbar/Downloads/paal_pipeline/data/20260202-19-08-00/pig11_depth_vis_20260202-19-09-55.jpg,0
20260202-19-08-00,12,20260202-19-10-04,/Users/akbar/Downloads/paal_pipeline/data/20260202-19-08-00/pig12_rgb_20260202-19-10-04.jpg,/Users/akbar/Downloads/paal_pipeline/data/20260202-19-08-00/pig12_rgb_aligned_20260202-19-10-04.jpg,/Users/akbar/Downloads/paal_pipeline/data/20260202-19-08-00/pig12_ir_vis_20260202-19-10-04.jpg,/Users/akbar/Downloads/paal_pipeline/data/20260202-19-08-00/pig12_depth_vis_20260202-19-10-04.jpg,1
20260202-19-08-00,13,20260202-19-10-13,/Users/akbar/Downloads/paal_pipeline/data/20260202-19-08-00/pig13_rgb_20260202-19-10-13.jpg,/Users/akbar/Downloads/paal_pipeline/data/20260202-19-08-00/pig13_rgb_aligned_20260202-19-10-13.jpg,/Users/akbar/Downloads/paal_pipeline/data/20260202-19-08-00/pig13_ir_vis_20260202-19-10-13.jpg,/Users/akbar/Downloads/paal_pipeline/data/20260202-19-08-00/pig13_depth_vis_20260202-19-10-13.jpg,0
20260202-19-08-00,15,20260202-19-10-31,/Users/akbar/Downloads/paal_pipeline/data/20260202-19-08-00/pig15_rgb_20260202-19-10-31.jpg,/Users/akbar/Downloads/paal_pipeline/data/20260202-19-08-00/pig15_rgb_aligned_20260202-19-10-31.jpg,/Users/akbar/Downloads/paal_pipeline/data/20260202-19-08-00/pig15_ir_vis_20260202-19-10-31.jpg,/Users/akbar/Downloads/paal_pipeline/data/20260202-19-08-00/pig15_depth_vis_20260202-19-10-31.jpg,0
20260202-19-08-00,16,20260202-19-10-40,/Users/akbar/Downloads/paal_pipeline/data/20260202-19-08-00/pig16_rgb_20260202-19-10-40.jpg,/Users/akbar/Downloads/paal_pipeline/data/20260202-19-08-00/pig16_rgb_aligned_20260202-19-10-40.jpg,/Users/akbar/Downloads/paal_pipeline/data/20260202-19-08-00/pig16_ir_vis_20260202-19-10-40.jpg,/Users/akbar/Downloads/paal_pipeline/data/20260202-19-08-00/pig16_depth_vis_20260202-19-10-40.jpg,0
20260202-19-08-00,17,20260202-19-10-49,/Users/akbar/Downloads/paal_pipeline/data/20260202-19-08-00/pig17_rgb_20260202-19-10-49.jpg,/Users/akbar/Downloads/paal_pipeline/data/20260202-19-08-00/pig17_rgb_aligned_20260202-19-10-49.jpg,/Users/akbar/Downloads/paal_pipeline/data/20260202-19-08-00/pig17_ir_vis_20260202-19-10-49.jpg,/Users/akbar/Downloads/paal_pipeline/data/20260202-19-08-00/pig17_depth_vis_20260202-19-10-49.jpg,0
20260202-19-08-00,19,20260202-19-11-06,/Users/akbar/Downloads/paal_pipeline/data/20260202-19-08-00/pig19_rgb_20260202-19-11-06.jpg,/Users/akbar/Downloads/paal_pipeline/data/20260202-19-08-00/pig19_rgb_aligned_20260202-19-11-06.jpg,/Users/akbar/Downloads/paal_pipeline/data/20260202-19-08-00/pig19_ir_vis_20260202-19-11-06.jpg,/Users/akbar/Downloads/paal_pipeline/data/20260202-19-08-00/pig19_depth_vis_20260202-19-11-06.jpg,0
20260202-23-13-07,0,20260202-23-13-24,/Users/akbar/Downloads/paal_pipeline/data/20260202-23-13-07/pig0_rgb_20260202-23-13-24.jpg,/Users/akbar/Downloads/paal_pipeline/data/20260202-23-13-07/pig0_rgb_aligned_20260202-23-13-24.jpg,/Users/akbar/Downloads/paal_pipeline/data/20260202-23-13-07/pig0_ir_vis_20260202-23-13-24.jpg,/Users/akbar/Downloads/paal_pipeline/data/20260202-23-13-07/pig0_depth_vis_20260202-23-13-24.jpg,0
20260202-23-13-07,1,20260202-23-13-33,/Users/akbar/Downloads/paal_pipeline/data/20260202-23-13-07/pig1_rgb_20260202-23-13-33.jpg,/Users/akbar/Downloads/paal_pipeline/data/20260202-23-13-07/pig1_rgb_aligned_20260202-23-13-33.jpg,/Users/akbar/Downloads/paal_pipeline/data/20260202-23-13-07/pig1_ir_vis_20260202-23-13-33.jpg,/Users/akbar/Downloads/paal_pipeline/data/20260202-23-13-07/pig1_depth_vis_20260202-23-13-33.jpg,0
20260202-23-13-07,3,20260202-23-13-51,/Users/akbar/Downloads/paal_pipeline/data/20260202-23-13-07/pig3_rgb_20260202-23-13-51.jpg,/Users/akbar/Downloads/paal_pipeline/data/20260202-23-13-07/pig3_rgb_aligned_20260202-23-13-51.jpg,/Users/akbar/Downloads/paal_pipeline/data/20260202-23-13-07/pig3_ir_vis_20260202-23-13-51.jpg,/Users/akbar/Downloads/paal_pipeline/data/20260202-23-13-07/pig3_depth_vis_20260202-23-13-51.jpg,0
20260202-23-13-07,4,20260202-23-14-00,/Users/akbar/Downloads/paal_pipeline/data/20260202-23-13-07/pig4_rgb_20260202-23-14-00.jpg,/Users/akbar/Downloads/paal_pipeline/data/20260202-23-13-07/pig4_rgb_aligned_20260202-23-14-00.jpg,/Users/akbar/Downloads/paal_pipeline/data/20260202-23-13-07/pig4_ir_vis_20260202-23-14-00.jpg,/Users/akbar/Downloads/paal_pipeline/data/20260202-23-13-07/pig4_depth_vis_20260202-23-14-00.jpg,0
20260202-23-13-07,5,20260202-23-14-09,/Users/akbar/Downloads/paal_pipeline/data/20260202-23-13-07/pig5_rgb_20260202-23-14-09.jpg,/Users/akbar/Downloads/paal_pipeline/data/20260202-23-13-07/pig5_rgb_aligned_20260202-23-14-09.jpg,/Users/akbar/Downloads/paal_pipeline/data/20260202-23-13-07/pig5_ir_vis_20260202-23-14-09.jpg,/Users/akbar/Downloads/paal_pipeline/data/20260202-23-13-07/pig5_depth_vis_20260202-23-14-09.jpg,0
20260202-23-13-07,6,20260202-23-14-18,/Users/akbar/Downloads/paal_pipeline/data/20260202-23-13-07/pig6_rgb_20260202-23-14-18.jpg,/Users/akbar/Downloads/paal_pipeline/data/20260202-23-13-07/pig6_rgb_aligned_20260202-23-14-18.jpg,/Users/akbar/Downloads/paal_pipeline/data/20260202-23-13-07/pig6_ir_vis_20260202-23-14-18.jpg,/Users/akbar/Downloads/paal_pipeline/data/20260202-23-13-07/pig6_depth_vis_20260202-23-14-18.jpg,0
20260202-23-13-07,7,20260202-23-14-27,/Users/akbar/Downloads/paal_pipeline/data/20260202-23-13-07/pig7_rgb_20260202-23-14-27.jpg,/Users/akbar/Downloads/paal_pipeline/data/20260202-23-13-07/pig7_rgb_aligned_20260202-23-14-27.jpg,/Users/akbar/Downloads/paal_pipeline/data/20260202-23-13-07/pig7_ir_vis_20260202-23-14-27.jpg,/Users/akbar/Downloads/paal_pipeline/data/20260202-23-13-07/pig7_depth_vis_20260202-23-14-27.jpg,0
20260202-23-13-07,8,20260202-23-14-36,/Users/akbar/Downloads/paal_pipeline/data/20260202-23-13-07/pig8_rgb_20260202-23-14-36.jpg,/Users/akbar/Downloads/paal_pipeline/data/20260202-23-13-07/pig8_rgb_aligned_20260202-23-14-36.jpg,/Users/akbar/Downloads/paal_pipeline/data/20260202-23-13-07/pig8_ir_vis_20260202-23-14-36.jpg,/Users/akbar/Downloads/paal_pipeline/data/20260202-23-13-07/pig8_depth_vis_20260202-23-14-36.jpg,0
20260202-23-13-07,9,20260202-23-14-45,/Users/akbar/Downloads/paal_pipeline/data/20260202-23-13-07/pig9_rgb_20260202-23-14-45.jpg,/Users/akbar/Downloads/paal_pipeline/data/20260202-23-13-07/pig9_rgb_aligned_20260202-23-14-45.jpg,/Users/akbar/Downloads/paal_pipeline/data/20260202-23-13-07/pig9_ir_vis_20260202-23-14-45.jpg,/Users/akbar/Downloads/paal_pipeline/data/20260202-23-13-07/pig9_depth_vis_20260202-23-14-45.jpg,0
20260202-23-13-07,11,20260202-23-15-02,/Users/akbar/Downloads/paal_pipeline/data/20260202-23-13-07/pig11_rgb_20260202-23-15-02.jpg,/Users/akbar/Downloads/paal_pipeline/data/20260202-23-13-07/pig11_rgb_aligned_20260202-23-15-02.jpg,/Users/akbar/Downloads/paal_pipeline/data/20260202-23-13-07/pig11_ir_vis_20260202-23-15-02.jpg,/Users/akbar/Downloads/paal_pipeline/data/20260202-23-13-07/pig11_depth_vis_20260202-23-15-02.jpg,0
20260202-23-13-07,12,20260202-23-15-11,/Users/akbar/Downloads/paal_pipeline/data/20260202-23-13-07/pig12_rgb_20260202-23-15-11.jpg,/Users/akbar/Downloads/paal_pipeline/data/20260202-23-13-07/pig12_rgb_aligned_20260202-23-15-11.jpg,/Users/akbar/Downloads/paal_pipeline/data/20260202-23-13-07/pig12_ir_vis_20260202-23-15-11.jpg,/Users/akbar/Downloads/paal_pipeline/data/20260202-23-13-07/pig12_depth_vis_20260202-23-15-11.jpg,0
20260202-23-13-07,13,20260202-23-15-20,/Users/akbar/Downloads/paal_pipeline/data/20260202-23-13-07/pig13_rgb_20260202-23-15-20.jpg,/Users/akbar/Downloads/paal_pipeline/data/20260202-23-13-07/pig13_rgb_aligned_20260202-23-15-20.jpg,/Users/akbar/Downloads/paal_pipeline/data/20260202-23-13-07/pig13_ir_vis_20260202-23-15-20.jpg,/Users/akbar/Downloads/paal_pipeline/data/20260202-23-13-07/pig13_depth_vis_20260202-23-15-20.jpg,0
20260202-23-13-07,15,20260202-23-15-38,/Users/akbar/Downloads/paal_pipeline/data/20260202-23-13-07/pig15_rgb_20260202-23-15-38.jpg,/Users/akbar/Downloads/paal_pipeline/data/20260202-23-13-07/pig15_rgb_aligned_20260202-23-15-38.jpg,/Users/akbar/Downloads/paal_pipeline/data/20260202-23-13-07/pig15_ir_vis_20260202-23-15-38.jpg,/Users/akbar/Downloads/paal_pipeline/data/20260202-23-13-07/pig15_depth_vis_20260202-23-15-38.jpg,0
20260202-23-13-07,16,20260202-23-15-47,/Users/akbar/Downloads/paal_pipeline/data/20260202-23-13-07/pig16_rgb_20260202-23-15-47.jpg,/Users/akbar/Downloads/paal_pipeline/data/20260202-23-13-07/pig16_rgb_aligned_20260202-23-15-47.jpg,/Users/akbar/Downloads/paal_pipeline/data/20260202-23-13-07/pig16_ir_vis_20260202-23-15-47.jpg,/Users/akbar/Downloads/paal_pipeline/data/20260202-23-13-07/pig16_depth_vis_20260202-23-15-47.jpg,0
20260202-23-13-07,17,20260202-23-15-56,/Users/akbar/Downloads/paal_pipeline/data/20260202-23-13-07/pig17_rgb_20260202-23-15-56.jpg,/Users/akbar/Downloads/paal_pipeline/data/20260202-23-13-07/pig17_rgb_aligned_20260202-23-15-56.jpg,/Users/akbar/Downloads/paal_pipeline/data/20260202-23-13-07/pig17_ir_vis_20260202-23-15-56.jpg,/Users/akbar/Downloads/paal_pipeline/data/20260202-23-13-07/pig17_depth_vis_20260202-23-15-56.jpg,0
20260202-23-13-07,19,20260202-23-16-13,/Users/akbar/Downloads/paal_pipeline/data/20260202-23-13-07/pig19_rgb_20260202-23-16-13.jpg,/Users/akbar/Downloads/paal_pipeline/data/20260202-23-13-07/pig19_rgb_aligned_20260202-23-16-13.jpg,/Users/akbar/Downloads/paal_pipeline/data/20260202-23-13-07/pig19_ir_vis_20260202-23-16-13.jpg,/Users/akbar/Downloads/paal_pipeline/data/20260202-23-13-07/pig19_depth_vis_20260202-23-16-13.jpg,0
20260203-01-21-00,0,20260203-01-21-18,/Users/akbar/Downloads/paal_pipeline/data/20260203-01-21-00/pig0_rgb_20260203-01-21-18.jpg,/Users/akbar/Downloads/paal_pipeline/data/20260203-01-21-00/pig0_rgb_aligned_20260203-01-21-18.jpg,/Users/akbar/Downloads/paal_pipeline/data/20260203-01-21-00/pig0_ir_vis_20260203-01-21-18.jpg,/Users/akbar/Downloads/paal_pipeline/data/20260203-01-21-00/pig0_depth_vis_20260203-01-21-18.jpg,1
20260203-01-21-00,1,20260203-01-21-27,/Users/akbar/Downloads/paal_pipeline/data/20260203-01-21-00/pig1_rgb_20260203-01-21-27.jpg,/Users/akbar/Downloads/paal_pipeline/data/20260203-01-21-00/pig1_rgb_aligned_20260203-01-21-27.jpg,/Users/akbar/Downloads/paal_pipeline/data/20260203-01-21-00/pig1_ir_vis_20260203-01-21-27.jpg,/Users/akbar/Downloads/paal_pipeline/data/20260203-01-21-00/pig1_depth_vis_20260203-01-21-27.jpg,0
20260203-01-21-00,3,20260203-01-21-44,/Users/akbar/Downloads/paal_pipeline/data/20260203-01-21-00/pig3_rgb_20260203-01-21-44.jpg,/Users/akbar/Downloads/paal_pipeline/data/20260203-01-21-00/pig3_rgb_aligned_20260203-01-21-44.jpg,/Users/akbar/Downloads/paal_pipeline/data/20260203-01-21-00/pig3_ir_vis_20260203-01-21-44.jpg,/Users/akbar/Downloads/paal_pipeline/data/20260203-01-21-00/pig3_depth_vis_20260203-01-21-44.jpg,0
20260203-01-21-00,4,20260203-01-21-53,/Users/akbar/Downloads/paal_pipeline/data/20260203-01-21-00/pig4_rgb_20260203-01-21-53.jpg,/Users/akbar/Downloads/paal_pipeline/data/20260203-01-21-00/pig4_rgb_aligned_20260203-01-21-53.jpg,/Users/akbar/Downloads/paal_pipeline/data/20260203-01-21-00/pig4_ir_vis_20260203-01-21-53.jpg,/Users/akbar/Downloads/paal_pipeline/data/20260203-01-21-00/pig4_depth_vis_20260203-01-21-53.jpg,0
20260203-01-21-00,5,20260203-01-22-02,/Users/akbar/Downloads/paal_pipeline/data/20260203-01-21-00/pig5_rgb_20260203-01-22-02.jpg,/Users/akbar/Downloads/paal_pipeline/data/20260203-01-21-00/pig5_rgb_aligned_20260203-01-22-02.jpg,/Users/akbar/Downloads/paal_pipeline/data/20260203-01-21-00/pig5_ir_vis_20260203-01-22-02.jpg,/Users/akbar/Downloads/paal_pipeline/data/20260203-01-21-00/pig5_depth_vis_20260203-01-22-02.jpg,0
20260203-01-21-00,6,20260203-01-22-11,/Users/akbar/Downloads/paal_pipeline/data/20260203-01-21-00/pig6_rgb_20260203-01-22-11.jpg,/Users/akbar/Downloads/paal_pipeline/data/20260203-01-21-00/pig6_rgb_aligned_20260203-01-22-11.jpg,/Users/akbar/Downloads/paal_pipeline/data/20260203-01-21-00/pig6_ir_vis_20260203-01-22-11.jpg,/Users/akbar/Downloads/paal_pipeline/data/20260203-01-21-00/pig6_depth_vis_20260203-01-22-11.jpg,0
20260203-01-21-00,7,20260203-01-22-20,/Users/akbar/Downloads/paal_pipeline/data/20260203-01-21-00/pig7_rgb_20260203-01-22-20.jpg,/Users/akbar/Downloads/paal_pipeline/data/20260203-01-21-00/pig7_rgb_aligned_20260203-01-22-20.jpg,/Users/akbar/Downloads/paal_pipeline/data/20260203-01-21-00/pig7_ir_vis_20260203-01-22-20.jpg,/Users/akbar/Downloads/paal_pipeline/data/20260203-01-21-00/pig7_depth_vis_20260203-01-22-20.jpg,0
20260203-01-21-00,8,20260203-01-22-29,/Users/akbar/Downloads/paal_pipeline/data/20260203-01-21-00/pig8_rgb_20260203-01-22-29.jpg,/Users/akbar/Downloads/paal_pipeline/data/20260203-01-21-00/pig8_rgb_aligned_20260203-01-22-29.jpg,/Users/akbar/Downloads/paal_pipeline/data/20260203-01-21-00/pig8_ir_vis_20260203-01-22-29.jpg,/Users/akbar/Downloads/paal_pipeline/data/20260203-01-21-00/pig8_depth_vis_20260203-01-22-29.jpg,0
20260203-01-21-00,9,20260203-01-22-38,/Users/akbar/Downloads/paal_pipeline/data/20260203-01-21-00/pig9_rgb_20260203-01-22-38.jpg,/Users/akbar/Downloads/paal_pipeline/data/20260203-01-21-00/pig9_rgb_aligned_20260203-01-22-38.jpg,/Users/akbar/Downloads/paal_pipeline/data/20260203-01-21-00/pig9_ir_vis_20260203-01-22-38.jpg,/Users/akbar/Downloads/paal_pipeline/data/20260203-01-21-00/pig9_depth_vis_20260203-01-22-38.jpg,0
20260203-01-21-00,11,20260203-01-22-56,/Users/akbar/Downloads/paal_pipeline/data/20260203-01-21-00/pig11_rgb_20260203-01-22-56.jpg,/Users/akbar/Downloads/paal_pipeline/data/20260203-01-21-00/pig11_rgb_aligned_20260203-01-22-56.jpg,/Users/akbar/Downloads/paal_pipeline/data/20260203-01-21-00/pig11_ir_vis_20260203-01-22-56.jpg,/Users/akbar/Downloads/paal_pipeline/data/20260203-01-21-00/pig11_depth_vis_20260203-01-22-56.jpg,0
20260203-01-21-00,12,20260203-01-23-05,/Users/akbar/Downloads/paal_pipeline/data/20260203-01-21-00/pig12_rgb_20260203-01-23-05.jpg,/Users/akbar/Downloads/paal_pipeline/data/20260203-01-21-00/pig12_rgb_aligned_20260203-01-23-05.jpg,/Users/akbar/Downloads/paal_pipeline/data/20260203-01-21-00/pig12_ir_vis_20260203-01-23-05.jpg,/Users/akbar/Downloads/paal_pipeline/data/20260203-01-21-00/pig12_depth_vis_20260203-01-23-05.jpg,0
20260203-01-21-00,13,20260203-01-23-14,/Users/akbar/Downloads/paal_pipeline/data/20260203-01-21-00/pig13_rgb_20260203-01-23-14.jpg,/Users/akbar/Downloads/paal_pipeline/data/20260203-01-21-00/pig13_rgb_aligned_20260203-01-23-14.jpg,/Users/akbar/Downloads/paal_pipeline/data/20260203-01-21-00/pig13_ir_vis_20260203-01-23-14.jpg,/Users/akbar/Downloads/paal_pipeline/data/20260203-01-21-00/pig13_depth_vis_20260203-01-23-14.jpg,0
20260203-01-21-00,15,20260203-01-23-31,/Users/akbar/Downloads/paal_pipeline/data/20260203-01-21-00/pig15_rgb_20260203-01-23-31.jpg,/Users/akbar/Downloads/paal_pipeline/data/20260203-01-21-00/pig15_rgb_aligned_20260203-01-23-31.jpg,/Users/akbar/Downloads/paal_pipeline/data/20260203-01-21-00/pig15_ir_vis_20260203-01-23-31.jpg,/Users/akbar/Downloads/paal_pipeline/data/20260203-01-21-00/pig15_depth_vis_20260203-01-23-31.jpg,0
20260203-01-21-00,16,20260203-01-23-41,/Users/akbar/Downloads/paal_pipeline/data/20260203-01-21-00/pig16_rgb_20260203-01-23-41.jpg,/Users/akbar/Downloads/paal_pipeline/data/20260203-01-21-00/pig16_rgb_aligned_20260203-01-23-41.jpg,/Users/akbar/Downloads/paal_pipeline/data/20260203-01-21-00/pig16_ir_vis_20260203-01-23-41.jpg,/Users/akbar/Downloads/paal_pipeline/data/20260203-01-21-00/pig16_depth_vis_20260203-01-23-41.jpg,0
20260203-01-21-00,17,20260203-01-23-49,/Users/akbar/Downloads/paal_pipeline/data/20260203-01-21-00/pig17_rgb_20260203-01-23-49.jpg,/Users/akbar/Downloads/paal_pipeline/data/20260203-01-21-00/pig17_rgb_aligned_20260203-01-23-49.jpg,/Users/akbar/Downloads/paal_pipeline/data/20260203-01-21-00/pig17_ir_vis_20260203-01-23-49.jpg,/Users/akbar/Downloads/paal_pipeline/data/20260203-01-21-00/pig17_depth_vis_20260203-01-23-49.jpg,0
20260203-01-21-00,19,20260203-01-24-07,/Users/akbar/Downloads/paal_pipeline/data/20260203-01-21-00/pig19_rgb_20260203-01-24-07.jpg,/Users/akbar/Downloads/paal_pipeline/data/20260203-01-21-00/pig19_rgb_aligned_20260203-01-24-07.jpg,/Users/akbar/Downloads/paal_pipeline/data/20260203-01-21-00/pig19_ir_vis_20260203-01-24-07.jpg,/Users/akbar/Downloads/paal_pipeline/data/20260203-01-21-00/pig19_depth_vis_20260203-01-24-07.jpg,0
20260203-02-14-17,0,20260203-02-14-35,/Users/akbar/Downloads/paal_pipeline/data/20260203-02-14-17/pig0_rgb_20260203-02-14-35.jpg,/Users/akbar/Downloads/paal_pipeline/data/20260203-02-14-17/pig0_rgb_aligned_20260203-02-14-35.jpg,/Users/akbar/Downloads/paal_pipeline/data/20260203-02-14-17/pig0_ir_vis_20260203-02-14-35.jpg,/Users/akbar/Downloads/paal_pipeline/data/20260203-02-14-17/pig0_depth_vis_20260203-02-14-35.jpg,0
20260203-02-14-17,1,20260203-02-14-44,/Users/akbar/Downloads/paal_pipeline/data/20260203-02-14-17/pig1_rgb_20260203-02-14-44.jpg,/Users/akbar/Downloads/paal_pipeline/data/20260203-02-14-17/pig1_rgb_aligned_20260203-02-14-44.jpg,/Users/akbar/Downloads/paal_pipeline/data/20260203-02-14-17/pig1_ir_vis_20260203-02-14-44.jpg,/Users/akbar/Downloads/paal_pipeline/data/20260203-02-14-17/pig1_depth_vis_20260203-02-14-44.jpg,0
20260203-02-14-17,3,20260203-02-15-02,/Users/akbar/Downloads/paal_pipeline/data/20260203-02-14-17/pig3_rgb_20260203-02-15-02.jpg,/Users/akbar/Downloads/paal_pipeline/data/20260203-02-14-17/pig3_rgb_aligned_20260203-02-15-02.jpg,/Users/akbar/Downloads/paal_pipeline/data/20260203-02-14-17/pig3_ir_vis_20260203-02-15-02.jpg,/Users/akbar/Downloads/paal_pipeline/data/20260203-02-14-17/pig3_depth_vis_20260203-02-15-02.jpg,0
20260203-02-14-17,4,20260203-02-15-11,/Users/akbar/Downloads/paal_pipeline/data/20260203-02-14-17/pig4_rgb_20260203-02-15-11.jpg,/Users/akbar/Downloads/paal_pipeline/data/20260203-02-14-17/pig4_rgb_aligned_20260203-02-15-11.jpg,/Users/akbar/Downloads/paal_pipeline/data/20260203-02-14-17/pig4_ir_vis_20260203-02-15-11.jpg,/Users/akbar/Downloads/paal_pipeline/data/20260203-02-14-17/pig4_depth_vis_20260203-02-15-11.jpg,0
20260203-02-14-17,5,20260203-02-15-19,/Users/akbar/Downloads/paal_pipeline/data/20260203-02-14-17/pig5_rgb_20260203-02-15-19.jpg,/Users/akbar/Downloads/paal_pipeline/data/20260203-02-14-17/pig5_rgb_aligned_20260203-02-15-19.jpg,/Users/akbar/Downloads/paal_pipeline/data/20260203-02-14-17/pig5_ir_vis_20260203-02-15-19.jpg,/Users/akbar/Downloads/paal_pipeline/data/20260203-02-14-17/pig5_depth_vis_20260203-02-15-19.jpg,0
20260203-02-14-17,6,20260203-02-15-28,/Users/akbar/Downloads/paal_pipeline/data/20260203-02-14-17/pig6_rgb_20260203-02-15-28.jpg,/Users/akbar/Downloads/paal_pipeline/data/20260203-02-14-17/pig6_rgb_aligned_20260203-02-15-28.jpg,/Users/akbar/Downloads/paal_pipeline/data/20260203-02-14-17/pig6_ir_vis_20260203-02-15-28.jpg,/Users/akbar/Downloads/paal_pipeline/data/20260203-02-14-17/pig6_depth_vis_20260203-02-15-28.jpg,0
20260203-02-14-17,7,20260203-02-15-37,/Users/akbar/Downloads/paal_pipeline/data/20260203-02-14-17/pig7_rgb_20260203-02-15-37.jpg,/Users/akbar/Downloads/paal_pipeline/data/20260203-02-14-17/pig7_rgb_aligned_20260203-02-15-37.jpg,/Users/akbar/Downloads/paal_pipeline/data/20260203-02-14-17/pig7_ir_vis_20260203-02-15-37.jpg,/Users/akbar/Downloads/paal_pipeline/data/20260203-02-14-17/pig7_depth_vis_20260203-02-15-37.jpg,0
20260203-02-14-17,8,20260203-02-15-46,/Users/akbar/Downloads/paal_pipeline/data/20260203-02-14-17/pig8_rgb_20260203-02-15-46.jpg,/Users/akbar/Downloads/paal_pipeline/data/20260203-02-14-17/pig8_rgb_aligned_20260203-02-15-46.jpg,/Users/akbar/Downloads/paal_pipeline/data/20260203-02-14-17/pig8_ir_vis_20260203-02-15-46.jpg,/Users/akbar/Downloads/paal_pipeline/data/20260203-02-14-17/pig8_depth_vis_20260203-02-15-46.jpg,0
20260203-02-14-17,9,20260203-02-15-55,/Users/akbar/Downloads/paal_pipeline/data/20260203-02-14-17/pig9_rgb_20260203-02-15-55.jpg,/Users/akbar/Downloads/paal_pipeline/data/20260203-02-14-17/pig9_rgb_aligned_20260203-02-15-55.jpg,/Users/akbar/Downloads/paal_pipeline/data/20260203-02-14-17/pig9_ir_vis_20260203-02-15-55.jpg,/Users/akbar/Downloads/paal_pipeline/data/20260203-02-14-17/pig9_depth_vis_20260203-02-15-55.jpg,0
20260203-02-14-17,11,20260203-02-16-13,/Users/akbar/Downloads/paal_pipeline/data/20260203-02-14-17/pig11_rgb_20260203-02-16-13.jpg,/Users/akbar/Downloads/paal_pipeline/data/20260203-02-14-17/pig11_rgb_aligned_20260203-02-16-13.jpg,/Users/akbar/Downloads/paal_pipeline/data/20260203-02-14-17/pig11_ir_vis_20260203-02-16-13.jpg,/Users/akbar/Downloads/paal_pipeline/data/20260203-02-14-17/pig11_depth_vis_20260203-02-16-13.jpg,0
20260203-02-14-17,12,20260203-02-16-22,/Users/akbar/Downloads/paal_pipeline/data/20260203-02-14-17/pig12_rgb_20260203-02-16-22.jpg,/Users/akbar/Downloads/paal_pipeline/data/20260203-02-14-17/pig12_rgb_aligned_20260203-02-16-22.jpg,/Users/akbar/Downloads/paal_pipeline/data/20260203-02-14-17/pig12_ir_vis_20260203-02-16-22.jpg,/Users/akbar/Downloads/paal_pipeline/data/20260203-02-14-17/pig12_depth_vis_20260203-02-16-22.jpg,0
20260203-02-14-17,13,20260203-02-16-31,/Users/akbar/Downloads/paal_pipeline/data/20260203-02-14-17/pig13_rgb_20260203-02-16-31.jpg,/Users/akbar/Downloads/paal_pipeline/data/20260203-02-14-17/pig13_rgb_aligned_20260203-02-16-31.jpg,/Users/akbar/Downloads/paal_pipeline/data/20260203-02-14-17/pig13_ir_vis_20260203-02-16-31.jpg,/Users/akbar/Downloads/paal_pipeline/data/20260203-02-14-17/pig13_depth_vis_20260203-02-16-31.jpg,0
20260203-02-14-17,15,20260203-02-16-48,/Users/akbar/Downloads/paal_pipeline/data/20260203-02-14-17/pig15_rgb_20260203-02-16-48.jpg,/Users/akbar/Downloads/paal_pipeline/data/20260203-02-14-17/pig15_rgb_aligned_20260203-02-16-48.jpg,/Users/akbar/Downloads/paal_pipeline/data/20260203-02-14-17/pig15_ir_vis_20260203-02-16-48.jpg,/Users/akbar/Downloads/paal_pipeline/data/20260203-02-14-17/pig15_depth_vis_20260203-02-16-48.jpg,0
20260203-02-14-17,16,20260203-02-16-58,/Users/akbar/Downloads/paal_pipeline/data/20260203-02-14-17/pig16_rgb_20260203-02-16-58.jpg,/Users/akbar/Downloads/paal_pipeline/data/20260203-02-14-17/pig16_rgb_aligned_20260203-02-16-58.jpg,/Users/akbar/Downloads/paal_pipeline/data/20260203-02-14-17/pig16_ir_vis_20260203-02-16-58.jpg,/Users/akbar/Downloads/paal_pipeline/data/20260203-02-14-17/pig16_depth_vis_20260203-02-16-58.jpg,0
20260203-02-14-17,17,20260203-02-17-06,/Users/akbar/Downloads/paal_pipeline/data/20260203-02-14-17/pig17_rgb_20260203-02-17-06.jpg,/Users/akbar/Downloads/paal_pipeline/data/20260203-02-14-17/pig17_rgb_aligned_20260203-02-17-06.jpg,/Users/akbar/Downloads/paal_pipeline/data/20260203-02-14-17/pig17_ir_vis_20260203-02-17-06.jpg,/Users/akbar/Downloads/paal_pipeline/data/20260203-02-14-17/pig17_depth_vis_20260203-02-17-06.jpg,0
20260203-02-14-17,19,20260203-02-17-24,/Users/akbar/Downloads/paal_pipeline/data/20260203-02-14-17/pig19_rgb_20260203-02-17-24.jpg,/Users/akbar/Downloads/paal_pipeline/data/20260203-02-14-17/pig19_rgb_aligned_20260203-02-17-24.jpg,/Users/akbar/Downloads/paal_pipeline/data/20260203-02-14-17/pig19_ir_vis_20260203-02-17-24.jpg,/Users/akbar/Downloads/paal_pipeline/data/20260203-02-14-17/pig19_depth_vis_20260203-02-17-24.jpg,0
20260203-03-18-14,0,20260203-03-18-32,/Users/akbar/Downloads/paal_pipeline/data/20260203-03-18-14/pig0_rgb_20260203-03-18-32.jpg,/Users/akbar/Downloads/paal_pipeline/data/20260203-03-18-14/pig0_rgb_aligned_20260203-03-18-32.jpg,/Users/akbar/Downloads/paal_pipeline/data/20260203-03-18-14/pig0_ir_vis_20260203-03-18-32.jpg,/Users/akbar/Downloads/paal_pipeline/data/20260203-03-18-14/pig0_depth_vis_20260203-03-18-32.jpg,0
20260203-03-18-14,1,20260203-03-18-41,/Users/akbar/Downloads/paal_pipeline/data/20260203-03-18-14/pig1_rgb_20260203-03-18-41.jpg,/Users/akbar/Downloads/paal_pipeline/data/20260203-03-18-14/pig1_rgb_aligned_20260203-03-18-41.jpg,/Users/akbar/Downloads/paal_pipeline/data/20260203-03-18-14/pig1_ir_vis_20260203-03-18-41.jpg,/Users/akbar/Downloads/paal_pipeline/data/20260203-03-18-14/pig1_depth_vis_20260203-03-18-41.jpg,0
20260203-03-18-14,3,20260203-03-18-58,/Users/akbar/Downloads/paal_pipeline/data/20260203-03-18-14/pig3_rgb_20260203-03-18-58.jpg,/Users/akbar/Downloads/paal_pipeline/data/20260203-03-18-14/pig3_rgb_aligned_20260203-03-18-58.jpg,/Users/akbar/Downloads/paal_pipeline/data/20260203-03-18-14/pig3_ir_vis_20260203-03-18-58.jpg,/Users/akbar/Downloads/paal_pipeline/data/20260203-03-18-14/pig3_depth_vis_20260203-03-18-58.jpg,0
20260203-03-18-14,4,20260203-03-19-07,/Users/akbar/Downloads/paal_pipeline/data/20260203-03-18-14/pig4_rgb_20260203-03-19-07.jpg,/Users/akbar/Downloads/paal_pipeline/data/20260203-03-18-14/pig4_rgb_aligned_20260203-03-19-07.jpg,/Users/akbar/Downloads/paal_pipeline/data/20260203-03-18-14/pig4_ir_vis_20260203-03-19-07.jpg,/Users/akbar/Downloads/paal_pipeline/data/20260203-03-18-14/pig4_depth_vis_20260203-03-19-07.jpg,0
20260203-03-18-14,5,20260203-03-19-16,/Users/akbar/Downloads/paal_pipeline/data/20260203-03-18-14/pig5_rgb_20260203-03-19-16.jpg,/Users/akbar/Downloads/paal_pipeline/data/20260203-03-18-14/pig5_rgb_aligned_20260203-03-19-16.jpg,/Users/akbar/Downloads/paal_pipeline/data/20260203-03-18-14/pig5_ir_vis_20260203-03-19-16.jpg,/Users/akbar/Downloads/paal_pipeline/data/20260203-03-18-14/pig5_depth_vis_20260203-03-19-16.jpg,0
20260203-03-18-14,6,20260203-03-19-25,/Users/akbar/Downloads/paal_pipeline/data/20260203-03-18-14/pig6_rgb_20260203-03-19-25.jpg,/Users/akbar/Downloads/paal_pipeline/data/20260203-03-18-14/pig6_rgb_aligned_20260203-03-19-25.jpg,/Users/akbar/Downloads/paal_pipeline/data/20260203-03-18-14/pig6_ir_vis_20260203-03-19-25.jpg,/Users/akbar/Downloads/paal_pipeline/data/20260203-03-18-14/pig6_depth_vis_20260203-03-19-25.jpg,0
20260203-03-18-14,7,20260203-03-19-34,/Users/akbar/Downloads/paal_pipeline/data/20260203-03-18-14/pig7_rgb_20260203-03-19-34.jpg,/Users/akbar/Downloads/paal_pipeline/data/20260203-03-18-14/pig7_rgb_aligned_20260203-03-19-34.jpg,/Users/akbar/Downloads/paal_pipeline/data/20260203-03-18-14/pig7_ir_vis_20260203-03-19-34.jpg,/Users/akbar/Downloads/paal_pipeline/data/20260203-03-18-14/pig7_depth_vis_20260203-03-19-34.jpg,0
20260203-03-18-14,8,20260203-03-19-43,/Users/akbar/Downloads/paal_pipeline/data/20260203-03-18-14/pig8_rgb_20260203-03-19-43.jpg,/Users/akbar/Downloads/paal_pipeline/data/20260203-03-18-14/pig8_rgb_aligned_20260203-03-19-43.jpg,/Users/akbar/Downloads/paal_pipeline/data/20260203-03-18-14/pig8_ir_vis_20260203-03-19-43.jpg,/Users/akbar/Downloads/paal_pipeline/data/20260203-03-18-14/pig8_depth_vis_20260203-03-19-43.jpg,0
20260203-03-18-14,9,20260203-03-19-52,/Users/akbar/Downloads/paal_pipeline/data/20260203-03-18-14/pig9_rgb_20260203-03-19-52.jpg,/Users/akbar/Downloads/paal_pipeline/data/20260203-03-18-14/pig9_rgb_aligned_20260203-03-19-52.jpg,/Users/akbar/Downloads/paal_pipeline/data/20260203-03-18-14/pig9_ir_vis_20260203-03-19-52.jpg,/Users/akbar/Downloads/paal_pipeline/data/20260203-03-18-14/pig9_depth_vis_20260203-03-19-52.jpg,0
20260203-03-18-14,11,20260203-03-20-10,/Users/akbar/Downloads/paal_pipeline/data/20260203-03-18-14/pig11_rgb_20260203-03-20-10.jpg,/Users/akbar/Downloads/paal_pipeline/data/20260203-03-18-14/pig11_rgb_aligned_20260203-03-20-10.jpg,/Users/akbar/Downloads/paal_pipeline/data/20260203-03-18-14/pig11_ir_vis_20260203-03-20-10.jpg,/Users/akbar/Downloads/paal_pipeline/data/20260203-03-18-14/pig11_depth_vis_20260203-03-20-10.jpg,0
20260203-03-18-14,12,20260203-03-20-19,/Users/akbar/Downloads/paal_pipeline/data/20260203-03-18-14/pig12_rgb_20260203-03-20-19.jpg,/Users/akbar/Downloads/paal_pipeline/data/20260203-03-18-14/pig12_rgb_aligned_20260203-03-20-19.jpg,/Users/akbar/Downloads/paal_pipeline/data/20260203-03-18-14/pig12_ir_vis_20260203-03-20-19.jpg,/Users/akbar/Downloads/paal_pipeline/data/20260203-03-18-14/pig12_depth_vis_20260203-03-20-19.jpg,0
20260203-03-18-14,13,20260203-03-20-27,/Users/akbar/Downloads/paal_pipeline/data/20260203-03-18-14/pig13_rgb_20260203-03-20-27.jpg,/Users/akbar/Downloads/paal_pipeline/data/20260203-03-18-14/pig13_rgb_aligned_20260203-03-20-27.jpg,/Users/akbar/Downloads/paal_pipeline/data/20260203-03-18-14/pig13_ir_vis_20260203-03-20-27.jpg,/Users/akbar/Downloads/paal_pipeline/data/20260203-03-18-14/pig13_depth_vis_20260203-03-20-27.jpg,0
20260203-03-18-14,15,20260203-03-20-45,/Users/akbar/Downloads/paal_pipeline/data/20260203-03-18-14/pig15_rgb_20260203-03-20-45.jpg,/Users/akbar/Downloads/paal_pipeline/data/20260203-03-18-14/pig15_rgb_aligned_20260203-03-20-45.jpg,/Users/akbar/Downloads/paal_pipeline/data/20260203-03-18-14/pig15_ir_vis_20260203-03-20-45.jpg,/Users/akbar/Downloads/paal_pipeline/data/20260203-03-18-14/pig15_depth_vis_20260203-03-20-45.jpg,0
20260203-03-18-14,16,20260203-03-20-54,/Users/akbar/Downloads/paal_pipeline/data/20260203-03-18-14/pig16_rgb_20260203-03-20-54.jpg,/Users/akbar/Downloads/paal_pipeline/data/20260203-03-18-14/pig16_rgb_aligned_20260203-03-20-54.jpg,/Users/akbar/Downloads/paal_pipeline/data/20260203-03-18-14/pig16_ir_vis_20260203-03-20-54.jpg,/Users/akbar/Downloads/paal_pipeline/data/20260203-03-18-14/pig16_depth_vis_20260203-03-20-54.jpg,0
20260203-03-18-14,17,20260203-03-21-03,/Users/akbar/Downloads/paal_pipeline/data/20260203-03-18-14/pig17_rgb_20260203-03-21-03.jpg,/Users/akbar/Downloads/paal_pipeline/data/20260203-03-18-14/pig17_rgb_aligned_20260203-03-21-03.jpg,/Users/akbar/Downloads/paal_pipeline/data/20260203-03-18-14/pig17_ir_vis_20260203-03-21-03.jpg,/Users/akbar/Downloads/paal_pipeline/data/20260203-03-18-14/pig17_depth_vis_20260203-03-21-03.jpg,0
20260203-03-18-14,19,20260203-03-21-20,/Users/akbar/Downloads/paal_pipeline/data/20260203-03-18-14/pig19_rgb_20260203-03-21-20.jpg,/Users/akbar/Downloads/paal_pipeline/data/20260203-03-18-14/pig19_rgb_aligned_20260203-03-21-20.jpg,/Users/akbar/Downloads/paal_pipeline/data/20260203-03-18-14/pig19_ir_vis_20260203-03-21-20.jpg,/Users/akbar/Downloads/paal_pipeline/data/20260203-03-18-14/pig19_depth_vis_20260203-03-21-20.jpg,0
20260203-04-54-09,0,20260203-04-54-27,/Users/akbar/Downloads/paal_pipeline/data/20260203-04-54-09/pig0_rgb_20260203-04-54-27.jpg,/Users/akbar/Downloads/paal_pipeline/data/20260203-04-54-09/pig0_rgb_aligned_20260203-04-54-27.jpg,/Users/akbar/Downloads/paal_pipeline/data/20260203-04-54-09/pig0_ir_vis_20260203-04-54-27.jpg,/Users/akbar/Downloads/paal_pipeline/data/20260203-04-54-09/pig0_depth_vis_20260203-04-54-27.jpg,0
20260203-04-54-09,1,20260203-04-54-35,/Users/akbar/Downloads/paal_pipeline/data/20260203-04-54-09/pig1_rgb_20260203-04-54-35.jpg,/Users/akbar/Downloads/paal_pipeline/data/20260203-04-54-09/pig1_rgb_aligned_20260203-04-54-35.jpg,/Users/akbar/Downloads/paal_pipeline/data/20260203-04-54-09/pig1_ir_vis_20260203-04-54-35.jpg,/Users/akbar/Downloads/paal_pipeline/data/20260203-04-54-09/pig1_depth_vis_20260203-04-54-35.jpg,0
20260203-04-54-09,3,20260203-04-54-53,/Users/akbar/Downloads/paal_pipeline/data/20260203-04-54-09/pig3_rgb_20260203-04-54-53.jpg,/Users/akbar/Downloads/paal_pipeline/data/20260203-04-54-09/pig3_rgb_aligned_20260203-04-54-53.jpg,/Users/akbar/Downloads/paal_pipeline/data/20260203-04-54-09/pig3_ir_vis_20260203-04-54-53.jpg,/Users/akbar/Downloads/paal_pipeline/data/20260203-04-54-09/pig3_depth_vis_20260203-04-54-53.jpg,0
20260203-04-54-09,4,20260203-04-55-02,/Users/akbar/Downloads/paal_pipeline/data/20260203-04-54-09/pig4_rgb_20260203-04-55-02.jpg,/Users/akbar/Downloads/paal_pipeline/data/20260203-04-54-09/pig4_rgb_aligned_20260203-04-55-02.jpg,/Users/akbar/Downloads/paal_pipeline/data/20260203-04-54-09/pig4_ir_vis_20260203-04-55-02.jpg,/Users/akbar/Downloads/paal_pipeline/data/20260203-04-54-09/pig4_depth_vis_20260203-04-55-02.jpg,0
20260203-04-54-09,5,20260203-04-55-11,/Users/akbar/Downloads/paal_pipeline/data/20260203-04-54-09/pig5_rgb_20260203-04-55-11.jpg,/Users/akbar/Downloads/paal_pipeline/data/20260203-04-54-09/pig5_rgb_aligned_20260203-04-55-11.jpg,/Users/akbar/Downloads/paal_pipeline/data/20260203-04-54-09/pig5_ir_vis_20260203-04-55-11.jpg,/Users/akbar/Downloads/paal_pipeline/data/20260203-04-54-09/pig5_depth_vis_20260203-04-55-11.jpg,0
20260203-04-54-09,6,20260203-04-55-20,/Users/akbar/Downloads/paal_pipeline/data/20260203-04-54-09/pig6_rgb_20260203-04-55-20.jpg,/Users/akbar/Downloads/paal_pipeline/data/20260203-04-54-09/pig6_rgb_aligned_20260203-04-55-20.jpg,/Users/akbar/Downloads/paal_pipeline/data/20260203-04-54-09/pig6_ir_vis_20260203-04-55-20.jpg,/Users/akbar/Downloads/paal_pipeline/data/20260203-04-54-09/pig6_depth_vis_20260203-04-55-20.jpg,0
20260203-04-54-09,7,20260203-04-55-29,/Users/akbar/Downloads/paal_pipeline/data/20260203-04-54-09/pig7_rgb_20260203-04-55-29.jpg,/Users/akbar/Downloads/paal_pipeline/data/20260203-04-54-09/pig7_rgb_aligned_20260203-04-55-29.jpg,/Users/akbar/Downloads/paal_pipeline/data/20260203-04-54-09/pig7_ir_vis_20260203-04-55-29.jpg,/Users/akbar/Downloads/paal_pipeline/data/20260203-04-54-09/pig7_depth_vis_20260203-04-55-29.jpg,0
20260203-04-54-09,8,20260203-04-55-38,/Users/akbar/Downloads/paal_pipeline/data/20260203-04-54-09/pig8_rgb_20260203-04-55-38.jpg,/Users/akbar/Downloads/paal_pipeline/data/20260203-04-54-09/pig8_rgb_aligned_20260203-04-55-38.jpg,/Users/akbar/Downloads/paal_pipeline/data/20260203-04-54-09/pig8_ir_vis_20260203-04-55-38.jpg,/Users/akbar/Downloads/paal_pipeline/data/20260203-04-54-09/pig8_depth_vis_20260203-04-55-38.jpg,0
20260203-04-54-09,9,20260203-04-55-47,/Users/akbar/Downloads/paal_pipeline/data/20260203-04-54-09/pig9_rgb_20260203-04-55-47.jpg,/Users/akbar/Downloads/paal_pipeline/data/20260203-04-54-09/pig9_rgb_aligned_20260203-04-55-47.jpg,/Users/akbar/Downloads/paal_pipeline/data/20260203-04-54-09/pig9_ir_vis_20260203-04-55-47.jpg,/Users/akbar/Downloads/paal_pipeline/data/20260203-04-54-09/pig9_depth_vis_20260203-04-55-47.jpg,0
20260203-04-54-09,11,20260203-04-56-04,/Users/akbar/Downloads/paal_pipeline/data/20260203-04-54-09/pig11_rgb_20260203-04-56-04.jpg,/Users/akbar/Downloads/paal_pipeline/data/20260203-04-54-09/pig11_rgb_aligned_20260203-04-56-04.jpg,/Users/akbar/Downloads/paal_pipeline/data/20260203-04-54-09/pig11_ir_vis_20260203-04-56-04.jpg,/Users/akbar/Downloads/paal_pipeline/data/20260203-04-54-09/pig11_depth_vis_20260203-04-56-04.jpg,0
20260203-04-54-09,12,20260203-04-56-14,/Users/akbar/Downloads/paal_pipeline/data/20260203-04-54-09/pig12_rgb_20260203-04-56-14.jpg,/Users/akbar/Downloads/paal_pipeline/data/20260203-04-54-09/pig12_rgb_aligned_20260203-04-56-14.jpg,/Users/akbar/Downloads/paal_pipeline/data/20260203-04-54-09/pig12_ir_vis_20260203-04-56-14.jpg,/Users/akbar/Downloads/paal_pipeline/data/20260203-04-54-09/pig12_depth_vis_20260203-04-56-14.jpg,0
20260203-04-54-09,13,20260203-04-56-22,/Users/akbar/Downloads/paal_pipeline/data/20260203-04-54-09/pig13_rgb_20260203-04-56-22.jpg,/Users/akbar/Downloads/paal_pipeline/data/20260203-04-54-09/pig13_rgb_aligned_20260203-04-56-22.jpg,/Users/akbar/Downloads/paal_pipeline/data/20260203-04-54-09/pig13_ir_vis_20260203-04-56-22.jpg,/Users/akbar/Downloads/paal_pipeline/data/20260203-04-54-09/pig13_depth_vis_20260203-04-56-22.jpg,0
20260203-04-54-09,15,20260203-04-56-40,/Users/akbar/Downloads/paal_pipeline/data/20260203-04-54-09/pig15_rgb_20260203-04-56-40.jpg,/Users/akbar/Downloads/paal_pipeline/data/20260203-04-54-09/pig15_rgb_aligned_20260203-04-56-40.jpg,/Users/akbar/Downloads/paal_pipeline/data/20260203-04-54-09/pig15_ir_vis_20260203-04-56-40.jpg,/Users/akbar/Downloads/paal_pipeline/data/20260203-04-54-09/pig15_depth_vis_20260203-04-56-40.jpg,0
20260203-04-54-09,16,20260203-04-56-49,/Users/akbar/Downloads/paal_pipeline/data/20260203-04-54-09/pig16_rgb_20260203-04-56-49.jpg,/Users/akbar/Downloads/paal_pipeline/data/20260203-04-54-09/pig16_rgb_aligned_20260203-04-56-49.jpg,/Users/akbar/Downloads/paal_pipeline/data/20260203-04-54-09/pig16_ir_vis_20260203-04-56-49.jpg,/Users/akbar/Downloads/paal_pipeline/data/20260203-04-54-09/pig16_depth_vis_20260203-04-56-49.jpg,0
20260203-04-54-09,17,20260203-04-56-58,/Users/akbar/Downloads/paal_pipeline/data/20260203-04-54-09/pig17_rgb_20260203-04-56-58.jpg,/Users/akbar/Downloads/paal_pipeline/data/20260203-04-54-09/pig17_rgb_aligned_20260203-04-56-58.jpg,/Users/akbar/Downloads/paal_pipeline/data/20260203-04-54-09/pig17_ir_vis_20260203-04-56-58.jpg,/Users/akbar/Downloads/paal_pipeline/data/20260203-04-54-09/pig17_depth_vis_20260203-04-56-58.jpg,0
20260203-04-54-09,19,20260203-04-57-15,/Users/akbar/Downloads/paal_pipeline/data/20260203-04-54-09/pig19_rgb_20260203-04-57-15.jpg,/Users/akbar/Downloads/paal_pipeline/data/20260203-04-54-09/pig19_rgb_aligned_20260203-04-57-15.jpg,/Users/akbar/Downloads/paal_pipeline/data/20260203-04-54-09/pig19_ir_vis_20260203-04-57-15.jpg,/Users/akbar/Downloads/paal_pipeline/data/20260203-04-54-09/pig19_depth_vis_20260203-04-57-15.jpg,0
20260203-05-58-06,0,20260203-05-58-23,/Users/akbar/Downloads/paal_pipeline/data/20260203-05-58-06/pig0_rgb_20260203-05-58-23.jpg,/Users/akbar/Downloads/paal_pipeline/data/20260203-05-58-06/pig0_rgb_aligned_20260203-05-58-23.jpg,/Users/akbar/Downloads/paal_pipeline/data/20260203-05-58-06/pig0_ir_vis_20260203-05-58-23.jpg,/Users/akbar/Downloads/paal_pipeline/data/20260203-05-58-06/pig0_depth_vis_20260203-05-58-23.jpg,0
20260203-05-58-06,1,20260203-05-58-32,/Users/akbar/Downloads/paal_pipeline/data/20260203-05-58-06/pig1_rgb_20260203-05-58-32.jpg,/Users/akbar/Downloads/paal_pipeline/data/20260203-05-58-06/pig1_rgb_aligned_20260203-05-58-32.jpg,/Users/akbar/Downloads/paal_pipeline/data/20260203-05-58-06/pig1_ir_vis_20260203-05-58-32.jpg,/Users/akbar/Downloads/paal_pipeline/data/20260203-05-58-06/pig1_depth_vis_20260203-05-58-32.jpg,0
20260203-05-58-06,3,20260203-05-58-50,/Users/akbar/Downloads/paal_pipeline/data/20260203-05-58-06/pig3_rgb_20260203-05-58-50.jpg,/Users/akbar/Downloads/paal_pipeline/data/20260203-05-58-06/pig3_rgb_aligned_20260203-05-58-50.jpg,/Users/akbar/Downloads/paal_pipeline/data/20260203-05-58-06/pig3_ir_vis_20260203-05-58-50.jpg,/Users/akbar/Downloads/paal_pipeline/data/20260203-05-58-06/pig3_depth_vis_20260203-05-58-50.jpg,0
20260203-05-58-06,4,20260203-05-58-59,/Users/akbar/Downloads/paal_pipeline/data/20260203-05-58-06/pig4_rgb_20260203-05-58-59.jpg,/Users/akbar/Downloads/paal_pipeline/data/20260203-05-58-06/pig4_rgb_aligned_20260203-05-58-59.jpg,/Users/akbar/Downloads/paal_pipeline/data/20260203-05-58-06/pig4_ir_vis_20260203-05-58-59.jpg,/Users/akbar/Downloads/paal_pipeline/data/20260203-05-58-06/pig4_depth_vis_20260203-05-58-59.jpg,0
20260203-05-58-06,5,20260203-05-59-08,/Users/akbar/Downloads/paal_pipeline/data/20260203-05-58-06/pig5_rgb_20260203-05-59-08.jpg,/Users/akbar/Downloads/paal_pipeline/data/20260203-05-58-06/pig5_rgb_aligned_20260203-05-59-08.jpg,/Users/akbar/Downloads/paal_pipeline/data/20260203-05-58-06/pig5_ir_vis_20260203-05-59-08.jpg,/Users/akbar/Downloads/paal_pipeline/data/20260203-05-58-06/pig5_depth_vis_20260203-05-59-08.jpg,0
20260203-05-58-06,6,20260203-05-59-17,/Users/akbar/Downloads/paal_pipeline/data/20260203-05-58-06/pig6_rgb_20260203-05-59-17.jpg,/Users/akbar/Downloads/paal_pipeline/data/20260203-05-58-06/pig6_rgb_aligned_20260203-05-59-17.jpg,/Users/akbar/Downloads/paal_pipeline/data/20260203-05-58-06/pig6_ir_vis_20260203-05-59-17.jpg,/Users/akbar/Downloads/paal_pipeline/data/20260203-05-58-06/pig6_depth_vis_20260203-05-59-17.jpg,0
20260203-05-58-06,7,20260203-05-59-26,/Users/akbar/Downloads/paal_pipeline/data/20260203-05-58-06/pig7_rgb_20260203-05-59-26.jpg,/Users/akbar/Downloads/paal_pipeline/data/20260203-05-58-06/pig7_rgb_aligned_20260203-05-59-26.jpg,/Users/akbar/Downloads/paal_pipeline/data/20260203-05-58-06/pig7_ir_vis_20260203-05-59-26.jpg,/Users/akbar/Downloads/paal_pipeline/data/20260203-05-58-06/pig7_depth_vis_20260203-05-59-26.jpg,0
20260203-05-58-06,8,20260203-05-59-35,/Users/akbar/Downloads/paal_pipeline/data/20260203-05-58-06/pig8_rgb_20260203-05-59-35.jpg,/Users/akbar/Downloads/paal_pipeline/data/20260203-05-58-06/pig8_rgb_aligned_20260203-05-59-35.jpg,/Users/akbar/Downloads/paal_pipeline/data/20260203-05-58-06/pig8_ir_vis_20260203-05-59-35.jpg,/Users/akbar/Downloads/paal_pipeline/data/20260203-05-58-06/pig8_depth_vis_20260203-05-59-35.jpg,0
20260203-05-58-06,9,20260203-05-59-44,/Users/akbar/Downloads/paal_pipeline/data/20260203-05-58-06/pig9_rgb_20260203-05-59-44.jpg,/Users/akbar/Downloads/paal_pipeline/data/20260203-05-58-06/pig9_rgb_aligned_20260203-05-59-44.jpg,/Users/akbar/Downloads/paal_pipeline/data/20260203-05-58-06/pig9_ir_vis_20260203-05-59-44.jpg,/Users/akbar/Downloads/paal_pipeline/data/20260203-05-58-06/pig9_depth_vis_20260203-05-59-44.jpg,0
20260203-05-58-06,11,20260203-06-00-01,/Users/akbar/Downloads/paal_pipeline/data/20260203-05-58-06/pig11_rgb_20260203-06-00-01.jpg,/Users/akbar/Downloads/paal_pipeline/data/20260203-05-58-06/pig11_rgb_aligned_20260203-06-00-01.jpg,/Users/akbar/Downloads/paal_pipeline/data/20260203-05-58-06/pig11_ir_vis_20260203-06-00-01.jpg,/Users/akbar/Downloads/paal_pipeline/data/20260203-05-58-06/pig11_depth_vis_20260203-06-00-01.jpg,0
20260203-05-58-06,12,20260203-06-00-10,/Users/akbar/Downloads/paal_pipeline/data/20260203-05-58-06/pig12_rgb_20260203-06-00-10.jpg,/Users/akbar/Downloads/paal_pipeline/data/20260203-05-58-06/pig12_rgb_aligned_20260203-06-00-10.jpg,/Users/akbar/Downloads/paal_pipeline/data/20260203-05-58-06/pig12_ir_vis_20260203-06-00-10.jpg,/Users/akbar/Downloads/paal_pipeline/data/20260203-05-58-06/pig12_depth_vis_20260203-06-00-10.jpg,0
20260203-05-58-06,13,20260203-06-00-19,/Users/akbar/Downloads/paal_pipeline/data/20260203-05-58-06/pig13_rgb_20260203-06-00-19.jpg,/Users/akbar/Downloads/paal_pipeline/data/20260203-05-58-06/pig13_rgb_aligned_20260203-06-00-19.jpg,/Users/akbar/Downloads/paal_pipeline/data/20260203-05-58-06/pig13_ir_vis_20260203-06-00-19.jpg,/Users/akbar/Downloads/paal_pipeline/data/20260203-05-58-06/pig13_depth_vis_20260203-06-00-19.jpg,0
20260203-05-58-06,15,20260203-06-00-37,/Users/akbar/Downloads/paal_pipeline/data/20260203-05-58-06/pig15_rgb_20260203-06-00-37.jpg,/Users/akbar/Downloads/paal_pipeline/data/20260203-05-58-06/pig15_rgb_aligned_20260203-06-00-37.jpg,/Users/akbar/Downloads/paal_pipeline/data/20260203-05-58-06/pig15_ir_vis_20260203-06-00-37.jpg,/Users/akbar/Downloads/paal_pipeline/data/20260203-05-58-06/pig15_depth_vis_20260203-06-00-37.jpg,0
20260203-05-58-06,16,20260203-06-00-46,/Users/akbar/Downloads/paal_pipeline/data/20260203-05-58-06/pig16_rgb_20260203-06-00-46.jpg,/Users/akbar/Downloads/paal_pipeline/data/20260203-05-58-06/pig16_rgb_aligned_20260203-06-00-46.jpg,/Users/akbar/Downloads/paal_pipeline/data/20260203-05-58-06/pig16_ir_vis_20260203-06-00-46.jpg,/Users/akbar/Downloads/paal_pipeline/data/20260203-05-58-06/pig16_depth_vis_20260203-06-00-46.jpg,0
20260203-05-58-06,17,20260203-06-00-55,/Users/akbar/Downloads/paal_pipeline/data/20260203-05-58-06/pig17_rgb_20260203-06-00-55.jpg,/Users/akbar/Downloads/paal_pipeline/data/20260203-05-58-06/pig17_rgb_aligned_20260203-06-00-55.jpg,/Users/akbar/Downloads/paal_pipeline/data/20260203-05-58-06/pig17_ir_vis_20260203-06-00-55.jpg,/Users/akbar/Downloads/paal_pipeline/data/20260203-05-58-06/pig17_depth_vis_20260203-06-00-55.jpg,0
20260203-05-58-06,19,20260203-06-01-12,/Users/akbar/Downloads/paal_pipeline/data/20260203-05-58-06/pig19_rgb_20260203-06-01-12.jpg,/Users/akbar/Downloads/paal_pipeline/data/20260203-05-58-06/pig19_rgb_aligned_20260203-06-01-12.jpg,/Users/akbar/Downloads/paal_pipeline/data/20260203-05-58-06/pig19_ir_vis_20260203-06-01-12.jpg,/Users/akbar/Downloads/paal_pipeline/data/20260203-05-58-06/pig19_depth_vis_20260203-06-01-12.jpg,0
20260203-06-40-44,0,20260203-06-41-01,/Users/akbar/Downloads/paal_pipeline/data/20260203-06-40-44/pig0_rgb_20260203-06-41-01.jpg,/Users/akbar/Downloads/paal_pipeline/data/20260203-06-40-44/pig0_rgb_aligned_20260203-06-41-01.jpg,/Users/akbar/Downloads/paal_pipeline/data/20260203-06-40-44/pig0_ir_vis_20260203-06-41-01.jpg,/Users/akbar/Downloads/paal_pipeline/data/20260203-06-40-44/pig0_depth_vis_20260203-06-41-01.jpg,0
20260203-06-40-44,1,20260203-06-41-10,/Users/akbar/Downloads/paal_pipeline/data/20260203-06-40-44/pig1_rgb_20260203-06-41-10.jpg,/Users/akbar/Downloads/paal_pipeline/data/20260203-06-40-44/pig1_rgb_aligned_20260203-06-41-10.jpg,/Users/akbar/Downloads/paal_pipeline/data/20260203-06-40-44/pig1_ir_vis_20260203-06-41-10.jpg,/Users/akbar/Downloads/paal_pipeline/data/20260203-06-40-44/pig1_depth_vis_20260203-06-41-10.jpg,1
20260203-06-40-44,3,20260203-06-41-28,/Users/akbar/Downloads/paal_pipeline/data/20260203-06-40-44/pig3_rgb_20260203-06-41-28.jpg,/Users/akbar/Downloads/paal_pipeline/data/20260203-06-40-44/pig3_rgb_aligned_20260203-06-41-28.jpg,/Users/akbar/Downloads/paal_pipeline/data/20260203-06-40-44/pig3_ir_vis_20260203-06-41-28.jpg,/Users/akbar/Downloads/paal_pipeline/data/20260203-06-40-44/pig3_depth_vis_20260203-06-41-28.jpg,0
20260203-06-40-44,4,20260203-06-41-37,/Users/akbar/Downloads/paal_pipeline/data/20260203-06-40-44/pig4_rgb_20260203-06-41-37.jpg,/Users/akbar/Downloads/paal_pipeline/data/20260203-06-40-44/pig4_rgb_aligned_20260203-06-41-37.jpg,/Users/akbar/Downloads/paal_pipeline/data/20260203-06-40-44/pig4_ir_vis_20260203-06-41-37.jpg,/Users/akbar/Downloads/paal_pipeline/data/20260203-06-40-44/pig4_depth_vis_20260203-06-41-37.jpg,0
20260203-06-40-44,5,20260203-06-41-46,/Users/akbar/Downloads/paal_pipeline/data/20260203-06-40-44/pig5_rgb_20260203-06-41-46.jpg,/Users/akbar/Downloads/paal_pipeline/data/20260203-06-40-44/pig5_rgb_aligned_20260203-06-41-46.jpg,/Users/akbar/Downloads/paal_pipeline/data/20260203-06-40-44/pig5_ir_vis_20260203-06-41-46.jpg,/Users/akbar/Downloads/paal_pipeline/data/20260203-06-40-44/pig5_depth_vis_20260203-06-41-46.jpg,0
20260203-06-40-44,6,20260203-06-41-55,/Users/akbar/Downloads/paal_pipeline/data/20260203-06-40-44/pig6_rgb_20260203-06-41-55.jpg,/Users/akbar/Downloads/paal_pipeline/data/20260203-06-40-44/pig6_rgb_aligned_20260203-06-41-55.jpg,/Users/akbar/Downloads/paal_pipeline/data/20260203-06-40-44/pig6_ir_vis_20260203-06-41-55.jpg,/Users/akbar/Downloads/paal_pipeline/data/20260203-06-40-44/pig6_depth_vis_20260203-06-41-55.jpg,0
20260203-06-40-44,8,20260203-06-42-13,/Users/akbar/Downloads/paal_pipeline/data/20260203-06-40-44/pig8_rgb_20260203-06-42-13.jpg,/Users/akbar/Downloads/paal_pipeline/data/20260203-06-40-44/pig8_rgb_aligned_20260203-06-42-13.jpg,/Users/akbar/Downloads/paal_pipeline/data/20260203-06-40-44/pig8_ir_vis_20260203-06-42-13.jpg,/Users/akbar/Downloads/paal_pipeline/data/20260203-06-40-44/pig8_depth_vis_20260203-06-42-13.jpg,1
20260203-06-40-44,9,20260203-06-42-22,/Users/akbar/Downloads/paal_pipeline/data/20260203-06-40-44/pig9_rgb_20260203-06-42-22.jpg,/Users/akbar/Downloads/paal_pipeline/data/20260203-06-40-44/pig9_rgb_aligned_20260203-06-42-22.jpg,/Users/akbar/Downloads/paal_pipeline/data/20260203-06-40-44/pig9_ir_vis_20260203-06-42-22.jpg,/Users/akbar/Downloads/paal_pipeline/data/20260203-06-40-44/pig9_depth_vis_20260203-06-42-22.jpg,1
20260203-06-40-44,11,20260203-06-42-39,/Users/akbar/Downloads/paal_pipeline/data/20260203-06-40-44/pig11_rgb_20260203-06-42-39.jpg,/Users/akbar/Downloads/paal_pipeline/data/20260203-06-40-44/pig11_rgb_aligned_20260203-06-42-39.jpg,/Users/akbar/Downloads/paal_pipeline/data/20260203-06-40-44/pig11_ir_vis_20260203-06-42-39.jpg,/Users/akbar/Downloads/paal_pipeline/data/20260203-06-40-44/pig11_depth_vis_20260203-06-42-39.jpg,0
20260203-06-40-44,12,20260203-06-42-48,/Users/akbar/Downloads/paal_pipeline/data/20260203-06-40-44/pig12_rgb_20260203-06-42-48.jpg,/Users/akbar/Downloads/paal_pipeline/data/20260203-06-40-44/pig12_rgb_aligned_20260203-06-42-48.jpg,/Users/akbar/Downloads/paal_pipeline/data/20260203-06-40-44/pig12_ir_vis_20260203-06-42-48.jpg,/Users/akbar/Downloads/paal_pipeline/data/20260203-06-40-44/pig12_depth_vis_20260203-06-42-48.jpg,0
20260203-06-40-44,13,20260203-06-42-57,/Users/akbar/Downloads/paal_pipeline/data/20260203-06-40-44/pig13_rgb_20260203-06-42-57.jpg,/Users/akbar/Downloads/paal_pipeline/data/20260203-06-40-44/pig13_rgb_aligned_20260203-06-42-57.jpg,/Users/akbar/Downloads/paal_pipeline/data/20260203-06-40-44/pig13_ir_vis_20260203-06-42-57.jpg,/Users/akbar/Downloads/paal_pipeline/data/20260203-06-40-44/pig13_depth_vis_20260203-06-42-57.jpg,0
20260203-06-40-44,15,20260203-06-43-15,/Users/akbar/Downloads/paal_pipeline/data/20260203-06-40-44/pig15_rgb_20260203-06-43-15.jpg,/Users/akbar/Downloads/paal_pipeline/data/20260203-06-40-44/pig15_rgb_aligned_20260203-06-43-15.jpg,/Users/akbar/Downloads/paal_pipeline/data/20260203-06-40-44/pig15_ir_vis_20260203-06-43-15.jpg,/Users/akbar/Downloads/paal_pipeline/data/20260203-06-40-44/pig15_depth_vis_20260203-06-43-15.jpg,1
20260203-06-40-44,16,20260203-06-43-24,/Users/akbar/Downloads/paal_pipeline/data/20260203-06-40-44/pig16_rgb_20260203-06-43-24.jpg,/Users/akbar/Downloads/paal_pipeline/data/20260203-06-40-44/pig16_rgb_aligned_20260203-06-43-24.jpg,/Users/akbar/Downloads/paal_pipeline/data/20260203-06-40-44/pig16_ir_vis_20260203-06-43-24.jpg,/Users/akbar/Downloads/paal_pipeline/data/20260203-06-40-44/pig16_depth_vis_20260203-06-43-24.jpg,0
20260203-06-40-44,17,20260203-06-43-33,/Users/akbar/Downloads/paal_pipeline/data/20260203-06-40-44/pig17_rgb_20260203-06-43-33.jpg,/Users/akbar/Downloads/paal_pipeline/data/20260203-06-40-44/pig17_rgb_aligned_20260203-06-43-33.jpg,/Users/akbar/Downloads/paal_pipeline/data/20260203-06-40-44/pig17_ir_vis_20260203-06-43-33.jpg,/Users/akbar/Downloads/paal_pipeline/data/20260203-06-40-44/pig17_depth_vis_20260203-06-43-33.jpg,0
20260203-06-40-44,19,20260203-06-43-50,/Users/akbar/Downloads/paal_pipeline/data/20260203-06-40-44/pig19_rgb_20260203-06-43-50.jpg,/Users/akbar/Downloads/paal_pipeline/data/20260203-06-40-44/pig19_rgb_aligned_20260203-06-43-50.jpg,/Users/akbar/Downloads/paal_pipeline/data/20260203-06-40-44/pig19_ir_vis_20260203-06-43-50.jpg,/Users/akbar/Downloads/paal_pipeline/data/20260203-06-40-44/pig19_depth_vis_20260203-06-43-50.jpg,0
20260203-07-23-22,0,20260203-07-23-39,/Users/akbar/Downloads/paal_pipeline/data/20260203-07-23-22/pig0_rgb_20260203-07-23-39.jpg,/Users/akbar/Downloads/paal_pipeline/data/20260203-07-23-22/pig0_rgb_aligned_20260203-07-23-39.jpg,/Users/akbar/Downloads/paal_pipeline/data/20260203-07-23-22/pig0_ir_vis_20260203-07-23-39.jpg,/Users/akbar/Downloads/paal_pipeline/data/20260203-07-23-22/pig0_depth_vis_20260203-07-23-39.jpg,1
20260203-07-23-22,1,20260203-07-23-48,/Users/akbar/Downloads/paal_pipeline/data/20260203-07-23-22/pig1_rgb_20260203-07-23-48.jpg,/Users/akbar/Downloads/paal_pipeline/data/20260203-07-23-22/pig1_rgb_aligned_20260203-07-23-48.jpg,/Users/akbar/Downloads/paal_pipeline/data/20260203-07-23-22/pig1_ir_vis_20260203-07-23-48.jpg,/Users/akbar/Downloads/paal_pipeline/data/20260203-07-23-22/pig1_depth_vis_20260203-07-23-48.jpg,1
20260203-07-23-22,3,20260203-07-24-06,/Users/akbar/Downloads/paal_pipeline/data/20260203-07-23-22/pig3_rgb_20260203-07-24-06.jpg,/Users/akbar/Downloads/paal_pipeline/data/20260203-07-23-22/pig3_rgb_aligned_20260203-07-24-06.jpg,/Users/akbar/Downloads/paal_pipeline/data/20260203-07-23-22/pig3_ir_vis_20260203-07-24-06.jpg,/Users/akbar/Downloads/paal_pipeline/data/20260203-07-23-22/pig3_depth_vis_20260203-07-24-06.jpg,0
20260203-07-23-22,4,20260203-07-24-15,/Users/akbar/Downloads/paal_pipeline/data/20260203-07-23-22/pig4_rgb_20260203-07-24-15.jpg,/Users/akbar/Downloads/paal_pipeline/data/20260203-07-23-22/pig4_rgb_aligned_20260203-07-24-15.jpg,/Users/akbar/Downloads/paal_pipeline/data/20260203-07-23-22/pig4_ir_vis_20260203-07-24-15.jpg,/Users/akbar/Downloads/paal_pipeline/data/20260203-07-23-22/pig4_depth_vis_20260203-07-24-15.jpg,1
20260203-07-23-22,5,20260203-07-24-24,/Users/akbar/Downloads/paal_pipeline/data/20260203-07-23-22/pig5_rgb_20260203-07-24-24.jpg,/Users/akbar/Downloads/paal_pipeline/data/20260203-07-23-22/pig5_rgb_aligned_20260203-07-24-24.jpg,/Users/akbar/Downloads/paal_pipeline/data/20260203-07-23-22/pig5_ir_vis_20260203-07-24-24.jpg,/Users/akbar/Downloads/paal_pipeline/data/20260203-07-23-22/pig5_depth_vis_20260203-07-24-24.jpg,0
20260203-07-23-22,6,20260203-07-24-33,/Users/akbar/Downloads/paal_pipeline/data/20260203-07-23-22/pig6_rgb_20260203-07-24-33.jpg,/Users/akbar/Downloads/paal_pipeline/data/20260203-07-23-22/pig6_rgb_aligned_20260203-07-24-33.jpg,/Users/akbar/Downloads/paal_pipeline/data/20260203-07-23-22/pig6_ir_vis_20260203-07-24-33.jpg,/Users/akbar/Downloads/paal_pipeline/data/20260203-07-23-22/pig6_depth_vis_20260203-07-24-33.jpg,1
20260203-07-23-22,7,20260203-07-24-42,/Users/akbar/Downloads/paal_pipeline/data/20260203-07-23-22/pig7_rgb_20260203-07-24-42.jpg,/Users/akbar/Downloads/paal_pipeline/data/20260203-07-23-22/pig7_rgb_aligned_20260203-07-24-42.jpg,/Users/akbar/Downloads/paal_pipeline/data/20260203-07-23-22/pig7_ir_vis_20260203-07-24-42.jpg,/Users/akbar/Downloads/paal_pipeline/data/20260203-07-23-22/pig7_depth_vis_20260203-07-24-42.jpg,1
20260203-07-23-22,8,20260203-07-24-51,/Users/akbar/Downloads/paal_pipeline/data/20260203-07-23-22/pig8_rgb_20260203-07-24-51.jpg,/Users/akbar/Downloads/paal_pipeline/data/20260203-07-23-22/pig8_rgb_aligned_20260203-07-24-51.jpg,/Users/akbar/Downloads/paal_pipeline/data/20260203-07-23-22/pig8_ir_vis_20260203-07-24-51.jpg,/Users/akbar/Downloads/paal_pipeline/data/20260203-07-23-22/pig8_depth_vis_20260203-07-24-51.jpg,1
20260203-07-23-22,9,20260203-07-25-00,/Users/akbar/Downloads/paal_pipeline/data/20260203-07-23-22/pig9_rgb_20260203-07-25-00.jpg,/Users/akbar/Downloads/paal_pipeline/data/20260203-07-23-22/pig9_rgb_aligned_20260203-07-25-00.jpg,/Users/akbar/Downloads/paal_pipeline/data/20260203-07-23-22/pig9_ir_vis_20260203-07-25-00.jpg,/Users/akbar/Downloads/paal_pipeline/data/20260203-07-23-22/pig9_depth_vis_20260203-07-25-00.jpg,1
20260203-07-23-22,11,20260203-07-25-17,/Users/akbar/Downloads/paal_pipeline/data/20260203-07-23-22/pig11_rgb_20260203-07-25-17.jpg,/Users/akbar/Downloads/paal_pipeline/data/20260203-07-23-22/pig11_rgb_aligned_20260203-07-25-17.jpg,/Users/akbar/Downloads/paal_pipeline/data/20260203-07-23-22/pig11_ir_vis_20260203-07-25-17.jpg,/Users/akbar/Downloads/paal_pipeline/data/20260203-07-23-22/pig11_depth_vis_20260203-07-25-17.jpg,1
20260203-07-23-22,12,20260203-07-25-26,/Users/akbar/Downloads/paal_pipeline/data/20260203-07-23-22/pig12_rgb_20260203-07-25-26.jpg,/Users/akbar/Downloads/paal_pipeline/data/20260203-07-23-22/pig12_rgb_aligned_20260203-07-25-26.jpg,/Users/akbar/Downloads/paal_pipeline/data/20260203-07-23-22/pig12_ir_vis_20260203-07-25-26.jpg,/Users/akbar/Downloads/paal_pipeline/data/20260203-07-23-22/pig12_depth_vis_20260203-07-25-26.jpg,1
20260203-07-23-22,13,20260203-07-25-35,/Users/akbar/Downloads/paal_pipeline/data/20260203-07-23-22/pig13_rgb_20260203-07-25-35.jpg,/Users/akbar/Downloads/paal_pipeline/data/20260203-07-23-22/pig13_rgb_aligned_20260203-07-25-35.jpg,/Users/akbar/Downloads/paal_pipeline/data/20260203-07-23-22/pig13_ir_vis_20260203-07-25-35.jpg,/Users/akbar/Downloads/paal_pipeline/data/20260203-07-23-22/pig13_depth_vis_20260203-07-25-35.jpg,1
20260203-07-23-22,15,20260203-07-25-53,/Users/akbar/Downloads/paal_pipeline/data/20260203-07-23-22/pig15_rgb_20260203-07-25-53.jpg,/Users/akbar/Downloads/paal_pipeline/data/20260203-07-23-22/pig15_rgb_aligned_20260203-07-25-53.jpg,/Users/akbar/Downloads/paal_pipeline/data/20260203-07-23-22/pig15_ir_vis_20260203-07-25-53.jpg,/Users/akbar/Downloads/paal_pipeline/data/20260203-07-23-22/pig15_depth_vis_20260203-07-25-53.jpg,1
20260203-07-23-22,16,20260203-07-26-02,/Users/akbar/Downloads/paal_pipeline/data/20260203-07-23-22/pig16_rgb_20260203-07-26-02.jpg,/Users/akbar/Downloads/paal_pipeline/data/20260203-07-23-22/pig16_rgb_aligned_20260203-07-26-02.jpg,/Users/akbar/Downloads/paal_pipeline/data/20260203-07-23-22/pig16_ir_vis_20260203-07-26-02.jpg,/Users/akbar/Downloads/paal_pipeline/data/20260203-07-23-22/pig16_depth_vis_20260203-07-26-02.jpg,1
20260203-07-23-22,17,20260203-07-26-11,/Users/akbar/Downloads/paal_pipeline/data/20260203-07-23-22/pig17_rgb_20260203-07-26-11.jpg,/Users/akbar/Downloads/paal_pipeline/data/20260203-07-23-22/pig17_rgb_aligned_20260203-07-26-11.jpg,/Users/akbar/Downloads/paal_pipeline/data/20260203-07-23-22/pig17_ir_vis_20260203-07-26-11.jpg,/Users/akbar/Downloads/paal_pipeline/data/20260203-07-23-22/pig17_depth_vis_20260203-07-26-11.jpg,1
20260203-07-23-22,19,20260203-07-26-28,/Users/akbar/Downloads/paal_pipeline/data/20260203-07-23-22/pig19_rgb_20260203-07-26-28.jpg,/Users/akbar/Downloads/paal_pipeline/data/20260203-07-23-22/pig19_rgb_aligned_20260203-07-26-28.jpg,/Users/akbar/Downloads/paal_pipeline/data/20260203-07-23-22/pig19_ir_vis_20260203-07-26-28.jpg,/Users/akbar/Downloads/paal_pipeline/data/20260203-07-23-22/pig19_depth_vis_20260203-07-26-28.jpg,1
20260203-08-59-17,0,20260203-08-59-35,/Users/akbar/Downloads/paal_pipeline/data/20260203-08-59-17/pig0_rgb_20260203-08-59-35.jpg,/Users/akbar/Downloads/paal_pipeline/data/20260203-08-59-17/pig0_rgb_aligned_20260203-08-59-35.jpg,/Users/akbar/Downloads/paal_pipeline/data/20260203-08-59-17/pig0_ir_vis_20260203-08-59-35.jpg,/Users/akbar/Downloads/paal_pipeline/data/20260203-08-59-17/pig0_depth_vis_20260203-08-59-35.jpg,1
20260203-08-59-17,1,20260203-08-59-43,/Users/akbar/Downloads/paal_pipeline/data/20260203-08-59-17/pig1_rgb_20260203-08-59-43.jpg,/Users/akbar/Downloads/paal_pipeline/data/20260203-08-59-17/pig1_rgb_aligned_20260203-08-59-43.jpg,/Users/akbar/Downloads/paal_pipeline/data/20260203-08-59-17/pig1_ir_vis_20260203-08-59-43.jpg,/Users/akbar/Downloads/paal_pipeline/data/20260203-08-59-17/pig1_depth_vis_20260203-08-59-43.jpg,1
20260203-08-59-17,3,20260203-09-00-01,/Users/akbar/Downloads/paal_pipeline/data/20260203-08-59-17/pig3_rgb_20260203-09-00-01.jpg,/Users/akbar/Downloads/paal_pipeline/data/20260203-08-59-17/pig3_rgb_aligned_20260203-09-00-01.jpg,/Users/akbar/Downloads/paal_pipeline/data/20260203-08-59-17/pig3_ir_vis_20260203-09-00-01.jpg,/Users/akbar/Downloads/paal_pipeline/data/20260203-08-59-17/pig3_depth_vis_20260203-09-00-01.jpg,1
20260203-08-59-17,4,20260203-09-00-10,/Users/akbar/Downloads/paal_pipeline/data/20260203-08-59-17/pig4_rgb_20260203-09-00-10.jpg,/Users/akbar/Downloads/paal_pipeline/data/20260203-08-59-17/pig4_rgb_aligned_20260203-09-00-10.jpg,/Users/akbar/Downloads/paal_pipeline/data/20260203-08-59-17/pig4_ir_vis_20260203-09-00-10.jpg,/Users/akbar/Downloads/paal_pipeline/data/20260203-08-59-17/pig4_depth_vis_20260203-09-00-10.jpg,1
20260203-08-59-17,5,20260203-09-00-19,/Users/akbar/Downloads/paal_pipeline/data/20260203-08-59-17/pig5_rgb_20260203-09-00-19.jpg,/Users/akbar/Downloads/paal_pipeline/data/20260203-08-59-17/pig5_rgb_aligned_20260203-09-00-19.jpg,/Users/akbar/Downloads/paal_pipeline/data/20260203-08-59-17/pig5_ir_vis_20260203-09-00-19.jpg,/Users/akbar/Downloads/paal_pipeline/data/20260203-08-59-17/pig5_depth_vis_20260203-09-00-19.jpg,1
20260203-08-59-17,6,20260203-09-00-28,/Users/akbar/Downloads/paal_pipeline/data/20260203-08-59-17/pig6_rgb_20260203-09-00-28.jpg,/Users/akbar/Downloads/paal_pipeline/data/20260203-08-59-17/pig6_rgb_aligned_20260203-09-00-28.jpg,/Users/akbar/Downloads/paal_pipeline/data/20260203-08-59-17/pig6_ir_vis_20260203-09-00-28.jpg,/Users/akbar/Downloads/paal_pipeline/data/20260203-08-59-17/pig6_depth_vis_20260203-09-00-28.jpg,1
20260203-08-59-17,7,20260203-09-00-37,/Users/akbar/Downloads/paal_pipeline/data/20260203-08-59-17/pig7_rgb_20260203-09-00-37.jpg,/Users/akbar/Downloads/paal_pipeline/data/20260203-08-59-17/pig7_rgb_aligned_20260203-09-00-37.jpg,/Users/akbar/Downloads/paal_pipeline/data/20260203-08-59-17/pig7_ir_vis_20260203-09-00-37.jpg,/Users/akbar/Downloads/paal_pipeline/data/20260203-08-59-17/pig7_depth_vis_20260203-09-00-37.jpg,1
20260203-08-59-17,8,20260203-09-00-46,/Users/akbar/Downloads/paal_pipeline/data/20260203-08-59-17/pig8_rgb_20260203-09-00-46.jpg,/Users/akbar/Downloads/paal_pipeline/data/20260203-08-59-17/pig8_rgb_aligned_20260203-09-00-46.jpg,/Users/akbar/Downloads/paal_pipeline/data/20260203-08-59-17/pig8_ir_vis_20260203-09-00-46.jpg,/Users/akbar/Downloads/paal_pipeline/data/20260203-08-59-17/pig8_depth_vis_20260203-09-00-46.jpg,1
20260203-08-59-17,9,20260203-09-00-55,/Users/akbar/Downloads/paal_pipeline/data/20260203-08-59-17/pig9_rgb_20260203-09-00-55.jpg,/Users/akbar/Downloads/paal_pipeline/data/20260203-08-59-17/pig9_rgb_aligned_20260203-09-00-55.jpg,/Users/akbar/Downloads/paal_pipeline/data/20260203-08-59-17/pig9_ir_vis_20260203-09-00-55.jpg,/Users/akbar/Downloads/paal_pipeline/data/20260203-08-59-17/pig9_depth_vis_20260203-09-00-55.jpg,1
20260203-08-59-17,11,20260203-09-01-12,/Users/akbar/Downloads/paal_pipeline/data/20260203-08-59-17/pig11_rgb_20260203-09-01-12.jpg,/Users/akbar/Downloads/paal_pipeline/data/20260203-08-59-17/pig11_rgb_aligned_20260203-09-01-12.jpg,/Users/akbar/Downloads/paal_pipeline/data/20260203-08-59-17/pig11_ir_vis_20260203-09-01-12.jpg,/Users/akbar/Downloads/paal_pipeline/data/20260203-08-59-17/pig11_depth_vis_20260203-09-01-12.jpg,1
20260203-08-59-17,12,20260203-09-01-22,/Users/akbar/Downloads/paal_pipeline/data/20260203-08-59-17/pig12_rgb_20260203-09-01-22.jpg,/Users/akbar/Downloads/paal_pipeline/data/20260203-08-59-17/pig12_rgb_aligned_20260203-09-01-22.jpg,/Users/akbar/Downloads/paal_pipeline/data/20260203-08-59-17/pig12_ir_vis_20260203-09-01-22.jpg,/Users/akbar/Downloads/paal_pipeline/data/20260203-08-59-17/pig12_depth_vis_20260203-09-01-22.jpg,1
20260203-08-59-17,13,20260203-09-01-30,/Users/akbar/Downloads/paal_pipeline/data/20260203-08-59-17/pig13_rgb_20260203-09-01-30.jpg,/Users/akbar/Downloads/paal_pipeline/data/20260203-08-59-17/pig13_rgb_aligned_20260203-09-01-30.jpg,/Users/akbar/Downloads/paal_pipeline/data/20260203-08-59-17/pig13_ir_vis_20260203-09-01-30.jpg,/Users/akbar/Downloads/paal_pipeline/data/20260203-08-59-17/pig13_depth_vis_20260203-09-01-30.jpg,1
20260203-08-59-17,15,20260203-09-01-48,/Users/akbar/Downloads/paal_pipeline/data/20260203-08-59-17/pig15_rgb_20260203-09-01-48.jpg,/Users/akbar/Downloads/paal_pipeline/data/20260203-08-59-17/pig15_rgb_aligned_20260203-09-01-48.jpg,/Users/akbar/Downloads/paal_pipeline/data/20260203-08-59-17/pig15_ir_vis_20260203-09-01-48.jpg,/Users/akbar/Downloads/paal_pipeline/data/20260203-08-59-17/pig15_depth_vis_20260203-09-01-48.jpg,1
20260203-08-59-17,16,20260203-09-01-57,/Users/akbar/Downloads/paal_pipeline/data/20260203-08-59-17/pig16_rgb_20260203-09-01-57.jpg,/Users/akbar/Downloads/paal_pipeline/data/20260203-08-59-17/pig16_rgb_aligned_20260203-09-01-57.jpg,/Users/akbar/Downloads/paal_pipeline/data/20260203-08-59-17/pig16_ir_vis_20260203-09-01-57.jpg,/Users/akbar/Downloads/paal_pipeline/data/20260203-08-59-17/pig16_depth_vis_20260203-09-01-57.jpg,1
20260203-08-59-17,17,20260203-09-02-06,/Users/akbar/Downloads/paal_pipeline/data/20260203-08-59-17/pig17_rgb_20260203-09-02-06.jpg,/Users/akbar/Downloads/paal_pipeline/data/20260203-08-59-17/pig17_rgb_aligned_20260203-09-02-06.jpg,/Users/akbar/Downloads/paal_pipeline/data/20260203-08-59-17/pig17_ir_vis_20260203-09-02-06.jpg,/Users/akbar/Downloads/paal_pipeline/data/20260203-08-59-17/pig17_depth_vis_20260203-09-02-06.jpg,1
20260203-08-59-17,19,20260203-09-02-23,/Users/akbar/Downloads/paal_pipeline/data/20260203-08-59-17/pig19_rgb_20260203-09-02-23.jpg,/Users/akbar/Downloads/paal_pipeline/data/20260203-08-59-17/pig19_rgb_aligned_20260203-09-02-23.jpg,/Users/akbar/Downloads/paal_pipeline/data/20260203-08-59-17/pig19_ir_vis_20260203-09-02-23.jpg,/Users/akbar/Downloads/paal_pipeline/data/20260203-08-59-17/pig19_depth_vis_20260203-09-02-23.jpg,1
20260130-02-03-36,5,20260130-02-04-47,/Users/akbar/Downloads/paal_pipeline/data/20260130-02-03-36/pig5_rgb_20260130-02-04-47.jpg,/Users/akbar/Downloads/paal_pipeline/data/20260130-02-03-36/pig5_rgb_aligned_20260130-02-04-47.jpg,/Users/akbar/Downloads/paal_pipeline/data/20260130-02-03-36/pig5_depth_vis_20260130-02-04-47.jpg,0,
20260130-02-03-36,14,20260130-02-06-07,/Users/akbar/Downloads/paal_pipeline/data/20260130-02-03-36/pig14_rgb_20260130-02-06-07.jpg,/Users/akbar/Downloads/paal_pipeline/data/20260130-02-03-36/pig14_rgb_aligned_20260130-02-06-07.jpg,/Users/akbar/Downloads/paal_pipeline/data/20260130-02-03-36/pig14_depth_vis_20260130-02-06-07.jpg,0,
20260130-02-03-36,18,20260130-02-06-42,/Users/akbar/Downloads/paal_pipeline/data/20260130-02-03-36/pig18_rgb_20260130-02-06-42.jpg,/Users/akbar/Downloads/paal_pipeline/data/20260130-02-03-36/pig18_rgb_aligned_20260130-02-06-42.jpg,/Users/akbar/Downloads/paal_pipeline/data/20260130-02-03-36/pig18_depth_vis_20260130-02-06-42.jpg,0,
20260130-05-04-48,0,20260130-05-05-14,/Users/akbar/Downloads/paal_pipeline/data/20260130-05-04-48/pig0_rgb_20260130-05-05-14.jpg,/Users/akbar/Downloads/paal_pipeline/data/20260130-05-04-48/pig0_rgb_aligned_20260130-05-05-14.jpg,/Users/akbar/Downloads/paal_pipeline/data/20260130-05-04-48/pig0_depth_vis_20260130-05-05-14.jpg,0,
20260130-05-04-48,3,20260130-05-05-41,/Users/akbar/Downloads/paal_pipeline/data/20260130-05-04-48/pig3_rgb_20260130-05-05-41.jpg,/Users/akbar/Downloads/paal_pipeline/data/20260130-05-04-48/pig3_rgb_aligned_20260130-05-05-41.jpg,/Users/akbar/Downloads/paal_pipeline/data/20260130-05-04-48/pig3_depth_vis_20260130-05-05-41.jpg,0,
20260130-05-04-48,4,20260130-05-05-50,/Users/akbar/Downloads/paal_pipeline/data/20260130-05-04-48/pig4_rgb_20260130-05-05-50.jpg,/Users/akbar/Downloads/paal_pipeline/data/20260130-05-04-48/pig4_rgb_aligned_20260130-05-05-50.jpg,/Users/akbar/Downloads/paal_pipeline/data/20260130-05-04-48/pig4_depth_vis_20260130-05-05-50.jpg,0,
20260130-05-04-48,5,20260130-05-05-59,/Users/akbar/Downloads/paal_pipeline/data/20260130-05-04-48/pig5_rgb_20260130-05-05-59.jpg,/Users/akbar/Downloads/paal_pipeline/data/20260130-05-04-48/pig5_rgb_aligned_20260130-05-05-59.jpg,/Users/akbar/Downloads/paal_pipeline/data/20260130-05-04-48/pig5_depth_vis_20260130-05-05-59.jpg,0,
20260130-05-04-48,6,20260130-05-06-08,/Users/akbar/Downloads/paal_pipeline/data/20260130-05-04-48/pig6_rgb_20260130-05-06-08.jpg,/Users/akbar/Downloads/paal_pipeline/data/20260130-05-04-48/pig6_rgb_aligned_20260130-05-06-08.jpg,/Users/akbar/Downloads/paal_pipeline/data/20260130-05-04-48/pig6_depth_vis_20260130-05-06-08.jpg,0,
20260130-05-04-48,7,20260130-05-06-17,/Users/akbar/Downloads/paal_pipeline/data/20260130-05-04-48/pig7_rgb_20260130-05-06-17.jpg,/Users/akbar/Downloads/paal_pipeline/data/20260130-05-04-48/pig7_rgb_aligned_20260130-05-06-17.jpg,/Users/akbar/Downloads/paal_pipeline/data/20260130-05-04-48/pig7_depth_vis_20260130-05-06-17.jpg,0,
20260130-05-04-48,8,20260130-05-06-26,/Users/akbar/Downloads/paal_pipeline/data/20260130-05-04-48/pig8_rgb_20260130-05-06-26.jpg,/Users/akbar/Downloads/paal_pipeline/data/20260130-05-04-48/pig8_rgb_aligned_20260130-05-06-26.jpg,/Users/akbar/Downloads/paal_pipeline/data/20260130-05-04-48/pig8_depth_vis_20260130-05-06-26.jpg,0,
20260130-05-04-48,9,20260130-05-06-34,/Users/akbar/Downloads/paal_pipeline/data/20260130-05-04-48/pig9_rgb_20260130-05-06-34.jpg,/Users/akbar/Downloads/paal_pipeline/data/20260130-05-04-48/pig9_rgb_aligned_20260130-05-06-34.jpg,/Users/akbar/Downloads/paal_pipeline/data/20260130-05-04-48/pig9_depth_vis_20260130-05-06-34.jpg,0,
20260130-05-04-48,10,20260130-05-06-43,/Users/akbar/Downloads/paal_pipeline/data/20260130-05-04-48/pig10_rgb_20260130-05-06-43.jpg,/Users/akbar/Downloads/paal_pipeline/data/20260130-05-04-48/pig10_rgb_aligned_20260130-05-06-43.jpg,/Users/akbar/Downloads/paal_pipeline/data/20260130-05-04-48/pig10_depth_vis_20260130-05-06-43.jpg,0,
20260130-23-59-10,14,20260131-00-01-41,/Users/akbar/Downloads/paal_pipeline/data/20260130-23-59-10/pig14_rgb_20260131-00-01-41.jpg,/Users/akbar/Downloads/paal_pipeline/data/20260130-23-59-10/pig14_rgb_aligned_20260131-00-01-41.jpg,/Users/akbar/Downloads/paal_pipeline/data/20260130-23-59-10/pig14_depth_vis_20260131-00-01-41.jpg,0,
20260131-06-44-14,4,20260131-06-45-16,/Users/akbar/Downloads/paal_pipeline/data/20260131-06-44-14/pig4_rgb_20260131-06-45-16.jpg,/Users/akbar/Downloads/paal_pipeline/data/20260131-06-44-14/pig4_rgb_aligned_20260131-06-45-16.jpg,/Users/akbar/Downloads/paal_pipeline/data/20260131-06-44-14/pig4_depth_vis_20260131-06-45-16.jpg,0,
20260131-12-14-40,4,20260131-12-15-42,/Users/akbar/Downloads/paal_pipeline/data/20260131-12-14-40/pig4_rgb_20260131-12-15-42.jpg,/Users/akbar/Downloads/paal_pipeline/data/20260131-12-14-40/pig4_rgb_aligned_20260131-12-15-42.jpg,/Users/akbar/Downloads/paal_pipeline/data/20260131-12-14-40/pig4_depth_vis_20260131-12-15-42.jpg,0,
20260201-10-48-31,4,20260201-10-49-33,/Users/akbar/Downloads/paal_pipeline/data/20260201-10-48-31/pig4_rgb_20260201-10-49-33.jpg,/Users/akbar/Downloads/paal_pipeline/data/20260201-10-48-31/pig4_rgb_aligned_20260201-10-49-33.jpg,/Users/akbar/Downloads/paal_pipeline/data/20260201-10-48-31/pig4_depth_vis_20260201-10-49-33.jpg,0,
20260201-13-39-05,4,20260201-13-40-07,/Users/akbar/Downloads/paal_pipeline/data/20260201-13-39-05/pig4_rgb_20260201-13-40-07.jpg,/Users/akbar/Downloads/paal_pipeline/data/20260201-13-39-05/pig4_rgb_aligned_20260201-13-40-07.jpg,/Users/akbar/Downloads/paal_pipeline/data/20260201-13-39-05/pig4_depth_vis_20260201-13-40-07.jpg,0,
20260202-07-03-34,4,20260202-07-04-36,/Users/akbar/Downloads/paal_pipeline/data/20260202-07-03-34/pig4_rgb_20260202-07-04-36.jpg,/Users/akbar/Downloads/paal_pipeline/data/20260202-07-03-34/pig4_rgb_aligned_20260202-07-04-36.jpg,/Users/akbar/Downloads/paal_pipeline/data/20260202-07-03-34/pig4_depth_vis_20260202-07-04-36.jpg,0,
20260203-06-40-44,7,20260203-06-42-04,/Users/akbar/Downloads/paal_pipeline/data/20260203-06-40-44/pig7_rgb_20260203-06-42-04.jpg,/Users/akbar/Downloads/paal_pipeline/data/20260203-06-40-44/pig7_rgb_aligned_20260203-06-42-04.jpg,/Users/akbar/Downloads/paal_pipeline/data/20260203-06-40-44/pig7_depth_vis_20260203-06-42-04.jpg,1,
