timestamp_folder,pig_id,pig_timestamp,pig_present,median_depth,threshold
20260123-14-46-37,0,20260123-14-47-04,1,1071.0,1463
20260123-14-46-37,1,20260123-14-47-12,0,1486.0,1463
20260123-14-46-37,2,20260123-14-47-21,1,717.0,1463
20260123-14-46-37,3,20260123-14-47-30,1,986.0,1463
20260123-14-46-37,4,20260123-14-47-48,1,1075.0,1463
20260123-14-46-37,5,20260123-14-47-57,1,1290.0,1463
20260123-14-46-37,6,20260123-14-48-06,1,1140.0,1463
20260123-14-46-37,7,20260123-14-48-15,1,976.0,1463
20260123-14-46-37,8,20260123-14-48-24,1,1274.0,1463
20260123-14-46-37,9,20260123-14-48-33,1,1206.0,1463
20260123-14-46-37,10,20260123-14-48-42,1,924.0,1463
20260123-14-46-37,11,20260123-14-48-51,1,1294.0,1463
20260123-14-46-37,12,20260123-14-49-00,0,1551.0,1463
20260123-14-46-37,13,20260123-14-49-08,1,1113.0,1463
20260123-14-46-37,14,20260123-14-49-18,1,574.0,1463
20260123-14-46-37,15,20260123-14-49-26,1,1060.0,1463
20260123-14-46-37,16,20260123-14-49-35,0,1520.0,1463
20260123-14-46-37,17,20260123-14-49-44,1,808.0,1463
20260123-14-57-17,0,20260123-14-57-43,1,995.0,1463
20260123-14-57-17,1,20260123-14-57-52,0,1545.0,1463
20260123-14-57-17,2,20260123-14-58-01,1,1222.0,1463
20260123-14-57-17,3,20260123-14-58-10,1,1054.0,1463
20260123-14-57-17,4,20260123-14-58-28,1,866.0,1463
20260123-14-57-17,5,20260123-14-58-37,1,848.0,1463
20260123-14-57-17,6,20260123-14-58-46,1,1034.0,1463
20260123-14-57-17,7,20260123-14-58-55,1,995.0,1463
20260123-14-57-17,8,20260123-14-59-04,1,660.0,1463
20260123-14-57-17,9,20260123-14-59-12,1,449.0,1463
20260123-14-57-17,10,20260123-14-59-21,1,728.0,1463
20260123-14-57-17,11,20260123-14-59-30,1,908.0,1463
20260123-14-57-17,12,20260123-14-59-39,0,1558.0,1463
20260123-14-57-17,13,20260123-14-59-48,1,1262.0,1463
20260123-14-57-17,14,20260123-14-59-57,1,732.0,1463
20260123-14-57-17,15,20260123-15-00-06,1,573.0,1463
20260123-14-57-17,16,20260123-15-00-15,0,1544.0,1463
20260123-14-57-17,17,20260123-15-00-23,1,883.0,1463
20260123-15-07-56,0,20260123-15-08-23,1,817.0,1463
20260123-15-07-56,1,20260123-15-08-32,0,1522.0,1463
20260123-15-07-56,2,20260123-15-08-41,1,1316.0,1463
20260123-15-07-56,3,20260123-15-08-50,1,1324.0,1463
20260123-15-07-56,4,20260123-15-09-07,1,1315.0,1463
20260123-15-07-56,5,20260123-15-09-16,1,1294.0,1463
20260123-15-07-56,6,20260123-15-09-25,1,1038.0,1463
20260123-15-07-56,7,20260123-15-09-34,1,1302.0,1463
20260123-15-07-56,8,20260123-15-09-43,1,1286.0,1463
20260123-15-07-56,9,20260123-15-09-52,1,1075.0,1463
20260123-15-07-56,10,20260123-15-10-01,1,613.0,1463
20260123-15-07-56,11,20260123-15-10-10,1,623.0,1463
20260123-15-07-56,12,20260123-15-10-19,0,1553.0,1463
20260123-15-07-56,13,20260123-15-10-28,1,714.0,1463
20260123-15-07-56,14,20260123-15-10-37,1,872.0,1463
20260123-15-07-56,15,20260123-15-10-45,1,345.0,1463
20260123-15-07-56,16,20260123-15-10-55,0,1542.0,1463
20260123-15-07-56,17,20260123-15-11-03,1,828.0,1463
20260123-15-29-16,0,20260123-15-29-42,1,934.0,1463
20260123-15-29-16,1,20260123-15-29-51,0,1475.0,1463
20260123-15-29-16,2,20260123-15-30-00,1,1316.0,1463
20260123-15-29-16,3,20260123-15-30-09,1,867.0,1463
20260123-15-29-16,4,20260123-15-30-27,1,848.0,1463
20260123-15-29-16,5,20260123-15-30-36,1,875.0,1463
20260123-15-29-16,6,20260123-15-30-45,1,1025.0,1463
20260123-15-29-16,7,20260123-15-30-54,1,1156.0,1463
20260123-15-29-16,8,20260123-15-31-02,1,1019.0,1463
20260123-15-29-16,9,20260123-15-31-11,1,1089.0,1463
20260123-15-29-16,10,20260123-15-31-20,1,512.0,1463
20260123-15-29-16,11,20260123-15-31-29,1,952.0,1463
20260123-15-29-16,12,20260123-15-31-38,0,1544.0,1463
20260123-15-29-16,13,20260123-15-31-47,1,1285.0,1463
20260123-15-29-16,14,20260123-15-31-56,1,472.0,1463
20260123-15-29-16,15,20260123-15-32-05,1,1191.0,1463
20260123-15-29-16,16,20260123-15-32-14,0,1533.0,1463
20260123-15-29-16,17,20260123-15-32-22,1,958.0,1463
20260123-19-30-27,0,20260123-19-30-54,1,1330.0,1463
20260123-19-30-27,1,20260123-19-31-03,0,1485.0,1463
20260123-19-30-27,2,20260123-19-31-11,1,1307.0,1463
20260123-19-30-27,3,20260123-19-31-20,1,1326.0,1463
20260123-19-30-27,4,20260123-19-31-29,1,304.0,1463
20260123-19-30-27,5,20260123-19-31-38,1,738.0,1463
20260123-19-30-27,6,20260123-19-31-47,1,1303.0,1463
20260123-19-30-27,7,20260123-19-31-56,1,1293.0,1463
20260123-19-30-27,8,20260123-19-32-05,1,1063.0,1463
20260123-19-30-27,9,20260123-19-32-14,1,1289.0,1463
20260123-19-30-27,10,20260123-19-32-23,1,607.0,1463
20260123-19-30-27,11,20260123-19-32-32,1,822.0,1463
20260123-19-30-27,12,20260123-19-32-40,1,1299.0,1463
20260123-19-30-27,13,20260123-19-32-50,0,1546.0,1463
20260123-19-30-27,14,20260123-19-32-58,1,1319.0,1463
20260123-19-30-27,15,20260123-19-33-07,1,1351.0,1463
20260123-19-30-27,16,20260123-19-33-16,1,323.0,1463
20260123-19-30-27,17,20260123-19-33-25,0,1538.0,1463
20260123-19-30-27,18,20260123-19-33-33,1,1065.0,1463
20260123-19-51-46,0,20260123-19-52-13,1,1332.0,1463
20260123-19-51-46,1,20260123-19-52-22,1,1462.0,1463
20260123-19-51-46,2,20260123-19-52-30,1,1222.0,1463
20260123-19-51-46,3,20260123-19-52-39,1,386.0,1463
20260123-19-51-46,4,20260123-19-52-48,1,856.0,1463
20260123-19-51-46,5,20260123-19-52-57,1,560.0,1463
20260123-19-51-46,6,20260123-19-53-06,1,1301.0,1463
20260123-19-51-46,7,20260123-19-53-15,1,1319.0,1463
20260123-19-51-46,8,20260123-19-53-24,1,1286.0,1463
20260123-19-51-46,9,20260123-19-53-33,1,1304.0,1463
20260123-19-51-46,10,20260123-19-53-42,1,773.0,1463
20260123-19-51-46,11,20260123-19-53-51,1,404.0,1463
20260123-19-51-46,12,20260123-19-54-00,1,1299.0,1463
20260123-19-51-46,13,20260123-19-54-09,0,1541.0,1463
20260123-19-51-46,14,20260123-19-54-17,1,1336.0,1463
20260123-19-51-46,15,20260123-19-54-27,1,719.0,1463
20260123-19-51-46,16,20260123-19-54-35,1,291.0,1463
20260123-19-51-46,17,20260123-19-54-44,0,1534.0,1463
20260123-19-51-46,18,20260123-19-54-53,1,1042.0,1463
20260123-20-02-26,0,20260123-20-02-52,1,1327.0,1463
20260123-20-02-26,1,20260123-20-03-01,0,1466.0,1463
20260123-20-02-26,2,20260123-20-03-10,1,1074.0,1463
20260123-20-02-26,3,20260123-20-03-19,1,358.0,1463
20260123-20-02-26,4,20260123-20-03-28,1,1304.0,1463
20260123-20-02-26,5,20260123-20-03-37,1,1319.0,1463
20260123-20-02-26,6,20260123-20-03-46,1,1322.0,1463
20260123-20-02-26,7,20260123-20-03-55,1,1296.0,1463
20260123-20-02-26,8,20260123-20-04-04,1,1286.0,1463
20260123-20-02-26,9,20260123-20-04-12,1,1300.0,1463
20260123-20-02-26,10,20260123-20-04-21,1,608.0,1463
20260123-20-02-26,11,20260123-20-04-30,1,448.0,1463
20260123-20-02-26,12,20260123-20-04-39,1,1298.0,1463
20260123-20-02-26,13,20260123-20-04-48,0,1540.0,1463
20260123-20-02-26,14,20260123-20-04-57,1,1296.0,1463
20260123-20-02-26,15,20260123-20-05-06,1,1289.0,1463
20260123-20-02-26,16,20260123-20-05-15,1,1295.0,1463
20260123-20-02-26,17,20260123-20-05-24,0,1527.0,1463
20260123-20-02-26,18,20260123-20-05-32,1,1110.0,1463
20260124-00-39-34,0,20260124-00-40-00,1,1336.0,1463
20260124-00-39-34,1,20260124-00-40-09,0,1500.0,1463
20260124-00-39-34,2,20260124-00-40-18,1,1331.0,1463
20260124-00-39-34,3,20260124-00-40-27,1,1327.0,1463
20260124-00-39-34,4,20260124-00-40-36,1,1310.0,1463
20260124-00-39-34,5,20260124-00-40-45,1,1310.0,1463
20260124-00-39-34,6,20260124-00-40-53,1,1304.0,1463
20260124-00-39-34,7,20260124-00-41-02,1,1296.0,1463
20260124-00-39-34,8,20260124-00-41-11,1,1303.0,1463
20260124-00-39-34,9,20260124-00-41-20,1,1291.0,1463
20260124-00-39-34,10,20260124-00-41-29,1,1291.0,1463
20260124-00-39-34,11,20260124-00-41-38,1,1292.0,1463
20260124-00-39-34,12,20260124-00-41-47,1,1300.0,1463
20260124-00-39-34,13,20260124-00-41-56,0,1538.0,1463
20260124-00-39-34,14,20260124-00-42-05,1,1294.0,1463
20260124-00-39-34,15,20260124-00-42-14,1,1299.0,1463
20260124-00-39-34,16,20260124-00-42-23,1,1373.0,1463
20260124-00-39-34,17,20260124-00-42-32,0,1471.0,1463
20260124-00-39-34,18,20260124-00-42-40,1,1251.0,1463
20260124-02-47-28,0,20260124-02-47-55,1,1330.0,1463
20260124-02-47-28,1,20260124-02-48-03,0,1502.0,1463
20260124-02-47-28,2,20260124-02-48-12,1,1325.0,1463
20260124-02-47-28,3,20260124-02-48-21,1,1319.0,1463
20260124-02-47-28,4,20260124-02-48-30,1,1312.0,1463
20260124-02-47-28,5,20260124-02-48-39,1,1309.0,1463
20260124-02-47-28,6,20260124-02-48-48,1,1298.0,1463
20260124-02-47-28,7,20260124-02-48-57,1,1292.0,1463
20260124-02-47-28,8,20260124-02-49-06,1,1299.0,1463
20260124-02-47-28,9,20260124-02-49-15,1,1291.0,1463
20260124-02-47-28,10,20260124-02-49-23,1,1288.0,1463
20260124-02-47-28,11,20260124-02-49-33,1,1305.0,1463
20260124-02-47-28,12,20260124-02-49-41,1,1300.0,1463
20260124-02-47-28,13,20260124-02-49-50,0,1551.0,1463
20260124-02-47-28,14,20260124-02-49-59,1,1296.0,1463
20260124-02-47-28,15,20260124-02-50-08,1,1316.0,1463
20260124-02-47-28,16,20260124-02-50-17,1,1342.0,1463
20260124-02-47-28,17,20260124-02-50-26,0,1491.0,1463
20260124-02-47-28,18,20260124-02-50-34,1,386.0,1463
20260124-03-08-47,0,20260124-03-09-14,1,1330.0,1463
20260124-03-08-47,1,20260124-03-09-22,0,1501.0,1463
20260124-03-08-47,2,20260124-03-09-31,1,1324.0,1463
20260124-03-08-47,3,20260124-03-09-40,1,1320.0,1463
20260124-03-08-47,4,20260124-03-09-49,1,1311.0,1463
20260124-03-08-47,5,20260124-03-09-58,1,1312.0,1463
20260124-03-08-47,6,20260124-03-10-07,1,1294.0,1463
20260124-03-08-47,7,20260124-03-10-16,1,1293.0,1463
20260124-03-08-47,8,20260124-03-10-25,1,1298.0,1463
20260124-03-08-47,9,20260124-03-10-34,1,1294.0,1463
20260124-03-08-47,10,20260124-03-10-43,1,1314.0,1463
20260124-03-08-47,11,20260124-03-10-52,1,1343.0,1463
20260124-03-08-47,12,20260124-03-11-00,1,1288.0,1463
20260124-03-08-47,13,20260124-03-11-09,0,1551.0,1463
20260124-03-08-47,14,20260124-03-11-18,1,1298.0,1463
20260124-03-08-47,15,20260124-03-11-27,1,1361.0,1463
20260124-03-08-47,16,20260124-03-11-36,1,1302.0,1463
20260124-03-08-47,17,20260124-03-11-45,0,1525.0,1463
20260124-03-08-47,18,20260124-03-11-53,1,1290.0,1463
20260124-04-02-05,0,20260124-04-02-31,1,1335.0,1463
20260124-04-02-05,1,20260124-04-02-40,0,1553.0,1463
20260124-04-02-05,2,20260124-04-02-49,1,1319.0,1463
20260124-04-02-05,3,20260124-04-02-58,1,1321.0,1463
20260124-04-02-05,4,20260124-04-03-07,1,1306.0,1463
20260124-04-02-05,5,20260124-04-03-16,1,1317.0,1463
20260124-04-02-05,6,20260124-04-03-24,1,1298.0,1463
20260124-04-02-05,7,20260124-04-03-33,1,1305.0,1463
20260124-04-02-05,8,20260124-04-03-42,1,1310.0,1463
20260124-04-02-05,9,20260124-04-03-51,1,807.0,1463
20260124-04-02-05,10,20260124-04-04-00,1,522.0,1463
20260124-04-02-05,11,20260124-04-04-09,1,1353.0,1463
20260124-04-02-05,12,20260124-04-04-18,1,1297.0,1463
20260124-04-02-05,13,20260124-04-04-27,0,1544.0,1463
20260124-04-02-05,14,20260124-04-04-36,1,1293.0,1463
20260124-04-02-05,15,20260124-04-04-45,1,1351.0,1463
20260124-04-02-05,16,20260124-04-04-54,1,1300.0,1463
20260124-04-02-05,17,20260124-04-05-03,0,1516.0,1463
20260124-04-02-05,18,20260124-04-05-11,1,1213.0,1463
20260124-05-16-41,0,20260124-05-17-08,1,1341.0,1463
20260124-05-16-41,1,20260124-05-17-17,0,1541.0,1463
20260124-05-16-41,2,20260124-05-17-26,1,1329.0,1463
20260124-05-16-41,3,20260124-05-17-35,1,1324.0,1463
20260124-05-16-41,4,20260124-05-17-43,1,1320.0,1463
20260124-05-16-41,5,20260124-05-17-52,1,595.0,1463
20260124-05-16-41,6,20260124-05-18-01,1,1310.0,1463
20260124-05-16-41,7,20260124-05-18-10,1,1303.0,1463
20260124-05-16-41,8,20260124-05-18-19,1,835.0,1463
20260124-05-16-41,9,20260124-05-18-28,1,1293.0,1463
20260124-05-16-41,10,20260124-05-18-37,1,1300.0,1463
20260124-05-16-41,11,20260124-05-18-46,1,1289.0,1463
20260124-05-16-41,12,20260124-05-18-55,1,1300.0,1463
20260124-05-16-41,13,20260124-05-19-04,0,1568.0,1463
20260124-05-16-41,14,20260124-05-19-12,1,1313.0,1463
20260124-05-16-41,15,20260124-05-19-22,1,1325.0,1463
20260124-05-16-41,16,20260124-05-19-30,1,1347.0,1463
20260124-05-16-41,17,20260124-05-19-39,0,1507.0,1463
20260124-05-16-41,18,20260124-05-19-48,1,1336.0,1463
20260124-06-20-39,0,20260124-06-21-05,1,793.0,1463
20260124-06-20-39,1,20260124-06-21-14,0,1534.0,1463
20260124-06-20-39,2,20260124-06-21-23,1,1332.0,1463
20260124-06-20-39,3,20260124-06-21-32,1,1323.0,1463
20260124-06-20-39,4,20260124-06-21-41,1,1313.0,1463
20260124-06-20-39,5,20260124-06-21-50,1,870.0,1463
20260124-06-20-39,6,20260124-06-21-58,1,1253.0,1463
20260124-06-20-39,7,20260124-06-22-07,1,785.0,1463
20260124-06-20-39,8,20260124-06-22-16,1,816.0,1463
20260124-06-20-39,9,20260124-06-22-25,1,1292.0,1463
20260124-06-20-39,10,20260124-06-22-34,1,1311.0,1463
20260124-06-20-39,11,20260124-06-22-43,1,697.0,1463
20260124-06-20-39,12,20260124-06-22-52,1,888.0,1463
20260124-06-20-39,13,20260124-06-23-01,0,1576.0,1463
20260124-06-20-39,14,20260124-06-23-10,1,1224.0,1463
20260124-06-20-39,15,20260124-06-23-19,1,1372.0,1463
20260124-06-20-39,16,20260124-06-23-27,1,1382.0,1463
20260124-06-20-39,17,20260124-06-23-37,0,1504.0,1463
20260124-06-20-39,18,20260124-06-23-45,1,1257.0,1463
20260124-06-31-18,0,20260124-06-31-45,1,808.0,1463
20260124-06-31-18,1,20260124-06-31-53,0,1537.0,1463
20260124-06-31-18,2,20260124-06-32-02,1,1327.0,1463
20260124-06-31-18,3,20260124-06-32-11,1,1321.0,1463
20260124-06-31-18,4,20260124-06-32-20,1,1305.0,1463
20260124-06-31-18,5,20260124-06-32-29,1,800.0,1463
20260124-06-31-18,6,20260124-06-32-38,1,450.0,1463
20260124-06-31-18,7,20260124-06-32-47,1,680.0,1463
20260124-06-31-18,8,20260124-06-32-56,1,789.0,1463
20260124-06-31-18,9,20260124-06-33-05,1,1295.0,1463
20260124-06-31-18,10,20260124-06-33-14,1,1303.0,1463
20260124-06-31-18,11,20260124-06-33-23,1,1239.0,1463
20260124-06-31-18,12,20260124-06-33-31,1,1301.0,1463
20260124-06-31-18,13,20260124-06-33-40,0,1587.0,1463
20260124-06-31-18,14,20260124-06-33-49,1,1235.5,1463
20260124-06-31-18,15,20260124-06-33-58,1,1390.0,1463
20260124-06-31-18,16,20260124-06-34-07,1,1399.0,1463
20260124-06-31-18,17,20260124-06-34-16,0,1509.0,1463
20260124-06-31-18,18,20260124-06-34-24,1,1313.0,1463
20260124-07-03-17,0,20260124-07-03-43,1,949.0,1463
20260124-07-03-17,1,20260124-07-03-52,0,1559.0,1463
20260124-07-03-17,2,20260124-07-04-01,1,1087.0,1463
20260124-07-03-17,3,20260124-07-04-10,1,1232.0,1463
20260124-07-03-17,4,20260124-07-04-19,1,1329.0,1463
20260124-07-03-17,5,20260124-07-04-28,1,1251.0,1463
20260124-07-03-17,6,20260124-07-04-37,1,1185.0,1463
20260124-07-03-17,7,20260124-07-04-46,1,1289.0,1463
20260124-07-03-17,8,20260124-07-04-55,1,1302.0,1463
20260124-07-03-17,9,20260124-07-05-03,1,752.0,1463
20260124-07-03-17,10,20260124-07-05-12,1,538.0,1463
20260124-07-03-17,11,20260124-07-05-21,1,1273.0,1463
20260124-07-03-17,12,20260124-07-05-30,1,949.0,1463
20260124-07-03-17,13,20260124-07-05-39,0,1584.0,1463
20260124-07-03-17,14,20260124-07-05-48,1,1040.0,1463
20260124-07-03-17,15,20260124-07-05-57,1,1439.0,1463
20260124-07-03-17,16,20260124-07-06-06,1,1301.0,1463
20260124-07-03-17,17,20260124-07-06-15,0,1507.0,1463
20260124-07-03-17,18,20260124-07-06-23,1,411.0,1463
20260124-07-45-55,0,20260124-07-46-21,1,1330.0,1463
20260124-07-45-55,1,20260124-07-46-30,0,1535.0,1463
20260124-07-45-55,2,20260124-07-46-39,1,982.0,1463
20260124-07-45-55,3,20260124-07-46-48,1,755.0,1463
20260124-07-45-55,4,20260124-07-46-57,1,331.0,1463
20260124-07-45-55,5,20260124-07-47-06,1,1406.0,1463
20260124-07-45-55,6,20260124-07-47-15,1,1293.0,1463
20260124-07-45-55,7,20260124-07-47-24,1,1306.0,1463
20260124-07-45-55,8,20260124-07-47-33,1,1301.0,1463
20260124-07-45-55,9,20260124-07-47-41,1,787.0,1463
20260124-07-45-55,10,20260124-07-47-50,1,1286.0,1463
20260124-07-45-55,11,20260124-07-47-59,1,1246.0,1463
20260124-07-45-55,12,20260124-07-48-08,1,1217.0,1463
20260124-07-45-55,13,20260124-07-48-17,0,1550.0,1463
20260124-07-45-55,14,20260124-07-48-26,1,1297.0,1463
20260124-07-45-55,15,20260124-07-48-35,1,763.0,1463
20260124-07-45-55,16,20260124-07-48-44,1,1208.0,1463
20260124-07-45-55,17,20260124-07-48-53,0,1551.0,1463
20260124-07-45-55,18,20260124-07-49-01,1,796.0,1463
20260124-10-25-49,0,20260124-10-26-16,1,1051.0,1463
20260124-10-25-49,1,20260124-10-26-25,0,1511.0,1463
20260124-10-25-49,2,20260124-10-26-34,1,1329.0,1463
20260124-10-25-49,3,20260124-10-26-43,1,1123.0,1463
20260124-10-25-49,4,20260124-10-26-51,1,1046.0,1463
20260124-10-25-49,5,20260124-10-27-00,1,518.0,1463
20260124-10-25-49,6,20260124-10-27-09,1,585.0,1463
20260124-10-25-49,7,20260124-10-27-18,1,608.0,1463
20260124-10-25-49,8,20260124-10-27-27,1,966.0,1463
20260124-10-25-49,9,20260124-10-27-36,1,755.0,1463
20260124-10-25-49,10,20260124-10-27-45,1,778.0,1463
20260124-10-25-49,11,20260124-10-27-54,1,789.0,1463
20260124-10-25-49,12,20260124-10-28-03,1,942.0,1463
20260124-10-25-49,13,20260124-10-28-12,0,1576.0,1463
20260124-10-25-49,14,20260124-10-28-20,1,1241.0,1463
20260124-10-25-49,15,20260124-10-28-30,1,972.0,1463
20260124-10-25-49,16,20260124-10-28-38,1,955.0,1463
20260124-10-25-49,17,20260124-10-28-47,0,1515.0,1463
20260124-10-25-49,18,20260124-10-28-56,1,1070.0,1463
20260124-10-57-48,0,20260124-10-58-15,1,780.0,1463
20260124-10-57-48,1,20260124-10-58-23,0,1527.0,1463
20260124-10-57-48,2,20260124-10-58-32,1,830.0,1463
20260124-10-57-48,3,20260124-10-58-41,1,1051.0,1463
20260124-10-57-48,4,20260124-10-58-50,1,1321.0,1463
20260124-10-57-48,5,20260124-10-58-59,1,440.0,1463
20260124-10-57-48,6,20260124-10-59-08,1,787.0,1463
20260124-10-57-48,7,20260124-10-59-17,1,644.0,1463
20260124-10-57-48,8,20260124-10-59-26,1,900.0,1463
20260124-10-57-48,9,20260124-10-59-35,1,697.0,1463
20260124-10-57-48,10,20260124-10-59-44,1,478.0,1463
20260124-10-57-48,11,20260124-10-59-53,1,957.0,1463
20260124-10-57-48,12,20260124-11-00-01,1,944.0,1463
20260124-10-57-48,13,20260124-11-00-10,0,1520.0,1463
20260124-10-57-48,14,20260124-11-00-19,1,807.0,1463
20260124-10-57-48,15,20260124-11-00-28,1,749.0,1463
20260124-10-57-48,16,20260124-11-00-37,1,960.0,1463
20260124-10-57-48,17,20260124-11-00-46,0,1552.0,1463
20260124-10-57-48,18,20260124-11-00-54,1,1056.0,1463
20260124-11-29-47,0,20260124-11-30-13,1,760.0,1463
20260124-11-29-47,1,20260124-11-30-22,0,1497.0,1463
20260124-11-29-47,2,20260124-11-30-31,1,1330.0,1463
20260124-11-29-47,3,20260124-11-30-40,1,1134.0,1463
20260124-11-29-47,4,20260124-11-30-49,1,1320.0,1463
20260124-11-29-47,5,20260124-11-30-58,1,477.0,1463
20260124-11-29-47,6,20260124-11-31-07,1,713.0,1463
20260124-11-29-47,7,20260124-11-31-16,1,689.0,1463
20260124-11-29-47,8,20260124-11-31-25,1,1223.0,1463
20260124-11-29-47,9,20260124-11-31-33,1,753.0,1463
20260124-11-29-47,10,20260124-11-31-42,1,791.0,1463
20260124-11-29-47,11,20260124-11-31-51,1,689.0,1463
20260124-11-29-47,12,20260124-11-32-00,1,1115.0,1463
20260124-11-29-47,13,20260124-11-32-09,0,1553.0,1463
20260124-11-29-47,14,20260124-11-32-18,1,1250.0,1463
20260124-11-29-47,15,20260124-11-32-27,1,1266.0,1463
20260124-11-29-47,16,20260124-11-32-36,1,893.0,1463
20260124-11-29-47,17,20260124-11-32-45,0,1494.0,1463
20260124-11-29-47,18,20260124-11-32-53,1,1117.0,1463
20260124-11-51-06,0,20260124-11-51-32,1,879.0,1463
20260124-11-51-06,1,20260124-11-51-41,0,1571.0,1463
20260124-11-51-06,2,20260124-11-51-50,1,1315.0,1463
20260124-11-51-06,3,20260124-11-51-59,1,1085.0,1463
20260124-11-51-06,4,20260124-11-52-08,1,1322.0,1463
20260124-11-51-06,5,20260124-11-52-17,1,437.0,1463
20260124-11-51-06,6,20260124-11-52-26,1,575.0,1463
20260124-11-51-06,7,20260124-11-52-35,1,621.0,1463
20260124-11-51-06,8,20260124-11-52-44,1,1223.0,1463
20260124-11-51-06,9,20260124-11-52-52,1,507.0,1463
20260124-11-51-06,10,20260124-11-53-01,1,576.0,1463
20260124-11-51-06,11,20260124-11-53-10,1,654.0,1463
20260124-11-51-06,12,20260124-11-53-19,1,854.0,1463
20260124-11-51-06,13,20260124-11-53-28,0,1578.0,1463
20260124-11-51-06,14,20260124-11-53-37,1,1023.0,1463
20260124-11-51-06,15,20260124-11-53-46,1,963.0,1463
20260124-11-51-06,16,20260124-11-53-55,1,814.0,1463
20260124-11-51-06,17,20260124-11-54-04,0,1518.0,1463
20260124-11-51-06,18,20260124-11-54-12,1,828.0,1463
20260124-12-55-03,0,20260124-12-55-30,1,642.0,1463
20260124-12-55-03,1,20260124-12-55-38,0,1548.0,1463
20260124-12-55-03,2,20260124-12-55-47,1,1278.0,1463
20260124-12-55-03,3,20260124-12-55-56,1,1058.0,1463
20260124-12-55-03,4,20260124-12-56-05,1,899.0,1463
20260124-12-55-03,5,20260124-12-56-14,1,682.0,1463
20260124-12-55-03,6,20260124-12-56-23,1,913.0,1463
20260124-12-55-03,7,20260124-12-56-32,1,1055.0,1463
20260124-12-55-03,8,20260124-12-56-41,1,905.0,1463
20260124-12-55-03,9,20260124-12-56-50,1,1255.5,1463
20260124-12-55-03,10,20260124-12-56-58,1,800.0,1463
20260124-12-55-03,11,20260124-12-57-08,1,779.0,1463
20260124-12-55-03,12,20260124-12-57-16,1,1289.0,1463
20260124-12-55-03,13,20260124-12-57-25,0,1541.0,1463
20260124-12-55-03,14,20260124-12-57-34,1,862.0,1463
20260124-12-55-03,15,20260124-12-57-43,1,1292.0,1463
20260124-12-55-03,16,20260124-12-57-52,1,942.0,1463
20260124-12-55-03,17,20260124-12-58-01,0,1522.0,1463
20260124-12-55-03,18,20260124-12-58-09,1,1062.0,1463
20260124-13-48-21,0,20260124-13-48-47,1,1321.0,1463
20260124-13-48-21,1,20260124-13-48-56,0,1542.0,1463
20260124-13-48-21,2,20260124-13-49-05,1,1317.0,1463
20260124-13-48-21,3,20260124-13-49-14,1,1320.0,1463
20260124-13-48-21,4,20260124-13-49-23,1,1313.0,1463
20260124-13-48-21,5,20260124-13-49-32,1,680.0,1463
20260124-13-48-21,6,20260124-13-49-41,1,719.0,1463
20260124-13-48-21,7,20260124-13-49-50,1,773.0,1463
20260124-13-48-21,8,20260124-13-49-59,1,1189.0,1463
20260124-13-48-21,9,20260124-13-50-07,1,1283.0,1463
20260124-13-48-21,10,20260124-13-50-16,1,794.0,1463
20260124-13-48-21,11,20260124-13-50-25,1,753.0,1463
20260124-13-48-21,12,20260124-13-50-34,1,1018.0,1463
20260124-13-48-21,13,20260124-13-50-43,0,1549.0,1463
20260124-13-48-21,14,20260124-13-50-52,1,870.0,1463
20260124-13-48-21,15,20260124-13-51-01,1,782.0,1463
20260124-13-48-21,16,20260124-13-51-10,1,981.0,1463
20260124-13-48-21,17,20260124-13-51-19,0,1535.0,1463
20260124-13-48-21,18,20260124-13-51-27,1,1233.0,1463
20260124-14-09-40,0,20260124-14-10-06,1,892.0,1463
20260124-14-09-40,1,20260124-14-10-15,0,1534.0,1463
20260124-14-09-40,2,20260124-14-10-24,1,735.0,1463
20260124-14-09-40,3,20260124-14-10-33,1,1147.0,1463
20260124-14-09-40,4,20260124-14-10-42,1,718.0,1463
20260124-14-09-40,5,20260124-14-10-51,1,693.0,1463
20260124-14-09-40,6,20260124-14-11-00,1,718.0,1463
20260124-14-09-40,7,20260124-14-11-09,1,782.0,1463
20260124-14-09-40,8,20260124-14-11-18,1,1031.0,1463
20260124-14-09-40,9,20260124-14-11-26,1,959.0,1463
20260124-14-09-40,10,20260124-14-11-35,1,796.0,1463
20260124-14-09-40,11,20260124-14-11-44,1,695.0,1463
20260124-14-09-40,12,20260124-14-11-53,1,1237.0,1463
20260124-14-09-40,13,20260124-14-12-02,0,1556.0,1463
20260124-14-09-40,14,20260124-14-12-11,1,869.0,1463
20260124-14-09-40,15,20260124-14-12-20,1,760.0,1463
20260124-14-09-40,16,20260124-14-12-29,1,959.0,1463
20260124-14-09-40,17,20260124-14-12-38,0,1544.0,1463
20260124-14-09-40,18,20260124-14-12-46,1,916.0,1463
20260124-15-24-17,0,20260124-15-24-43,1,565.0,1463
20260124-15-24-17,1,20260124-15-24-52,0,1540.0,1463
20260124-15-24-17,2,20260124-15-25-01,1,1104.0,1463
20260124-15-24-17,3,20260124-15-25-10,1,1311.0,1463
20260124-15-24-17,4,20260124-15-25-19,1,889.0,1463
20260124-15-24-17,5,20260124-15-25-28,1,858.0,1463
20260124-15-24-17,6,20260124-15-25-37,1,888.0,1463
20260124-15-24-17,7,20260124-15-25-46,1,1125.0,1463
20260124-15-24-17,8,20260124-15-25-55,1,1289.0,1463
20260124-15-24-17,9,20260124-15-26-03,1,791.0,1463
20260124-15-24-17,10,20260124-15-26-12,1,638.0,1463
20260124-15-24-17,11,20260124-15-26-21,1,618.0,1463
20260124-15-24-17,12,20260124-15-26-30,1,606.0,1463
20260124-15-24-17,13,20260124-15-26-39,0,1523.0,1463
20260124-15-24-17,14,20260124-15-26-48,1,1045.0,1463
20260124-15-24-17,15,20260124-15-26-57,1,760.0,1463
20260124-15-24-17,16,20260124-15-27-06,1,1084.0,1463
20260124-15-24-17,17,20260124-15-27-15,0,1534.0,1463
20260124-15-24-17,18,20260124-15-27-23,1,927.0,1463
20260124-17-21-32,0,20260124-17-21-59,1,591.0,1463
20260124-17-21-32,1,20260124-17-22-08,0,1533.0,1463
20260124-17-21-32,2,20260124-17-22-17,1,1313.0,1463
20260124-17-21-32,3,20260124-17-22-26,1,1320.0,1463
20260124-17-21-32,4,20260124-17-22-34,1,342.0,1463
20260124-17-21-32,5,20260124-17-22-43,1,747.0,1463
20260124-17-21-32,6,20260124-17-22-52,1,1000.0,1463
20260124-17-21-32,7,20260124-17-23-01,1,682.0,1463
20260124-17-21-32,8,20260124-17-23-10,1,1252.0,1463
20260124-17-21-32,9,20260124-17-23-19,1,308.0,1463
20260124-17-21-32,10,20260124-17-23-28,1,413.0,1463
20260124-17-21-32,11,20260124-17-23-37,1,815.0,1463
20260124-17-21-32,12,20260124-17-23-46,1,1121.0,1463
20260124-17-21-32,13,20260124-17-23-55,0,1532.0,1463
20260124-17-21-32,14,20260124-17-24-03,1,964.0,1463
20260124-17-21-32,15,20260124-17-24-13,1,721.0,1463
20260124-17-21-32,16,20260124-17-24-21,1,589.0,1463
20260124-17-21-32,17,20260124-17-24-31,0,1495.0,1463
20260124-17-21-32,18,20260124-17-24-39,1,1048.0,1463
20260124-20-33-26,0,20260124-20-33-53,1,1341.0,1463
20260124-20-33-26,1,20260124-20-34-02,0,1507.0,1463
20260124-20-33-26,2,20260124-20-34-11,1,736.0,1463
20260124-20-33-26,3,20260124-20-34-19,1,1321.0,1463
20260124-20-33-26,4,20260124-20-34-28,1,1300.0,1463
20260124-20-33-26,5,20260124-20-34-37,1,1358.0,1463
20260124-20-33-26,6,20260124-20-34-46,1,1319.0,1463
20260124-20-33-26,7,20260124-20-34-55,1,1347.0,1463
20260124-20-33-26,8,20260124-20-35-04,1,1279.0,1463
20260124-20-33-26,9,20260124-20-35-13,1,1289.0,1463
20260124-20-33-26,10,20260124-20-35-22,1,457.0,1463
20260124-20-33-26,11,20260124-20-35-31,1,649.0,1463
20260124-20-33-26,12,20260124-20-35-40,1,1299.0,1463
20260124-20-33-26,13,20260124-20-35-49,0,1564.0,1463
20260124-20-33-26,14,20260124-20-35-57,1,1305.0,1463
20260124-20-33-26,15,20260124-20-36-07,1,1313.0,1463
20260124-20-33-26,16,20260124-20-36-15,1,1298.0,1463
20260124-20-33-26,17,20260124-20-36-24,0,1501.0,1463
20260124-20-33-26,18,20260124-20-36-33,1,1074.0,1463
20260124-20-44-06,0,20260124-20-44-32,1,1338.0,1463
20260124-20-44-06,1,20260124-20-44-41,0,1493.0,1463
20260124-20-44-06,2,20260124-20-44-50,1,1165.0,1463
20260124-20-44-06,3,20260124-20-44-59,1,1323.0,1463
20260124-20-44-06,4,20260124-20-45-08,1,1313.0,1463
20260124-20-44-06,5,20260124-20-45-17,1,1277.0,1463
20260124-20-44-06,6,20260124-20-45-26,1,1364.0,1463
20260124-20-44-06,7,20260124-20-45-35,1,1309.0,1463
20260124-20-44-06,8,20260124-20-45-44,1,1282.0,1463
20260124-20-44-06,9,20260124-20-45-52,1,1293.0,1463
20260124-20-44-06,10,20260124-20-46-01,1,407.0,1463
20260124-20-44-06,11,20260124-20-46-11,1,1333.0,1463
20260124-20-44-06,12,20260124-20-46-19,1,1297.0,1463
20260124-20-44-06,13,20260124-20-46-28,0,1542.0,1463
20260124-20-44-06,14,20260124-20-46-37,1,1296.0,1463
20260124-20-44-06,15,20260124-20-46-46,1,1328.0,1463
20260124-20-44-06,16,20260124-20-46-55,1,1297.0,1463
20260124-20-44-06,17,20260124-20-47-04,0,1500.0,1463
20260124-20-44-06,18,20260124-20-47-12,1,1096.0,1463
20260124-21-26-44,0,20260124-21-27-11,1,1338.0,1463
20260124-21-26-44,1,20260124-21-27-20,0,1549.0,1463
20260124-21-26-44,2,20260124-21-27-28,1,864.0,1463
20260124-21-26-44,3,20260124-21-27-37,1,1319.0,1463
20260124-21-26-44,4,20260124-21-27-46,1,1304.0,1463
20260124-21-26-44,5,20260124-21-27-55,1,1313.0,1463
20260124-21-26-44,6,20260124-21-28-04,1,1382.0,1463
20260124-21-26-44,7,20260124-21-28-13,1,1313.0,1463
20260124-21-26-44,8,20260124-21-28-22,1,1307.0,1463
20260124-21-26-44,9,20260124-21-28-31,1,1290.0,1463
20260124-21-26-44,10,20260124-21-28-40,1,608.0,1463
20260124-21-26-44,11,20260124-21-28-49,1,1288.0,1463
20260124-21-26-44,12,20260124-21-28-58,1,1297.0,1463
20260124-21-26-44,13,20260124-21-29-07,0,1557.0,1463
20260124-21-26-44,14,20260124-21-29-15,1,1304.0,1463
20260124-21-26-44,15,20260124-21-29-24,1,1301.0,1463
20260124-21-26-44,16,20260124-21-29-33,1,1296.0,1463
20260124-21-26-44,17,20260124-21-29-42,0,1505.0,1463
20260124-21-26-44,18,20260124-21-29-51,1,1114.0,1463
20260124-22-52-01,0,20260124-22-52-27,1,1341.0,1463
20260124-22-52-01,1,20260124-22-52-36,0,1521.0,1463
20260124-22-52-01,2,20260124-22-52-45,1,1007.0,1463
20260124-22-52-01,3,20260124-22-52-54,1,1323.0,1463
20260124-22-52-01,4,20260124-22-53-03,1,1311.0,1463
20260124-22-52-01,5,20260124-22-53-12,1,1321.0,1463
20260124-22-52-01,6,20260124-22-53-21,1,1354.0,1463
20260124-22-52-01,7,20260124-22-53-30,1,1309.0,1463
20260124-22-52-01,8,20260124-22-53-39,1,1308.0,1463
20260124-22-52-01,9,20260124-22-53-47,1,1293.0,1463
20260124-22-52-01,10,20260124-22-53-56,1,1291.0,1463
20260124-22-52-01,11,20260124-22-54-05,1,1307.0,1463
20260124-22-52-01,12,20260124-22-54-14,1,1302.0,1463
20260124-22-52-01,13,20260124-22-54-23,0,1553.0,1463
20260124-22-52-01,14,20260124-22-54-32,1,1295.0,1463
20260124-22-52-01,15,20260124-22-54-41,1,1305.0,1463
20260124-22-52-01,16,20260124-22-54-50,1,1301.0,1463
20260124-22-52-01,17,20260124-22-54-59,0,1484.0,1463
20260124-22-52-01,18,20260124-22-55-07,1,1197.0,1463
20260124-23-02-40,0,20260124-23-03-07,1,1342.0,1463
20260124-23-02-40,1,20260124-23-03-16,0,1523.0,1463
20260124-23-02-40,2,20260124-23-03-25,1,993.0,1463
20260124-23-02-40,3,20260124-23-03-34,1,1317.0,1463
20260124-23-02-40,4,20260124-23-03-42,1,1314.0,1463
20260124-23-02-40,5,20260124-23-03-51,1,1332.0,1463
20260124-23-02-40,6,20260124-23-04-00,1,1370.0,1463
20260124-23-02-40,7,20260124-23-04-09,1,1354.5,1463
20260124-23-02-40,8,20260124-23-04-18,1,1305.0,1463
20260124-23-02-40,9,20260124-23-04-27,1,1299.0,1463
20260124-23-02-40,10,20260124-23-04-36,1,1288.0,1463
20260124-23-02-40,11,20260124-23-04-45,1,1297.0,1463
20260124-23-02-40,12,20260124-23-04-54,1,1296.0,1463
20260124-23-02-40,13,20260124-23-05-03,0,1552.0,1463
20260124-23-02-40,14,20260124-23-05-11,1,1296.0,1463
20260124-23-02-40,15,20260124-23-05-21,1,1309.0,1463
20260124-23-02-40,16,20260124-23-05-29,1,1310.0,1463
20260124-23-02-40,17,20260124-23-05-38,0,1472.0,1463
20260124-23-02-40,18,20260124-23-05-47,1,1284.0,1463
20260125-00-06-38,0,20260125-00-07-04,1,1344.0,1463
20260125-00-06-38,1,20260125-00-07-13,0,1533.0,1463
20260125-00-06-38,2,20260125-00-07-22,1,950.0,1463
20260125-00-06-38,3,20260125-00-07-31,1,1323.0,1463
20260125-00-06-38,4,20260125-00-07-40,1,1312.0,1463
20260125-00-06-38,5,20260125-00-07-49,1,1325.0,1463
20260125-00-06-38,6,20260125-00-07-58,1,1365.0,1463
20260125-00-06-38,7,20260125-00-08-07,1,1336.0,1463
20260125-00-06-38,8,20260125-00-08-16,1,1316.0,1463
20260125-00-06-38,9,20260125-00-08-24,1,1293.0,1463
20260125-00-06-38,10,20260125-00-08-33,1,1291.0,1463
20260125-00-06-38,11,20260125-00-08-42,1,1314.0,1463
20260125-00-06-38,12,20260125-00-08-51,1,1291.0,1463
20260125-00-06-38,13,20260125-00-09-00,0,1561.0,1463
20260125-00-06-38,14,20260125-00-09-09,1,1305.0,1463
20260125-00-06-38,15,20260125-00-09-18,1,1302.0,1463
20260125-00-06-38,16,20260125-00-09-27,1,1316.0,1463
20260125-00-06-38,17,20260125-00-09-36,0,1469.0,1463
20260125-00-06-38,18,20260125-00-09-44,1,1297.0,1463
20260125-00-27-57,0,20260125-00-28-23,1,1345.0,1463
20260125-00-27-57,1,20260125-00-28-32,0,1553.0,1463
20260125-00-27-57,2,20260125-00-28-41,1,1279.0,1463
20260125-00-27-57,3,20260125-00-28-50,1,1323.0,1463
20260125-00-27-57,4,20260125-00-28-59,1,1306.0,1463
20260125-00-27-57,5,20260125-00-29-08,1,1339.0,1463
20260125-00-27-57,6,20260125-00-29-17,1,1341.0,1463
20260125-00-27-57,7,20260125-00-29-26,1,1295.0,1463
20260125-00-27-57,8,20260125-00-29-35,1,1309.0,1463
20260125-00-27-57,9,20260125-00-29-43,1,1295.0,1463
20260125-00-27-57,10,20260125-00-29-52,1,1293.0,1463
20260125-00-27-57,11,20260125-00-30-02,1,1297.0,1463
20260125-00-27-57,12,20260125-00-30-10,1,1295.0,1463
20260125-00-27-57,13,20260125-00-30-19,0,1564.0,1463
20260125-00-27-57,14,20260125-00-30-28,1,1301.0,1463
20260125-00-27-57,15,20260125-00-30-37,1,1325.0,1463
20260125-00-27-57,16,20260125-00-30-46,1,1309.0,1463
20260125-00-27-57,17,20260125-00-30-55,0,1501.0,1463
20260125-00-27-57,18,20260125-00-31-03,1,1084.0,1463
20260125-01-42-34,0,20260125-01-43-00,1,1335.0,1463
20260125-01-42-34,1,20260125-01-43-09,0,1542.0,1463
20260125-01-42-34,2,20260125-01-43-18,1,1313.0,1463
20260125-01-42-34,3,20260125-01-43-27,1,1307.0,1463
20260125-01-42-34,4,20260125-01-43-36,1,1308.0,1463
20260125-01-42-34,5,20260125-01-43-45,1,1416.0,1463
20260125-01-42-34,6,20260125-01-43-54,1,1352.0,1463
20260125-01-42-34,7,20260125-01-44-03,1,1294.0,1463
20260125-01-42-34,8,20260125-01-44-12,1,1306.0,1463
20260125-01-42-34,9,20260125-01-44-20,1,1291.0,1463
20260125-01-42-34,10,20260125-01-44-29,1,1295.0,1463
20260125-01-42-34,11,20260125-01-44-38,1,1307.0,1463
20260125-01-42-34,12,20260125-01-44-47,1,1289.0,1463
20260125-01-42-34,13,20260125-01-44-56,0,1563.0,1463
20260125-01-42-34,14,20260125-01-45-05,1,1294.0,1463
20260125-01-42-34,15,20260125-01-45-14,1,1292.0,1463
20260125-01-42-34,16,20260125-01-45-23,1,1308.0,1463
20260125-01-42-34,17,20260125-01-45-32,0,1482.0,1463
20260125-01-42-34,18,20260125-01-45-40,1,1193.0,1463
20260125-01-53-13,0,20260125-01-53-40,1,1332.0,1463
20260125-01-53-13,1,20260125-01-53-49,0,1532.0,1463
20260125-01-53-13,2,20260125-01-53-58,1,1319.0,1463
20260125-01-53-13,3,20260125-01-54-07,1,1311.0,1463
20260125-01-53-13,4,20260125-01-54-15,1,1302.0,1463
20260125-01-53-13,5,20260125-01-54-24,1,1431.0,1463
20260125-01-53-13,6,20260125-01-54-33,1,1334.0,1463
20260125-01-53-13,7,20260125-01-54-42,1,1298.0,1463
20260125-01-53-13,8,20260125-01-54-51,1,1299.0,1463
20260125-01-53-13,9,20260125-01-55-00,1,1295.0,1463
20260125-01-53-13,10,20260125-01-55-09,1,1287.0,1463
20260125-01-53-13,11,20260125-01-55-18,1,1302.0,1463
20260125-01-53-13,12,20260125-01-55-27,1,1290.0,1463
20260125-01-53-13,13,20260125-01-55-36,0,1551.0,1463
20260125-01-53-13,14,20260125-01-55-44,1,1296.0,1463
20260125-01-53-13,15,20260125-01-55-54,1,1293.0,1463
20260125-01-53-13,16,20260125-01-56-02,1,1310.0,1463
20260125-01-53-13,17,20260125-01-56-11,0,1479.0,1463
20260125-01-53-13,18,20260125-01-56-20,1,1121.0,1463
20260125-04-22-27,0,20260125-04-22-53,1,1334.0,1463
20260125-04-22-27,1,20260125-04-23-02,0,1548.0,1463
20260125-04-22-27,2,20260125-04-23-11,1,1324.0,1463
20260125-04-22-27,3,20260125-04-23-20,1,1317.0,1463
20260125-04-22-27,4,20260125-04-23-29,1,1313.0,1463
20260125-04-22-27,5,20260125-04-23-38,1,1338.0,1463
20260125-04-22-27,6,20260125-04-23-47,1,1333.0,1463
20260125-04-22-27,7,20260125-04-23-56,1,1290.0,1463
20260125-04-22-27,8,20260125-04-24-05,1,1307.0,1463
20260125-04-22-27,9,20260125-04-24-13,1,1298.0,1463
20260125-04-22-27,10,20260125-04-24-22,1,1289.0,1463
20260125-04-22-27,11,20260125-04-24-32,1,1313.0,1463
20260125-04-22-27,12,20260125-04-24-40,1,1297.0,1463
20260125-04-22-27,13,20260125-04-24-49,0,1556.0,1463
20260125-04-22-27,14,20260125-04-24-58,1,1289.0,1463
20260125-04-22-27,15,20260125-04-25-07,1,1348.0,1463
20260125-04-22-27,16,20260125-04-25-16,1,1316.0,1463
20260125-04-22-27,17,20260125-04-25-25,0,1469.0,1463
20260125-04-22-27,18,20260125-04-25-33,1,1132.0,1463
20260125-05-05-05,0,20260125-05-05-32,1,1341.0,1463
20260125-05-05-05,1,20260125-05-05-40,0,1544.0,1463
20260125-05-05-05,2,20260125-05-05-49,1,1323.0,1463
20260125-05-05-05,3,20260125-05-05-58,1,1311.0,1463
20260125-05-05-05,4,20260125-05-06-07,1,1308.0,1463
20260125-05-05-05,5,20260125-05-06-16,1,1418.0,1463
20260125-05-05-05,6,20260125-05-06-25,1,1304.0,1463
20260125-05-05-05,7,20260125-05-06-34,1,1304.0,1463
20260125-05-05-05,8,20260125-05-06-43,1,1310.0,1463
20260125-05-05-05,9,20260125-05-06-52,1,1299.0,1463
20260125-05-05-05,10,20260125-05-07-01,1,1314.0,1463
20260125-05-05-05,11,20260125-05-07-10,1,1353.0,1463
20260125-05-05-05,12,20260125-05-07-18,1,1299.0,1463
20260125-05-05-05,13,20260125-05-07-27,0,1549.0,1463
20260125-05-05-05,14,20260125-05-07-36,1,1294.0,1463
20260125-05-05-05,15,20260125-05-07-45,1,1350.0,1463
20260125-05-05-05,16,20260125-05-07-54,1,1375.0,1463
20260125-05-05-05,17,20260125-05-08-03,0,1529.0,1463
20260125-05-05-05,18,20260125-05-08-11,1,1247.0,1463
20260125-05-15-45,0,20260125-05-16-11,1,1344.0,1463
20260125-05-15-45,1,20260125-05-16-20,0,1531.0,1463
20260125-05-15-45,2,20260125-05-16-29,1,1325.0,1463
20260125-05-15-45,3,20260125-05-16-38,1,1310.0,1463
20260125-05-15-45,4,20260125-05-16-46,1,1313.0,1463
20260125-05-15-45,5,20260125-05-16-55,1,1411.0,1463
20260125-05-15-45,6,20260125-05-17-04,1,1306.0,1463
20260125-05-15-45,7,20260125-05-17-13,1,1309.0,1463
20260125-05-15-45,8,20260125-05-17-22,1,1311.0,1463
20260125-05-15-45,9,20260125-05-17-31,1,1304.0,1463
20260125-05-15-45,10,20260125-05-17-40,1,1319.0,1463
20260125-05-15-45,11,20260125-05-17-49,1,1356.0,1463
20260125-05-15-45,12,20260125-05-17-58,1,1304.0,1463
20260125-05-15-45,13,20260125-05-18-07,0,1542.0,1463
20260125-05-15-45,14,20260125-05-18-15,1,1295.0,1463
20260125-05-15-45,15,20260125-05-18-25,1,1319.0,1463
20260125-05-15-45,16,20260125-05-18-33,1,1372.0,1463
20260125-05-15-45,17,20260125-05-18-43,0,1511.0,1463
20260125-05-15-45,18,20260125-05-18-51,1,1318.0,1463
20260125-05-26-24,0,20260125-05-26-50,1,929.0,1463
20260125-05-26-24,1,20260125-05-26-59,0,1560.0,1463
20260125-05-26-24,2,20260125-05-27-08,1,1329.0,1463
20260125-05-26-24,3,20260125-05-27-17,1,1320.0,1463
20260125-05-26-24,4,20260125-05-27-26,1,1318.0,1463
20260125-05-26-24,5,20260125-05-27-35,1,1443.0,1463
20260125-05-26-24,6,20260125-05-27-44,1,1334.0,1463
20260125-05-26-24,7,20260125-05-27-53,1,798.0,1463
20260125-05-26-24,8,20260125-05-28-02,1,937.0,1463
20260125-05-26-24,9,20260125-05-28-10,1,1322.0,1463
20260125-05-26-24,10,20260125-05-28-19,1,1320.0,1463
20260125-05-26-24,11,20260125-05-28-29,1,1364.0,1463
20260125-05-26-24,12,20260125-05-28-37,1,1301.0,1463
20260125-05-26-24,13,20260125-05-28-46,0,1540.0,1463
20260125-05-26-24,14,20260125-05-28-55,1,1299.0,1463
20260125-05-26-24,15,20260125-05-29-04,1,1346.0,1463
20260125-05-26-24,16,20260125-05-29-13,1,1316.0,1463
20260125-05-26-24,17,20260125-05-29-22,0,1509.0,1463
20260125-05-26-24,18,20260125-05-29-30,1,1327.0,1463
20260125-06-09-02,0,20260125-06-09-28,1,1300.0,1463
20260125-06-09-02,1,20260125-06-09-37,0,1551.0,1463
20260125-06-09-02,2,20260125-06-09-46,1,1326.0,1463
20260125-06-09-02,3,20260125-06-09-55,1,1319.0,1463
20260125-06-09-02,4,20260125-06-10-04,1,1320.0,1463
20260125-06-09-02,5,20260125-06-10-13,1,531.0,1463
20260125-06-09-02,6,20260125-06-10-22,1,324.0,1463
20260125-06-09-02,7,20260125-06-10-31,1,438.0,1463
20260125-06-09-02,8,20260125-06-10-40,1,819.0,1463
20260125-06-09-02,9,20260125-06-10-48,1,1396.0,1463
20260125-06-09-02,10,20260125-06-10-57,1,853.0,1463
20260125-06-09-02,11,20260125-06-11-07,1,889.0,1463
20260125-06-09-02,12,20260125-06-11-15,1,981.0,1463
20260125-06-09-02,13,20260125-06-11-24,0,1552.0,1463
20260125-06-09-02,14,20260125-06-11-33,1,1299.0,1463
20260125-06-09-02,15,20260125-06-11-42,1,1396.0,1463
20260125-06-09-02,16,20260125-06-11-51,1,1340.0,1463
20260125-06-09-02,17,20260125-06-12-00,0,1512.0,1463
20260125-06-09-02,18,20260125-06-12-08,1,811.0,1463
20260125-08-06-17,0,20260125-08-06-43,1,985.0,1463
20260125-08-06-17,1,20260125-08-06-52,0,1576.0,1463
20260125-08-06-17,2,20260125-08-07-01,1,959.0,1463
20260125-08-06-17,3,20260125-08-07-10,1,892.0,1463
20260125-08-06-17,4,20260125-08-07-19,1,1329.0,1463
20260125-08-06-17,5,20260125-08-07-28,1,1374.0,1463
20260125-08-06-17,6,20260125-08-07-37,1,361.0,1463
20260125-08-06-17,7,20260125-08-07-46,1,1289.0,1463
20260125-08-06-17,8,20260125-08-07-55,1,1312.0,1463
20260125-08-06-17,9,20260125-08-08-03,1,805.0,1463
20260125-08-06-17,10,20260125-08-08-12,1,1295.0,1463
20260125-08-06-17,11,20260125-08-08-22,1,1282.0,1463
20260125-08-06-17,12,20260125-08-08-30,1,991.0,1463
20260125-08-06-17,13,20260125-08-08-39,0,1557.0,1463
20260125-08-06-17,14,20260125-08-08-48,1,1277.0,1463
20260125-08-06-17,15,20260125-08-08-57,1,541.0,1463
20260125-08-06-17,16,20260125-08-09-06,1,1242.5,1463
20260125-08-06-17,17,20260125-08-09-15,0,1552.0,1463
20260125-08-06-17,18,20260125-08-09-23,1,797.0,1463
20260125-08-16-56,0,20260125-08-17-23,1,1039.0,1463
20260125-08-16-56,1,20260125-08-17-32,0,1525.0,1463
20260125-08-16-56,2,20260125-08-17-41,1,1017.0,1463
20260125-08-16-56,3,20260125-08-17-50,1,687.0,1463
20260125-08-16-56,4,20260125-08-17-58,1,1330.0,1463
20260125-08-16-56,5,20260125-08-18-07,1,1373.0,1463
20260125-08-16-56,6,20260125-08-18-16,1,1381.0,1463
20260125-08-16-56,7,20260125-08-18-25,1,1342.0,1463
20260125-08-16-56,8,20260125-08-18-34,1,1309.0,1463
20260125-08-16-56,9,20260125-08-18-43,1,732.0,1463
20260125-08-16-56,10,20260125-08-18-52,1,1276.0,1463
20260125-08-16-56,11,20260125-08-19-01,1,1283.0,1463
20260125-08-16-56,12,20260125-08-19-10,1,553.0,1463
20260125-08-16-56,13,20260125-08-19-19,0,1542.0,1463
20260125-08-16-56,14,20260125-08-19-27,1,1221.0,1463
20260125-08-16-56,15,20260125-08-19-37,1,1287.0,1463
20260125-08-16-56,16,20260125-08-19-45,1,1214.0,1463
20260125-08-16-56,17,20260125-08-19-54,0,1558.0,1463
20260125-08-16-56,18,20260125-08-20-03,1,803.0,1463
20260125-08-48-55,0,20260125-08-49-22,1,1340.0,1463
20260125-08-48-55,1,20260125-08-49-31,0,1553.0,1463
20260125-08-48-55,2,20260125-08-49-39,1,1198.0,1463
20260125-08-48-55,3,20260125-08-49-48,1,1156.0,1463
20260125-08-48-55,4,20260125-08-49-57,1,820.0,1463
20260125-08-48-55,5,20260125-08-50-06,1,1309.0,1463
20260125-08-48-55,6,20260125-08-50-15,1,485.0,1463
20260125-08-48-55,7,20260125-08-50-24,1,651.0,1463
20260125-08-48-55,8,20260125-08-50-33,1,1293.0,1463
20260125-08-48-55,9,20260125-08-50-42,1,1016.0,1463
20260125-08-48-55,10,20260125-08-50-51,1,856.0,1463
20260125-08-48-55,11,20260125-08-51-00,1,1008.0,1463
20260125-08-48-55,12,20260125-08-51-08,1,1301.0,1463
20260125-08-48-55,13,20260125-08-51-17,0,1563.0,1463
20260125-08-48-55,14,20260125-08-51-26,1,1034.0,1463
20260125-08-48-55,15,20260125-08-51-35,1,516.0,1463
20260125-08-48-55,16,20260125-08-51-44,1,1151.0,1463
20260125-08-48-55,17,20260125-08-51-53,0,1522.0,1463
20260125-08-48-55,18,20260125-08-52-01,1,1134.0,1463
20260125-08-59-35,0,20260125-09-00-01,1,1295.0,1463
20260125-08-59-35,1,20260125-09-00-10,0,1543.0,1463
20260125-08-59-35,2,20260125-09-00-19,1,1207.0,1463
20260125-08-59-35,3,20260125-09-00-28,1,839.0,1463
20260125-08-59-35,4,20260125-09-00-37,1,541.0,1463
20260125-08-59-35,5,20260125-09-00-46,1,672.0,1463
20260125-08-59-35,6,20260125-09-00-55,1,1293.0,1463
20260125-08-59-35,7,20260125-09-01-04,1,522.0,1463
20260125-08-59-35,8,20260125-09-01-13,1,1260.0,1463
20260125-08-59-35,9,20260125-09-01-21,1,946.0,1463
20260125-08-59-35,10,20260125-09-01-30,1,792.0,1463
20260125-08-59-35,11,20260125-09-01-39,1,594.0,1463
20260125-08-59-35,12,20260125-09-01-48,1,1302.0,1463
20260125-08-59-35,13,20260125-09-01-57,0,1589.0,1463
20260125-08-59-35,14,20260125-09-02-06,1,1185.0,1463
20260125-08-59-35,15,20260125-09-02-15,1,921.0,1463
20260125-08-59-35,16,20260125-09-02-24,1,945.0,1463
20260125-08-59-35,17,20260125-09-02-33,0,1556.0,1463
20260125-08-59-35,18,20260125-09-02-41,1,988.0,1463
20260125-09-20-54,0,20260125-09-21-20,1,946.0,1463
20260125-09-20-54,1,20260125-09-21-29,0,1588.0,1463
20260125-09-20-54,2,20260125-09-21-38,1,1299.0,1463
20260125-09-20-54,3,20260125-09-21-47,1,1099.0,1463
20260125-09-20-54,4,20260125-09-21-56,1,1174.0,1463
20260125-09-20-54,5,20260125-09-22-05,1,1262.0,1463
20260125-09-20-54,6,20260125-09-22-14,1,469.0,1463
20260125-09-20-54,7,20260125-09-22-23,1,598.0,1463
20260125-09-20-54,8,20260125-09-22-32,1,1109.5,1463
20260125-09-20-54,9,20260125-09-22-40,1,730.0,1463
20260125-09-20-54,10,20260125-09-22-49,1,623.0,1463
20260125-09-20-54,11,20260125-09-22-58,1,1244.0,1463
20260125-09-20-54,12,20260125-09-23-07,1,998.0,1463
20260125-09-20-54,13,20260125-09-23-16,0,1592.0,1463
20260125-09-20-54,14,20260125-09-23-25,1,1081.0,1463
20260125-09-20-54,15,20260125-09-23-34,1,1027.0,1463
20260125-09-20-54,16,20260125-09-23-43,1,979.0,1463
20260125-09-20-54,17,20260125-09-23-52,0,1532.0,1463
20260125-09-20-54,18,20260125-09-24-00,1,550.0,1463
20260125-10-03-32,0,20260125-10-03-58,1,785.0,1463
20260125-10-03-32,1,20260125-10-04-07,0,1558.0,1463
20260125-10-03-32,2,20260125-10-04-16,1,750.0,1463
20260125-10-03-32,3,20260125-10-04-25,1,1108.0,1463
20260125-10-03-32,4,20260125-10-04-34,1,942.0,1463
20260125-10-03-32,5,20260125-10-04-43,1,688.0,1463
20260125-10-03-32,6,20260125-10-04-52,1,581.0,1463
20260125-10-03-32,7,20260125-10-05-01,1,575.0,1463
20260125-10-03-32,8,20260125-10-05-10,1,799.0,1463
20260125-10-03-32,9,20260125-10-05-18,1,833.0,1463
20260125-10-03-32,10,20260125-10-05-27,1,758.0,1463
20260125-10-03-32,11,20260125-10-05-37,1,1276.0,1463
20260125-10-03-32,12,20260125-10-05-45,1,1088.0,1463
20260125-10-03-32,13,20260125-10-05-54,0,1587.0,1463
20260125-10-03-32,14,20260125-10-06-03,1,1230.0,1463
20260125-10-03-32,15,20260125-10-06-12,1,997.0,1463
20260125-10-03-32,16,20260125-10-06-21,1,966.0,1463
20260125-10-03-32,17,20260125-10-06-30,0,1499.0,1463
20260125-10-03-32,18,20260125-10-06-38,1,1086.0,1463
20260125-10-14-12,0,20260125-10-14-38,1,825.0,1463
20260125-10-14-12,1,20260125-10-14-47,0,1565.0,1463
20260125-10-14-12,2,20260125-10-14-56,1,1302.0,1463
20260125-10-14-12,3,20260125-10-15-05,1,1122.0,1463
20260125-10-14-12,4,20260125-10-15-14,1,780.0,1463
20260125-10-14-12,5,20260125-10-15-23,1,660.0,1463
20260125-10-14-12,6,20260125-10-15-32,1,530.0,1463
20260125-10-14-12,7,20260125-10-15-40,1,539.0,1463
20260125-10-14-12,8,20260125-10-15-49,1,1282.0,1463
20260125-10-14-12,9,20260125-10-15-58,1,800.0,1463
20260125-10-14-12,10,20260125-10-16-07,1,794.0,1463
20260125-10-14-12,11,20260125-10-16-16,1,1277.0,1463
20260125-10-14-12,12,20260125-10-16-25,1,884.0,1463
20260125-10-14-12,13,20260125-10-16-34,0,1570.0,1463
20260125-10-14-12,14,20260125-10-16-43,1,1147.0,1463
20260125-10-14-12,15,20260125-10-16-52,1,990.0,1463
20260125-10-14-12,16,20260125-10-17-01,1,1034.0,1463
20260125-10-14-12,17,20260125-10-17-10,0,1534.0,1463
20260125-10-14-12,18,20260125-10-17-18,1,925.0,1463
20260125-10-24-51,0,20260125-10-25-18,1,754.0,1463
20260125-10-24-51,1,20260125-10-25-27,0,1541.0,1463
20260125-10-24-51,2,20260125-10-25-35,1,742.0,1463
20260125-10-24-51,3,20260125-10-25-44,1,1191.0,1463
20260125-10-24-51,4,20260125-10-25-53,1,963.0,1463
20260125-10-24-51,5,20260125-10-26-02,1,458.0,1463
20260125-10-24-51,6,20260125-10-26-11,1,675.0,1463
20260125-10-24-51,7,20260125-10-26-20,1,711.0,1463
20260125-10-24-51,8,20260125-10-26-29,1,948.0,1463
20260125-10-24-51,9,20260125-10-26-38,1,928.0,1463
20260125-10-24-51,10,20260125-10-26-47,1,784.0,1463
20260125-10-24-51,11,20260125-10-26-56,1,603.0,1463
20260125-10-24-51,12,20260125-10-27-05,1,853.0,1463
20260125-10-24-51,13,20260125-10-27-14,0,1581.0,1463
20260125-10-24-51,14,20260125-10-27-22,1,1049.0,1463
20260125-10-24-51,15,20260125-10-27-32,1,943.0,1463
20260125-10-24-51,16,20260125-10-27-40,1,1083.0,1463
20260125-10-24-51,17,20260125-10-27-49,0,1534.0,1463
20260125-10-24-51,18,20260125-10-27-58,1,911.0,1463
20260125-12-00-47,0,20260125-12-01-14,1,1304.0,1463
20260125-12-00-47,1,20260125-12-01-23,0,1484.0,1463
20260125-12-00-47,2,20260125-12-01-32,1,1334.0,1463
20260125-12-00-47,3,20260125-12-01-40,1,1154.0,1463
20260125-12-00-47,4,20260125-12-01-49,1,1325.0,1463
20260125-12-00-47,5,20260125-12-01-58,1,583.0,1463
20260125-12-00-47,6,20260125-12-02-07,1,648.0,1463
20260125-12-00-47,7,20260125-12-02-16,1,584.0,1463
20260125-12-00-47,8,20260125-12-02-25,1,971.0,1463
20260125-12-00-47,9,20260125-12-02-34,1,882.0,1463
20260125-12-00-47,10,20260125-12-02-43,1,774.0,1463
20260125-12-00-47,11,20260125-12-02-52,1,742.0,1463
20260125-12-00-47,12,20260125-12-03-01,1,1071.0,1463
20260125-12-00-47,13,20260125-12-03-10,0,1567.0,1463
20260125-12-00-47,14,20260125-12-03-18,1,1274.0,1463
20260125-12-00-47,15,20260125-12-03-28,1,1032.0,1463
20260125-12-00-47,16,20260125-12-03-36,1,916.0,1463
20260125-12-00-47,17,20260125-12-03-45,0,1506.0,1463
20260125-12-00-47,18,20260125-12-03-54,1,996.0,1463
20260125-12-43-25,0,20260125-12-43-52,1,736.0,1463
20260125-12-43-25,1,20260125-12-44-01,0,1522.0,1463
20260125-12-43-25,2,20260125-12-44-10,1,1318.0,1463
20260125-12-43-25,3,20260125-12-44-18,1,1063.0,1463
20260125-12-43-25,4,20260125-12-44-27,1,742.0,1463
20260125-12-43-25,5,20260125-12-44-36,1,672.0,1463
20260125-12-43-25,6,20260125-12-44-45,1,844.0,1463
20260125-12-43-25,7,20260125-12-44-54,1,647.0,1463
20260125-12-43-25,8,20260125-12-45-03,1,1053.0,1463
20260125-12-43-25,9,20260125-12-45-12,1,1300.0,1463
20260125-12-43-25,10,20260125-12-45-21,1,431.0,1463
20260125-12-43-25,11,20260125-12-45-30,1,667.0,1463
20260125-12-43-25,12,20260125-12-45-39,1,743.0,1463
20260125-12-43-25,13,20260125-12-45-48,0,1569.5,1463
20260125-12-43-25,14,20260125-12-45-56,1,1276.0,1463
20260125-12-43-25,15,20260125-12-46-06,1,724.0,1463
20260125-12-43-25,16,20260125-12-46-14,1,962.0,1463
20260125-12-43-25,17,20260125-12-46-23,0,1500.0,1463
20260125-12-43-25,18,20260125-12-46-32,1,1075.0,1463
20260125-13-47-22,0,20260125-13-47-49,1,621.0,1463
20260125-13-47-22,1,20260125-13-47-58,0,1558.0,1463
20260125-13-47-22,2,20260125-13-48-07,1,1314.0,1463
20260125-13-47-22,3,20260125-13-48-16,1,1323.0,1463
20260125-13-47-22,4,20260125-13-48-24,1,1325.0,1463
20260125-13-47-22,5,20260125-13-48-33,1,1104.0,1463
20260125-13-47-22,6,20260125-13-48-42,1,731.0,1463
20260125-13-47-22,7,20260125-13-48-51,1,898.0,1463
20260125-13-47-22,8,20260125-13-49-00,1,1281.0,1463
20260125-13-47-22,9,20260125-13-49-09,1,1292.0,1463
20260125-13-47-22,10,20260125-13-49-18,1,629.0,1463
20260125-13-47-22,11,20260125-13-49-27,1,739.0,1463
20260125-13-47-22,12,20260125-13-49-36,1,933.0,1463
20260125-13-47-22,13,20260125-13-49-45,0,1550.0,1463
20260125-13-47-22,14,20260125-13-49-53,1,1268.0,1463
20260125-13-47-22,15,20260125-13-50-03,1,1398.0,1463
20260125-13-47-22,16,20260125-13-50-11,1,894.0,1463
20260125-13-47-22,17,20260125-13-50-21,0,1544.0,1463
20260125-13-47-22,18,20260125-13-50-29,1,1005.0,1463
20260125-14-30-01,0,20260125-14-30-27,1,816.0,1463
20260125-14-30-01,1,20260125-14-30-36,0,1541.0,1463
20260125-14-30-01,2,20260125-14-30-45,1,1055.0,1463
20260125-14-30-01,3,20260125-14-30-54,1,847.0,1463
20260125-14-30-01,4,20260125-14-31-03,1,662.0,1463
20260125-14-30-01,5,20260125-14-31-12,1,684.0,1463
20260125-14-30-01,6,20260125-14-31-21,1,1288.0,1463
20260125-14-30-01,7,20260125-14-31-30,1,951.0,1463
20260125-14-30-01,8,20260125-14-31-39,1,922.0,1463
20260125-14-30-01,9,20260125-14-31-47,1,1295.0,1463
20260125-14-30-01,10,20260125-14-31-56,1,592.0,1463
20260125-14-30-01,11,20260125-14-32-05,1,760.0,1463
20260125-14-30-01,12,20260125-14-32-14,1,990.0,1463
20260125-14-30-01,13,20260125-14-32-23,0,1573.0,1463
20260125-14-30-01,14,20260125-14-32-32,1,994.0,1463
20260125-14-30-01,15,20260125-14-32-41,1,1284.0,1463
20260125-14-30-01,16,20260125-14-32-50,1,990.0,1463
20260125-14-30-01,17,20260125-14-32-59,0,1533.0,1463
20260125-14-30-01,18,20260125-14-33-07,1,967.0,1463
20260125-14-40-40,0,20260125-14-41-07,1,810.0,1463
20260125-14-40-40,1,20260125-14-41-16,0,1469.0,1463
20260125-14-40-40,2,20260125-14-41-25,1,1322.0,1463
20260125-14-40-40,3,20260125-14-41-34,1,1140.0,1463
20260125-14-40-40,4,20260125-14-41-42,1,682.0,1463
20260125-14-40-40,5,20260125-14-41-51,1,520.0,1463
20260125-14-40-40,6,20260125-14-42-00,1,1289.0,1463
20260125-14-40-40,7,20260125-14-42-09,1,808.0,1463
20260125-14-40-40,8,20260125-14-42-18,1,996.0,1463
20260125-14-40-40,9,20260125-14-42-27,1,1302.0,1463
20260125-14-40-40,10,20260125-14-42-36,1,1275.0,1463
20260125-14-40-40,11,20260125-14-42-45,1,631.0,1463
20260125-14-40-40,12,20260125-14-42-54,1,975.0,1463
20260125-14-40-40,13,20260125-14-43-03,0,1555.0,1463
20260125-14-40-40,14,20260125-14-43-11,1,763.0,1463
20260125-14-40-40,15,20260125-14-43-21,1,777.0,1463
20260125-14-40-40,16,20260125-14-43-29,1,951.0,1463
20260125-14-40-40,17,20260125-14-43-38,0,1500.0,1463
20260125-14-40-40,18,20260125-14-43-47,1,836.0,1463
20260125-15-33-58,0,20260125-15-34-25,1,834.0,1463
20260125-15-33-58,1,20260125-15-34-33,0,1550.0,1463
20260125-15-33-58,2,20260125-15-34-42,1,949.0,1463
20260125-15-33-58,3,20260125-15-34-51,1,1251.0,1463
20260125-15-33-58,4,20260125-15-35-00,1,667.0,1463
20260125-15-33-58,5,20260125-15-35-09,1,1099.0,1463
20260125-15-33-58,6,20260125-15-35-18,1,1301.0,1463
20260125-15-33-58,7,20260125-15-35-27,1,1074.0,1463
20260125-15-33-58,8,20260125-15-35-36,1,1293.0,1463
20260125-15-33-58,9,20260125-15-35-45,1,501.0,1463
20260125-15-33-58,10,20260125-15-35-53,1,660.0,1463
20260125-15-33-58,11,20260125-15-36-03,1,690.0,1463
20260125-15-33-58,12,20260125-15-36-11,1,602.0,1463
20260125-15-33-58,13,20260125-15-36-20,0,1524.0,1463
20260125-15-33-58,14,20260125-15-36-29,1,887.0,1463
20260125-15-33-58,15,20260125-15-36-38,1,803.0,1463
20260125-15-33-58,16,20260125-15-36-47,1,993.0,1463
20260125-15-33-58,17,20260125-15-36-56,0,1471.0,1463
20260125-15-33-58,18,20260125-15-37-04,1,387.0,1463
20260125-16-59-14,0,20260125-16-59-41,1,840.0,1463
20260125-16-59-14,1,20260125-16-59-50,0,1497.0,1463
20260125-16-59-14,2,20260125-16-59-58,1,1179.0,1463
20260125-16-59-14,3,20260125-17-00-07,1,1331.0,1463
20260125-16-59-14,4,20260125-17-00-16,1,835.0,1463
20260125-16-59-14,5,20260125-17-00-25,1,1395.0,1463
20260125-16-59-14,6,20260125-17-00-34,1,1308.0,1463
20260125-16-59-14,7,20260125-17-00-43,1,904.0,1463
20260125-16-59-14,8,20260125-17-00-52,1,1285.0,1463
20260125-16-59-14,9,20260125-17-01-01,1,1301.0,1463
20260125-16-59-14,10,20260125-17-01-10,1,728.0,1463
20260125-16-59-14,11,20260125-17-01-19,1,689.0,1463
20260125-16-59-14,12,20260125-17-01-28,1,604.0,1463
20260125-16-59-14,13,20260125-17-01-37,0,1563.0,1463
20260125-16-59-14,14,20260125-17-01-45,1,714.0,1463
20260125-16-59-14,15,20260125-17-01-55,1,783.0,1463
20260125-16-59-14,16,20260125-17-02-03,1,626.0,1463
20260125-16-59-14,17,20260125-17-02-12,0,1505.0,1463
20260125-16-59-14,18,20260125-17-02-21,1,1177.0,1463
20260125-17-20-33,0,20260125-17-21-00,1,801.0,1463
20260125-17-20-33,1,20260125-17-21-09,0,1481.0,1463
20260125-17-20-33,2,20260125-17-21-17,1,1130.0,1463
20260125-17-20-33,3,20260125-17-21-26,1,1238.0,1463
20260125-17-20-33,4,20260125-17-21-35,1,306.0,1463
20260125-17-20-33,5,20260125-17-21-44,1,641.0,1463
20260125-17-20-33,6,20260125-17-21-53,1,919.0,1463
20260125-17-20-33,7,20260125-17-22-02,1,889.0,1463
20260125-17-20-33,8,20260125-17-22-11,1,1294.0,1463
20260125-17-20-33,9,20260125-17-22-20,1,1292.0,1463
20260125-17-20-33,10,20260125-17-22-29,1,575.0,1463
20260125-17-20-33,11,20260125-17-22-38,1,712.0,1463
20260125-17-20-33,12,20260125-17-22-47,1,1293.0,1463
20260125-17-20-33,13,20260125-17-22-56,0,1565.0,1463
20260125-17-20-33,14,20260125-17-23-04,1,1247.0,1463
20260125-17-20-33,15,20260125-17-23-13,1,1321.0,1463
20260125-17-20-33,16,20260125-17-23-22,1,1010.0,1463
20260125-17-20-33,17,20260125-17-23-31,0,1503.0,1463
20260125-17-20-33,18,20260125-17-23-39,1,1112.0,1463
20260125-19-39-07,0,20260125-19-39-33,1,1332.0,1463
20260125-19-39-07,1,20260125-19-39-42,0,1532.0,1463
20260125-19-39-07,2,20260125-19-39-51,1,1215.0,1463
20260125-19-39-07,3,20260125-19-40-00,1,1305.0,1463
20260125-19-39-07,4,20260125-19-40-09,1,772.0,1463
20260125-19-39-07,5,20260125-19-40-18,1,1313.0,1463
20260125-19-39-07,6,20260125-19-40-27,1,1312.0,1463
20260125-19-39-07,7,20260125-19-40-36,1,1301.0,1463
20260125-19-39-07,8,20260125-19-40-45,1,1243.0,1463
20260125-19-39-07,9,20260125-19-40-53,1,327.0,1463
20260125-19-39-07,10,20260125-19-41-02,1,503.0,1463
20260125-19-39-07,11,20260125-19-41-11,1,472.0,1463
20260125-19-39-07,12,20260125-19-41-20,1,1298.0,1463
20260125-19-39-07,13,20260125-19-41-29,0,1537.0,1463
20260125-19-39-07,14,20260125-19-41-38,1,1295.0,1463
20260125-19-39-07,15,20260125-19-41-47,1,1332.0,1463
20260125-19-39-07,16,20260125-19-41-56,1,466.0,1463
20260125-19-39-07,17,20260125-19-42-05,0,1515.0,1463
20260125-19-39-07,18,20260125-19-42-13,1,1057.0,1463
20260125-20-43-04,0,20260125-20-43-30,1,1334.0,1463
20260125-20-43-04,1,20260125-20-43-39,0,1548.0,1463
20260125-20-43-04,2,20260125-20-43-48,1,1340.0,1463
20260125-20-43-04,3,20260125-20-43-57,1,1321.0,1463
20260125-20-43-04,4,20260125-20-44-06,1,307.0,1463
20260125-20-43-04,5,20260125-20-44-15,1,1318.0,1463
20260125-20-43-04,6,20260125-20-44-24,1,1376.0,1463
20260125-20-43-04,7,20260125-20-44-33,1,1333.0,1463
20260125-20-43-04,8,20260125-20-44-42,1,1000.0,1463
20260125-20-43-04,9,20260125-20-44-50,1,1303.0,1463
20260125-20-43-04,10,20260125-20-44-59,1,1277.0,1463
20260125-20-43-04,11,20260125-20-45-09,1,1270.0,1463
20260125-20-43-04,12,20260125-20-45-17,1,1299.0,1463
20260125-20-43-04,13,20260125-20-45-26,0,1550.0,1463
20260125-20-43-04,14,20260125-20-45-35,1,1290.0,1463
20260125-20-43-04,15,20260125-20-45-44,1,1339.0,1463
20260125-20-43-04,16,20260125-20-45-53,1,1301.0,1463
20260125-20-43-04,17,20260125-20-46-02,0,1507.0,1463
20260125-20-43-04,18,20260125-20-46-10,1,1058.0,1463
20260125-20-53-43,0,20260125-20-54-10,1,1343.0,1463
20260125-20-53-43,1,20260125-20-54-19,0,1568.0,1463
20260125-20-53-43,2,20260125-20-54-28,1,1269.0,1463
20260125-20-53-43,3,20260125-20-54-37,1,1293.0,1463
20260125-20-53-43,4,20260125-20-54-45,1,1313.0,1463
20260125-20-53-43,5,20260125-20-54-54,1,456.0,1463
20260125-20-53-43,6,20260125-20-55-03,1,1387.0,1463
20260125-20-53-43,7,20260125-20-55-12,1,1406.0,1463
20260125-20-53-43,8,20260125-20-55-21,1,1167.0,1463
20260125-20-53-43,9,20260125-20-55-30,1,1310.0,1463
20260125-20-53-43,10,20260125-20-55-39,1,814.0,1463
20260125-20-53-43,11,20260125-20-55-48,1,985.0,1463
20260125-20-53-43,12,20260125-20-55-57,1,1302.0,1463
20260125-20-53-43,13,20260125-20-56-06,0,1561.0,1463
20260125-20-53-43,14,20260125-20-56-14,1,348.0,1463
20260125-20-53-43,15,20260125-20-56-24,1,1326.0,1463
20260125-20-53-43,16,20260125-20-56-32,1,1306.0,1463
20260125-20-53-43,17,20260125-20-56-41,0,1514.0,1463
20260125-20-53-43,18,20260125-20-56-50,1,1094.0,1463
20260125-21-25-42,0,20260125-21-26-09,1,1336.0,1463
20260125-21-25-42,1,20260125-21-26-17,0,1547.0,1463
20260125-21-25-42,2,20260125-21-26-26,1,749.0,1463
20260125-21-25-42,3,20260125-21-26-35,1,1328.0,1463
20260125-21-25-42,4,20260125-21-26-44,1,312.0,1463
20260125-21-25-42,5,20260125-21-26-53,1,1313.0,1463
20260125-21-25-42,6,20260125-21-27-02,1,1351.0,1463
20260125-21-25-42,7,20260125-21-27-11,1,1329.0,1463
20260125-21-25-42,8,20260125-21-27-20,1,686.0,1463
20260125-21-25-42,9,20260125-21-27-29,1,1293.0,1463
20260125-21-25-42,10,20260125-21-27-37,1,583.0,1463
20260125-21-25-42,11,20260125-21-27-47,1,678.0,1463
20260125-21-25-42,12,20260125-21-27-55,1,1298.0,1463
20260125-21-25-42,13,20260125-21-28-04,0,1539.0,1463
20260125-21-25-42,14,20260125-21-28-13,1,1298.0,1463
20260125-21-25-42,15,20260125-21-28-22,1,1335.0,1463
20260125-21-25-42,16,20260125-21-28-31,1,1301.0,1463
20260125-21-25-42,17,20260125-21-28-40,0,1507.0,1463
20260125-21-25-42,18,20260125-21-28-48,1,1212.0,1463
20260125-21-47-01,0,20260125-21-47-28,1,1332.0,1463
20260125-21-47-01,1,20260125-21-47-36,0,1483.0,1463
20260125-21-47-01,2,20260125-21-47-45,1,1329.0,1463
20260125-21-47-01,3,20260125-21-47-54,1,1182.0,1463
20260125-21-47-01,4,20260125-21-48-03,1,1313.0,1463
20260125-21-47-01,5,20260125-21-48-12,1,977.0,1463
20260125-21-47-01,6,20260125-21-48-21,1,1331.0,1463
20260125-21-47-01,7,20260125-21-48-30,1,1311.0,1463
20260125-21-47-01,8,20260125-21-48-39,1,1278.0,1463
20260125-21-47-01,9,20260125-21-48-48,1,1285.0,1463
20260125-21-47-01,10,20260125-21-48-57,1,1288.0,1463
20260125-21-47-01,11,20260125-21-49-06,1,1282.0,1463
20260125-21-47-01,12,20260125-21-49-14,1,1298.0,1463
20260125-21-47-01,13,20260125-21-49-23,0,1532.0,1463
20260125-21-47-01,14,20260125-21-49-32,1,1297.0,1463
20260125-21-47-01,15,20260125-21-49-41,1,1314.0,1463
20260125-21-47-01,16,20260125-21-49-50,1,1295.0,1463
20260125-21-47-01,17,20260125-21-49-59,0,1501.0,1463
20260125-21-47-01,18,20260125-21-50-07,1,1130.0,1463
20260125-22-08-20,0,20260125-22-08-47,1,1329.0,1463
20260125-22-08-20,1,20260125-22-08-56,0,1492.0,1463
20260125-22-08-20,2,20260125-22-09-04,1,1336.0,1463
20260125-22-08-20,3,20260125-22-09-13,1,1224.0,1463
20260125-22-08-20,4,20260125-22-09-22,1,1322.0,1463
20260125-22-08-20,5,20260125-22-09-31,1,1312.0,1463
20260125-22-08-20,6,20260125-22-09-40,1,1312.0,1463
20260125-22-08-20,7,20260125-22-09-49,1,1287.0,1463
20260125-22-08-20,8,20260125-22-09-58,1,1282.0,1463
20260125-22-08-20,9,20260125-22-10-07,1,1287.0,1463
20260125-22-08-20,10,20260125-22-10-16,1,1327.0,1463
20260125-22-08-20,11,20260125-22-10-25,1,1307.0,1463
20260125-22-08-20,12,20260125-22-10-34,1,1087.0,1463
20260125-22-08-20,13,20260125-22-10-43,0,1547.0,1463
20260125-22-08-20,14,20260125-22-10-51,1,1298.0,1463
20260125-22-08-20,15,20260125-22-11-01,1,1359.5,1463
20260125-22-08-20,16,20260125-22-11-09,1,1321.0,1463
20260125-22-08-20,17,20260125-22-11-18,0,1504.0,1463
20260125-22-08-20,18,20260125-22-11-27,1,1237.0,1463
20260125-22-29-39,0,20260125-22-30-06,1,1329.0,1463
20260125-22-29-39,1,20260125-22-30-15,0,1484.0,1463
20260125-22-29-39,2,20260125-22-30-23,1,1341.0,1463
20260125-22-29-39,3,20260125-22-30-32,1,1250.0,1463
20260125-22-29-39,4,20260125-22-30-41,1,1322.0,1463
20260125-22-29-39,5,20260125-22-30-50,1,1315.0,1463
20260125-22-29-39,6,20260125-22-30-59,1,1297.0,1463
20260125-22-29-39,7,20260125-22-31-08,1,1288.0,1463
20260125-22-29-39,8,20260125-22-31-17,1,1304.0,1463
20260125-22-29-39,9,20260125-22-31-26,1,1295.0,1463
20260125-22-29-39,10,20260125-22-31-35,1,1300.0,1463
20260125-22-29-39,11,20260125-22-31-44,1,1327.0,1463
20260125-22-29-39,12,20260125-22-31-53,1,1295.0,1463
20260125-22-29-39,13,20260125-22-32-02,0,1535.0,1463
20260125-22-29-39,14,20260125-22-32-10,1,1294.0,1463
20260125-22-29-39,15,20260125-22-32-20,1,1291.0,1463
20260125-22-29-39,16,20260125-22-32-28,1,1314.0,1463
20260125-22-29-39,17,20260125-22-32-37,0,1507.0,1463
20260125-22-29-39,18,20260125-22-32-46,1,1298.0,1463
20260126-05-25-21,0,20260126-05-25-48,1,1343.0,1463
20260126-05-25-21,1,20260126-05-25-56,0,1519.0,1463
20260126-05-25-21,2,20260126-05-26-05,1,1336.0,1463
20260126-05-25-21,3,20260126-05-26-14,1,1321.0,1463
20260126-05-25-21,4,20260126-05-26-23,1,1325.0,1463
20260126-05-25-21,5,20260126-05-26-32,1,1319.0,1463
20260126-05-25-21,6,20260126-05-26-41,1,522.0,1463
20260126-05-25-21,7,20260126-05-26-50,1,1302.0,1463
20260126-05-25-21,8,20260126-05-26-59,1,954.0,1463
20260126-05-25-21,9,20260126-05-27-08,1,1292.0,1463
20260126-05-25-21,10,20260126-05-27-17,1,1300.0,1463
20260126-05-25-21,11,20260126-05-27-26,1,1375.0,1463
20260126-05-25-21,12,20260126-05-27-34,1,1296.0,1463
20260126-05-25-21,13,20260126-05-27-43,0,1568.0,1463
20260126-05-25-21,14,20260126-05-27-52,1,1288.0,1463
20260126-05-25-21,15,20260126-05-28-01,1,1431.0,1463
20260126-05-25-21,16,20260126-05-28-10,1,1361.0,1463
20260126-05-25-21,17,20260126-05-28-19,0,1523.0,1463
20260126-05-25-21,18,20260126-05-28-27,1,1317.0,1463
20260126-05-36-01,0,20260126-05-36-27,1,1348.0,1463
20260126-05-36-01,1,20260126-05-36-36,0,1517.0,1463
20260126-05-36-01,2,20260126-05-36-45,1,1347.0,1463
20260126-05-36-01,3,20260126-05-36-54,1,1324.0,1463
20260126-05-36-01,4,20260126-05-37-03,1,1354.0,1463
20260126-05-36-01,5,20260126-05-37-12,1,1334.0,1463
20260126-05-36-01,6,20260126-05-37-21,1,1312.0,1463
20260126-05-36-01,7,20260126-05-37-30,1,1297.0,1463
20260126-05-36-01,8,20260126-05-37-39,1,976.0,1463
20260126-05-36-01,9,20260126-05-37-47,1,1303.0,1463
20260126-05-36-01,10,20260126-05-37-56,1,1305.0,1463
20260126-05-36-01,11,20260126-05-38-05,1,1369.0,1463
20260126-05-36-01,12,20260126-05-38-14,1,1294.0,1463
20260126-05-36-01,13,20260126-05-38-23,0,1578.0,1463
20260126-05-36-01,14,20260126-05-38-32,1,1292.0,1463
20260126-05-36-01,15,20260126-05-38-41,1,1347.0,1463
20260126-05-36-01,16,20260126-05-38-50,1,1410.0,1463
20260126-05-36-01,17,20260126-05-38-59,0,1506.0,1463
20260126-05-36-01,18,20260126-05-39-07,1,1324.0,1463
20260126-05-57-20,0,20260126-05-57-46,1,1344.0,1463
20260126-05-57-20,1,20260126-05-57-55,0,1519.0,1463
20260126-05-57-20,2,20260126-05-58-04,1,1341.0,1463
20260126-05-57-20,3,20260126-05-58-13,1,1335.0,1463
20260126-05-57-20,4,20260126-05-58-22,1,349.0,1463
20260126-05-57-20,5,20260126-05-58-31,1,625.0,1463
20260126-05-57-20,6,20260126-05-58-40,1,628.0,1463
20260126-05-57-20,7,20260126-05-58-49,1,1199.0,1463
20260126-05-57-20,8,20260126-05-58-58,1,946.0,1463
20260126-05-57-20,9,20260126-05-59-06,1,1298.0,1463
20260126-05-57-20,10,20260126-05-59-15,1,1300.0,1463
20260126-05-57-20,11,20260126-05-59-24,1,1244.0,1463
20260126-05-57-20,12,20260126-05-59-33,1,1293.0,1463
20260126-05-57-20,13,20260126-05-59-42,0,1587.0,1463
20260126-05-57-20,14,20260126-05-59-51,1,997.0,1463
20260126-05-57-20,15,20260126-06-00-00,1,1364.0,1463
20260126-05-57-20,16,20260126-06-00-09,1,1379.0,1463
20260126-05-57-20,17,20260126-06-00-18,0,1509.0,1463
20260126-05-57-20,18,20260126-06-00-26,1,1316.0,1463
20260126-06-39-58,0,20260126-06-40-24,1,660.0,1463
20260126-06-39-58,1,20260126-06-40-33,0,1519.0,1463
20260126-06-39-58,2,20260126-06-40-42,1,1337.0,1463
20260126-06-39-58,3,20260126-06-40-51,1,1325.0,1463
20260126-06-39-58,4,20260126-06-41-00,1,1315.0,1463
20260126-06-39-58,5,20260126-06-41-09,1,742.0,1463
20260126-06-39-58,6,20260126-06-41-18,1,575.0,1463
20260126-06-39-58,7,20260126-06-41-27,1,952.0,1463
20260126-06-39-58,8,20260126-06-41-36,1,1317.5,1463
20260126-06-39-58,9,20260126-06-41-44,1,1305.0,1463
20260126-06-39-58,10,20260126-06-41-53,1,1292.0,1463
20260126-06-39-58,11,20260126-06-42-03,1,1362.0,1463
20260126-06-39-58,12,20260126-06-42-11,1,1314.0,1463
20260126-06-39-58,13,20260126-06-42-20,0,1585.0,1463
20260126-06-39-58,14,20260126-06-42-29,1,873.0,1463
20260126-06-39-58,15,20260126-06-42-38,1,1324.0,1463
20260126-06-39-58,16,20260126-06-42-47,1,754.0,1463
20260126-06-39-58,17,20260126-06-42-56,0,1547.0,1463
20260126-06-39-58,18,20260126-06-43-04,1,1001.0,1463
20260126-06-50-37,0,20260126-06-51-04,1,927.0,1463
20260126-06-50-37,1,20260126-06-51-13,0,1518.0,1463
20260126-06-50-37,2,20260126-06-51-22,1,1333.0,1463
20260126-06-50-37,3,20260126-06-51-31,1,943.0,1463
20260126-06-50-37,4,20260126-06-51-39,1,1336.0,1463
20260126-06-50-37,5,20260126-06-51-48,1,822.0,1463
20260126-06-50-37,6,20260126-06-51-57,1,1281.0,1463
20260126-06-50-37,7,20260126-06-52-06,1,1276.0,1463
20260126-06-50-37,8,20260126-06-52-15,1,1317.0,1463
20260126-06-50-37,9,20260126-06-52-24,1,1297.0,1463
20260126-06-50-37,10,20260126-06-52-33,1,1311.0,1463
20260126-06-50-37,11,20260126-06-52-42,1,730.0,1463
20260126-06-50-37,12,20260126-06-52-51,1,1294.0,1463
20260126-06-50-37,13,20260126-06-53-00,0,1549.0,1463
20260126-06-50-37,14,20260126-06-53-08,1,843.0,1463
20260126-06-50-37,15,20260126-06-53-18,1,359.0,1463
20260126-06-50-37,16,20260126-06-53-26,1,881.0,1463
20260126-06-50-37,17,20260126-06-53-35,0,1541.0,1463
20260126-06-50-37,18,20260126-06-53-44,1,808.0,1463
20260126-07-11-57,0,20260126-07-12-23,1,940.0,1463
20260126-07-11-57,1,20260126-07-12-32,0,1571.0,1463
20260126-07-11-57,2,20260126-07-12-41,1,1211.0,1463
20260126-07-11-57,3,20260126-07-12-50,1,1110.0,1463
20260126-07-11-57,4,20260126-07-12-59,1,1329.0,1463
20260126-07-11-57,5,20260126-07-13-08,1,1363.0,1463
20260126-07-11-57,6,20260126-07-13-16,1,1251.0,1463
20260126-07-11-57,7,20260126-07-13-25,1,858.0,1463
20260126-07-11-57,8,20260126-07-13-34,1,873.0,1463
20260126-07-11-57,9,20260126-07-13-43,1,747.0,1463
20260126-07-11-57,10,20260126-07-13-52,1,1273.0,1463
20260126-07-11-57,11,20260126-07-14-01,1,1290.0,1463
20260126-07-11-57,12,20260126-07-14-10,1,881.0,1463
20260126-07-11-57,13,20260126-07-14-19,0,1567.0,1463
20260126-07-11-57,14,20260126-07-14-27,1,1283.0,1463
20260126-07-11-57,15,20260126-07-14-37,1,793.0,1463
20260126-07-11-57,16,20260126-07-14-45,1,853.0,1463
20260126-07-11-57,17,20260126-07-14-55,0,1535.0,1463
20260126-07-11-57,18,20260126-07-15-03,1,978.0,1463
20260126-07-33-16,0,20260126-07-33-42,1,1328.0,1463
20260126-07-33-16,1,20260126-07-33-51,0,1543.0,1463
20260126-07-33-16,2,20260126-07-34-00,1,1187.0,1463
20260126-07-33-16,3,20260126-07-34-09,1,938.0,1463
20260126-07-33-16,4,20260126-07-34-18,1,443.0,1463
20260126-07-33-16,5,20260126-07-34-27,1,1428.0,1463
20260126-07-33-16,6,20260126-07-34-36,1,1294.0,1463
20260126-07-33-16,7,20260126-07-34-45,1,1306.0,1463
20260126-07-33-16,8,20260126-07-34-54,1,1305.0,1463
20260126-07-33-16,9,20260126-07-35-02,1,759.0,1463
20260126-07-33-16,10,20260126-07-35-11,1,1270.0,1463
20260126-07-33-16,11,20260126-07-35-20,1,1279.0,1463
20260126-07-33-16,12,20260126-07-35-29,1,1033.0,1463
20260126-07-33-16,13,20260126-07-35-38,0,1556.0,1463
20260126-07-33-16,14,20260126-07-35-47,1,1277.0,1463
20260126-07-33-16,15,20260126-07-35-56,1,496.0,1463
20260126-07-33-16,16,20260126-07-36-05,1,1262.0,1463
20260126-07-33-16,17,20260126-07-36-14,0,1559.0,1463
20260126-07-33-16,18,20260126-07-36-22,1,807.0,1463
20260126-08-26-33,0,20260126-08-27-00,1,1106.0,1463
20260126-08-26-33,1,20260126-08-27-09,0,1543.0,1463
20260126-08-26-33,2,20260126-08-27-18,1,1286.0,1463
20260126-08-26-33,3,20260126-08-27-27,1,1318.0,1463
20260126-08-26-33,4,20260126-08-27-35,1,992.5,1463
20260126-08-26-33,5,20260126-08-27-44,1,768.0,1463
20260126-08-26-33,6,20260126-08-27-53,1,1290.0,1463
20260126-08-26-33,7,20260126-08-28-02,1,595.0,1463
20260126-08-26-33,8,20260126-08-28-11,1,1163.0,1463
20260126-08-26-33,9,20260126-08-28-20,1,790.0,1463
20260126-08-26-33,10,20260126-08-28-29,1,767.0,1463
20260126-08-26-33,11,20260126-08-28-38,1,755.0,1463
20260126-08-26-33,12,20260126-08-28-47,1,979.0,1463
20260126-08-26-33,13,20260126-08-28-56,0,1601.0,1463
20260126-08-26-33,14,20260126-08-29-04,1,1049.0,1463
20260126-08-26-33,15,20260126-08-29-14,1,955.0,1463
20260126-08-26-33,16,20260126-08-29-22,1,1167.0,1463
20260126-08-26-33,17,20260126-08-29-31,0,1510.0,1463
20260126-08-26-33,18,20260126-08-29-40,1,1026.0,1463
20260126-10-56-26,0,20260126-10-56-53,1,1003.0,1463
20260126-10-56-26,1,20260126-10-57-02,0,1583.0,1463
20260126-10-56-26,2,20260126-10-57-11,1,1313.0,1463
20260126-10-56-26,3,20260126-10-57-20,1,1133.0,1463
20260126-10-56-26,4,20260126-10-57-28,1,1330.0,1463
20260126-10-56-26,5,20260126-10-57-37,1,450.0,1463
20260126-10-56-26,6,20260126-10-57-46,1,457.0,1463
20260126-10-56-26,7,20260126-10-57-55,1,562.0,1463
20260126-10-56-26,8,20260126-10-58-04,1,1299.0,1463
20260126-10-56-26,9,20260126-10-58-13,1,1010.0,1463
20260126-10-56-26,10,20260126-10-58-22,1,767.0,1463
20260126-10-56-26,11,20260126-10-58-31,1,896.0,1463
20260126-10-56-26,12,20260126-10-58-40,1,1219.0,1463
20260126-10-56-26,13,20260126-10-58-49,0,1565.0,1463
20260126-10-56-26,14,20260126-10-58-57,1,1109.0,1463
20260126-10-56-26,15,20260126-10-59-07,1,934.0,1463
20260126-10-56-26,16,20260126-10-59-15,1,915.0,1463
20260126-10-56-26,17,20260126-10-59-25,0,1538.0,1463
20260126-10-56-26,18,20260126-10-59-33,1,1022.0,1463
20260126-11-28-25,0,20260126-11-28-52,1,803.0,1463
20260126-11-28-25,1,20260126-11-29-01,0,1562.0,1463
20260126-11-28-25,2,20260126-11-29-09,1,1233.0,1463
20260126-11-28-25,3,20260126-11-29-18,1,1082.0,1463
20260126-11-28-25,4,20260126-11-29-27,1,1328.0,1463
20260126-11-28-25,5,20260126-11-29-36,1,466.0,1463
20260126-11-28-25,6,20260126-11-29-45,1,651.0,1463
20260126-11-28-25,7,20260126-11-29-54,1,706.0,1463
20260126-11-28-25,8,20260126-11-30-03,1,922.0,1463
20260126-11-28-25,9,20260126-11-30-12,1,1374.0,1463
20260126-11-28-25,10,20260126-11-30-21,1,650.0,1463
20260126-11-28-25,11,20260126-11-30-30,1,705.0,1463
20260126-11-28-25,12,20260126-11-30-39,1,827.0,1463
20260126-11-28-25,13,20260126-11-30-48,0,1563.0,1463
20260126-11-28-25,14,20260126-11-30-56,1,1273.0,1463
20260126-11-28-25,15,20260126-11-31-06,1,820.0,1463
20260126-11-28-25,16,20260126-11-31-14,1,1125.0,1463
20260126-11-28-25,17,20260126-11-31-23,0,1509.0,1463
20260126-11-28-25,18,20260126-11-31-32,1,1106.0,1463
20260126-11-49-44,0,20260126-11-50-11,1,963.0,1463
20260126-11-49-44,1,20260126-11-50-20,0,1574.0,1463
20260126-11-49-44,2,20260126-11-50-29,1,1179.0,1463
20260126-11-49-44,3,20260126-11-50-38,1,1092.0,1463
20260126-11-49-44,4,20260126-11-50-46,1,1315.0,1463
20260126-11-49-44,5,20260126-11-50-55,1,786.0,1463
20260126-11-49-44,6,20260126-11-51-04,1,649.0,1463
20260126-11-49-44,7,20260126-11-51-13,1,600.0,1463
20260126-11-49-44,8,20260126-11-51-22,1,835.0,1463
20260126-11-49-44,9,20260126-11-51-31,1,1304.0,1463
20260126-11-49-44,10,20260126-11-51-40,1,622.0,1463
20260126-11-49-44,11,20260126-11-51-49,1,563.0,1463
20260126-11-49-44,12,20260126-11-51-58,1,888.0,1463
20260126-11-49-44,13,20260126-11-52-07,0,1558.0,1463
20260126-11-49-44,14,20260126-11-52-15,1,874.0,1463
20260126-11-49-44,15,20260126-11-52-25,1,944.0,1463
20260126-11-49-44,16,20260126-11-52-33,1,910.0,1463
20260126-11-49-44,17,20260126-11-52-42,0,1545.0,1463
20260126-11-49-44,18,20260126-11-52-51,1,903.0,1463
20260126-12-21-43,0,20260126-12-22-09,1,849.0,1463
20260126-12-21-43,1,20260126-12-22-18,0,1565.0,1463
20260126-12-21-43,2,20260126-12-22-27,1,1223.0,1463
20260126-12-21-43,3,20260126-12-22-36,1,1128.0,1463
20260126-12-21-43,4,20260126-12-22-45,1,1109.0,1463
20260126-12-21-43,5,20260126-12-22-54,1,621.0,1463
20260126-12-21-43,6,20260126-12-23-03,1,824.0,1463
20260126-12-21-43,7,20260126-12-23-12,1,632.0,1463
20260126-12-21-43,8,20260126-12-23-21,1,860.0,1463
20260126-12-21-43,9,20260126-12-23-29,1,1360.0,1463
20260126-12-21-43,10,20260126-12-23-38,1,443.0,1463
20260126-12-21-43,11,20260126-12-23-48,1,554.0,1463
20260126-12-21-43,12,20260126-12-23-56,1,1308.0,1463
20260126-12-21-43,13,20260126-12-24-05,0,1554.0,1463
20260126-12-21-43,14,20260126-12-24-14,1,1029.0,1463
20260126-12-21-43,15,20260126-12-24-23,1,963.0,1463
20260126-12-21-43,16,20260126-12-24-32,1,1086.0,1463
20260126-12-21-43,17,20260126-12-24-41,0,1569.0,1463
20260126-12-21-43,18,20260126-12-24-49,1,1263.0,1463
20260126-12-53-42,0,20260126-12-54-08,1,636.0,1463
20260126-12-53-42,1,20260126-12-54-17,0,1571.0,1463
20260126-12-53-42,2,20260126-12-54-26,1,1107.0,1463
20260126-12-53-42,3,20260126-12-54-35,1,992.0,1463
20260126-12-53-42,4,20260126-12-54-44,1,452.0,1463
20260126-12-53-42,5,20260126-12-54-53,1,567.0,1463
20260126-12-53-42,6,20260126-12-55-01,1,824.0,1463
20260126-12-53-42,7,20260126-12-55-10,1,707.0,1463
20260126-12-53-42,8,20260126-12-55-19,1,945.0,1463
20260126-12-53-42,9,20260126-12-55-28,1,1182.0,1463
20260126-12-53-42,10,20260126-12-55-37,1,779.0,1463
20260126-12-53-42,11,20260126-12-55-46,1,504.0,1463
20260126-12-53-42,12,20260126-12-55-55,1,828.0,1463
20260126-12-53-42,13,20260126-12-56-04,0,1555.0,1463
20260126-12-53-42,14,20260126-12-56-13,1,1107.0,1463
20260126-12-53-42,15,20260126-12-56-22,1,894.0,1463
20260126-12-53-42,16,20260126-12-56-31,1,977.0,1463
20260126-12-53-42,17,20260126-12-56-40,0,1549.0,1463
20260126-12-53-42,18,20260126-12-56-48,1,925.0,1463
20260126-13-15-01,0,20260126-13-15-27,1,763.0,1463
20260126-13-15-01,1,20260126-13-15-36,0,1549.0,1463
20260126-13-15-01,2,20260126-13-15-45,1,1197.0,1463
20260126-13-15-01,3,20260126-13-15-54,1,1134.0,1463
20260126-13-15-01,4,20260126-13-16-03,1,1328.0,1463
20260126-13-15-01,5,20260126-13-16-12,1,721.0,1463
20260126-13-15-01,6,20260126-13-16-21,1,904.0,1463
20260126-13-15-01,7,20260126-13-16-30,1,731.0,1463
20260126-13-15-01,8,20260126-13-16-39,1,840.0,1463
20260126-13-15-01,9,20260126-13-16-47,1,1364.0,1463
20260126-13-15-01,10,20260126-13-16-56,1,636.0,1463
20260126-13-15-01,11,20260126-13-17-05,1,896.0,1463
20260126-13-15-01,12,20260126-13-17-14,1,920.0,1463
20260126-13-15-01,13,20260126-13-17-23,0,1564.0,1463
20260126-13-15-01,14,20260126-13-17-32,1,1078.0,1463
20260126-13-15-01,15,20260126-13-17-41,1,936.0,1463
20260126-13-15-01,16,20260126-13-17-50,1,961.0,1463
20260126-13-15-01,17,20260126-13-17-59,0,1503.0,1463
20260126-13-15-01,18,20260126-13-18-07,1,1104.0,1463
20260126-13-36-20,0,20260126-13-36-46,1,762.0,1463
20260126-13-36-20,1,20260126-13-36-55,0,1555.0,1463
20260126-13-36-20,2,20260126-13-37-04,1,1301.0,1463
20260126-13-36-20,3,20260126-13-37-13,1,1127.0,1463
20260126-13-36-20,4,20260126-13-37-22,1,1336.0,1463
20260126-13-36-20,5,20260126-13-37-31,1,1288.0,1463
20260126-13-36-20,6,20260126-13-37-40,1,1015.0,1463
20260126-13-36-20,7,20260126-13-37-49,1,1081.0,1463
20260126-13-36-20,8,20260126-13-37-58,1,890.0,1463
20260126-13-36-20,9,20260126-13-38-06,1,1302.0,1463
20260126-13-36-20,10,20260126-13-38-15,1,618.0,1463
20260126-13-36-20,11,20260126-13-38-25,1,641.0,1463
20260126-13-36-20,12,20260126-13-38-33,1,850.0,1463
20260126-13-36-20,13,20260126-13-38-42,0,1530.0,1463
20260126-13-36-20,14,20260126-13-38-51,1,849.0,1463
20260126-13-36-20,15,20260126-13-39-00,1,639.0,1463
20260126-13-36-20,16,20260126-13-39-09,1,727.0,1463
20260126-13-36-20,17,20260126-13-39-18,0,1552.0,1463
20260126-13-36-20,18,20260126-13-39-26,1,886.0,1463
20260126-13-57-39,0,20260126-13-58-05,1,782.0,1463
20260126-13-57-39,1,20260126-13-58-14,0,1477.0,1463
20260126-13-57-39,2,20260126-13-58-23,1,1332.0,1463
20260126-13-57-39,3,20260126-13-58-32,1,927.0,1463
20260126-13-57-39,4,20260126-13-58-41,1,1334.0,1463
20260126-13-57-39,5,20260126-13-58-50,1,1292.0,1463
20260126-13-57-39,6,20260126-13-58-59,1,1281.0,1463
20260126-13-57-39,7,20260126-13-59-08,1,1096.0,1463
20260126-13-57-39,8,20260126-13-59-17,1,953.0,1463
20260126-13-57-39,9,20260126-13-59-26,1,1349.0,1463
20260126-13-57-39,10,20260126-13-59-34,1,1275.0,1463
20260126-13-57-39,11,20260126-13-59-44,1,611.0,1463
20260126-13-57-39,12,20260126-13-59-52,1,833.0,1463
20260126-13-57-39,13,20260126-14-00-01,0,1559.0,1463
20260126-13-57-39,14,20260126-14-00-10,1,1052.0,1463
20260126-13-57-39,15,20260126-14-00-19,1,1027.0,1463
20260126-13-57-39,16,20260126-14-00-28,1,909.0,1463
20260126-13-57-39,17,20260126-14-00-37,0,1579.0,1463
20260126-13-57-39,18,20260126-14-00-45,1,1033.0,1463
20260126-14-29-38,0,20260126-14-30-04,1,886.0,1463
20260126-14-29-38,1,20260126-14-30-13,0,1561.0,1463
20260126-14-29-38,2,20260126-14-30-22,1,1254.0,1463
20260126-14-29-38,3,20260126-14-30-31,1,689.0,1463
20260126-14-29-38,4,20260126-14-30-40,1,897.0,1463
20260126-14-29-38,5,20260126-14-30-49,1,586.0,1463
20260126-14-29-38,6,20260126-14-30-58,1,1284.0,1463
20260126-14-29-38,7,20260126-14-31-07,1,1118.0,1463
20260126-14-29-38,8,20260126-14-31-16,1,930.0,1463
20260126-14-29-38,9,20260126-14-31-24,1,1314.0,1463
20260126-14-29-38,10,20260126-14-31-33,1,794.0,1463
20260126-14-29-38,11,20260126-14-31-42,1,566.0,1463
20260126-14-29-38,12,20260126-14-31-51,1,1260.0,1463
20260126-14-29-38,13,20260126-14-32-00,0,1541.0,1463
20260126-14-29-38,14,20260126-14-32-09,1,828.0,1463
20260126-14-29-38,15,20260126-14-32-18,1,839.0,1463
20260126-14-29-38,16,20260126-14-32-27,1,1085.0,1463
20260126-14-29-38,17,20260126-14-32-36,0,1566.0,1463
20260126-14-29-38,18,20260126-14-32-44,1,1078.0,1463
20260126-18-13-29,0,20260126-18-13-55,1,604.0,1463
20260126-18-13-29,1,20260126-18-14-04,0,1556.0,1463
20260126-18-13-29,2,20260126-18-14-13,1,1019.0,1463
20260126-18-13-29,3,20260126-18-14-22,1,1304.0,1463
20260126-18-13-29,4,20260126-18-14-31,1,1308.0,1463
20260126-18-13-29,5,20260126-18-14-40,1,392.0,1463
20260126-18-13-29,6,20260126-18-14-49,1,431.0,1463
20260126-18-13-29,7,20260126-18-14-58,1,1295.0,1463
20260126-18-13-29,8,20260126-18-15-07,1,832.0,1463
20260126-18-13-29,9,20260126-18-15-15,1,920.0,1463
20260126-18-13-29,10,20260126-18-15-24,1,1058.0,1463
20260126-18-13-29,11,20260126-18-15-33,1,776.0,1463
20260126-18-13-29,12,20260126-18-15-42,1,1293.0,1463
20260126-18-13-29,13,20260126-18-15-51,0,1518.0,1463
20260126-18-13-29,14,20260126-18-16-00,1,291.0,1463
20260126-18-13-29,15,20260126-18-16-09,1,1313.0,1463
20260126-18-13-29,16,20260126-18-16-18,1,1330.0,1463
20260126-18-13-29,17,20260126-18-16-27,0,1523.0,1463
20260126-18-13-29,18,20260126-18-16-35,1,1253.0,1463
20260126-19-28-06,0,20260126-19-28-32,1,876.0,1463
20260126-19-28-06,1,20260126-19-28-41,0,1533.0,1463
20260126-19-28-06,2,20260126-19-28-50,1,1315.0,1463
20260126-19-28-06,3,20260126-19-28-59,1,1017.0,1463
20260126-19-28-06,4,20260126-19-29-08,1,1306.0,1463
20260126-19-28-06,5,20260126-19-29-16,1,1318.0,1463
20260126-19-28-06,6,20260126-19-29-25,1,498.0,1463
20260126-19-28-06,7,20260126-19-29-34,1,504.0,1463
20260126-19-28-06,8,20260126-19-29-43,1,1286.0,1463
20260126-19-28-06,9,20260126-19-29-52,1,1298.0,1463
20260126-19-28-06,10,20260126-19-30-01,1,585.0,1463
20260126-19-28-06,11,20260126-19-30-10,1,417.0,1463
20260126-19-28-06,12,20260126-19-30-19,1,1289.0,1463
20260126-19-28-06,13,20260126-19-30-28,0,1519.0,1463
20260126-19-28-06,14,20260126-19-30-36,1,1317.0,1463
20260126-19-28-06,15,20260126-19-30-46,1,1349.0,1463
20260126-19-28-06,16,20260126-19-30-54,1,1304.0,1463
20260126-19-28-06,17,20260126-19-31-04,0,1536.0,1463
20260126-19-28-06,18,20260126-19-31-12,1,1236.0,1463
20260126-21-57-19,0,20260126-21-57-46,1,1319.0,1463
20260126-21-57-19,1,20260126-21-57-55,0,1488.0,1463
20260126-21-57-19,2,20260126-21-58-04,1,1340.0,1463
20260126-21-57-19,3,20260126-21-58-13,1,1281.0,1463
20260126-21-57-19,4,20260126-21-58-21,1,1326.0,1463
20260126-21-57-19,5,20260126-21-58-30,1,1313.0,1463
20260126-21-57-19,6,20260126-21-58-39,1,1371.0,1463
20260126-21-57-19,7,20260126-21-58-48,1,1302.0,1463
20260126-21-57-19,8,20260126-21-58-57,1,1289.0,1463
20260126-21-57-19,9,20260126-21-59-06,1,1300.0,1463
20260126-21-57-19,10,20260126-21-59-15,1,1279.0,1463
20260126-21-57-19,11,20260126-21-59-24,1,1288.0,1463
20260126-21-57-19,12,20260126-21-59-33,1,1294.0,1463
20260126-21-57-19,13,20260126-21-59-42,0,1517.0,1463
20260126-21-57-19,14,20260126-21-59-50,1,1311.0,1463
20260126-21-57-19,15,20260126-22-00-00,1,1334.0,1463
20260126-21-57-19,16,20260126-22-00-08,1,1322.0,1463
20260126-21-57-19,17,20260126-22-00-17,0,1528.0,1463
20260126-21-57-19,18,20260126-22-00-26,1,1212.0,1463
20260127-03-17-06,0,20260127-03-17-33,1,1342.0,1463
20260127-03-17-06,1,20260127-03-17-42,0,1523.0,1463
20260127-03-17-06,2,20260127-03-17-50,1,1342.0,1463
20260127-03-17-06,3,20260127-03-17-59,1,1331.0,1463
20260127-03-17-06,4,20260127-03-18-08,1,1305.0,1463
20260127-03-17-06,5,20260127-03-18-17,1,1314.0,1463
20260127-03-17-06,6,20260127-03-18-26,1,1294.0,1463
20260127-03-17-06,7,20260127-03-18-35,1,1292.0,1463
20260127-03-17-06,8,20260127-03-18-44,1,1337.0,1463
20260127-03-17-06,9,20260127-03-18-53,1,1302.0,1463
20260127-03-17-06,10,20260127-03-19-02,1,1295.0,1463
20260127-03-17-06,11,20260127-03-19-11,1,1313.0,1463
20260127-03-17-06,12,20260127-03-19-20,1,1306.0,1463
20260127-03-17-06,13,20260127-03-19-29,0,1538.0,1463
20260127-03-17-06,14,20260127-03-19-37,1,1319.0,1463
20260127-03-17-06,15,20260127-03-19-47,1,1296.0,1463
20260127-03-17-06,16,20260127-03-19-55,1,1332.0,1463
20260127-03-17-06,17,20260127-03-20-04,0,1521.0,1463
20260127-03-17-06,18,20260127-03-20-13,1,1216.0,1463
20260127-07-00-56,0,20260127-07-01-23,1,490.0,1463
20260127-07-00-56,1,20260127-07-01-32,0,1525.5,1463
20260127-07-00-56,2,20260127-07-01-41,1,1327.0,1463
20260127-07-00-56,3,20260127-07-01-50,1,774.0,1463
20260127-07-00-56,4,20260127-07-01-58,1,1317.0,1463
20260127-07-00-56,5,20260127-07-02-07,1,634.0,1463
20260127-07-00-56,6,20260127-07-02-16,1,645.0,1463
20260127-07-00-56,7,20260127-07-02-25,1,777.0,1463
20260127-07-00-56,8,20260127-07-02-34,1,1311.0,1463
20260127-07-00-56,9,20260127-07-02-43,1,1291.0,1463
20260127-07-00-56,10,20260127-07-02-52,1,847.0,1463
20260127-07-00-56,11,20260127-07-03-01,1,949.0,1463
20260127-07-00-56,12,20260127-07-03-10,1,907.0,1463
20260127-07-00-56,13,20260127-07-03-19,0,1539.0,1463
20260127-07-00-56,14,20260127-07-03-27,1,969.0,1463
20260127-07-00-56,15,20260127-07-03-37,1,798.0,1463
20260127-07-00-56,16,20260127-07-03-45,1,905.0,1463
20260127-07-00-56,17,20260127-07-03-54,0,1575.0,1463
20260127-07-00-56,18,20260127-07-04-03,1,828.0,1463
20260127-08-26-13,0,20260127-08-26-39,1,1306.0,1463
20260127-08-26-13,1,20260127-08-26-48,0,1483.0,1463
20260127-08-26-13,2,20260127-08-26-57,1,1306.0,1463
20260127-08-26-13,3,20260127-08-27-06,1,1264.0,1463
20260127-08-26-13,4,20260127-08-27-15,1,1289.0,1463
20260127-08-26-13,5,20260127-08-27-24,1,1268.0,1463
20260127-08-26-13,6,20260127-08-27-33,1,1287.0,1463
20260127-08-26-13,7,20260127-08-27-42,1,732.0,1463
20260127-08-26-13,8,20260127-08-27-51,1,1041.0,1463
20260127-08-26-13,9,20260127-08-27-59,1,1270.0,1463
20260127-08-26-13,10,20260127-08-28-08,1,798.0,1463
20260127-08-26-13,11,20260127-08-28-17,1,1264.0,1463
20260127-08-26-13,12,20260127-08-28-26,1,1029.0,1463
20260127-08-26-13,13,20260127-08-28-35,0,1561.0,1463
20260127-08-26-13,14,20260127-08-28-44,1,1276.0,1463
20260127-08-26-13,15,20260127-08-28-53,1,1266.0,1463
20260127-08-26-13,16,20260127-08-29-02,1,1069.0,1463
20260127-08-26-13,17,20260127-08-29-11,0,1582.0,1463
20260127-08-26-13,18,20260127-08-29-19,1,1338.0,1463
20260127-09-30-10,0,20260127-09-30-37,1,1280.0,1463
20260127-09-30-10,1,20260127-09-30-45,0,1586.0,1463
20260127-09-30-10,2,20260127-09-30-54,1,1318.0,1463
20260127-09-30-10,3,20260127-09-31-03,1,1105.0,1463
20260127-09-30-10,4,20260127-09-31-12,1,919.0,1463
20260127-09-30-10,5,20260127-09-31-21,1,1146.0,1463
20260127-09-30-10,6,20260127-09-31-30,1,1281.0,1463
20260127-09-30-10,7,20260127-09-31-39,1,578.0,1463
20260127-09-30-10,8,20260127-09-31-48,1,976.0,1463
20260127-09-30-10,9,20260127-09-31-57,1,1418.0,1463
20260127-09-30-10,10,20260127-09-32-06,1,773.0,1463
20260127-09-30-10,11,20260127-09-32-15,1,1272.0,1463
20260127-09-30-10,12,20260127-09-32-23,1,904.0,1463
20260127-09-30-10,13,20260127-09-32-32,0,1569.0,1463
20260127-09-30-10,14,20260127-09-32-41,1,1161.0,1463
20260127-09-30-10,15,20260127-09-32-50,1,746.0,1463
20260127-09-30-10,16,20260127-09-32-59,1,1104.0,1463
20260127-09-30-10,17,20260127-09-33-08,0,1582.0,1463
20260127-09-30-10,18,20260127-09-33-16,1,1300.0,1463
20260127-09-40-50,0,20260127-09-41-16,1,1286.0,1463
20260127-09-40-50,1,20260127-09-41-25,0,1579.0,1463
20260127-09-40-50,2,20260127-09-41-34,1,1305.0,1463
20260127-09-40-50,3,20260127-09-41-43,1,1136.0,1463
20260127-09-40-50,4,20260127-09-41-52,1,1074.0,1463
20260127-09-40-50,5,20260127-09-42-01,1,1298.0,1463
20260127-09-40-50,6,20260127-09-42-10,1,1240.0,1463
20260127-09-40-50,7,20260127-09-42-19,1,925.0,1463
20260127-09-40-50,8,20260127-09-42-28,1,1089.0,1463
20260127-09-40-50,9,20260127-09-42-36,1,1275.0,1463
20260127-09-40-50,10,20260127-09-42-45,1,757.0,1463
20260127-09-40-50,11,20260127-09-42-54,1,1261.0,1463
20260127-09-40-50,12,20260127-09-43-03,1,977.0,1463
20260127-09-40-50,13,20260127-09-43-12,0,1571.0,1463
20260127-09-40-50,14,20260127-09-43-21,1,1231.0,1463
20260127-09-40-50,15,20260127-09-43-30,1,751.0,1463
20260127-09-40-50,16,20260127-09-43-39,1,976.0,1463
20260127-09-40-50,17,20260127-09-43-48,0,1583.0,1463
20260127-09-40-50,18,20260127-09-43-56,1,1119.0,1463
20260127-10-55-26,0,20260127-10-55-53,1,808.0,1463
20260127-10-55-26,1,20260127-10-56-02,0,1579.0,1463
20260127-10-55-26,2,20260127-10-56-11,1,1309.0,1463
20260127-10-55-26,3,20260127-10-56-20,1,1216.0,1463
20260127-10-55-26,4,20260127-10-56-28,1,1334.0,1463
20260127-10-55-26,5,20260127-10-56-37,1,1061.0,1463
20260127-10-55-26,6,20260127-10-56-46,1,597.0,1463
20260127-10-55-26,7,20260127-10-56-55,1,582.0,1463
20260127-10-55-26,8,20260127-10-57-04,1,968.0,1463
20260127-10-55-26,9,20260127-10-57-13,1,1408.0,1463
20260127-10-55-26,10,20260127-10-57-22,1,625.0,1463
20260127-10-55-26,11,20260127-10-57-31,1,677.0,1463
20260127-10-55-26,12,20260127-10-57-40,1,867.0,1463
20260127-10-55-26,13,20260127-10-57-49,0,1552.0,1463
20260127-10-55-26,14,20260127-10-57-57,1,1095.0,1463
20260127-10-55-26,15,20260127-10-58-07,1,689.0,1463
20260127-10-55-26,16,20260127-10-58-15,1,1110.0,1463
20260127-10-55-26,17,20260127-10-58-24,0,1560.0,1463
20260127-10-55-26,18,20260127-10-58-33,1,985.0,1463
20260127-11-38-05,0,20260127-11-38-31,1,782.0,1463
20260127-11-38-05,1,20260127-11-38-40,0,1575.0,1463
20260127-11-38-05,2,20260127-11-38-49,1,1320.0,1463
20260127-11-38-05,3,20260127-11-38-58,1,1220.0,1463
20260127-11-38-05,4,20260127-11-39-07,1,1313.0,1463
20260127-11-38-05,5,20260127-11-39-16,1,471.0,1463
20260127-11-38-05,6,20260127-11-39-25,1,933.0,1463
20260127-11-38-05,7,20260127-11-39-34,1,958.0,1463
20260127-11-38-05,8,20260127-11-39-42,1,840.0,1463
20260127-11-38-05,9,20260127-11-39-51,1,1352.0,1463
20260127-11-38-05,10,20260127-11-40-00,1,509.0,1463
20260127-11-38-05,11,20260127-11-40-09,1,499.0,1463
20260127-11-38-05,12,20260127-11-40-18,1,853.0,1463
20260127-11-38-05,13,20260127-11-40-27,0,1531.0,1463
20260127-11-38-05,14,20260127-11-40-36,1,790.0,1463
20260127-11-38-05,15,20260127-11-40-45,1,610.0,1463
20260127-11-38-05,16,20260127-11-40-54,1,886.0,1463
20260127-11-38-05,17,20260127-11-41-03,0,1559.0,1463
20260127-11-38-05,18,20260127-11-41-11,1,921.0,1463
20260127-12-52-42,0,20260127-12-53-08,1,827.0,1463
20260127-12-52-42,1,20260127-12-53-17,0,1497.0,1463
20260127-12-52-42,2,20260127-12-53-26,1,1335.0,1463
20260127-12-52-42,3,20260127-12-53-35,1,1069.0,1463
20260127-12-52-42,4,20260127-12-53-44,1,827.0,1463
20260127-12-52-42,5,20260127-12-53-53,1,630.0,1463
20260127-12-52-42,6,20260127-12-54-02,1,1262.0,1463
20260127-12-52-42,7,20260127-12-54-10,1,1081.0,1463
20260127-12-52-42,8,20260127-12-54-19,1,790.0,1463
20260127-12-52-42,9,20260127-12-54-28,1,1430.0,1463
20260127-12-52-42,10,20260127-12-54-37,1,739.0,1463
20260127-12-52-42,11,20260127-12-54-46,1,838.0,1463
20260127-12-52-42,12,20260127-12-54-55,1,914.0,1463
20260127-12-52-42,13,20260127-12-55-04,0,1541.0,1463
20260127-12-52-42,14,20260127-12-55-13,1,1249.0,1463
20260127-12-52-42,15,20260127-12-55-22,1,1381.0,1463
20260127-12-52-42,16,20260127-12-55-31,1,1041.0,1463
20260127-12-52-42,17,20260127-12-55-40,0,1571.0,1463
20260127-12-52-42,18,20260127-12-55-48,1,1006.0,1463
20260127-14-07-19,0,20260127-14-07-45,1,1075.0,1463
20260127-14-07-19,1,20260127-14-07-54,0,1500.0,1463
20260127-14-07-19,2,20260127-14-08-03,1,1339.0,1463
20260127-14-07-19,3,20260127-14-08-12,1,1156.0,1463
20260127-14-07-19,4,20260127-14-08-21,1,1323.0,1463
20260127-14-07-19,5,20260127-14-08-30,1,677.0,1463
20260127-14-07-19,6,20260127-14-08-39,1,737.0,1463
20260127-14-07-19,7,20260127-14-08-47,1,830.0,1463
20260127-14-07-19,8,20260127-14-08-56,1,840.0,1463
20260127-14-07-19,9,20260127-14-09-05,1,1419.0,1463
20260127-14-07-19,10,20260127-14-09-14,1,536.0,1463
20260127-14-07-19,11,20260127-14-09-23,1,513.0,1463
20260127-14-07-19,12,20260127-14-09-32,1,917.0,1463
20260127-14-07-19,13,20260127-14-09-41,0,1537.0,1463
20260127-14-07-19,14,20260127-14-09-50,1,927.0,1463
20260127-14-07-19,15,20260127-14-09-59,1,655.0,1463
20260127-14-07-19,16,20260127-14-10-08,1,794.0,1463
20260127-14-07-19,17,20260127-14-10-17,0,1535.0,1463
20260127-14-07-19,18,20260127-14-10-25,1,552.0,1463
20260127-14-39-17,0,20260127-14-39-44,1,805.0,1463
20260127-14-39-17,1,20260127-14-39-53,0,1576.0,1463
20260127-14-39-17,2,20260127-14-40-02,1,1308.0,1463
20260127-14-39-17,3,20260127-14-40-11,1,1271.0,1463
20260127-14-39-17,4,20260127-14-40-19,1,782.0,1463
20260127-14-39-17,5,20260127-14-40-28,1,497.0,1463
20260127-14-39-17,6,20260127-14-40-37,1,895.0,1463
20260127-14-39-17,7,20260127-14-40-46,1,524.0,1463
20260127-14-39-17,8,20260127-14-40-55,1,954.0,1463
20260127-14-39-17,9,20260127-14-41-04,1,1442.0,1463
20260127-14-39-17,10,20260127-14-41-13,1,889.0,1463
20260127-14-39-17,11,20260127-14-41-22,1,723.0,1463
20260127-14-39-17,12,20260127-14-41-31,1,886.0,1463
20260127-14-39-17,13,20260127-14-41-40,0,1525.0,1463
20260127-14-39-17,14,20260127-14-41-48,1,1017.0,1463
20260127-14-39-17,15,20260127-14-41-58,1,747.0,1463
20260127-14-39-17,16,20260127-14-42-06,1,906.0,1463
20260127-14-39-17,17,20260127-14-42-15,0,1562.0,1463
20260127-14-39-17,18,20260127-14-42-24,1,984.0,1463
20260127-19-05-45,0,20260127-19-06-11,1,812.0,1463
20260127-19-05-45,1,20260127-19-06-20,0,1529.0,1463
20260127-19-05-45,2,20260127-19-06-29,1,1340.0,1463
20260127-19-05-45,3,20260127-19-06-38,1,1340.0,1463
20260127-19-05-45,4,20260127-19-06-47,1,1326.0,1463
20260127-19-05-45,5,20260127-19-06-56,1,595.0,1463
20260127-19-05-45,6,20260127-19-07-05,1,1300.0,1463
20260127-19-05-45,7,20260127-19-07-14,1,1279.0,1463
20260127-19-05-45,8,20260127-19-07-23,1,628.0,1463
20260127-19-05-45,9,20260127-19-07-31,1,1360.0,1463
20260127-19-05-45,10,20260127-19-07-40,1,942.0,1463
20260127-19-05-45,11,20260127-19-07-50,1,452.0,1463
20260127-19-05-45,12,20260127-19-07-58,1,1301.0,1463
20260127-19-05-45,13,20260127-19-08-07,0,1547.0,1463
20260127-19-05-45,14,20260127-19-08-16,1,884.0,1463
20260127-19-05-45,15,20260127-19-08-25,1,841.0,1463
20260127-19-05-45,16,20260127-19-08-34,1,1318.0,1463
20260127-19-05-45,17,20260127-19-08-43,0,1532.0,1463
20260127-19-05-45,18,20260127-19-08-51,1,977.0,1463
20260127-19-59-03,0,20260127-19-59-29,1,1078.0,1463
20260127-19-59-03,1,20260127-19-59-38,0,1531.0,1463
20260127-19-59-03,2,20260127-19-59-47,1,1180.0,1463
20260127-19-59-03,3,20260127-19-59-56,1,1317.0,1463
20260127-19-59-03,4,20260127-20-00-05,1,1330.0,1463
20260127-19-59-03,5,20260127-20-00-14,1,909.0,1463
20260127-19-59-03,6,20260127-20-00-23,1,1389.0,1463
20260127-19-59-03,7,20260127-20-00-32,1,1369.0,1463
20260127-19-59-03,8,20260127-20-00-41,1,744.0,1463
20260127-19-59-03,9,20260127-20-00-49,1,1342.0,1463
20260127-19-59-03,10,20260127-20-00-58,1,1265.0,1463
20260127-19-59-03,11,20260127-20-01-07,1,831.0,1463
20260127-19-59-03,12,20260127-20-01-16,1,1310.0,1463
20260127-19-59-03,13,20260127-20-01-25,0,1532.0,1463
20260127-19-59-03,14,20260127-20-01-34,1,1309.0,1463
20260127-19-59-03,15,20260127-20-01-43,1,1331.0,1463
20260127-19-59-03,16,20260127-20-01-52,1,1316.0,1463
20260127-19-59-03,17,20260127-20-02-01,0,1492.0,1463
20260127-19-59-03,18,20260127-20-02-09,1,319.0,1463
20260127-20-31-01,0,20260127-20-31-28,1,1190.0,1463
20260127-20-31-01,1,20260127-20-31-37,0,1510.0,1463
20260127-20-31-01,2,20260127-20-31-46,1,1007.0,1463
20260127-20-31-01,3,20260127-20-31-55,1,1317.0,1463
20260127-20-31-01,4,20260127-20-32-03,1,1330.0,1463
20260127-20-31-01,5,20260127-20-32-12,1,1313.0,1463
20260127-20-31-01,6,20260127-20-32-21,1,1413.0,1463
20260127-20-31-01,7,20260127-20-32-30,1,1373.0,1463
20260127-20-31-01,8,20260127-20-32-39,1,1283.0,1463
20260127-20-31-01,9,20260127-20-32-48,1,1374.0,1463
20260127-20-31-01,10,20260127-20-32-57,1,1029.0,1463
20260127-20-31-01,11,20260127-20-33-06,1,1309.0,1463
20260127-20-31-01,12,20260127-20-33-15,1,1318.0,1463
20260127-20-31-01,13,20260127-20-33-24,0,1525.0,1463
20260127-20-31-01,14,20260127-20-33-32,1,1316.0,1463
20260127-20-31-01,15,20260127-20-33-42,1,1302.0,1463
20260127-20-31-01,16,20260127-20-33-50,1,1359.0,1463
20260127-20-31-01,17,20260127-20-33-59,0,1533.0,1463
20260127-20-31-01,18,20260127-20-34-08,1,320.0,1463
20260127-21-13-39,0,20260127-21-14-06,1,1326.0,1463
20260127-21-13-39,1,20260127-21-14-15,0,1563.0,1463
20260127-21-13-39,2,20260127-21-14-24,1,1014.0,1463
20260127-21-13-39,3,20260127-21-14-32,1,1314.0,1463
20260127-21-13-39,4,20260127-21-14-41,1,1321.0,1463
20260127-21-13-39,5,20260127-21-14-50,1,1303.0,1463
20260127-21-13-39,6,20260127-21-14-59,1,1359.0,1463
20260127-21-13-39,7,20260127-21-15-08,1,1407.0,1463
20260127-21-13-39,8,20260127-21-15-17,1,1249.0,1463
20260127-21-13-39,9,20260127-21-15-26,1,1351.0,1463
20260127-21-13-39,10,20260127-21-15-35,1,1058.0,1463
20260127-21-13-39,11,20260127-21-15-44,1,1308.0,1463
20260127-21-13-39,12,20260127-21-15-53,1,1321.0,1463
20260127-21-13-39,13,20260127-21-16-02,0,1525.0,1463
20260127-21-13-39,14,20260127-21-16-10,1,1277.0,1463
20260127-21-13-39,15,20260127-21-16-20,1,1256.0,1463
20260127-21-13-39,16,20260127-21-16-28,1,1318.0,1463
20260127-21-13-39,17,20260127-21-16-37,0,1575.0,1463
20260127-21-13-39,18,20260127-21-16-43,1,327.0,1463
20260127-21-13-39,19,20260127-21-16-46,1,1047.0,1463
20260127-21-34-58,0,20260127-21-35-25,1,1326.0,1463
20260127-21-34-58,1,20260127-21-35-34,0,1544.0,1463
20260127-21-34-58,2,20260127-21-35-43,1,1270.0,1463
20260127-21-34-58,3,20260127-21-35-52,1,1322.0,1463
20260127-21-34-58,4,20260127-21-36-00,1,1324.0,1463
20260127-21-34-58,5,20260127-21-36-09,1,1312.0,1463
20260127-21-34-58,6,20260127-21-36-18,1,1299.0,1463
20260127-21-34-58,7,20260127-21-36-27,1,263.0,1463
20260127-21-34-58,8,20260127-21-36-36,1,897.0,1463
20260127-21-34-58,9,20260127-21-36-45,1,1330.0,1463
20260127-21-34-58,10,20260127-21-36-54,1,1279.0,1463
20260127-21-34-58,11,20260127-21-37-03,1,1301.0,1463
20260127-21-34-58,12,20260127-21-37-12,1,1297.0,1463
20260127-21-34-58,13,20260127-21-37-21,0,1521.0,1463
20260127-21-34-58,14,20260127-21-37-29,1,311.0,1463
20260127-21-34-58,15,20260127-21-37-39,1,1292.0,1463
20260127-21-34-58,16,20260127-21-37-47,1,1354.0,1463
20260127-21-34-58,17,20260127-21-37-56,0,1569.0,1463
20260127-21-34-58,18,20260127-21-38-05,1,1010.0,1463
20260127-22-38-56,0,20260127-22-39-22,1,1317.0,1463
20260127-22-38-56,1,20260127-22-39-31,0,1535.0,1463
20260127-22-38-56,2,20260127-22-39-40,1,929.0,1463
20260127-22-38-56,3,20260127-22-39-49,1,1316.0,1463
20260127-22-38-56,4,20260127-22-39-58,1,1308.0,1463
20260127-22-38-56,5,20260127-22-40-07,1,1315.0,1463
20260127-22-38-56,6,20260127-22-40-16,1,1314.0,1463
20260127-22-38-56,7,20260127-22-40-25,1,1286.0,1463
20260127-22-38-56,8,20260127-22-40-34,1,1153.0,1463
20260127-22-38-56,9,20260127-22-40-42,1,1300.0,1463
20260127-22-38-56,10,20260127-22-40-51,1,1291.0,1463
20260127-22-38-56,11,20260127-22-41-00,1,1309.0,1463
20260127-22-38-56,12,20260127-22-41-09,1,1310.0,1463
20260127-22-38-56,13,20260127-22-41-18,0,1532.0,1463
20260127-22-38-56,14,20260127-22-41-27,1,1299.0,1463
20260127-22-38-56,15,20260127-22-41-36,1,1302.0,1463
20260127-22-38-56,16,20260127-22-41-45,1,1410.0,1463
20260127-22-38-56,17,20260127-22-41-54,0,1528.0,1463
20260127-22-38-56,18,20260127-22-42-02,1,1155.0,1463
20260128-02-01-27,0,20260128-02-01-54,1,1322.0,1463
20260128-02-01-27,1,20260128-02-02-02,0,1553.0,1463
20260128-02-01-27,2,20260128-02-02-11,1,1317.0,1463
20260128-02-01-27,3,20260128-02-02-20,1,1322.0,1463
20260128-02-01-27,4,20260128-02-02-29,1,1322.0,1463
20260128-02-01-27,5,20260128-02-02-38,1,1313.0,1463
20260128-02-01-27,6,20260128-02-02-47,1,1307.0,1463
20260128-02-01-27,7,20260128-02-02-56,1,1294.0,1463
20260128-02-01-27,8,20260128-02-03-05,1,1362.0,1463
20260128-02-01-27,9,20260128-02-03-14,1,1297.0,1463
20260128-02-01-27,10,20260128-02-03-23,1,1303.0,1463
20260128-02-01-27,11,20260128-02-03-32,1,1364.0,1463
20260128-02-01-27,12,20260128-02-03-40,1,1300.0,1463
20260128-02-01-27,13,20260128-02-03-49,0,1541.0,1463
20260128-02-01-27,14,20260128-02-03-58,1,1297.0,1463
20260128-02-01-27,15,20260128-02-04-07,1,1319.0,1463
20260128-02-01-27,16,20260128-02-04-16,1,1352.0,1463
20260128-02-01-27,17,20260128-02-04-25,0,1522.0,1463
20260128-02-01-27,18,20260128-02-04-33,1,1297.0,1463
20260128-02-33-26,0,20260128-02-33-52,1,1329.0,1463
20260128-02-33-26,1,20260128-02-34-01,0,1526.0,1463
20260128-02-33-26,2,20260128-02-34-10,1,1342.0,1463
20260128-02-33-26,3,20260128-02-34-19,1,1018.0,1463
20260128-02-33-26,4,20260128-02-34-28,1,637.0,1463
20260128-02-33-26,5,20260128-02-34-37,1,1321.0,1463
20260128-02-33-26,6,20260128-02-34-46,1,1303.0,1463
20260128-02-33-26,7,20260128-02-34-55,1,1295.0,1463
20260128-02-33-26,8,20260128-02-35-04,1,1324.0,1463
20260128-02-33-26,9,20260128-02-35-12,1,1292.0,1463
20260128-02-33-26,10,20260128-02-35-21,1,1312.0,1463
20260128-02-33-26,11,20260128-02-35-30,1,1331.0,1463
20260128-02-33-26,12,20260128-02-35-39,1,1300.0,1463
20260128-02-33-26,13,20260128-02-35-48,0,1532.0,1463
20260128-02-33-26,14,20260128-02-35-57,1,1303.0,1463
20260128-02-33-26,15,20260128-02-36-06,1,1341.0,1463
20260128-02-33-26,16,20260128-02-36-15,1,1399.0,1463
20260128-02-33-26,17,20260128-02-36-24,0,1524.0,1463
20260128-02-33-26,18,20260128-02-36-32,1,1159.0,1463
20260128-02-54-45,0,20260128-02-55-11,1,1306.0,1463
20260128-02-54-45,1,20260128-02-55-20,0,1536.0,1463
20260128-02-54-45,2,20260128-02-55-29,1,1315.0,1463
20260128-02-54-45,3,20260128-02-55-38,1,1317.0,1463
20260128-02-54-45,4,20260128-02-55-47,1,1316.0,1463
20260128-02-54-45,5,20260128-02-55-56,1,1320.0,1463
20260128-02-54-45,6,20260128-02-56-05,1,1298.0,1463
20260128-02-54-45,7,20260128-02-56-14,1,1292.0,1463
20260128-02-54-45,8,20260128-02-56-23,1,1329.0,1463
20260128-02-54-45,9,20260128-02-56-31,1,1297.0,1463
20260128-02-54-45,10,20260128-02-56-40,1,1305.0,1463
20260128-02-54-45,11,20260128-02-56-49,1,1355.0,1463
20260128-02-54-45,12,20260128-02-56-58,1,1302.0,1463
20260128-02-54-45,13,20260128-02-57-07,0,1537.0,1463
20260128-02-54-45,14,20260128-02-57-16,1,1296.0,1463
20260128-02-54-45,15,20260128-02-57-25,1,1374.0,1463
20260128-02-54-45,16,20260128-02-57-34,1,1400.0,1463
20260128-02-54-45,17,20260128-02-57-43,0,1526.0,1463
20260128-02-54-45,18,20260128-02-57-51,1,1284.0,1463
20260128-07-42-33,0,20260128-07-43-00,1,538.0,1463
20260128-07-42-33,1,20260128-07-43-08,0,1565.0,1463
20260128-07-42-33,2,20260128-07-43-17,1,1075.0,1463
20260128-07-42-33,3,20260128-07-43-26,1,1007.0,1463
20260128-07-42-33,4,20260128-07-43-35,1,1340.0,1463
20260128-07-42-33,5,20260128-07-43-44,1,1335.0,1463
20260128-07-42-33,6,20260128-07-43-53,1,1230.0,1463
20260128-07-42-33,7,20260128-07-44-02,1,1299.0,1463
20260128-07-42-33,8,20260128-07-44-11,1,828.0,1463
20260128-07-42-33,9,20260128-07-44-20,1,1303.0,1463
20260128-07-42-33,10,20260128-07-44-28,1,1127.0,1463
20260128-07-42-33,11,20260128-07-44-38,1,1272.0,1463
20260128-07-42-33,12,20260128-07-44-46,1,960.0,1463
20260128-07-42-33,13,20260128-07-44-55,0,1566.0,1463
20260128-07-42-33,14,20260128-07-45-04,1,1185.0,1463
20260128-07-42-33,15,20260128-07-45-13,1,1319.0,1463
20260128-07-42-33,16,20260128-07-45-22,1,1073.0,1463
20260128-07-42-33,17,20260128-07-45-31,0,1584.0,1463
20260128-07-42-33,18,20260128-07-45-39,1,992.0,1463
20260128-11-29-34,0,20260128-11-30-01,1,825.0,1463
20260128-11-29-34,1,20260128-11-30-10,0,1559.0,1463
20260128-11-29-34,2,20260128-11-30-18,1,1339.0,1463
20260128-11-29-34,3,20260128-11-30-27,1,1149.0,1463
20260128-11-29-34,4,20260128-11-30-36,1,671.0,1463
20260128-11-29-34,5,20260128-11-30-45,1,576.0,1463
20260128-11-29-34,6,20260128-11-30-54,1,801.0,1463
20260128-11-29-34,7,20260128-11-31-03,1,613.0,1463
20260128-11-29-34,8,20260128-11-31-12,1,973.0,1463
20260128-11-29-34,9,20260128-11-31-21,1,1419.0,1463
20260128-11-29-34,10,20260128-11-31-30,1,761.0,1463
20260128-11-29-34,11,20260128-11-31-39,1,735.0,1463
20260128-11-29-34,12,20260128-11-31-47,1,1284.0,1463
20260128-11-29-34,13,20260128-11-31-56,0,1548.0,1463
20260128-11-29-34,14,20260128-11-32-05,1,1285.0,1463
20260128-11-29-34,15,20260128-11-32-14,1,1424.0,1463
20260128-11-29-34,16,20260128-11-32-23,1,903.0,1463
20260128-11-29-34,17,20260128-11-32-32,0,1585.0,1463
20260128-11-29-34,18,20260128-11-32-40,1,1048.0,1463
20260128-12-01-33,0,20260128-12-01-59,1,915.0,1463
20260128-12-01-33,1,20260128-12-02-08,0,1563.0,1463
20260128-12-01-33,2,20260128-12-02-17,1,1314.0,1463
20260128-12-01-33,3,20260128-12-02-26,1,1110.0,1463
20260128-12-01-33,4,20260128-12-02-35,1,706.0,1463
20260128-12-01-33,5,20260128-12-02-44,1,1009.0,1463
20260128-12-01-33,6,20260128-12-02-53,1,1283.0,1463
20260128-12-01-33,7,20260128-12-03-02,1,1076.0,1463
20260128-12-01-33,8,20260128-12-03-11,1,598.0,1463
20260128-12-01-33,9,20260128-12-03-19,1,1435.0,1463
20260128-12-01-33,10,20260128-12-03-28,1,777.0,1463
20260128-12-01-33,11,20260128-12-03-37,1,590.0,1463
20260128-12-01-33,12,20260128-12-03-46,1,541.0,1463
20260128-12-01-33,13,20260128-12-03-55,0,1577.0,1463
20260128-12-01-33,14,20260128-12-04-04,1,731.0,1463
20260128-12-01-33,15,20260128-12-04-13,1,1421.0,1463
20260128-12-01-33,16,20260128-12-04-22,1,833.0,1463
20260128-12-01-33,17,20260128-12-04-31,0,1525.0,1463
20260128-12-01-33,18,20260128-12-04-39,1,562.0,1463
20260128-12-12-12,0,20260128-12-12-39,1,907.0,1463
20260128-12-12-12,1,20260128-12-12-48,0,1563.0,1463
20260128-12-12-12,2,20260128-12-12-57,1,1311.0,1463
20260128-12-12-12,3,20260128-12-13-05,1,1112.0,1463
20260128-12-12-12,4,20260128-12-13-14,1,674.0,1463
20260128-12-12-12,5,20260128-12-13-23,1,475.0,1463
20260128-12-12-12,6,20260128-12-13-32,1,876.0,1463
20260128-12-12-12,7,20260128-12-13-41,1,1003.0,1463
20260128-12-12-12,8,20260128-12-13-50,1,1128.0,1463
20260128-12-12-12,9,20260128-12-13-59,1,1388.0,1463
20260128-12-12-12,10,20260128-12-14-08,1,675.0,1463
20260128-12-12-12,11,20260128-12-14-17,1,783.0,1463
20260128-12-12-12,12,20260128-12-14-26,1,838.0,1463
20260128-12-12-12,13,20260128-12-14-35,0,1554.0,1463
20260128-12-12-12,14,20260128-12-14-43,1,821.0,1463
20260128-12-12-12,15,20260128-12-14-53,1,560.0,1463
20260128-12-12-12,16,20260128-12-15-01,1,909.0,1463
20260128-12-12-12,17,20260128-12-15-10,0,1565.0,1463
20260128-12-12-12,18,20260128-12-15-19,1,1126.0,1463
20260128-14-30-46,0,20260128-14-31-13,1,838.0,1463
20260128-14-30-46,1,20260128-14-31-22,0,1559.0,1463
20260128-14-30-46,2,20260128-14-31-31,1,736.0,1463
20260128-14-30-46,3,20260128-14-31-40,1,1156.0,1463
20260128-14-30-46,4,20260128-14-31-48,1,1170.0,1463
20260128-14-30-46,5,20260128-14-31-57,1,664.0,1463
20260128-14-30-46,6,20260128-14-32-06,1,812.0,1463
20260128-14-30-46,7,20260128-14-32-15,1,362.0,1463
20260128-14-30-46,8,20260128-14-32-24,1,1279.0,1463
20260128-14-30-46,9,20260128-14-32-33,1,1098.0,1463
20260128-14-30-46,10,20260128-14-32-42,1,761.0,1463
20260128-14-30-46,11,20260128-14-32-51,1,706.0,1463
20260128-14-30-46,12,20260128-14-33-00,1,1012.0,1463
20260128-14-30-46,13,20260128-14-33-09,0,1555.0,1463
20260128-14-30-46,14,20260128-14-33-17,1,1281.0,1463
20260128-14-30-46,15,20260128-14-33-27,1,533.0,1463
20260128-14-30-46,16,20260128-14-33-35,1,972.0,1463
20260128-14-30-46,17,20260128-14-33-44,0,1552.0,1463
20260128-14-30-46,18,20260128-14-33-53,1,874.0,1463
20260128-15-24-04,0,20260128-15-24-31,1,928.0,1463
20260128-15-24-04,1,20260128-15-24-40,0,1497.0,1463
20260128-15-24-04,2,20260128-15-24-49,1,1324.0,1463
20260128-15-24-04,3,20260128-15-24-58,1,1328.0,1463
20260128-15-24-04,4,20260128-15-25-06,1,470.0,1463
20260128-15-24-04,5,20260128-15-25-15,1,646.0,1463
20260128-15-24-04,6,20260128-15-25-24,1,894.0,1463
20260128-15-24-04,7,20260128-15-25-33,1,1078.0,1463
20260128-15-24-04,8,20260128-15-25-42,1,1228.0,1463
20260128-15-24-04,9,20260128-15-25-51,1,1433.0,1463
20260128-15-24-04,10,20260128-15-26-00,1,1042.0,1463
20260128-15-24-04,11,20260128-15-26-09,1,544.0,1463
20260128-15-24-04,12,20260128-15-26-18,1,526.0,1463
20260128-15-24-04,13,20260128-15-26-27,0,1554.0,1463
20260128-15-24-04,14,20260128-15-26-35,1,1035.0,1463
20260128-15-24-04,15,20260128-15-26-45,1,681.0,1463
20260128-15-24-04,16,20260128-15-26-53,1,911.0,1463
20260128-15-24-04,17,20260128-15-27-02,0,1584.0,1463
20260128-15-24-04,18,20260128-15-27-11,1,922.0,1463
20260128-15-45-23,0,20260128-15-45-50,1,1184.0,1463
20260128-15-45-23,1,20260128-15-45-59,0,1513.5,1463
20260128-15-45-23,2,20260128-15-46-08,1,1298.0,1463
20260128-15-45-23,3,20260128-15-46-17,1,1098.0,1463
20260128-15-45-23,4,20260128-15-46-25,1,987.0,1463
20260128-15-45-23,5,20260128-15-46-34,1,633.0,1463
20260128-15-45-23,6,20260128-15-46-43,1,1293.0,1463
20260128-15-45-23,7,20260128-15-46-52,1,1125.0,1463
20260128-15-45-23,8,20260128-15-47-01,1,1104.0,1463
20260128-15-45-23,9,20260128-15-47-10,1,1367.0,1463
20260128-15-45-23,10,20260128-15-47-19,1,655.0,1463
20260128-15-45-23,11,20260128-15-47-28,1,724.0,1463
20260128-15-45-23,12,20260128-15-47-37,1,874.0,1463
20260128-15-45-23,13,20260128-15-47-46,0,1588.0,1463
20260128-15-45-23,14,20260128-15-47-54,1,1226.0,1463
20260128-15-45-23,15,20260128-15-48-04,1,789.0,1463
20260128-15-45-23,16,20260128-15-48-12,1,915.0,1463
20260128-15-45-23,17,20260128-15-48-21,0,1491.0,1463
20260128-15-45-23,18,20260128-15-48-30,1,508.0,1463
20260128-16-38-41,0,20260128-16-39-08,1,430.0,1463
20260128-16-38-41,1,20260128-16-39-17,0,1530.0,1463
20260128-16-38-41,2,20260128-16-39-25,1,1335.0,1463
20260128-16-38-41,3,20260128-16-39-34,1,1327.0,1463
20260128-16-38-41,4,20260128-16-39-43,1,1137.0,1463
20260128-16-38-41,5,20260128-16-39-52,1,574.0,1463
20260128-16-38-41,6,20260128-16-40-01,1,1291.0,1463
20260128-16-38-41,7,20260128-16-40-10,1,1332.0,1463
20260128-16-38-41,8,20260128-16-40-19,1,1116.0,1463
20260128-16-38-41,9,20260128-16-40-28,1,1342.0,1463
20260128-16-38-41,10,20260128-16-40-37,1,604.0,1463
20260128-16-38-41,11,20260128-16-40-46,1,581.0,1463
20260128-16-38-41,12,20260128-16-40-55,1,1027.0,1463
20260128-16-38-41,13,20260128-16-41-04,0,1534.0,1463
20260128-16-38-41,14,20260128-16-41-12,1,312.0,1463
20260128-16-38-41,15,20260128-16-41-22,1,595.0,1463
20260128-16-38-41,16,20260128-16-41-30,1,739.0,1463
20260128-16-38-41,17,20260128-16-41-39,0,1521.0,1463
20260128-16-38-41,18,20260128-16-41-48,1,1226.0,1463
20260128-18-25-16,0,20260128-18-25-43,1,1321.0,1463
20260128-18-25-16,1,20260128-18-25-52,0,1506.0,1463
20260128-18-25-16,2,20260128-18-26-01,1,1346.0,1463
20260128-18-25-16,3,20260128-18-26-10,1,1325.0,1463
20260128-18-25-16,4,20260128-18-26-18,1,1338.0,1463
20260128-18-25-16,5,20260128-18-26-27,1,1282.0,1463
20260128-18-25-16,6,20260128-18-26-36,1,1285.0,1463
20260128-18-25-16,7,20260128-18-26-45,1,410.0,1463
20260128-18-25-16,8,20260128-18-26-54,1,953.0,1463
20260128-18-25-16,9,20260128-18-27-03,1,1312.0,1463
20260128-18-25-16,10,20260128-18-27-12,1,727.0,1463
20260128-18-25-16,11,20260128-18-27-21,1,771.0,1463
20260128-18-25-16,12,20260128-18-27-30,1,363.0,1463
20260128-18-25-16,13,20260128-18-27-39,0,1529.0,1463
20260128-18-25-16,14,20260128-18-27-47,1,279.0,1463
20260128-18-25-16,15,20260128-18-27-57,1,856.0,1463
20260128-18-25-16,16,20260128-18-28-05,1,629.0,1463
20260128-18-25-16,17,20260128-18-28-14,0,1529.0,1463
20260128-18-25-16,18,20260128-18-28-23,1,1144.0,1463
20260128-20-11-52,0,20260128-20-12-18,1,1319.0,1463
20260128-20-11-52,1,20260128-20-12-27,0,1525.0,1463
20260128-20-11-52,2,20260128-20-12-36,1,1346.0,1463
20260128-20-11-52,3,20260128-20-12-45,1,1319.0,1463
20260128-20-11-52,4,20260128-20-12-54,1,1309.0,1463
20260128-20-11-52,5,20260128-20-13-03,1,1311.0,1463
20260128-20-11-52,6,20260128-20-13-12,1,1307.0,1463
20260128-20-11-52,7,20260128-20-13-21,1,1301.0,1463
20260128-20-11-52,8,20260128-20-13-30,1,1053.0,1463
20260128-20-11-52,9,20260128-20-13-38,1,1327.0,1463
20260128-20-11-52,10,20260128-20-13-47,1,925.0,1463
20260128-20-11-52,11,20260128-20-13-56,1,1290.0,1463
20260128-20-11-52,12,20260128-20-14-05,1,1307.0,1463
20260128-20-11-52,13,20260128-20-14-14,0,1544.0,1463
20260128-20-11-52,14,20260128-20-14-23,1,273.0,1463
20260128-20-11-52,15,20260128-20-14-32,1,327.0,1463
20260128-20-11-52,16,20260128-20-14-41,1,1322.0,1463
20260128-20-11-52,17,20260128-20-14-50,0,1535.0,1463
20260128-20-11-52,18,20260128-20-14-58,1,1178.0,1463
20260128-21-15-49,0,20260128-21-16-15,1,1320.0,1463
20260128-21-15-49,1,20260128-21-16-24,0,1528.0,1463
20260128-21-15-49,2,20260128-21-16-33,1,1345.0,1463
20260128-21-15-49,3,20260128-21-16-42,1,1313.0,1463
20260128-21-15-49,4,20260128-21-16-51,1,1308.0,1463
20260128-21-15-49,5,20260128-21-17-00,1,1310.0,1463
20260128-21-15-49,6,20260128-21-17-09,1,1300.0,1463
20260128-21-15-49,7,20260128-21-17-18,1,1281.0,1463
20260128-21-15-49,8,20260128-21-17-27,1,694.0,1463
20260128-21-15-49,9,20260128-21-17-35,1,1359.0,1463
20260128-21-15-49,10,20260128-21-17-44,1,1296.0,1463
20260128-21-15-49,11,20260128-21-17-53,1,624.0,1463
20260128-21-15-49,12,20260128-21-18-02,1,1303.0,1463
20260128-21-15-49,13,20260128-21-18-11,0,1547.0,1463
20260128-21-15-49,14,20260128-21-18-20,1,1310.0,1463
20260128-21-15-49,15,20260128-21-18-29,1,1289.0,1463
20260128-21-15-49,16,20260128-21-18-38,1,1334.0,1463
20260128-21-15-49,17,20260128-21-18-47,0,1540.0,1463
20260128-21-15-49,18,20260128-21-18-55,1,1306.0,1463
20260128-21-26-28,0,20260128-21-26-55,1,1321.0,1463
20260128-21-26-28,1,20260128-21-27-04,0,1528.0,1463
20260128-21-26-28,2,20260128-21-27-13,1,1343.0,1463
20260128-21-26-28,3,20260128-21-27-22,1,1339.0,1463
20260128-21-26-28,4,20260128-21-27-30,1,843.0,1463
20260128-21-26-28,5,20260128-21-27-39,1,566.0,1463
20260128-21-26-28,6,20260128-21-27-48,1,1308.0,1463
20260128-21-26-28,7,20260128-21-27-57,1,1295.0,1463
20260128-21-26-28,8,20260128-21-28-06,1,547.0,1463
20260128-21-26-28,9,20260128-21-28-15,1,1320.0,1463
20260128-21-26-28,10,20260128-21-28-24,1,1297.0,1463
20260128-21-26-28,11,20260128-21-28-33,1,790.0,1463
20260128-21-26-28,12,20260128-21-28-42,1,1309.0,1463
20260128-21-26-28,13,20260128-21-28-51,0,1548.0,1463
20260128-21-26-28,14,20260128-21-28-59,1,1319.0,1463
20260128-21-26-28,15,20260128-21-29-09,1,1288.0,1463
20260128-21-26-28,16,20260128-21-29-17,1,1341.5,1463
20260128-21-26-28,17,20260128-21-29-26,0,1514.0,1463
20260128-21-26-28,18,20260128-21-29-35,1,1167.0,1463
20260128-21-47-47,0,20260128-21-48-14,1,1325.0,1463
20260128-21-47-47,1,20260128-21-48-23,0,1531.0,1463
20260128-21-47-47,2,20260128-21-48-32,1,1340.0,1463
20260128-21-47-47,3,20260128-21-48-41,1,1322.0,1463
20260128-21-47-47,4,20260128-21-48-49,1,1308.0,1463
20260128-21-47-47,5,20260128-21-48-58,1,438.0,1463
20260128-21-47-47,6,20260128-21-49-07,1,1304.0,1463
20260128-21-47-47,7,20260128-21-49-16,1,1287.0,1463
20260128-21-47-47,8,20260128-21-49-25,1,681.0,1463
20260128-21-47-47,9,20260128-21-49-34,1,356.0,1463
20260128-21-47-47,10,20260128-21-49-43,1,1287.0,1463
20260128-21-47-47,11,20260128-21-49-52,1,1315.0,1463
20260128-21-47-47,12,20260128-21-50-01,1,1312.0,1463
20260128-21-47-47,13,20260128-21-50-10,0,1540.0,1463
20260128-21-47-47,14,20260128-21-50-18,1,1353.0,1463
20260128-21-47-47,15,20260128-21-50-28,1,1289.0,1463
20260128-21-47-47,16,20260128-21-50-36,1,1323.0,1463
20260128-21-47-47,17,20260128-21-50-45,0,1520.0,1463
20260128-21-47-47,18,20260128-21-50-54,1,1208.0,1463
20260128-23-45-02,0,20260128-23-45-29,1,1343.0,1463
20260128-23-45-02,1,20260128-23-45-38,0,1537.0,1463
20260128-23-45-02,2,20260128-23-45-47,1,1350.0,1463
20260128-23-45-02,3,20260128-23-45-56,1,1324.0,1463
20260128-23-45-02,4,20260128-23-46-04,1,1304.0,1463
20260128-23-45-02,5,20260128-23-46-13,1,1316.0,1463
20260128-23-45-02,6,20260128-23-46-22,1,1307.0,1463
20260128-23-45-02,7,20260128-23-46-31,1,1297.0,1463
20260128-23-45-02,8,20260128-23-46-40,1,1295.0,1463
20260128-23-45-02,9,20260128-23-46-49,1,1298.0,1463
20260128-23-45-02,10,20260128-23-46-58,1,1291.0,1463
20260128-23-45-02,11,20260128-23-47-07,1,1372.0,1463
20260128-23-45-02,12,20260128-23-47-16,1,1360.0,1463
20260128-23-45-02,13,20260128-23-47-25,0,1565.0,1463
20260128-23-45-02,14,20260128-23-47-33,1,1355.0,1463
20260128-23-45-02,15,20260128-23-47-43,1,1318.0,1463
20260128-23-45-02,16,20260128-23-47-51,1,1336.0,1463
20260128-23-45-02,17,20260128-23-48-00,0,1539.0,1463
20260128-23-45-02,18,20260128-23-48-09,1,1235.0,1463
20260128-23-55-42,0,20260128-23-56-08,1,1343.0,1463
20260128-23-55-42,1,20260128-23-56-17,0,1537.0,1463
20260128-23-55-42,2,20260128-23-56-26,1,1351.0,1463
20260128-23-55-42,3,20260128-23-56-35,1,1320.0,1463
20260128-23-55-42,4,20260128-23-56-44,1,1309.0,1463
20260128-23-55-42,5,20260128-23-56-53,1,1314.0,1463
20260128-23-55-42,6,20260128-23-57-02,1,1318.0,1463
20260128-23-55-42,7,20260128-23-57-11,1,1295.0,1463
20260128-23-55-42,8,20260128-23-57-20,1,1282.0,1463
20260128-23-55-42,9,20260128-23-57-28,1,1294.0,1463
20260128-23-55-42,10,20260128-23-57-37,1,1293.0,1463
20260128-23-55-42,11,20260128-23-57-47,1,1300.0,1463
20260128-23-55-42,12,20260128-23-57-55,1,1367.0,1463
20260128-23-55-42,13,20260128-23-58-04,0,1564.0,1463
20260128-23-55-42,14,20260128-23-58-13,1,1393.0,1463
20260128-23-55-42,15,20260128-23-58-22,1,467.0,1463
20260128-23-55-42,16,20260128-23-58-31,1,1338.0,1463
20260128-23-55-42,17,20260128-23-58-40,0,1528.0,1463
20260128-23-55-42,18,20260128-23-58-48,1,1203.0,1463
20260129-06-19-25,0,20260129-06-19-52,1,1056.0,1463
20260129-06-19-25,1,20260129-06-20-01,0,1573.0,1463
20260129-06-19-25,2,20260129-06-20-09,1,1301.0,1463
20260129-06-19-25,3,20260129-06-20-18,1,1328.0,1463
20260129-06-19-25,4,20260129-06-20-27,1,1331.0,1463
20260129-06-19-25,5,20260129-06-20-36,1,1315.0,1463
20260129-06-19-25,6,20260129-06-20-45,1,307.0,1463
20260129-06-19-25,7,20260129-06-20-54,1,1008.0,1463
20260129-06-19-25,8,20260129-06-21-03,1,991.0,1463
20260129-06-19-25,9,20260129-06-21-12,1,1326.0,1463
20260129-06-19-25,10,20260129-06-21-21,1,1290.0,1463
20260129-06-19-25,11,20260129-06-21-30,1,1414.0,1463
20260129-06-19-25,12,20260129-06-21-39,1,841.0,1463
20260129-06-19-25,13,20260129-06-21-48,0,1557.0,1463
20260129-06-19-25,14,20260129-06-21-56,1,1341.0,1463
20260129-06-19-25,15,20260129-06-22-06,1,1434.0,1463
20260129-06-19-25,16,20260129-06-22-14,1,1271.0,1463
20260129-06-19-25,17,20260129-06-22-23,0,1535.0,1463
20260129-06-19-25,18,20260129-06-22-32,1,1116.0,1463
20260129-07-02-03,0,20260129-07-02-30,1,841.0,1463
20260129-07-02-03,1,20260129-07-02-39,0,1579.0,1463
20260129-07-02-03,2,20260129-07-02-48,1,1110.0,1463
20260129-07-02-03,3,20260129-07-02-57,1,1061.0,1463
20260129-07-02-03,4,20260129-07-03-05,1,720.0,1463
20260129-07-02-03,5,20260129-07-03-14,1,1199.0,1463
20260129-07-02-03,6,20260129-07-03-23,1,796.0,1463
20260129-07-02-03,7,20260129-07-03-32,1,814.0,1463
20260129-07-02-03,8,20260129-07-03-41,1,748.0,1463
20260129-07-02-03,9,20260129-07-03-50,1,871.0,1463
20260129-07-02-03,10,20260129-07-03-59,1,1423.0,1463
20260129-07-02-03,11,20260129-07-04-08,1,1284.0,1463
20260129-07-02-03,12,20260129-07-04-17,1,856.0,1463
20260129-07-02-03,13,20260129-07-04-26,0,1583.0,1463
20260129-07-02-03,14,20260129-07-04-34,1,1122.5,1463
20260129-07-02-03,15,20260129-07-04-44,1,1408.0,1463
20260129-07-02-03,16,20260129-07-04-52,1,963.0,1463
20260129-07-02-03,17,20260129-07-05-01,0,1596.0,1463
20260129-07-02-03,18,20260129-07-05-10,1,946.0,1463
20260129-08-06-01,0,20260129-08-06-27,1,1213.0,1463
20260129-08-06-01,1,20260129-08-06-36,0,1570.0,1463
20260129-08-06-01,2,20260129-08-06-45,1,1327.0,1463
20260129-08-06-01,3,20260129-08-06-54,1,1183.0,1463
20260129-08-06-01,4,20260129-08-07-03,1,1114.0,1463
20260129-08-06-01,5,20260129-08-07-12,1,1311.0,1463
20260129-08-06-01,6,20260129-08-07-21,1,1220.0,1463
20260129-08-06-01,7,20260129-08-07-30,1,943.0,1463
20260129-08-06-01,8,20260129-08-07-39,1,1018.0,1463
20260129-08-06-01,9,20260129-08-07-47,1,1293.0,1463
20260129-08-06-01,10,20260129-08-07-56,1,884.0,1463
20260129-08-06-01,11,20260129-08-08-05,1,1289.0,1463
20260129-08-06-01,12,20260129-08-08-14,1,1291.0,1463
20260129-08-06-01,13,20260129-08-08-23,0,1561.0,1463
20260129-08-06-01,14,20260129-08-08-32,1,1106.0,1463
20260129-08-06-01,15,20260129-08-08-41,1,628.0,1463
20260129-08-06-01,16,20260129-08-08-50,1,1207.0,1463
20260129-08-06-01,17,20260129-08-08-59,0,1543.0,1463
20260129-08-06-01,18,20260129-08-09-07,1,1117.0,1463
20260129-08-37-59,0,20260129-08-38-26,1,1171.0,1463
20260129-08-37-59,1,20260129-08-38-35,0,1582.0,1463
20260129-08-37-59,2,20260129-08-38-44,1,715.0,1463
20260129-08-37-59,3,20260129-08-38-53,1,1043.0,1463
20260129-08-37-59,4,20260129-08-39-01,1,321.0,1463
20260129-08-37-59,5,20260129-08-39-10,1,1209.0,1463
20260129-08-37-59,6,20260129-08-39-19,1,1233.0,1463
20260129-08-37-59,7,20260129-08-39-28,1,733.0,1463
20260129-08-37-59,8,20260129-08-39-37,1,921.0,1463
20260129-08-37-59,9,20260129-08-39-46,1,1401.0,1463
20260129-08-37-59,10,20260129-08-39-55,1,805.0,1463
20260129-08-37-59,11,20260129-08-40-04,1,1267.0,1463
20260129-08-37-59,12,20260129-08-40-13,1,957.0,1463
20260129-08-37-59,13,20260129-08-40-22,0,1580.0,1463
20260129-08-37-59,14,20260129-08-40-30,1,1253.0,1463
20260129-08-37-59,15,20260129-08-40-40,1,790.0,1463
20260129-08-37-59,16,20260129-08-40-48,1,944.0,1463
20260129-08-37-59,17,20260129-08-40-57,0,1515.0,1463
20260129-08-37-59,18,20260129-08-41-06,1,1114.0,1463
20260129-09-20-37,0,20260129-09-21-04,1,796.0,1463
20260129-09-20-37,1,20260129-09-21-13,0,1588.0,1463
20260129-09-20-37,2,20260129-09-21-22,1,1317.0,1463
20260129-09-20-37,3,20260129-09-21-31,1,1299.0,1463
20260129-09-20-37,4,20260129-09-21-39,1,965.0,1463
20260129-09-20-37,5,20260129-09-21-48,1,771.0,1463
20260129-09-20-37,6,20260129-09-21-57,1,1273.0,1463
20260129-09-20-37,7,20260129-09-22-06,1,708.0,1463
20260129-09-20-37,8,20260129-09-22-15,1,1103.0,1463
20260129-09-20-37,9,20260129-09-22-24,1,1287.0,1463
20260129-09-20-37,10,20260129-09-22-33,1,694.0,1463
20260129-09-20-37,11,20260129-09-22-42,1,533.0,1463
20260129-09-20-37,12,20260129-09-22-51,1,531.0,1463
20260129-09-20-37,13,20260129-09-23-00,0,1570.0,1463
20260129-09-20-37,14,20260129-09-23-08,1,813.0,1463
20260129-09-20-37,15,20260129-09-23-18,1,802.0,1463
20260129-09-20-37,16,20260129-09-23-26,1,959.0,1463
20260129-09-20-37,17,20260129-09-23-35,0,1577.0,1463
20260129-09-20-37,18,20260129-09-23-44,1,996.0,1463
20260129-10-03-16,0,20260129-10-03-42,1,807.0,1463
20260129-10-03-16,1,20260129-10-03-51,0,1580.0,1463
20260129-10-03-16,2,20260129-10-04-00,1,1244.0,1463
20260129-10-03-16,3,20260129-10-04-09,1,1118.0,1463
20260129-10-03-16,4,20260129-10-04-18,1,517.0,1463
20260129-10-03-16,5,20260129-10-04-27,1,465.0,1463
20260129-10-03-16,6,20260129-10-04-36,1,892.0,1463
20260129-10-03-16,7,20260129-10-04-45,1,729.0,1463
20260129-10-03-16,8,20260129-10-04-54,1,957.0,1463
20260129-10-03-16,9,20260129-10-05-02,1,1406.0,1463
20260129-10-03-16,10,20260129-10-05-11,1,595.0,1463
20260129-10-03-16,11,20260129-10-05-20,1,753.0,1463
20260129-10-03-16,12,20260129-10-05-29,1,950.0,1463
20260129-10-03-16,13,20260129-10-05-38,0,1582.0,1463
20260129-10-03-16,14,20260129-10-05-47,1,1268.0,1463
20260129-10-03-16,15,20260129-10-05-56,1,730.0,1463
20260129-10-03-16,16,20260129-10-06-05,1,942.0,1463
20260129-10-03-16,17,20260129-10-06-14,0,1557.0,1463
20260129-10-03-16,18,20260129-10-06-22,1,1082.0,1463
20260129-10-56-33,0,20260129-10-57-00,1,820.0,1463
20260129-10-56-33,1,20260129-10-57-09,0,1581.0,1463
20260129-10-56-33,2,20260129-10-57-18,1,1311.0,1463
20260129-10-56-33,3,20260129-10-57-27,1,1147.0,1463
20260129-10-56-33,4,20260129-10-57-35,1,1339.0,1463
20260129-10-56-33,5,20260129-10-57-44,1,893.0,1463
20260129-10-56-33,6,20260129-10-57-53,1,856.0,1463
20260129-10-56-33,7,20260129-10-58-02,1,672.0,1463
20260129-10-56-33,8,20260129-10-58-11,1,991.0,1463
20260129-10-56-33,9,20260129-10-58-20,1,1424.0,1463
20260129-10-56-33,10,20260129-10-58-29,1,629.0,1463
20260129-10-56-33,11,20260129-10-58-38,1,548.0,1463
20260129-10-56-33,12,20260129-10-58-47,1,933.0,1463
20260129-10-56-33,13,20260129-10-58-56,0,1575.0,1463
20260129-10-56-33,14,20260129-10-59-04,1,1106.0,1463
20260129-10-56-33,15,20260129-10-59-14,1,1325.0,1463
20260129-10-56-33,16,20260129-10-59-22,1,976.0,1463
20260129-10-56-33,17,20260129-10-59-31,0,1563.0,1463
20260129-10-56-33,18,20260129-10-59-40,1,1155.0,1463
20260129-12-00-31,0,20260129-12-00-57,1,1110.0,1463
20260129-12-00-31,1,20260129-12-01-06,0,1577.0,1463
20260129-12-00-31,2,20260129-12-01-15,1,1305.0,1463
20260129-12-00-31,3,20260129-12-01-24,1,1153.0,1463
20260129-12-00-31,4,20260129-12-01-33,1,723.0,1463
20260129-12-00-31,5,20260129-12-01-42,1,503.0,1463
20260129-12-00-31,6,20260129-12-01-50,1,769.0,1463
20260129-12-00-31,7,20260129-12-01-59,1,451.0,1463
20260129-12-00-31,8,20260129-12-02-08,1,933.0,1463
20260129-12-00-31,9,20260129-12-02-17,1,1340.0,1463
20260129-12-00-31,10,20260129-12-02-26,1,608.0,1463
20260129-12-00-31,11,20260129-12-02-35,1,648.0,1463
20260129-12-00-31,12,20260129-12-02-44,1,953.0,1463
20260129-12-00-31,13,20260129-12-02-53,0,1553.0,1463
20260129-12-00-31,14,20260129-12-03-01,1,1109.0,1463
20260129-12-00-31,15,20260129-12-03-11,1,1199.0,1463
20260129-12-00-31,16,20260129-12-03-19,1,781.0,1463
20260129-12-00-31,17,20260129-12-03-29,0,1565.0,1463
20260129-12-00-31,18,20260129-12-03-37,1,1037.0,1463
20260129-13-48-07,0,20260129-13-48-34,1,931.0,1463
20260129-13-48-07,1,20260129-13-48-43,0,1568.0,1463
20260129-13-48-07,2,20260129-13-48-52,1,1313.0,1463
20260129-13-48-07,3,20260129-13-49-01,1,1342.0,1463
20260129-13-48-07,4,20260129-13-49-09,1,1315.0,1463
20260129-13-48-07,5,20260129-13-49-18,1,747.0,1463
20260129-13-48-07,6,20260129-13-49-27,1,819.0,1463
20260129-13-48-07,7,20260129-13-49-36,1,684.0,1463
20260129-13-48-07,8,20260129-13-49-45,1,948.0,1463
20260129-13-48-07,9,20260129-13-49-54,1,1408.0,1463
20260129-13-48-07,10,20260129-13-50-03,1,463.0,1463
20260129-13-48-07,11,20260129-13-50-12,1,538.0,1463
20260129-13-48-07,12,20260129-13-50-21,1,910.0,1463
20260129-13-48-07,13,20260129-13-50-30,0,1569.0,1463
20260129-13-48-07,14,20260129-13-50-38,1,1138.0,1463
20260129-13-48-07,15,20260129-13-50-48,1,1426.0,1463
20260129-13-48-07,16,20260129-13-50-56,1,852.0,1463
20260129-13-48-07,17,20260129-13-51-05,0,1539.0,1463
20260129-13-48-07,18,20260129-13-51-14,1,1029.0,1463
20260129-14-30-46,0,20260129-14-31-12,1,1087.0,1463
20260129-14-30-46,1,20260129-14-31-21,0,1576.0,1463
20260129-14-30-46,2,20260129-14-31-30,1,1146.0,1463
20260129-14-30-46,3,20260129-14-31-39,1,1162.0,1463
20260129-14-30-46,4,20260129-14-31-48,1,1011.0,1463
20260129-14-30-46,5,20260129-14-31-57,1,603.0,1463
20260129-14-30-46,6,20260129-14-32-06,1,1050.0,1463
20260129-14-30-46,7,20260129-14-32-15,1,832.0,1463
20260129-14-30-46,8,20260129-14-32-24,1,942.0,1463
20260129-14-30-46,9,20260129-14-32-32,1,1306.0,1463
20260129-14-30-46,10,20260129-14-32-41,1,632.0,1463
20260129-14-30-46,11,20260129-14-32-50,1,548.0,1463
20260129-14-30-46,12,20260129-14-32-59,1,974.0,1463
20260129-14-30-46,13,20260129-14-33-08,0,1527.0,1463
20260129-14-30-46,14,20260129-14-33-17,1,849.0,1463
20260129-14-30-46,15,20260129-14-33-26,1,910.0,1463
20260129-14-30-46,16,20260129-14-33-35,1,969.0,1463
20260129-14-30-46,17,20260129-14-33-44,0,1516.0,1463
20260129-14-30-46,18,20260129-14-33-52,1,1245.0,1463
20260129-17-21-18,0,20260129-17-21-45,1,1329.0,1463
20260129-17-21-18,1,20260129-17-21-54,0,1492.0,1463
20260129-17-21-18,2,20260129-17-22-03,1,1093.0,1463
20260129-17-21-18,3,20260129-17-22-12,1,1334.0,1463
20260129-17-21-18,4,20260129-17-22-20,1,1338.0,1463
20260129-17-21-18,5,20260129-17-22-29,1,723.0,1463
20260129-17-21-18,6,20260129-17-22-38,1,987.0,1463
20260129-17-21-18,7,20260129-17-22-47,1,608.0,1463
20260129-17-21-18,8,20260129-17-22-56,1,1280.0,1463
20260129-17-21-18,9,20260129-17-23-05,1,1412.0,1463
20260129-17-21-18,10,20260129-17-23-14,1,1284.0,1463
20260129-17-21-18,11,20260129-17-23-23,1,860.0,1463
20260129-17-21-18,12,20260129-17-23-32,1,918.0,1463
20260129-17-21-18,13,20260129-17-23-41,0,1553.0,1463
20260129-17-21-18,14,20260129-17-23-49,1,1074.0,1463
20260129-17-21-18,15,20260129-17-23-59,1,740.0,1463
20260129-17-21-18,16,20260129-17-24-07,1,927.0,1463
20260129-17-21-18,17,20260129-17-24-16,0,1541.0,1463
20260129-17-21-18,18,20260129-17-24-25,1,1229.0,1463
20260129-18-25-15,0,20260129-18-25-42,1,1330.0,1463
20260129-18-25-15,1,20260129-18-25-51,0,1531.0,1463
20260129-18-25-15,2,20260129-18-26-00,1,983.0,1463
20260129-18-25-15,3,20260129-18-26-09,1,1100.0,1463
20260129-18-25-15,4,20260129-18-26-17,1,1354.0,1463
20260129-18-25-15,5,20260129-18-26-26,1,1292.0,1463
20260129-18-25-15,6,20260129-18-26-35,1,1295.0,1463
20260129-18-25-15,7,20260129-18-26-44,1,1291.0,1463
20260129-18-25-15,8,20260129-18-26-53,1,565.0,1463
20260129-18-25-15,9,20260129-18-27-02,1,1417.0,1463
20260129-18-25-15,10,20260129-18-27-11,1,737.0,1463
20260129-18-25-15,11,20260129-18-27-20,1,713.0,1463
20260129-18-25-15,12,20260129-18-27-29,1,1305.0,1463
20260129-18-25-15,13,20260129-18-27-38,0,1568.0,1463
20260129-18-25-15,14,20260129-18-27-46,1,932.0,1463
20260129-18-25-15,15,20260129-18-27-56,1,1361.0,1463
20260129-18-25-15,16,20260129-18-28-04,1,622.0,1463
20260129-18-25-15,17,20260129-18-28-13,0,1550.0,1463
20260129-18-25-15,18,20260129-18-28-22,1,664.0,1463
20260129-18-46-34,0,20260129-18-47-01,1,1331.0,1463
20260129-18-46-34,1,20260129-18-47-10,0,1535.0,1463
20260129-18-46-34,2,20260129-18-47-19,1,821.0,1463
20260129-18-46-34,3,20260129-18-47-28,1,1322.0,1463
20260129-18-46-34,4,20260129-18-47-36,1,1295.0,1463
20260129-18-46-34,5,20260129-18-47-45,1,751.0,1463
20260129-18-46-34,6,20260129-18-47-54,1,1299.0,1463
20260129-18-46-34,7,20260129-18-48-03,1,1299.0,1463
20260129-18-46-34,8,20260129-18-48-12,1,1016.0,1463
20260129-18-46-34,9,20260129-18-48-21,1,1456.0,1463
20260129-18-46-34,10,20260129-18-48-30,1,648.0,1463
20260129-18-46-34,11,20260129-18-48-39,1,895.0,1463
20260129-18-46-34,12,20260129-18-48-48,1,1299.0,1463
20260129-18-46-34,13,20260129-18-48-57,0,1544.0,1463
20260129-18-46-34,14,20260129-18-49-05,1,1299.0,1463
20260129-18-46-34,15,20260129-18-49-15,1,1367.0,1463
20260129-18-46-34,16,20260129-18-49-23,1,926.0,1463
20260129-18-46-34,17,20260129-18-49-32,0,1544.0,1463
20260129-18-46-34,18,20260129-18-49-41,1,981.0,1463
20260129-20-11-51,0,20260129-20-12-17,1,1328.0,1463
20260129-20-11-51,1,20260129-20-12-26,0,1480.0,1463
20260129-20-11-51,2,20260129-20-12-35,1,1322.0,1463
20260129-20-11-51,3,20260129-20-12-44,1,1309.0,1463
20260129-20-11-51,4,20260129-20-12-53,1,1332.0,1463
20260129-20-11-51,5,20260129-20-13-02,1,1295.0,1463
20260129-20-11-51,6,20260129-20-13-11,1,1303.0,1463
20260129-20-11-51,7,20260129-20-13-20,1,1291.0,1463
20260129-20-11-51,8,20260129-20-13-29,1,752.0,1463
20260129-20-11-51,9,20260129-20-13-37,1,1420.0,1463
20260129-20-11-51,10,20260129-20-13-46,1,686.0,1463
20260129-20-11-51,11,20260129-20-13-56,1,769.0,1463
20260129-20-11-51,12,20260129-20-14-04,1,1304.0,1463
20260129-20-11-51,13,20260129-20-14-13,0,1556.0,1463
20260129-20-11-51,14,20260129-20-14-22,1,297.0,1463
20260129-20-11-51,15,20260129-20-14-31,1,310.0,1463
20260129-20-11-51,16,20260129-20-14-40,1,1330.0,1463
20260129-20-11-51,17,20260129-20-14-49,0,1587.0,1463
20260129-20-11-51,18,20260129-20-14-57,1,1093.0,1463
20260129-21-15-48,0,20260129-21-16-15,1,1334.0,1463
20260129-21-15-48,1,20260129-21-16-24,0,1509.0,1463
20260129-21-15-48,2,20260129-21-16-33,1,1336.0,1463
20260129-21-15-48,3,20260129-21-16-42,1,1320.0,1463
20260129-21-15-48,4,20260129-21-16-50,1,1306.0,1463
20260129-21-15-48,5,20260129-21-16-59,1,1325.0,1463
20260129-21-15-48,6,20260129-21-17-08,1,1300.0,1463
20260129-21-15-48,7,20260129-21-17-17,1,1284.0,1463
20260129-21-15-48,8,20260129-21-17-26,1,1078.0,1463
20260129-21-15-48,9,20260129-21-17-35,1,1321.0,1463
20260129-21-15-48,10,20260129-21-17-44,1,1291.0,1463
20260129-21-15-48,11,20260129-21-17-53,1,1361.0,1463
20260129-21-15-48,12,20260129-21-18-02,1,1300.0,1463
20260129-21-15-48,13,20260129-21-18-11,0,1541.0,1463
20260129-21-15-48,14,20260129-21-18-19,1,1314.0,1463
20260129-21-15-48,15,20260129-21-18-29,1,1293.0,1463
20260129-21-15-48,16,20260129-21-18-37,1,1309.0,1463
20260129-21-15-48,17,20260129-21-18-46,0,1521.0,1463
20260129-21-15-48,18,20260129-21-18-55,1,1168.0,1463
20260130-02-03-36,0,20260130-02-04-02,1,1333.0,1463
20260130-02-03-36,1,20260130-02-04-11,0,1526.0,1463
20260130-02-03-36,2,20260130-02-04-20,1,1347.0,1463
20260130-02-03-36,3,20260130-02-04-29,1,1331.0,1463
20260130-02-03-36,4,20260130-02-04-38,1,1311.0,1463
20260130-02-03-36,5,20260130-02-04-47,1,1313.0,1463
20260130-02-03-36,6,20260130-02-04-56,1,1302.0,1463
20260130-02-03-36,7,20260130-02-05-05,1,1291.0,1463
20260130-02-03-36,8,20260130-02-05-14,1,1312.0,1463
20260130-02-03-36,9,20260130-02-05-22,1,1298.0,1463
20260130-02-03-36,10,20260130-02-05-31,1,1368.0,1463
20260130-02-03-36,11,20260130-02-05-41,1,1389.0,1463
20260130-02-03-36,12,20260130-02-05-49,1,1300.0,1463
20260130-02-03-36,13,20260130-02-05-58,0,1544.0,1463
20260130-02-03-36,14,20260130-02-06-07,1,1334.0,1463
20260130-02-03-36,15,20260130-02-06-16,1,1320.0,1463
20260130-02-03-36,16,20260130-02-06-25,1,1324.0,1463
20260130-02-03-36,17,20260130-02-06-34,0,1536.0,1463
20260130-02-03-36,18,20260130-02-06-42,1,1179.0,1463
20260130-02-35-34,0,20260130-02-36-01,1,1329.0,1463
20260130-02-35-34,1,20260130-02-36-10,0,1521.0,1463
20260130-02-35-34,2,20260130-02-36-19,1,1336.0,1463
20260130-02-35-34,3,20260130-02-36-28,1,1331.0,1463
20260130-02-35-34,4,20260130-02-36-36,1,1305.0,1463
20260130-02-35-34,5,20260130-02-36-45,1,1310.0,1463
20260130-02-35-34,6,20260130-02-36-54,1,1305.0,1463
20260130-02-35-34,7,20260130-02-37-03,1,1294.0,1463
20260130-02-35-34,8,20260130-02-37-12,1,1313.0,1463
20260130-02-35-34,9,20260130-02-37-21,1,1297.0,1463
20260130-02-35-34,10,20260130-02-37-30,1,1337.0,1463
20260130-02-35-34,11,20260130-02-37-39,1,1387.0,1463
20260130-02-35-34,12,20260130-02-37-48,1,1300.0,1463
20260130-02-35-34,13,20260130-02-37-57,0,1550.0,1463
20260130-02-35-34,14,20260130-02-38-05,1,1332.0,1463
20260130-02-35-34,15,20260130-02-38-15,1,1295.0,1463
20260130-02-35-34,16,20260130-02-38-23,1,1314.0,1463
20260130-02-35-34,17,20260130-02-38-32,0,1527.0,1463
20260130-02-35-34,18,20260130-02-38-41,1,1313.0,1463
20260130-03-18-13,0,20260130-03-18-39,1,1325.0,1463
20260130-03-18-13,1,20260130-03-18-48,0,1522.0,1463
20260130-03-18-13,2,20260130-03-18-57,1,1331.0,1463
20260130-03-18-13,3,20260130-03-19-06,1,1328.0,1463
20260130-03-18-13,4,20260130-03-19-15,1,1316.0,1463
20260130-03-18-13,5,20260130-03-19-24,1,1316.0,1463
20260130-03-18-13,6,20260130-03-19-32,1,1302.0,1463
20260130-03-18-13,7,20260130-03-19-41,1,1291.0,1463
20260130-03-18-13,8,20260130-03-19-50,1,1309.0,1463
20260130-03-18-13,9,20260130-03-19-59,1,1291.0,1463
20260130-03-18-13,10,20260130-03-20-08,1,1342.0,1463
20260130-03-18-13,11,20260130-03-20-17,1,1377.0,1463
20260130-03-18-13,12,20260130-03-20-26,1,1309.0,1463
20260130-03-18-13,13,20260130-03-20-35,0,1551.0,1463
20260130-03-18-13,14,20260130-03-20-44,1,1341.0,1463
20260130-03-18-13,15,20260130-03-20-53,1,1297.0,1463
20260130-03-18-13,16,20260130-03-21-02,1,1337.0,1463
20260130-03-18-13,17,20260130-03-21-11,0,1531.0,1463
20260130-03-18-13,18,20260130-03-21-19,1,1231.0,1463
20260130-03-39-32,0,20260130-03-39-58,1,1325.0,1463
20260130-03-39-32,1,20260130-03-40-07,0,1529.0,1463
20260130-03-39-32,2,20260130-03-40-16,1,1333.0,1463
20260130-03-39-32,3,20260130-03-40-25,1,1325.0,1463
20260130-03-39-32,4,20260130-03-40-34,1,1320.0,1463
20260130-03-39-32,5,20260130-03-40-43,1,1314.0,1463
20260130-03-39-32,6,20260130-03-40-52,1,1300.0,1463
20260130-03-39-32,7,20260130-03-41-01,1,1295.0,1463
20260130-03-39-32,8,20260130-03-41-10,1,1312.0,1463
20260130-03-39-32,9,20260130-03-41-18,1,1290.0,1463
20260130-03-39-32,10,20260130-03-41-27,1,1300.0,1463
20260130-03-39-32,11,20260130-03-41-36,1,1349.0,1463
20260130-03-39-32,12,20260130-03-41-45,1,1301.0,1463
20260130-03-39-32,13,20260130-03-41-54,0,1544.0,1463
20260130-03-39-32,14,20260130-03-42-03,1,1334.0,1463
20260130-03-39-32,15,20260130-03-42-12,1,1295.0,1463
20260130-03-39-32,16,20260130-03-42-21,1,1333.0,1463
20260130-03-39-32,17,20260130-03-42-30,0,1531.0,1463
20260130-03-39-32,18,20260130-03-42-38,1,1248.0,1463
20260130-04-11-30,0,20260130-04-11-57,1,1328.0,1463
20260130-04-11-30,1,20260130-04-12-06,0,1529.0,1463
20260130-04-11-30,2,20260130-04-12-14,1,1335.0,1463
20260130-04-11-30,3,20260130-04-12-23,1,1331.0,1463
20260130-04-11-30,4,20260130-04-12-32,1,1315.0,1463
20260130-04-11-30,5,20260130-04-12-41,1,1315.0,1463
20260130-04-11-30,6,20260130-04-12-50,1,1312.0,1463
20260130-04-11-30,7,20260130-04-12-59,1,1311.0,1463
20260130-04-11-30,8,20260130-04-13-08,1,1315.0,1463
20260130-04-11-30,9,20260130-04-13-17,1,1298.0,1463
20260130-04-11-30,10,20260130-04-13-26,1,1295.0,1463
20260130-04-11-30,11,20260130-04-13-35,1,1353.0,1463
20260130-04-11-30,12,20260130-04-13-44,1,602.0,1463
20260130-04-11-30,13,20260130-04-13-53,0,1548.0,1463
20260130-04-11-30,14,20260130-04-14-01,1,1322.0,1463
20260130-04-11-30,15,20260130-04-14-11,1,1397.0,1463
20260130-04-11-30,16,20260130-04-14-19,1,1330.0,1463
20260130-04-11-30,17,20260130-04-14-28,0,1528.0,1463
20260130-04-11-30,18,20260130-04-14-37,1,1257.0,1463
20260130-05-04-48,0,20260130-05-05-14,1,1340.0,1463
20260130-05-04-48,1,20260130-05-05-23,0,1529.0,1463
20260130-05-04-48,2,20260130-05-05-32,1,1328.0,1463
20260130-05-04-48,3,20260130-05-05-41,1,1334.0,1463
20260130-05-04-48,4,20260130-05-05-50,1,1335.0,1463
20260130-05-04-48,5,20260130-05-05-59,1,1311.0,1463
20260130-05-04-48,6,20260130-05-06-08,1,1301.0,1463
20260130-05-04-48,7,20260130-05-06-17,1,1319.0,1463
20260130-05-04-48,8,20260130-05-06-26,1,1336.0,1463
20260130-05-04-48,9,20260130-05-06-34,1,1302.0,1463
20260130-05-04-48,10,20260130-05-06-43,1,1293.0,1463
20260130-05-04-48,11,20260130-05-06-53,1,1332.0,1463
20260130-05-04-48,12,20260130-05-07-01,1,1316.0,1463
20260130-05-04-48,13,20260130-05-07-10,0,1547.0,1463
20260130-05-04-48,14,20260130-05-07-19,1,1335.0,1463
20260130-05-04-48,15,20260130-05-07-28,1,1332.0,1463
20260130-05-04-48,16,20260130-05-07-37,1,1342.0,1463
20260130-05-04-48,17,20260130-05-07-46,0,1535.0,1463
20260130-05-04-48,18,20260130-05-07-54,1,1353.0,1463
20260130-05-58-06,0,20260130-05-58-32,1,1231.0,1463
20260130-05-58-06,1,20260130-05-58-41,0,1528.0,1463
20260130-05-58-06,2,20260130-05-58-50,1,1336.0,1463
20260130-05-58-06,3,20260130-05-58-59,1,1342.0,1463
20260130-05-58-06,4,20260130-05-59-08,1,1329.0,1463
20260130-05-58-06,5,20260130-05-59-17,1,449.0,1463
20260130-05-58-06,6,20260130-05-59-26,1,360.0,1463
20260130-05-58-06,7,20260130-05-59-35,1,741.0,1463
20260130-05-58-06,8,20260130-05-59-44,1,995.0,1463
20260130-05-58-06,9,20260130-05-59-52,1,1311.0,1463
20260130-05-58-06,10,20260130-06-00-01,1,1324.0,1463
20260130-05-58-06,11,20260130-06-00-10,1,1394.0,1463
20260130-05-58-06,12,20260130-06-00-19,1,1332.0,1463
20260130-05-58-06,13,20260130-06-00-28,0,1548.0,1463
20260130-05-58-06,14,20260130-06-00-37,1,1350.0,1463
20260130-05-58-06,15,20260130-06-00-46,1,1445.0,1463
20260130-05-58-06,16,20260130-06-00-55,1,1022.0,1463
20260130-05-58-06,17,20260130-06-01-04,0,1543.0,1463
20260130-05-58-06,18,20260130-06-01-12,1,1365.0,1463
20260130-06-19-25,0,20260130-06-19-51,1,1304.0,1463
20260130-06-19-25,1,20260130-06-20-00,0,1523.0,1463
20260130-06-19-25,2,20260130-06-20-09,1,1331.0,1463
20260130-06-19-25,3,20260130-06-20-18,1,1343.0,1463
20260130-06-19-25,4,20260130-06-20-27,1,1319.0,1463
20260130-06-19-25,5,20260130-06-20-36,1,1134.0,1463
20260130-06-19-25,6,20260130-06-20-45,1,542.0,1463
20260130-06-19-25,7,20260130-06-20-54,1,663.0,1463
20260130-06-19-25,8,20260130-06-21-03,1,939.0,1463
20260130-06-19-25,9,20260130-06-21-11,1,1414.0,1463
20260130-06-19-25,10,20260130-06-21-20,1,747.0,1463
20260130-06-19-25,11,20260130-06-21-29,1,823.0,1463
20260130-06-19-25,12,20260130-06-21-38,1,933.0,1463
20260130-06-19-25,13,20260130-06-21-47,0,1565.0,1463
20260130-06-19-25,14,20260130-06-21-56,1,1351.0,1463
20260130-06-19-25,15,20260130-06-22-05,1,1383.0,1463
20260130-06-19-25,16,20260130-06-22-14,1,904.0,1463
20260130-06-19-25,17,20260130-06-22-23,0,1536.0,1463
20260130-06-19-25,18,20260130-06-22-31,1,414.0,1463
20260130-06-40-44,0,20260130-06-41-10,1,1298.0,1463
20260130-06-40-44,1,20260130-06-41-19,0,1580.0,1463
20260130-06-40-44,2,20260130-06-41-28,1,1310.0,1463
20260130-06-40-44,3,20260130-06-41-37,1,1230.0,1463
20260130-06-40-44,4,20260130-06-41-46,1,801.0,1463
20260130-06-40-44,5,20260130-06-41-55,1,1270.0,1463
20260130-06-40-44,6,20260130-06-42-04,1,516.0,1463
20260130-06-40-44,7,20260130-06-42-13,1,850.0,1463
20260130-06-40-44,8,20260130-06-42-22,1,815.0,1463
20260130-06-40-44,9,20260130-06-42-30,1,1433.0,1463
20260130-06-40-44,10,20260130-06-42-39,1,788.0,1463
20260130-06-40-44,11,20260130-06-42-49,1,919.0,1463
20260130-06-40-44,12,20260130-06-42-57,1,919.0,1463
20260130-06-40-44,13,20260130-06-43-06,0,1547.0,1463
20260130-06-40-44,14,20260130-06-43-15,1,1322.0,1463
20260130-06-40-44,15,20260130-06-43-24,1,1433.0,1463
20260130-06-40-44,16,20260130-06-43-33,1,1067.0,1463
20260130-06-40-44,17,20260130-06-43-42,0,1578.0,1463
20260130-06-40-44,18,20260130-06-43-50,1,606.0,1463
20260130-07-02-03,0,20260130-07-02-29,1,783.0,1463
20260130-07-02-03,1,20260130-07-02-38,0,1581.0,1463
20260130-07-02-03,2,20260130-07-02-47,1,1117.0,1463
20260130-07-02-03,3,20260130-07-02-56,1,1144.0,1463
20260130-07-02-03,4,20260130-07-03-05,1,302.0,1463
20260130-07-02-03,5,20260130-07-03-14,1,1166.0,1463
20260130-07-02-03,6,20260130-07-03-23,1,1205.0,1463
20260130-07-02-03,7,20260130-07-03-32,1,699.0,1463
20260130-07-02-03,8,20260130-07-03-41,1,1305.0,1463
20260130-07-02-03,9,20260130-07-03-50,1,1430.0,1463
20260130-07-02-03,10,20260130-07-03-58,1,868.0,1463
20260130-07-02-03,11,20260130-07-04-08,1,529.0,1463
20260130-07-02-03,12,20260130-07-04-16,1,810.0,1463
20260130-07-02-03,13,20260130-07-04-25,0,1555.0,1463
20260130-07-02-03,14,20260130-07-04-34,1,1281.0,1463
20260130-07-02-03,15,20260130-07-04-43,1,714.0,1463
20260130-07-02-03,16,20260130-07-04-52,1,924.0,1463
20260130-07-02-03,17,20260130-07-05-01,0,1579.0,1463
20260130-07-02-03,18,20260130-07-05-09,1,861.0,1463
20260130-07-12-43,0,20260130-07-13-09,1,879.0,1463
20260130-07-12-43,1,20260130-07-13-18,0,1575.0,1463
20260130-07-12-43,2,20260130-07-13-27,1,1308.0,1463
20260130-07-12-43,3,20260130-07-13-36,1,1291.0,1463
20260130-07-12-43,4,20260130-07-13-45,1,1332.0,1463
20260130-07-12-43,5,20260130-07-13-54,1,1308.0,1463
20260130-07-12-43,6,20260130-07-14-02,1,1062.0,1463
20260130-07-12-43,7,20260130-07-14-11,1,939.0,1463
20260130-07-12-43,8,20260130-07-14-20,1,749.0,1463
20260130-07-12-43,9,20260130-07-14-29,1,1426.0,1463
20260130-07-12-43,10,20260130-07-14-38,1,1088.0,1463
20260130-07-12-43,11,20260130-07-14-47,1,623.0,1463
20260130-07-12-43,12,20260130-07-14-56,1,1005.0,1463
20260130-07-12-43,13,20260130-07-15-05,0,1583.0,1463
20260130-07-12-43,14,20260130-07-15-14,1,1012.0,1463
20260130-07-12-43,15,20260130-07-15-23,1,1407.0,1463
20260130-07-12-43,16,20260130-07-15-32,1,937.0,1463
20260130-07-12-43,17,20260130-07-15-41,0,1584.0,1463
20260130-07-12-43,18,20260130-07-15-49,1,893.0,1463
20260130-07-34-02,0,20260130-07-34-28,1,1088.0,1463
20260130-07-34-02,1,20260130-07-34-37,0,1580.0,1463
20260130-07-34-02,2,20260130-07-34-46,1,935.0,1463
20260130-07-34-02,3,20260130-07-34-55,1,612.0,1463
20260130-07-34-02,4,20260130-07-35-04,1,1329.0,1463
20260130-07-34-02,5,20260130-07-35-13,1,1371.0,1463
20260130-07-34-02,6,20260130-07-35-22,1,1243.0,1463
20260130-07-34-02,7,20260130-07-35-31,1,892.0,1463
20260130-07-34-02,8,20260130-07-35-40,1,1304.0,1463
20260130-07-34-02,9,20260130-07-35-48,1,1408.0,1463
20260130-07-34-02,10,20260130-07-35-57,1,1262.0,1463
20260130-07-34-02,11,20260130-07-36-06,1,1277.0,1463
20260130-07-34-02,12,20260130-07-36-15,1,775.0,1463
20260130-07-34-02,13,20260130-07-36-24,0,1529.0,1463
20260130-07-34-02,14,20260130-07-36-33,1,1251.0,1463
20260130-07-34-02,15,20260130-07-36-42,1,774.0,1463
20260130-07-34-02,16,20260130-07-36-51,1,911.0,1463
20260130-07-34-02,17,20260130-07-37-00,0,1574.0,1463
20260130-07-34-02,18,20260130-07-37-08,1,788.0,1463
20260130-08-06-00,0,20260130-08-06-27,1,1063.0,1463
20260130-08-06-00,1,20260130-08-06-36,0,1574.0,1463
20260130-08-06-00,2,20260130-08-06-45,1,1250.0,1463
20260130-08-06-00,3,20260130-08-06-54,1,1103.0,1463
20260130-08-06-00,4,20260130-08-07-02,1,1200.0,1463
20260130-08-06-00,5,20260130-08-07-11,1,1319.0,1463
20260130-08-06-00,6,20260130-08-07-20,1,1251.0,1463
20260130-08-06-00,7,20260130-08-07-29,1,1093.0,1463
20260130-08-06-00,8,20260130-08-07-38,1,788.0,1463
20260130-08-06-00,9,20260130-08-07-47,1,1418.0,1463
20260130-08-06-00,10,20260130-08-07-56,1,854.0,1463
20260130-08-06-00,11,20260130-08-08-05,1,1257.0,1463
20260130-08-06-00,12,20260130-08-08-14,1,684.0,1463
20260130-08-06-00,13,20260130-08-08-23,0,1551.0,1463
20260130-08-06-00,14,20260130-08-08-31,1,1240.0,1463
20260130-08-06-00,15,20260130-08-08-41,1,944.0,1463
20260130-08-06-00,16,20260130-08-08-49,1,1027.0,1463
20260130-08-06-00,17,20260130-08-08-58,0,1527.0,1463
20260130-08-06-00,18,20260130-08-09-07,1,1029.0,1463
20260130-08-16-40,0,20260130-08-17-06,1,1132.0,1463
20260130-08-16-40,1,20260130-08-17-15,0,1570.0,1463
20260130-08-16-40,2,20260130-08-17-24,1,814.0,1463
20260130-08-16-40,3,20260130-08-17-33,1,975.0,1463
20260130-08-16-40,4,20260130-08-17-42,1,855.0,1463
20260130-08-16-40,5,20260130-08-17-51,1,1291.0,1463
20260130-08-16-40,6,20260130-08-18-00,1,1270.0,1463
20260130-08-16-40,7,20260130-08-18-09,1,714.0,1463
20260130-08-16-40,8,20260130-08-18-18,1,1306.0,1463
20260130-08-16-40,9,20260130-08-18-27,1,1461.0,1463
20260130-08-16-40,10,20260130-08-18-36,1,596.0,1463
20260130-08-16-40,11,20260130-08-18-45,1,1305.0,1463
20260130-08-16-40,12,20260130-08-18-53,1,1286.0,1463
20260130-08-16-40,13,20260130-08-19-02,0,1545.0,1463
20260130-08-16-40,14,20260130-08-19-11,1,862.0,1463
20260130-08-16-40,15,20260130-08-19-20,1,890.0,1463
20260130-08-16-40,16,20260130-08-19-29,1,971.0,1463
20260130-08-16-40,17,20260130-08-19-38,0,1565.0,1463
20260130-08-16-40,18,20260130-08-19-46,1,1135.0,1463
20260130-10-50-22,0,20260130-10-50-49,1,796.0,1463
20260130-10-50-22,1,20260130-10-50-58,0,1562.0,1463
20260130-10-50-22,2,20260130-10-51-06,1,1296.0,1463
20260130-10-50-22,3,20260130-10-51-15,1,862.0,1463
20260130-10-50-22,4,20260130-10-51-24,1,785.0,1463
20260130-10-50-22,5,20260130-10-51-33,1,431.0,1463
20260130-10-50-22,6,20260130-10-51-42,1,679.0,1463
20260130-10-50-22,7,20260130-10-51-51,1,635.0,1463
20260130-10-50-22,8,20260130-10-52-00,1,868.0,1463
20260130-10-50-22,9,20260130-10-52-09,1,1405.0,1463
20260130-10-50-22,10,20260130-10-52-18,1,506.0,1463
20260130-10-50-22,11,20260130-10-52-27,1,582.0,1463
20260130-10-50-22,12,20260130-10-52-36,1,824.0,1463
20260130-10-50-22,13,20260130-10-52-45,0,1582.0,1463
20260130-10-50-22,14,20260130-10-52-53,1,1268.0,1463
20260130-10-50-22,15,20260130-10-53-03,1,904.0,1463
20260130-10-50-22,16,20260130-10-53-11,1,1078.0,1463
20260130-10-50-22,17,20260130-10-53-20,0,1565.0,1463
20260130-10-50-22,18,20260130-10-53-29,1,967.0,1463
20260130-11-54-20,0,20260130-11-54-46,1,909.0,1463
20260130-11-54-20,1,20260130-11-54-55,0,1578.0,1463
20260130-11-54-20,2,20260130-11-55-04,1,1313.0,1463
20260130-11-54-20,3,20260130-11-55-13,1,1160.0,1463
20260130-11-54-20,4,20260130-11-55-22,1,744.0,1463
20260130-11-54-20,5,20260130-11-55-31,1,598.0,1463
20260130-11-54-20,6,20260130-11-55-39,1,1274.0,1463
20260130-11-54-20,7,20260130-11-55-48,1,1015.0,1463
20260130-11-54-20,8,20260130-11-55-57,1,790.0,1463
20260130-11-54-20,9,20260130-11-56-06,1,1395.0,1463
20260130-11-54-20,10,20260130-11-56-15,1,753.0,1463
20260130-11-54-20,11,20260130-11-56-24,1,1153.0,1463
20260130-11-54-20,12,20260130-11-56-33,1,866.0,1463
20260130-11-54-20,13,20260130-11-56-42,0,1566.0,1463
20260130-11-54-20,14,20260130-11-56-51,1,851.0,1463
20260130-11-54-20,15,20260130-11-57-00,1,728.0,1463
20260130-11-54-20,16,20260130-11-57-09,1,856.0,1463
20260130-11-54-20,17,20260130-11-57-18,0,1521.0,1463
20260130-11-54-20,18,20260130-11-57-26,1,903.0,1463
20260130-12-04-59,0,20260130-12-05-26,1,893.0,1463
20260130-12-04-59,1,20260130-12-05-35,0,1575.0,1463
20260130-12-04-59,2,20260130-12-05-43,1,1243.0,1463
20260130-12-04-59,3,20260130-12-05-52,1,782.0,1463
20260130-12-04-59,4,20260130-12-06-01,1,1329.0,1463
20260130-12-04-59,5,20260130-12-06-10,1,607.0,1463
20260130-12-04-59,6,20260130-12-06-19,1,646.0,1463
20260130-12-04-59,7,20260130-12-06-28,1,632.0,1463
20260130-12-04-59,8,20260130-12-06-37,1,804.0,1463
20260130-12-04-59,9,20260130-12-06-46,1,1409.0,1463
20260130-12-04-59,10,20260130-12-06-55,1,778.0,1463
20260130-12-04-59,11,20260130-12-07-04,1,992.0,1463
20260130-12-04-59,12,20260130-12-07-12,1,824.0,1463
20260130-12-04-59,13,20260130-12-07-21,0,1559.0,1463
20260130-12-04-59,14,20260130-12-07-30,1,699.0,1463
20260130-12-04-59,15,20260130-12-07-39,1,603.0,1463
20260130-12-04-59,16,20260130-12-07-48,1,968.0,1463
20260130-12-04-59,17,20260130-12-07-57,0,1559.0,1463
20260130-12-04-59,18,20260130-12-08-05,1,978.0,1463
20260130-13-30-15,0,20260130-13-30-42,1,783.0,1463
20260130-13-30-15,1,20260130-13-30-51,0,1566.0,1463
20260130-13-30-15,2,20260130-13-31-00,1,1297.0,1463
20260130-13-30-15,3,20260130-13-31-09,1,1092.0,1463
20260130-13-30-15,4,20260130-13-31-17,1,795.0,1463
20260130-13-30-15,5,20260130-13-31-26,1,716.0,1463
20260130-13-30-15,6,20260130-13-31-35,1,784.0,1463
20260130-13-30-15,7,20260130-13-31-44,1,743.0,1463
20260130-13-30-15,8,20260130-13-31-53,1,784.0,1463
20260130-13-30-15,9,20260130-13-32-02,1,1420.0,1463
20260130-13-30-15,10,20260130-13-32-11,1,625.0,1463
20260130-13-30-15,11,20260130-13-32-20,1,559.0,1463
20260130-13-30-15,12,20260130-13-32-29,1,1311.0,1463
20260130-13-30-15,13,20260130-13-32-38,0,1546.0,1463
20260130-13-30-15,14,20260130-13-32-46,1,873.0,1463
20260130-13-30-15,15,20260130-13-32-56,1,763.0,1463
20260130-13-30-15,16,20260130-13-33-04,1,932.0,1463
20260130-13-30-15,17,20260130-13-33-13,0,1526.0,1463
20260130-13-30-15,18,20260130-13-33-22,1,855.0,1463
20260130-13-51-35,0,20260130-13-52-01,1,1314.0,1463
20260130-13-51-35,1,20260130-13-52-10,0,1570.0,1463
20260130-13-51-35,2,20260130-13-52-19,1,1313.0,1463
20260130-13-51-35,3,20260130-13-52-28,1,1306.0,1463
20260130-13-51-35,4,20260130-13-52-37,1,867.0,1463
20260130-13-51-35,5,20260130-13-52-46,1,792.0,1463
20260130-13-51-35,6,20260130-13-52-54,1,1300.0,1463
20260130-13-51-35,7,20260130-13-53-03,1,615.0,1463
20260130-13-51-35,8,20260130-13-53-12,1,809.0,1463
20260130-13-51-35,9,20260130-13-53-21,1,1037.0,1463
20260130-13-51-35,10,20260130-13-53-30,1,785.0,1463
20260130-13-51-35,11,20260130-13-53-39,1,566.0,1463
20260130-13-51-35,12,20260130-13-53-48,1,1304.0,1463
20260130-13-51-35,13,20260130-13-53-57,0,1563.0,1463
20260130-13-51-35,14,20260130-13-54-06,1,889.0,1463
20260130-13-51-35,15,20260130-13-54-15,1,771.0,1463
20260130-13-51-35,16,20260130-13-54-24,1,935.0,1463
20260130-13-51-35,17,20260130-13-54-33,0,1524.0,1463
20260130-13-51-35,18,20260130-13-54-41,1,545.0,1463
20260130-14-34-13,0,20260130-14-34-39,1,802.0,1463
20260130-14-34-13,1,20260130-14-34-48,0,1559.0,1463
20260130-14-34-13,2,20260130-14-34-57,1,1221.0,1463
20260130-14-34-13,3,20260130-14-35-06,1,722.0,1463
20260130-14-34-13,4,20260130-14-35-15,1,791.0,1463
20260130-14-34-13,5,20260130-14-35-24,1,1159.0,1463
20260130-14-34-13,6,20260130-14-35-33,1,966.0,1463
20260130-14-34-13,7,20260130-14-35-42,1,1107.0,1463
20260130-14-34-13,8,20260130-14-35-51,1,865.0,1463
20260130-14-34-13,9,20260130-14-35-59,1,1013.0,1463
20260130-14-34-13,10,20260130-14-36-08,1,890.0,1463
20260130-14-34-13,11,20260130-14-36-18,1,1307.0,1463
20260130-14-34-13,12,20260130-14-36-26,1,718.0,1463
20260130-14-34-13,13,20260130-14-36-35,0,1568.0,1463
20260130-14-34-13,14,20260130-14-36-44,1,826.0,1463
20260130-14-34-13,15,20260130-14-36-53,1,868.0,1463
20260130-14-34-13,16,20260130-14-37-02,1,1249.5,1463
20260130-14-34-13,17,20260130-14-37-11,0,1567.0,1463
20260130-14-34-13,18,20260130-14-37-19,1,978.0,1463
20260130-15-59-29,0,20260130-15-59-56,1,808.0,1463
20260130-15-59-29,1,20260130-16-00-05,0,1563.0,1463
20260130-15-59-29,2,20260130-16-00-14,1,1308.0,1463
20260130-15-59-29,3,20260130-16-00-23,1,1130.0,1463
20260130-15-59-29,4,20260130-16-00-31,1,288.0,1463
20260130-15-59-29,5,20260130-16-00-40,1,419.0,1463
20260130-15-59-29,6,20260130-16-00-49,1,590.0,1463
20260130-15-59-29,7,20260130-16-00-58,1,773.0,1463
20260130-15-59-29,8,20260130-16-01-07,1,938.0,1463
20260130-15-59-29,9,20260130-16-01-16,1,1424.0,1463
20260130-15-59-29,10,20260130-16-01-25,1,791.0,1463
20260130-15-59-29,11,20260130-16-01-34,1,779.0,1463
20260130-15-59-29,12,20260130-16-01-43,1,1285.0,1463
20260130-15-59-29,13,20260130-16-01-52,0,1566.0,1463
20260130-15-59-29,14,20260130-16-02-00,1,1264.0,1463
20260130-15-59-29,15,20260130-16-02-10,1,755.0,1463
20260130-15-59-29,16,20260130-16-02-18,1,979.0,1463
20260130-15-59-29,17,20260130-16-02-28,0,1559.0,1463
20260130-15-59-29,18,20260130-16-02-36,1,943.0,1463
20260130-18-39-23,0,20260130-18-39-50,1,1325.0,1463
20260130-18-39-23,1,20260130-18-39-58,0,1495.0,1463
20260130-18-39-23,2,20260130-18-40-07,1,1337.0,1463
20260130-18-39-23,3,20260130-18-40-16,1,1321.0,1463
20260130-18-39-23,4,20260130-18-40-25,1,1330.0,1463
20260130-18-39-23,5,20260130-18-40-34,1,908.0,1463
20260130-18-39-23,6,20260130-18-40-43,1,1303.0,1463
20260130-18-39-23,7,20260130-18-40-52,1,1297.0,1463
20260130-18-39-23,8,20260130-18-41-01,1,726.0,1463
20260130-18-39-23,9,20260130-18-41-10,1,1429.0,1463
20260130-18-39-23,10,20260130-18-41-19,1,911.0,1463
20260130-18-39-23,11,20260130-18-41-28,1,950.0,1463
20260130-18-39-23,12,20260130-18-41-36,1,1297.0,1463
20260130-18-39-23,13,20260130-18-41-45,0,1491.0,1463
20260130-18-39-23,14,20260130-18-41-54,1,269.0,1463
20260130-18-39-23,15,20260130-18-42-03,1,1312.0,1463
20260130-18-39-23,16,20260130-18-42-12,1,1067.0,1463
20260130-18-39-23,17,20260130-18-42-21,0,1552.0,1463
20260130-18-39-23,18,20260130-18-42-29,1,1241.0,1463
20260130-19-00-42,0,20260130-19-01-09,1,1329.0,1463
20260130-19-00-42,1,20260130-19-01-18,0,1485.0,1463
20260130-19-00-42,2,20260130-19-01-27,1,1326.0,1463
20260130-19-00-42,3,20260130-19-01-36,1,1321.0,1463
20260130-19-00-42,4,20260130-19-01-44,1,1350.0,1463
20260130-19-00-42,5,20260130-19-01-53,1,637.0,1463
20260130-19-00-42,6,20260130-19-02-02,1,1306.0,1463
20260130-19-00-42,7,20260130-19-02-11,1,1304.0,1463
20260130-19-00-42,8,20260130-19-02-20,1,775.0,1463
20260130-19-00-42,9,20260130-19-02-29,1,1440.0,1463
20260130-19-00-42,10,20260130-19-02-38,1,1266.0,1463
20260130-19-00-42,11,20260130-19-02-47,1,871.0,1463
20260130-19-00-42,12,20260130-19-02-56,1,1292.0,1463
20260130-19-00-42,13,20260130-19-03-05,0,1535.0,1463
20260130-19-00-42,14,20260130-19-03-13,1,1304.0,1463
20260130-19-00-42,15,20260130-19-03-23,1,1329.0,1463
20260130-19-00-42,16,20260130-19-03-31,1,812.0,1463
20260130-19-00-42,17,20260130-19-03-40,0,1529.0,1463
20260130-19-00-42,18,20260130-19-03-49,1,1310.0,1463
20260130-20-15-19,0,20260130-20-15-46,1,1334.0,1463
20260130-20-15-19,1,20260130-20-15-55,0,1584.0,1463
20260130-20-15-19,2,20260130-20-16-03,1,1311.0,1463
20260130-20-15-19,3,20260130-20-16-12,1,1323.0,1463
20260130-20-15-19,4,20260130-20-16-21,1,1335.0,1463
20260130-20-15-19,5,20260130-20-16-30,1,656.0,1463
20260130-20-15-19,6,20260130-20-16-39,1,843.0,1463
20260130-20-15-19,7,20260130-20-16-48,1,1007.0,1463
20260130-20-15-19,8,20260130-20-16-57,1,1029.0,1463
20260130-20-15-19,9,20260130-20-17-06,1,1382.0,1463
20260130-20-15-19,10,20260130-20-17-15,1,1344.0,1463
20260130-20-15-19,11,20260130-20-17-24,1,443.0,1463
20260130-20-15-19,12,20260130-20-17-33,1,1295.0,1463
20260130-20-15-19,13,20260130-20-17-42,0,1544.0,1463
20260130-20-15-19,14,20260130-20-17-50,1,372.0,1463
20260130-20-15-19,15,20260130-20-18-00,1,499.0,1463
20260130-20-15-19,16,20260130-20-18-08,1,790.0,1463
20260130-20-15-19,17,20260130-20-18-17,0,1543.0,1463
20260130-20-15-19,18,20260130-20-18-26,1,877.0,1463
20260130-21-08-37,0,20260130-21-09-04,1,1326.0,1463
20260130-21-08-37,1,20260130-21-09-13,0,1549.0,1463
20260130-21-08-37,2,20260130-21-09-21,1,1330.0,1463
20260130-21-08-37,3,20260130-21-09-30,1,1320.0,1463
20260130-21-08-37,4,20260130-21-09-39,1,1331.0,1463
20260130-21-08-37,5,20260130-21-09-48,1,1318.0,1463
20260130-21-08-37,6,20260130-21-09-57,1,1307.0,1463
20260130-21-08-37,7,20260130-21-10-06,1,1326.0,1463
20260130-21-08-37,8,20260130-21-10-15,1,637.0,1463
20260130-21-08-37,9,20260130-21-10-24,1,1319.0,1463
20260130-21-08-37,10,20260130-21-10-33,1,907.0,1463
20260130-21-08-37,11,20260130-21-10-42,1,1173.0,1463
20260130-21-08-37,12,20260130-21-10-51,1,1303.0,1463
20260130-21-08-37,13,20260130-21-11-00,0,1549.0,1463
20260130-21-08-37,14,20260130-21-11-08,1,1327.0,1463
20260130-21-08-37,15,20260130-21-11-18,1,1306.0,1463
20260130-21-08-37,16,20260130-21-11-26,1,1325.0,1463
20260130-21-08-37,17,20260130-21-11-35,0,1508.0,1463
20260130-21-08-37,18,20260130-21-11-44,1,1226.0,1463
20260130-23-59-10,0,20260130-23-59-37,1,1328.0,1463
20260130-23-59-10,1,20260130-23-59-46,0,1553.0,1463
20260130-23-59-10,2,20260130-23-59-55,1,1333.0,1463
20260130-23-59-10,3,20260131-00-00-04,1,1326.0,1463
20260130-23-59-10,4,20260131-00-00-12,1,1310.0,1463
20260130-23-59-10,5,20260131-00-00-21,1,1316.0,1463
20260130-23-59-10,6,20260131-00-00-30,1,1308.0,1463
20260130-23-59-10,7,20260131-00-00-39,1,1353.0,1463
20260130-23-59-10,8,20260131-00-00-48,1,1289.0,1463
20260130-23-59-10,9,20260131-00-00-57,1,1325.0,1463
20260130-23-59-10,10,20260131-00-01-06,1,1292.0,1463
20260130-23-59-10,11,20260131-00-01-15,1,1335.0,1463
20260130-23-59-10,12,20260131-00-01-24,1,1297.0,1463
20260130-23-59-10,13,20260131-00-01-33,0,1540.0,1463
20260130-23-59-10,14,20260131-00-01-41,1,1344.0,1463
20260130-23-59-10,15,20260131-00-01-51,1,1305.0,1463
20260130-23-59-10,16,20260131-00-01-59,1,1314.0,1463
20260130-23-59-10,17,20260131-00-02-08,0,1538.0,1463
20260130-23-59-10,18,20260131-00-02-17,1,1188.0,1463
20260131-00-20-29,0,20260131-00-20-56,1,1329.0,1463
20260131-00-20-29,1,20260131-00-21-05,0,1549.0,1463
20260131-00-20-29,2,20260131-00-21-14,1,1339.0,1463
20260131-00-20-29,3,20260131-00-21-23,1,1340.0,1463
20260131-00-20-29,4,20260131-00-21-32,1,1310.0,1463
20260131-00-20-29,5,20260131-00-21-40,1,1330.0,1463
20260131-00-20-29,6,20260131-00-21-49,1,1332.0,1463
20260131-00-20-29,7,20260131-00-21-58,1,1375.0,1463
20260131-00-20-29,8,20260131-00-22-07,1,1307.0,1463
20260131-00-20-29,9,20260131-00-22-16,1,1313.0,1463
20260131-00-20-29,10,20260131-00-22-25,1,1302.0,1463
20260131-00-20-29,11,20260131-00-22-34,1,1344.0,1463
20260131-00-20-29,12,20260131-00-22-43,1,1315.0,1463
20260131-00-20-29,13,20260131-00-22-52,0,1552.0,1463
20260131-00-20-29,14,20260131-00-23-01,1,1355.0,1463
20260131-00-20-29,15,20260131-00-23-10,1,1312.0,1463
20260131-00-20-29,16,20260131-00-23-19,1,1327.0,1463
20260131-00-20-29,17,20260131-00-23-28,0,1536.0,1463
20260131-00-20-29,18,20260131-00-23-36,1,1216.0,1463
20260131-01-45-46,0,20260131-01-46-13,1,1329.0,1463
20260131-01-45-46,1,20260131-01-46-22,0,1541.0,1463
20260131-01-45-46,2,20260131-01-46-31,1,1331.0,1463
20260131-01-45-46,3,20260131-01-46-40,1,1328.0,1463
20260131-01-45-46,4,20260131-01-46-48,1,1310.0,1463
20260131-01-45-46,5,20260131-01-46-57,1,1345.0,1463
20260131-01-45-46,6,20260131-01-47-06,1,1295.0,1463
20260131-01-45-46,7,20260131-01-47-15,1,1303.0,1463
20260131-01-45-46,8,20260131-01-47-24,1,1307.0,1463
20260131-01-45-46,9,20260131-01-47-33,1,1303.0,1463
20260131-01-45-46,10,20260131-01-47-42,1,1306.0,1463
20260131-01-45-46,11,20260131-01-47-51,1,1324.0,1463
20260131-01-45-46,12,20260131-01-48-00,1,1300.0,1463
20260131-01-45-46,13,20260131-01-48-09,0,1549.0,1463
20260131-01-45-46,14,20260131-01-48-17,1,1336.0,1463
20260131-01-45-46,15,20260131-01-48-27,1,1298.0,1463
20260131-01-45-46,16,20260131-01-48-35,1,1326.0,1463
20260131-01-45-46,17,20260131-01-48-44,0,1517.0,1463
20260131-01-45-46,18,20260131-01-48-53,1,1257.0,1463
20260131-03-11-03,0,20260131-03-11-29,1,1338.0,1463
20260131-03-11-03,1,20260131-03-11-38,0,1542.0,1463
20260131-03-11-03,2,20260131-03-11-47,1,1336.0,1463
20260131-03-11-03,3,20260131-03-11-56,1,1329.0,1463
20260131-03-11-03,4,20260131-03-12-05,1,1309.0,1463
20260131-03-11-03,5,20260131-03-12-14,1,1313.0,1463
20260131-03-11-03,6,20260131-03-12-23,1,1308.0,1463
20260131-03-11-03,7,20260131-03-12-32,1,1295.0,1463
20260131-03-11-03,8,20260131-03-12-41,1,1357.0,1463
20260131-03-11-03,9,20260131-03-12-49,1,1350.0,1463
20260131-03-11-03,10,20260131-03-12-58,1,1339.0,1463
20260131-03-11-03,11,20260131-03-13-07,1,1353.0,1463
20260131-03-11-03,12,20260131-03-13-16,1,1302.0,1463
20260131-03-11-03,13,20260131-03-13-25,0,1553.0,1463
20260131-03-11-03,14,20260131-03-13-34,1,1334.0,1463
20260131-03-11-03,15,20260131-03-13-43,1,1297.0,1463
20260131-03-11-03,16,20260131-03-13-52,1,1330.0,1463
20260131-03-11-03,17,20260131-03-14-01,0,1527.0,1463
20260131-03-11-03,18,20260131-03-14-09,1,1251.0,1463
20260131-04-46-59,0,20260131-04-47-25,1,1328.0,1463
20260131-04-46-59,1,20260131-04-47-34,0,1524.0,1463
20260131-04-46-59,2,20260131-04-47-43,1,1341.0,1463
20260131-04-46-59,3,20260131-04-47-52,1,1346.0,1463
20260131-04-46-59,4,20260131-04-48-01,1,1312.0,1463
20260131-04-46-59,5,20260131-04-48-10,1,1315.0,1463
20260131-04-46-59,6,20260131-04-48-19,1,1310.0,1463
20260131-04-46-59,7,20260131-04-48-28,1,1317.0,1463
20260131-04-46-59,8,20260131-04-48-37,1,1315.0,1463
20260131-04-46-59,9,20260131-04-48-45,1,1318.0,1463
20260131-04-46-59,10,20260131-04-48-54,1,1332.0,1463
20260131-04-46-59,11,20260131-04-49-03,1,1368.0,1463
20260131-04-46-59,12,20260131-04-49-12,1,1309.0,1463
20260131-04-46-59,13,20260131-04-49-21,0,1544.0,1463
20260131-04-46-59,14,20260131-04-49-30,1,1315.0,1463
20260131-04-46-59,15,20260131-04-49-39,1,1382.0,1463
20260131-04-46-59,16,20260131-04-49-48,1,1414.0,1463
20260131-04-46-59,17,20260131-04-49-57,0,1524.0,1463
20260131-04-46-59,18,20260131-04-50-05,1,1348.0,1463
20260131-05-29-37,0,20260131-05-30-03,1,1333.0,1463
20260131-05-29-37,1,20260131-05-30-12,0,1507.0,1463
20260131-05-29-37,2,20260131-05-30-21,1,1346.0,1463
20260131-05-29-37,3,20260131-05-30-30,1,1354.0,1463
20260131-05-29-37,4,20260131-05-30-39,1,1322.0,1463
20260131-05-29-37,5,20260131-05-30-48,1,1326.0,1463
20260131-05-29-37,6,20260131-05-30-57,1,1321.0,1463
20260131-05-29-37,7,20260131-05-31-06,1,1356.0,1463
20260131-05-29-37,8,20260131-05-31-15,1,1314.0,1463
20260131-05-29-37,9,20260131-05-31-24,1,1351.0,1463
20260131-05-29-37,10,20260131-05-31-33,1,1317.0,1463
20260131-05-29-37,11,20260131-05-31-42,1,1407.0,1463
20260131-05-29-37,12,20260131-05-31-50,1,1385.0,1463
20260131-05-29-37,13,20260131-05-31-59,0,1554.0,1463
20260131-05-29-37,14,20260131-05-32-08,1,1328.0,1463
20260131-05-29-37,15,20260131-05-32-17,1,1345.0,1463
20260131-05-29-37,16,20260131-05-32-26,1,1459.0,1463
20260131-05-29-37,17,20260131-05-32-35,0,1524.0,1463
20260131-05-29-37,18,20260131-05-32-43,1,1362.0,1463
20260131-06-12-15,0,20260131-06-12-42,1,1298.0,1463
20260131-06-12-15,1,20260131-06-12-51,0,1581.0,1463
20260131-06-12-15,2,20260131-06-13-00,1,1258.0,1463
20260131-06-12-15,3,20260131-06-13-09,1,1342.0,1463
20260131-06-12-15,4,20260131-06-13-17,1,1320.0,1463
20260131-06-12-15,5,20260131-06-13-26,1,625.0,1463
20260131-06-12-15,6,20260131-06-13-35,1,357.0,1463
20260131-06-12-15,7,20260131-06-13-44,1,1015.0,1463
20260131-06-12-15,8,20260131-06-13-53,1,1303.0,1463
20260131-06-12-15,9,20260131-06-14-02,1,1308.0,1463
20260131-06-12-15,10,20260131-06-14-11,1,1291.0,1463
20260131-06-12-15,11,20260131-06-14-20,1,1395.0,1463
20260131-06-12-15,12,20260131-06-14-29,1,831.0,1463
20260131-06-12-15,13,20260131-06-14-38,0,1545.0,1463
20260131-06-12-15,14,20260131-06-14-46,1,1327.0,1463
20260131-06-12-15,15,20260131-06-14-56,1,1312.0,1463
20260131-06-12-15,16,20260131-06-15-04,1,1404.0,1463
20260131-06-12-15,17,20260131-06-15-13,0,1544.0,1463
20260131-06-12-15,18,20260131-06-15-22,1,1375.0,1463
20260131-06-22-55,0,20260131-06-23-21,1,1288.0,1463
20260131-06-22-55,1,20260131-06-23-30,0,1578.0,1463
20260131-06-22-55,2,20260131-06-23-39,1,1307.0,1463
20260131-06-22-55,3,20260131-06-23-48,1,1337.0,1463
20260131-06-22-55,4,20260131-06-23-57,1,1313.0,1463
20260131-06-22-55,5,20260131-06-24-06,1,812.0,1463
20260131-06-22-55,6,20260131-06-24-15,1,319.0,1463
20260131-06-22-55,7,20260131-06-24-24,1,635.0,1463
20260131-06-22-55,8,20260131-06-24-33,1,1312.0,1463
20260131-06-22-55,9,20260131-06-24-42,1,1302.0,1463
20260131-06-22-55,10,20260131-06-24-50,1,1271.0,1463
20260131-06-22-55,11,20260131-06-25-00,1,1435.0,1463
20260131-06-22-55,12,20260131-06-25-08,1,876.0,1463
20260131-06-22-55,13,20260131-06-25-17,0,1545.0,1463
20260131-06-22-55,14,20260131-06-25-26,1,1312.0,1463
20260131-06-22-55,15,20260131-06-25-35,1,1318.0,1463
20260131-06-22-55,16,20260131-06-25-44,1,1394.0,1463
20260131-06-22-55,17,20260131-06-25-53,0,1535.0,1463
20260131-06-22-55,18,20260131-06-26-01,1,1351.0,1463
20260131-06-44-14,0,20260131-06-44-41,1,969.0,1463
20260131-06-44-14,1,20260131-06-44-49,0,1576.0,1463
20260131-06-44-14,2,20260131-06-44-58,1,1155.0,1463
20260131-06-44-14,3,20260131-06-45-07,1,1070.0,1463
20260131-06-44-14,4,20260131-06-45-16,1,758.0,1463
20260131-06-44-14,5,20260131-06-45-25,1,751.0,1463
20260131-06-44-14,6,20260131-06-45-34,1,372.0,1463
20260131-06-44-14,7,20260131-06-45-43,1,613.0,1463
20260131-06-44-14,8,20260131-06-45-52,1,662.0,1463
20260131-06-44-14,9,20260131-06-46-01,1,1325.0,1463
20260131-06-44-14,10,20260131-06-46-10,1,1331.0,1463
20260131-06-44-14,11,20260131-06-46-19,1,768.0,1463
20260131-06-44-14,12,20260131-06-46-27,1,867.0,1463
20260131-06-44-14,13,20260131-06-46-36,0,1574.0,1463
20260131-06-44-14,14,20260131-06-46-45,1,971.0,1463
20260131-06-44-14,15,20260131-06-46-54,1,1427.0,1463
20260131-06-44-14,16,20260131-06-47-03,1,1006.0,1463
20260131-06-44-14,17,20260131-06-47-12,0,1529.0,1463
20260131-06-44-14,18,20260131-06-47-20,1,1359.0,1463
20260131-07-16-13,0,20260131-07-16-39,1,871.0,1463
20260131-07-16-13,1,20260131-07-16-48,0,1568.0,1463
20260131-07-16-13,2,20260131-07-16-57,1,1081.0,1463
20260131-07-16-13,3,20260131-07-17-06,1,1024.0,1463
20260131-07-16-13,4,20260131-07-17-15,1,1342.0,1463
20260131-07-16-13,5,20260131-07-17-24,1,1169.0,1463
20260131-07-16-13,6,20260131-07-17-33,1,1202.0,1463
20260131-07-16-13,7,20260131-07-17-42,1,721.0,1463
20260131-07-16-13,8,20260131-07-17-51,1,727.0,1463
20260131-07-16-13,9,20260131-07-17-59,1,1325.0,1463
20260131-07-16-13,10,20260131-07-18-08,1,1304.0,1463
20260131-07-16-13,11,20260131-07-18-17,1,596.0,1463
20260131-07-16-13,12,20260131-07-18-26,1,938.0,1463
20260131-07-16-13,13,20260131-07-18-35,0,1571.0,1463
20260131-07-16-13,14,20260131-07-18-44,1,1057.0,1463
20260131-07-16-13,15,20260131-07-18-53,1,1383.0,1463
20260131-07-16-13,16,20260131-07-19-02,1,920.0,1463
20260131-07-16-13,17,20260131-07-19-11,0,1559.0,1463
20260131-07-16-13,18,20260131-07-19-19,1,924.0,1463
20260131-07-48-11,0,20260131-07-48-38,1,1323.0,1463
20260131-07-48-11,1,20260131-07-48-47,0,1539.0,1463
20260131-07-48-11,2,20260131-07-48-56,1,1087.0,1463
20260131-07-48-11,3,20260131-07-49-05,1,943.0,1463
20260131-07-48-11,4,20260131-07-49-13,1,1337.0,1463
20260131-07-48-11,5,20260131-07-49-22,1,1372.0,1463
20260131-07-48-11,6,20260131-07-49-31,1,1342.0,1463
20260131-07-48-11,7,20260131-07-49-40,1,1283.0,1463
20260131-07-48-11,8,20260131-07-49-49,1,1316.0,1463
20260131-07-48-11,9,20260131-07-49-58,1,1347.0,1463
20260131-07-48-11,10,20260131-07-50-07,1,1199.0,1463
20260131-07-48-11,11,20260131-07-50-16,1,1358.0,1463
20260131-07-48-11,12,20260131-07-50-25,1,678.0,1463
20260131-07-48-11,13,20260131-07-50-34,0,1527.0,1463
20260131-07-48-11,14,20260131-07-50-42,1,1289.0,1463
20260131-07-48-11,15,20260131-07-50-52,1,1280.0,1463
20260131-07-48-11,16,20260131-07-51-00,1,1297.0,1463
20260131-07-48-11,17,20260131-07-51-09,0,1598.0,1463
20260131-07-48-11,18,20260131-07-51-18,1,969.0,1463
20260131-07-58-51,0,20260131-07-59-17,1,1163.0,1463
20260131-07-58-51,1,20260131-07-59-26,0,1576.0,1463
20260131-07-58-51,2,20260131-07-59-35,1,827.0,1463
20260131-07-58-51,3,20260131-07-59-44,1,1120.0,1463
20260131-07-58-51,4,20260131-07-59-53,1,447.0,1463
20260131-07-58-51,5,20260131-08-00-02,1,1348.0,1463
20260131-07-58-51,6,20260131-08-00-11,1,1294.0,1463
20260131-07-58-51,7,20260131-08-00-20,1,1298.0,1463
20260131-07-58-51,8,20260131-08-00-29,1,1328.0,1463
20260131-07-58-51,9,20260131-08-00-37,1,1444.0,1463
20260131-07-58-51,10,20260131-08-00-46,1,1281.0,1463
20260131-07-58-51,11,20260131-08-00-56,1,1266.0,1463
20260131-07-58-51,12,20260131-08-01-04,1,1289.0,1463
20260131-07-58-51,13,20260131-08-01-13,0,1579.0,1463
20260131-07-58-51,14,20260131-08-01-22,1,1275.0,1463
20260131-07-58-51,15,20260131-08-01-31,1,932.0,1463
20260131-07-58-51,16,20260131-08-01-40,1,1044.0,1463
20260131-07-58-51,17,20260131-08-01-49,0,1596.0,1463
20260131-07-58-51,18,20260131-08-01-57,1,830.0,1463
20260131-09-02-48,0,20260131-09-03-15,1,1121.0,1463
20260131-09-02-48,1,20260131-09-03-24,0,1555.0,1463
20260131-09-02-48,2,20260131-09-03-33,1,934.0,1463
20260131-09-02-48,3,20260131-09-03-42,1,1035.0,1463
20260131-09-02-48,4,20260131-09-03-50,1,670.0,1463
20260131-09-02-48,5,20260131-09-03-59,1,1028.0,1463
20260131-09-02-48,6,20260131-09-04-08,1,1238.0,1463
20260131-09-02-48,7,20260131-09-04-17,1,422.0,1463
20260131-09-02-48,8,20260131-09-04-26,1,564.0,1463
20260131-09-02-48,9,20260131-09-04-35,1,1382.0,1463
20260131-09-02-48,10,20260131-09-04-44,1,795.0,1463
20260131-09-02-48,11,20260131-09-04-53,1,1275.0,1463
20260131-09-02-48,12,20260131-09-05-02,1,1291.0,1463
20260131-09-02-48,13,20260131-09-05-11,0,1569.0,1463
20260131-09-02-48,14,20260131-09-05-19,1,1283.0,1463
20260131-09-02-48,15,20260131-09-05-29,1,782.0,1463
20260131-09-02-48,16,20260131-09-05-37,1,981.0,1463
20260131-09-02-48,17,20260131-09-05-46,0,1549.0,1463
20260131-09-02-48,18,20260131-09-05-55,1,1063.0,1463
20260131-10-06-46,0,20260131-10-07-12,1,1019.0,1463
20260131-10-06-46,1,20260131-10-07-21,0,1543.0,1463
20260131-10-06-46,2,20260131-10-07-30,1,1314.0,1463
20260131-10-06-46,3,20260131-10-07-39,1,1058.0,1463
20260131-10-06-46,4,20260131-10-07-48,1,976.0,1463
20260131-10-06-46,5,20260131-10-07-57,1,1247.0,1463
20260131-10-06-46,6,20260131-10-08-06,1,732.0,1463
20260131-10-06-46,7,20260131-10-08-15,1,648.0,1463
20260131-10-06-46,8,20260131-10-08-24,1,935.0,1463
20260131-10-06-46,9,20260131-10-08-32,1,1430.0,1463
20260131-10-06-46,10,20260131-10-08-41,1,734.0,1463
20260131-10-06-46,11,20260131-10-08-50,1,1346.0,1463
20260131-10-06-46,12,20260131-10-08-59,1,832.0,1463
20260131-10-06-46,13,20260131-10-09-08,0,1599.0,1463
20260131-10-06-46,14,20260131-10-09-17,1,1284.0,1463
20260131-10-06-46,15,20260131-10-09-26,1,772.0,1463
20260131-10-06-46,16,20260131-10-09-35,1,832.0,1463
20260131-10-06-46,17,20260131-10-09-44,0,1570.0,1463
20260131-10-06-46,18,20260131-10-09-52,1,868.0,1463
20260131-10-38-44,0,20260131-10-39-11,1,882.0,1463
20260131-10-38-44,1,20260131-10-39-20,0,1565.0,1463
20260131-10-38-44,2,20260131-10-39-28,1,1313.0,1463
20260131-10-38-44,3,20260131-10-39-37,1,1188.0,1463
20260131-10-38-44,4,20260131-10-39-46,1,1331.0,1463
20260131-10-38-44,5,20260131-10-39-55,1,582.0,1463
20260131-10-38-44,6,20260131-10-40-04,1,408.0,1463
20260131-10-38-44,7,20260131-10-40-13,1,481.0,1463
20260131-10-38-44,8,20260131-10-40-22,1,907.0,1463
20260131-10-38-44,9,20260131-10-40-31,1,1360.0,1463
20260131-10-38-44,10,20260131-10-40-40,1,764.0,1463
20260131-10-38-44,11,20260131-10-40-49,1,801.0,1463
20260131-10-38-44,12,20260131-10-40-58,1,909.0,1463
20260131-10-38-44,13,20260131-10-41-07,0,1626.0,1463
20260131-10-38-44,14,20260131-10-41-15,1,1274.0,1463
20260131-10-38-44,15,20260131-10-41-25,1,726.0,1463
20260131-10-38-44,16,20260131-10-41-33,1,913.0,1463
20260131-10-38-44,17,20260131-10-41-42,0,1508.0,1463
20260131-10-38-44,18,20260131-10-41-51,1,1116.0,1463
20260131-11-21-23,0,20260131-11-21-49,1,829.0,1463
20260131-11-21-23,1,20260131-11-21-58,0,1558.0,1463
20260131-11-21-23,2,20260131-11-22-07,1,1313.0,1463
20260131-11-21-23,3,20260131-11-22-16,1,1166.0,1463
20260131-11-21-23,4,20260131-11-22-25,1,1322.0,1463
20260131-11-21-23,5,20260131-11-22-34,1,670.0,1463
20260131-11-21-23,6,20260131-11-22-43,1,487.0,1463
20260131-11-21-23,7,20260131-11-22-52,1,766.0,1463
20260131-11-21-23,8,20260131-11-23-01,1,780.0,1463
20260131-11-21-23,9,20260131-11-23-09,1,1427.0,1463
20260131-11-21-23,10,20260131-11-23-18,1,403.0,1463
20260131-11-21-23,11,20260131-11-23-27,1,667.0,1463
20260131-11-21-23,12,20260131-11-23-36,1,871.0,1463
20260131-11-21-23,13,20260131-11-23-45,0,1590.0,1463
20260131-11-21-23,14,20260131-11-23-54,1,1029.0,1463
20260131-11-21-23,15,20260131-11-24-03,1,739.0,1463
20260131-11-21-23,16,20260131-11-24-12,1,937.0,1463
20260131-11-21-23,17,20260131-11-24-21,0,1567.0,1463
20260131-11-21-23,18,20260131-11-24-29,1,899.0,1463
20260131-11-32-02,0,20260131-11-32-29,1,1207.5,1463
20260131-11-32-02,1,20260131-11-32-38,0,1574.0,1463
20260131-11-32-02,2,20260131-11-32-46,1,1258.0,1463
20260131-11-32-02,3,20260131-11-32-55,1,1005.0,1463
20260131-11-32-02,4,20260131-11-33-04,1,877.0,1463
20260131-11-32-02,5,20260131-11-33-13,1,533.0,1463
20260131-11-32-02,6,20260131-11-33-22,1,916.0,1463
20260131-11-32-02,7,20260131-11-33-31,1,1104.0,1463
20260131-11-32-02,8,20260131-11-33-40,1,812.0,1463
20260131-11-32-02,9,20260131-11-33-49,1,922.0,1463
20260131-11-32-02,10,20260131-11-33-58,1,623.0,1463
20260131-11-32-02,11,20260131-11-34-07,1,693.0,1463
20260131-11-32-02,12,20260131-11-34-16,1,857.0,1463
20260131-11-32-02,13,20260131-11-34-25,0,1594.0,1463
20260131-11-32-02,14,20260131-11-34-33,1,1079.0,1463
20260131-11-32-02,15,20260131-11-34-43,1,752.0,1463
20260131-11-32-02,16,20260131-11-34-51,1,929.0,1463
20260131-11-32-02,17,20260131-11-35-00,0,1551.0,1463
20260131-11-32-02,18,20260131-11-35-09,1,866.0,1463
20260131-11-53-21,0,20260131-11-53-48,1,1219.0,1463
20260131-11-53-21,1,20260131-11-53-57,0,1561.0,1463
20260131-11-53-21,2,20260131-11-54-05,1,1314.0,1463
20260131-11-53-21,3,20260131-11-54-14,1,1140.0,1463
20260131-11-53-21,4,20260131-11-54-23,1,935.0,1463
20260131-11-53-21,5,20260131-11-54-32,1,802.0,1463
20260131-11-53-21,6,20260131-11-54-41,1,827.0,1463
20260131-11-53-21,7,20260131-11-54-50,1,591.0,1463
20260131-11-53-21,8,20260131-11-54-59,1,1152.0,1463
20260131-11-53-21,9,20260131-11-55-08,1,1419.0,1463
20260131-11-53-21,10,20260131-11-55-17,1,776.0,1463
20260131-11-53-21,11,20260131-11-55-26,1,611.0,1463
20260131-11-53-21,12,20260131-11-55-35,1,769.0,1463
20260131-11-53-21,13,20260131-11-55-44,0,1569.0,1463
20260131-11-53-21,14,20260131-11-55-52,1,923.0,1463
20260131-11-53-21,15,20260131-11-56-02,1,675.0,1463
20260131-11-53-21,16,20260131-11-56-10,1,849.0,1463
20260131-11-53-21,17,20260131-11-56-19,0,1564.0,1463
20260131-11-53-21,18,20260131-11-56-28,1,951.5,1463
20260131-12-04-01,0,20260131-12-04-27,1,788.0,1463
20260131-12-04-01,1,20260131-12-04-36,0,1562.0,1463
20260131-12-04-01,2,20260131-12-04-45,1,1305.0,1463
20260131-12-04-01,3,20260131-12-04-54,1,928.0,1463
20260131-12-04-01,4,20260131-12-05-03,1,698.0,1463
20260131-12-04-01,5,20260131-12-05-12,1,664.0,1463
20260131-12-04-01,6,20260131-12-05-21,1,649.0,1463
20260131-12-04-01,7,20260131-12-05-30,1,445.0,1463
20260131-12-04-01,8,20260131-12-05-39,1,1010.0,1463
20260131-12-04-01,9,20260131-12-05-47,1,1369.0,1463
20260131-12-04-01,10,20260131-12-05-56,1,740.0,1463
20260131-12-04-01,11,20260131-12-06-05,1,695.0,1463
20260131-12-04-01,12,20260131-12-06-14,1,859.0,1463
20260131-12-04-01,13,20260131-12-06-23,0,1591.0,1463
20260131-12-04-01,14,20260131-12-06-32,1,1275.0,1463
20260131-12-04-01,15,20260131-12-06-41,1,734.0,1463
20260131-12-04-01,16,20260131-12-06-50,1,1069.0,1463
20260131-12-04-01,17,20260131-12-06-59,0,1547.0,1463
20260131-12-04-01,18,20260131-12-07-07,1,910.0,1463
20260131-12-14-40,0,20260131-12-15-07,1,761.0,1463
20260131-12-14-40,1,20260131-12-15-16,0,1557.0,1463
20260131-12-14-40,2,20260131-12-15-25,1,1313.0,1463
20260131-12-14-40,3,20260131-12-15-33,1,1199.0,1463
20260131-12-14-40,4,20260131-12-15-42,1,799.0,1463
20260131-12-14-40,5,20260131-12-15-51,1,1274.0,1463
20260131-12-14-40,6,20260131-12-16-00,1,1086.0,1463
20260131-12-14-40,7,20260131-12-16-09,1,579.0,1463
20260131-12-14-40,8,20260131-12-16-18,1,928.0,1463
20260131-12-14-40,9,20260131-12-16-27,1,1411.0,1463
20260131-12-14-40,10,20260131-12-16-36,1,652.0,1463
20260131-12-14-40,11,20260131-12-16-45,1,662.0,1463
20260131-12-14-40,12,20260131-12-16-54,1,952.0,1463
20260131-12-14-40,13,20260131-12-17-03,0,1570.0,1463
20260131-12-14-40,14,20260131-12-17-11,1,1280.0,1463
20260131-12-14-40,15,20260131-12-17-21,1,761.0,1463
20260131-12-14-40,16,20260131-12-17-29,1,997.0,1463
20260131-12-14-40,17,20260131-12-17-38,0,1548.0,1463
20260131-12-14-40,18,20260131-12-17-47,1,1013.0,1463
20260131-13-07-59,0,20260131-13-08-25,1,747.0,1463
20260131-13-07-59,1,20260131-13-08-34,0,1548.0,1463
20260131-13-07-59,2,20260131-13-08-43,1,1314.0,1463
20260131-13-07-59,3,20260131-13-08-52,1,1138.5,1463
20260131-13-07-59,4,20260131-13-09-01,1,702.0,1463
20260131-13-07-59,5,20260131-13-09-10,1,1295.0,1463
20260131-13-07-59,6,20260131-13-09-19,1,1177.0,1463
20260131-13-07-59,7,20260131-13-09-28,1,729.0,1463
20260131-13-07-59,8,20260131-13-09-37,1,1267.0,1463
20260131-13-07-59,9,20260131-13-09-45,1,1408.0,1463
20260131-13-07-59,10,20260131-13-09-54,1,655.0,1463
20260131-13-07-59,11,20260131-13-10-03,1,707.0,1463
20260131-13-07-59,12,20260131-13-10-12,1,854.0,1463
20260131-13-07-59,13,20260131-13-10-21,0,1569.0,1463
20260131-13-07-59,14,20260131-13-10-30,1,1276.0,1463
20260131-13-07-59,15,20260131-13-10-39,1,595.0,1463
20260131-13-07-59,16,20260131-13-10-48,1,953.0,1463
20260131-13-07-59,17,20260131-13-10-57,0,1520.0,1463
20260131-13-07-59,18,20260131-13-11-05,1,781.0,1463
20260131-13-18-38,0,20260131-13-19-05,1,771.0,1463
20260131-13-18-38,1,20260131-13-19-14,0,1562.0,1463
20260131-13-18-38,2,20260131-13-19-23,1,1277.0,1463
20260131-13-18-38,3,20260131-13-19-32,1,996.0,1463
20260131-13-18-38,4,20260131-13-19-40,1,1099.0,1463
20260131-13-18-38,5,20260131-13-19-49,1,783.0,1463
20260131-13-18-38,6,20260131-13-19-58,1,1268.0,1463
20260131-13-18-38,7,20260131-13-20-07,1,648.0,1463
20260131-13-18-38,8,20260131-13-20-16,1,832.0,1463
20260131-13-18-38,9,20260131-13-20-25,1,1358.0,1463
20260131-13-18-38,10,20260131-13-20-34,1,652.0,1463
20260131-13-18-38,11,20260131-13-20-43,1,626.0,1463
20260131-13-18-38,12,20260131-13-20-52,1,856.0,1463
20260131-13-18-38,13,20260131-13-21-01,0,1577.0,1463
20260131-13-18-38,14,20260131-13-21-09,1,1163.0,1463
20260131-13-18-38,15,20260131-13-21-19,1,785.0,1463
20260131-13-18-38,16,20260131-13-21-27,1,844.0,1463
20260131-13-18-38,17,20260131-13-21-36,0,1579.0,1463
20260131-13-18-38,18,20260131-13-21-45,1,1120.0,1463
20260131-13-29-18,0,20260131-13-29-44,1,904.0,1463
20260131-13-29-18,1,20260131-13-29-53,0,1568.0,1463
20260131-13-29-18,2,20260131-13-30-02,1,1198.0,1463
20260131-13-29-18,3,20260131-13-30-11,1,1329.0,1463
20260131-13-29-18,4,20260131-13-30-20,1,869.0,1463
20260131-13-29-18,5,20260131-13-30-29,1,882.0,1463
20260131-13-29-18,6,20260131-13-30-38,1,1054.0,1463
20260131-13-29-18,7,20260131-13-30-47,1,695.0,1463
20260131-13-29-18,8,20260131-13-30-56,1,828.0,1463
20260131-13-29-18,9,20260131-13-31-05,1,1419.0,1463
20260131-13-29-18,10,20260131-13-31-13,1,667.0,1463
20260131-13-29-18,11,20260131-13-31-23,1,736.0,1463
20260131-13-29-18,12,20260131-13-31-31,1,929.0,1463
20260131-13-29-18,13,20260131-13-31-40,0,1540.0,1463
20260131-13-29-18,14,20260131-13-31-49,1,829.0,1463
20260131-13-29-18,15,20260131-13-31-58,1,770.0,1463
20260131-13-29-18,16,20260131-13-32-07,1,951.0,1463
20260131-13-29-18,17,20260131-13-32-16,0,1531.0,1463
20260131-13-29-18,18,20260131-13-32-24,1,1060.0,1463
20260131-13-39-58,0,20260131-13-40-24,1,775.0,1463
20260131-13-39-58,1,20260131-13-40-33,0,1551.0,1463
20260131-13-39-58,2,20260131-13-40-42,1,1244.0,1463
20260131-13-39-58,3,20260131-13-40-51,1,1141.0,1463
20260131-13-39-58,4,20260131-13-41-00,1,878.0,1463
20260131-13-39-58,5,20260131-13-41-09,1,636.0,1463
20260131-13-39-58,6,20260131-13-41-18,1,896.0,1463
20260131-13-39-58,7,20260131-13-41-27,1,781.0,1463
20260131-13-39-58,8,20260131-13-41-36,1,907.0,1463
20260131-13-39-58,9,20260131-13-41-44,1,1405.0,1463
20260131-13-39-58,10,20260131-13-41-53,1,535.0,1463
20260131-13-39-58,11,20260131-13-42-02,1,769.0,1463
20260131-13-39-58,12,20260131-13-42-11,1,871.0,1463
20260131-13-39-58,13,20260131-13-42-20,0,1547.0,1463
20260131-13-39-58,14,20260131-13-42-29,1,821.0,1463
20260131-13-39-58,15,20260131-13-42-38,1,687.0,1463
20260131-13-39-58,16,20260131-13-42-47,1,983.0,1463
20260131-13-39-58,17,20260131-13-42-56,0,1526.0,1463
20260131-13-39-58,18,20260131-13-43-04,1,904.0,1463
20260131-14-22-37,0,20260131-14-23-03,1,821.0,1463
20260131-14-22-37,1,20260131-14-23-12,0,1565.0,1463
20260131-14-22-37,2,20260131-14-23-21,1,771.0,1463
20260131-14-22-37,3,20260131-14-23-30,1,965.0,1463
20260131-14-22-37,4,20260131-14-23-39,1,691.0,1463
20260131-14-22-37,5,20260131-14-23-48,1,770.0,1463
20260131-14-22-37,6,20260131-14-23-57,1,1281.0,1463
20260131-14-22-37,7,20260131-14-24-06,1,993.0,1463
20260131-14-22-37,8,20260131-14-24-15,1,781.0,1463
20260131-14-22-37,9,20260131-14-24-23,1,1423.0,1463
20260131-14-22-37,10,20260131-14-24-32,1,778.0,1463
20260131-14-22-37,11,20260131-14-24-41,1,805.0,1463
20260131-14-22-37,12,20260131-14-24-50,1,943.0,1463
20260131-14-22-37,13,20260131-14-24-59,0,1575.0,1463
20260131-14-22-37,14,20260131-14-25-08,1,1243.0,1463
20260131-14-22-37,15,20260131-14-25-17,1,773.0,1463
20260131-14-22-37,16,20260131-14-25-26,1,910.0,1463
20260131-14-22-37,17,20260131-14-25-35,0,1541.0,1463
20260131-14-22-37,18,20260131-14-25-43,1,577.0,1463
20260131-14-54-36,0,20260131-14-55-02,1,969.0,1463
20260131-14-54-36,1,20260131-14-55-11,0,1564.0,1463
20260131-14-54-36,2,20260131-14-55-20,1,1332.0,1463
20260131-14-54-36,3,20260131-14-55-29,1,914.0,1463
20260131-14-54-36,4,20260131-14-55-38,1,706.0,1463
20260131-14-54-36,5,20260131-14-55-47,1,1162.0,1463
20260131-14-54-36,6,20260131-14-55-56,1,1069.0,1463
20260131-14-54-36,7,20260131-14-56-05,1,1114.0,1463
20260131-14-54-36,8,20260131-14-56-14,1,819.0,1463
20260131-14-54-36,9,20260131-14-56-22,1,1328.0,1463
20260131-14-54-36,10,20260131-14-56-31,1,728.0,1463
20260131-14-54-36,11,20260131-14-56-40,1,743.0,1463
20260131-14-54-36,12,20260131-14-56-49,1,919.0,1463
20260131-14-54-36,13,20260131-14-56-58,0,1573.0,1463
20260131-14-54-36,14,20260131-14-57-07,1,1271.0,1463
20260131-14-54-36,15,20260131-14-57-16,1,1078.0,1463
20260131-14-54-36,16,20260131-14-57-25,1,975.0,1463
20260131-14-54-36,17,20260131-14-57-34,0,1534.0,1463
20260131-14-54-36,18,20260131-14-57-42,1,1009.0,1463
20260131-15-15-55,0,20260131-15-16-22,1,480.0,1463
20260131-15-15-55,1,20260131-15-16-31,0,1565.0,1463
20260131-15-15-55,2,20260131-15-16-39,1,1207.0,1463
20260131-15-15-55,3,20260131-15-16-48,1,766.0,1463
20260131-15-15-55,4,20260131-15-16-57,1,799.0,1463
20260131-15-15-55,5,20260131-15-17-06,1,1052.0,1463
20260131-15-15-55,6,20260131-15-17-15,1,1156.0,1463
20260131-15-15-55,7,20260131-15-17-24,1,679.0,1463
20260131-15-15-55,8,20260131-15-17-33,1,1231.0,1463
20260131-15-15-55,9,20260131-15-17-42,1,1353.0,1463
20260131-15-15-55,10,20260131-15-17-51,1,562.0,1463
20260131-15-15-55,11,20260131-15-18-00,1,871.0,1463
20260131-15-15-55,12,20260131-15-18-09,1,1151.0,1463
20260131-15-15-55,13,20260131-15-18-18,0,1540.0,1463
20260131-15-15-55,14,20260131-15-18-26,1,1288.0,1463
20260131-15-15-55,15,20260131-15-18-36,1,743.0,1463
20260131-15-15-55,16,20260131-15-18-44,1,926.0,1463
20260131-15-15-55,17,20260131-15-18-53,0,1518.0,1463
20260131-15-15-55,18,20260131-15-19-02,1,995.0,1463
20260131-15-58-34,0,20260131-15-59-00,1,820.0,1463
20260131-15-58-34,1,20260131-15-59-09,0,1577.0,1463
20260131-15-58-34,2,20260131-15-59-18,1,1311.0,1463
20260131-15-58-34,3,20260131-15-59-27,1,1250.0,1463
20260131-15-58-34,4,20260131-15-59-36,1,787.0,1463
20260131-15-58-34,5,20260131-15-59-45,1,617.0,1463
20260131-15-58-34,6,20260131-15-59-54,1,630.0,1463
20260131-15-58-34,7,20260131-16-00-03,1,704.0,1463
20260131-15-58-34,8,20260131-16-00-12,1,1310.0,1463
20260131-15-58-34,9,20260131-16-00-20,1,1433.0,1463
20260131-15-58-34,10,20260131-16-00-29,1,572.0,1463
20260131-15-58-34,11,20260131-16-00-39,1,493.0,1463
20260131-15-58-34,12,20260131-16-00-47,1,940.0,1463
20260131-15-58-34,13,20260131-16-00-56,0,1572.0,1463
20260131-15-58-34,14,20260131-16-01-05,1,980.0,1463
20260131-15-58-34,15,20260131-16-01-14,1,793.0,1463
20260131-15-58-34,16,20260131-16-01-23,1,898.0,1463
20260131-15-58-34,17,20260131-16-01-32,0,1518.0,1463
20260131-15-58-34,18,20260131-16-01-40,1,542.0,1463
20260131-16-19-53,0,20260131-16-20-20,1,849.0,1463
20260131-16-19-53,1,20260131-16-20-29,0,1576.0,1463
20260131-16-19-53,2,20260131-16-20-38,1,1309.0,1463
20260131-16-19-53,3,20260131-16-20-47,1,1126.0,1463
20260131-16-19-53,4,20260131-16-20-55,1,775.0,1463
20260131-16-19-53,5,20260131-16-21-04,1,800.0,1463
20260131-16-19-53,6,20260131-16-21-13,1,905.0,1463
20260131-16-19-53,7,20260131-16-21-22,1,720.0,1463
20260131-16-19-53,8,20260131-16-21-31,1,801.0,1463
20260131-16-19-53,9,20260131-16-21-40,1,1431.0,1463
20260131-16-19-53,10,20260131-16-21-49,1,776.0,1463
20260131-16-19-53,11,20260131-16-21-58,1,690.0,1463
20260131-16-19-53,12,20260131-16-22-07,1,855.0,1463
20260131-16-19-53,13,20260131-16-22-16,0,1576.0,1463
20260131-16-19-53,14,20260131-16-22-24,1,1276.0,1463
20260131-16-19-53,15,20260131-16-22-34,1,561.0,1463
20260131-16-19-53,16,20260131-16-22-42,1,859.0,1463
20260131-16-19-53,17,20260131-16-22-51,0,1528.0,1463
20260131-16-19-53,18,20260131-16-23-00,1,1169.0,1463
20260131-16-41-13,0,20260131-16-41-39,1,537.0,1463
20260131-16-41-13,1,20260131-16-41-48,0,1537.0,1463
20260131-16-41-13,2,20260131-16-41-57,1,1308.0,1463
20260131-16-41-13,3,20260131-16-42-06,1,1335.0,1463
20260131-16-41-13,4,20260131-16-42-15,1,824.0,1463
20260131-16-41-13,5,20260131-16-42-24,1,736.0,1463
20260131-16-41-13,6,20260131-16-42-33,1,1346.0,1463
20260131-16-41-13,7,20260131-16-42-42,1,1014.0,1463
20260131-16-41-13,8,20260131-16-42-51,1,1259.0,1463
20260131-16-41-13,9,20260131-16-42-59,1,1395.0,1463
20260131-16-41-13,10,20260131-16-43-08,1,720.0,1463
20260131-16-41-13,11,20260131-16-43-17,1,672.0,1463
20260131-16-41-13,12,20260131-16-43-26,1,1293.0,1463
20260131-16-41-13,13,20260131-16-43-35,0,1555.0,1463
20260131-16-41-13,14,20260131-16-43-44,1,851.0,1463
20260131-16-41-13,15,20260131-16-43-53,1,301.0,1463
20260131-16-41-13,16,20260131-16-44-02,1,891.0,1463
20260131-16-41-13,17,20260131-16-44-11,0,1531.0,1463
20260131-16-41-13,18,20260131-16-44-19,1,1198.0,1463
20260131-18-27-50,0,20260131-18-28-16,1,1326.0,1463
20260131-18-27-50,1,20260131-18-28-25,0,1493.0,1463
20260131-18-27-50,2,20260131-18-28-34,1,1335.0,1463
20260131-18-27-50,3,20260131-18-28-43,1,1330.0,1463
20260131-18-27-50,4,20260131-18-28-52,1,1347.0,1463
20260131-18-27-50,5,20260131-18-29-01,1,1307.0,1463
20260131-18-27-50,6,20260131-18-29-10,1,1292.0,1463
20260131-18-27-50,7,20260131-18-29-19,1,667.0,1463
20260131-18-27-50,8,20260131-18-29-28,1,1008.0,1463
20260131-18-27-50,9,20260131-18-29-37,1,1439.0,1463
20260131-18-27-50,10,20260131-18-29-46,1,727.0,1463
20260131-18-27-50,11,20260131-18-29-55,1,761.0,1463
20260131-18-27-50,12,20260131-18-30-03,1,1294.0,1463
20260131-18-27-50,13,20260131-18-30-12,0,1525.0,1463
20260131-18-27-50,14,20260131-18-30-21,1,1303.0,1463
20260131-18-27-50,15,20260131-18-30-30,1,1325.0,1463
20260131-18-27-50,16,20260131-18-30-39,1,1335.0,1463
20260131-18-27-50,17,20260131-18-30-48,0,1547.0,1463
20260131-18-27-50,18,20260131-18-30-56,1,1275.0,1463
20260131-19-42-27,0,20260131-19-42-54,1,1337.0,1463
20260131-19-42-27,1,20260131-19-43-02,0,1554.0,1463
20260131-19-42-27,2,20260131-19-43-11,1,1312.0,1463
20260131-19-42-27,3,20260131-19-43-20,1,1296.0,1463
20260131-19-42-27,4,20260131-19-43-29,1,1324.0,1463
20260131-19-42-27,5,20260131-19-43-38,1,503.0,1463
20260131-19-42-27,6,20260131-19-43-47,1,1305.0,1463
20260131-19-42-27,7,20260131-19-43-56,1,1009.0,1463
20260131-19-42-27,8,20260131-19-44-05,1,653.0,1463
20260131-19-42-27,9,20260131-19-44-14,1,1363.0,1463
20260131-19-42-27,10,20260131-19-44-23,1,533.0,1463
20260131-19-42-27,11,20260131-19-44-32,1,349.0,1463
20260131-19-42-27,12,20260131-19-44-40,1,1295.0,1463
20260131-19-42-27,13,20260131-19-44-49,0,1546.0,1463
20260131-19-42-27,14,20260131-19-44-58,1,1313.0,1463
20260131-19-42-27,15,20260131-19-45-07,1,1308.0,1463
20260131-19-42-27,16,20260131-19-45-16,1,1316.0,1463
20260131-19-42-27,17,20260131-19-45-25,0,1532.0,1463
20260131-19-42-27,18,20260131-19-45-33,1,1182.0,1463
20260131-20-14-26,0,20260131-20-14-52,1,1323.0,1463
20260131-20-14-26,1,20260131-20-15-01,0,1502.0,1463
20260131-20-14-26,2,20260131-20-15-10,1,1061.0,1463
20260131-20-14-26,3,20260131-20-15-19,1,1120.5,1463
20260131-20-14-26,4,20260131-20-15-28,1,1083.0,1463
20260131-20-14-26,5,20260131-20-15-37,1,543.0,1463
20260131-20-14-26,6,20260131-20-15-46,1,1307.0,1463
20260131-20-14-26,7,20260131-20-15-55,1,1291.0,1463
20260131-20-14-26,8,20260131-20-16-04,1,902.0,1463
20260131-20-14-26,9,20260131-20-16-12,1,624.0,1463
20260131-20-14-26,10,20260131-20-16-21,1,356.0,1463
20260131-20-14-26,11,20260131-20-16-30,1,399.0,1463
20260131-20-14-26,12,20260131-20-16-39,1,1309.0,1463
20260131-20-14-26,13,20260131-20-16-48,0,1542.0,1463
20260131-20-14-26,14,20260131-20-16-57,1,1345.0,1463
20260131-20-14-26,15,20260131-20-17-06,1,1312.0,1463
20260131-20-14-26,16,20260131-20-17-15,1,1353.0,1463
20260131-20-14-26,17,20260131-20-17-24,0,1539.0,1463
20260131-20-14-26,18,20260131-20-17-32,1,1172.0,1463
20260131-21-07-44,0,20260131-21-08-10,1,1326.0,1463
20260131-21-07-44,1,20260131-21-08-19,0,1533.0,1463
20260131-21-07-44,2,20260131-21-08-28,1,1104.0,1463
20260131-21-07-44,3,20260131-21-08-37,1,1294.0,1463
20260131-21-07-44,4,20260131-21-08-46,1,1326.0,1463
20260131-21-07-44,5,20260131-21-08-55,1,753.0,1463
20260131-21-07-44,6,20260131-21-09-04,1,1316.0,1463
20260131-21-07-44,7,20260131-21-09-13,1,1303.0,1463
20260131-21-07-44,8,20260131-21-09-22,1,555.0,1463
20260131-21-07-44,9,20260131-21-09-30,1,1317.0,1463
20260131-21-07-44,10,20260131-21-09-39,1,1286.0,1463
20260131-21-07-44,11,20260131-21-09-48,1,1347.0,1463
20260131-21-07-44,12,20260131-21-09-57,1,1309.0,1463
20260131-21-07-44,13,20260131-21-10-06,0,1550.0,1463
20260131-21-07-44,14,20260131-21-10-15,1,1294.0,1463
20260131-21-07-44,15,20260131-21-10-24,1,1308.0,1463
20260131-21-07-44,16,20260131-21-10-33,1,1336.0,1463
20260131-21-07-44,17,20260131-21-10-42,0,1527.0,1463
20260131-21-07-44,18,20260131-21-10-50,1,1184.0,1463
20260131-21-29-03,0,20260131-21-29-29,1,1333.0,1463
20260131-21-29-03,1,20260131-21-29-38,0,1558.0,1463
20260131-21-29-03,2,20260131-21-29-47,1,1310.0,1463
20260131-21-29-03,3,20260131-21-29-56,1,1286.0,1463
20260131-21-29-03,4,20260131-21-30-05,1,1327.0,1463
20260131-21-29-03,5,20260131-21-30-14,1,1294.0,1463
20260131-21-29-03,6,20260131-21-30-23,1,1318.0,1463
20260131-21-29-03,7,20260131-21-30-32,1,1354.0,1463
20260131-21-29-03,8,20260131-21-30-41,1,632.0,1463
20260131-21-29-03,9,20260131-21-30-49,1,1352.0,1463
20260131-21-29-03,10,20260131-21-30-58,1,1283.0,1463
20260131-21-29-03,11,20260131-21-31-07,1,1324.0,1463
20260131-21-29-03,12,20260131-21-31-16,1,1310.0,1463
20260131-21-29-03,13,20260131-21-31-25,0,1544.0,1463
20260131-21-29-03,14,20260131-21-31-34,1,1315.0,1463
20260131-21-29-03,15,20260131-21-31-43,1,1316.0,1463
20260131-21-29-03,16,20260131-21-31-52,1,1376.0,1463
20260131-21-29-03,17,20260131-21-32-01,0,1518.0,1463
20260131-21-29-03,18,20260131-21-32-09,1,1216.0,1463
20260131-23-36-58,0,20260131-23-37-24,1,1327.0,1463
20260131-23-36-58,1,20260131-23-37-33,0,1545.0,1463
20260131-23-36-58,2,20260131-23-37-42,1,1338.0,1463
20260131-23-36-58,3,20260131-23-37-51,1,1308.0,1463
20260131-23-36-58,4,20260131-23-38-00,1,1313.0,1463
20260131-23-36-58,5,20260131-23-38-09,1,1331.0,1463
20260131-23-36-58,6,20260131-23-38-18,1,1306.0,1463
20260131-23-36-58,7,20260131-23-38-27,1,1329.0,1463
20260131-23-36-58,8,20260131-23-38-36,1,1307.0,1463
20260131-23-36-58,9,20260131-23-38-44,1,1391.0,1463
20260131-23-36-58,10,20260131-23-38-53,1,1289.0,1463
20260131-23-36-58,11,20260131-23-39-03,1,1351.0,1463
20260131-23-36-58,12,20260131-23-39-11,1,1303.0,1463
20260131-23-36-58,13,20260131-23-39-20,0,1545.0,1463
20260131-23-36-58,14,20260131-23-39-29,1,1328.0,1463
20260131-23-36-58,15,20260131-23-39-38,1,1326.0,1463
20260131-23-36-58,16,20260131-23-39-47,1,1433.0,1463
20260131-23-36-58,17,20260131-23-39-56,0,1536.0,1463
20260131-23-36-58,18,20260131-23-40-04,1,1191.0,1463
20260201-00-40-56,0,20260201-00-41-22,1,1341.0,1463
20260201-00-40-56,1,20260201-00-41-31,0,1531.0,1463
20260201-00-40-56,2,20260201-00-41-40,1,1345.0,1463
20260201-00-40-56,3,20260201-00-41-49,1,1322.0,1463
20260201-00-40-56,4,20260201-00-41-58,1,1324.0,1463
20260201-00-40-56,5,20260201-00-42-07,1,1340.0,1463
20260201-00-40-56,6,20260201-00-42-15,1,1291.0,1463
20260201-00-40-56,7,20260201-00-42-24,1,1302.0,1463
20260201-00-40-56,8,20260201-00-42-33,1,1307.0,1463
20260201-00-40-56,9,20260201-00-42-42,1,1422.0,1463
20260201-00-40-56,10,20260201-00-42-51,1,1302.0,1463
20260201-00-40-56,11,20260201-00-43-00,1,1357.0,1463
20260201-00-40-56,12,20260201-00-43-09,1,1302.0,1463
20260201-00-40-56,13,20260201-00-43-18,0,1557.0,1463
20260201-00-40-56,14,20260201-00-43-27,1,1339.0,1463
20260201-00-40-56,15,20260201-00-43-36,1,1295.0,1463
20260201-00-40-56,16,20260201-00-43-45,1,1334.0,1463
20260201-00-40-56,17,20260201-00-43-54,0,1531.0,1463
20260201-00-40-56,18,20260201-00-44-02,1,1239.0,1463
20260201-01-12-54,0,20260201-01-13-21,1,1344.0,1463
20260201-01-12-54,1,20260201-01-13-30,0,1535.0,1463
20260201-01-12-54,2,20260201-01-13-39,1,1340.0,1463
20260201-01-12-54,3,20260201-01-13-48,1,1322.0,1463
20260201-01-12-54,4,20260201-01-13-56,1,1316.0,1463
20260201-01-12-54,5,20260201-01-14-05,1,1352.0,1463
20260201-01-12-54,6,20260201-01-14-14,1,1289.0,1463
20260201-01-12-54,7,20260201-01-14-23,1,1298.0,1463
20260201-01-12-54,8,20260201-01-14-32,1,1306.0,1463
20260201-01-12-54,9,20260201-01-14-41,1,1398.0,1463
20260201-01-12-54,10,20260201-01-14-50,1,1289.0,1463
20260201-01-12-54,11,20260201-01-14-59,1,1320.0,1463
20260201-01-12-54,12,20260201-01-15-08,1,1292.0,1463
20260201-01-12-54,13,20260201-01-15-17,0,1545.0,1463
20260201-01-12-54,14,20260201-01-15-25,1,1327.0,1463
20260201-01-12-54,15,20260201-01-15-35,1,1298.0,1463
20260201-01-12-54,16,20260201-01-15-43,1,1334.0,1463
20260201-01-12-54,17,20260201-01-15-52,0,1529.0,1463
20260201-01-12-54,18,20260201-01-16-01,1,1234.0,1463
20260201-01-23-34,0,20260201-01-24-00,1,1337.0,1463
20260201-01-23-34,1,20260201-01-24-09,0,1529.0,1463
20260201-01-23-34,2,20260201-01-24-18,1,1366.0,1463
20260201-01-23-34,3,20260201-01-24-27,1,1318.0,1463
20260201-01-23-34,4,20260201-01-24-36,1,1316.0,1463
20260201-01-23-34,5,20260201-01-24-45,1,1370.5,1463
20260201-01-23-34,6,20260201-01-24-54,1,1299.0,1463
20260201-01-23-34,7,20260201-01-25-03,1,1305.0,1463
20260201-01-23-34,8,20260201-01-25-12,1,1284.0,1463
20260201-01-23-34,9,20260201-01-25-20,1,1368.0,1463
20260201-01-23-34,10,20260201-01-25-29,1,1299.0,1463
20260201-01-23-34,11,20260201-01-25-38,1,1315.0,1463
20260201-01-23-34,12,20260201-01-25-47,1,1303.0,1463
20260201-01-23-34,13,20260201-01-25-56,0,1548.0,1463
20260201-01-23-34,14,20260201-01-26-05,1,1337.0,1463
20260201-01-23-34,15,20260201-01-26-14,1,1297.0,1463
20260201-01-23-34,16,20260201-01-26-23,1,1339.0,1463
20260201-01-23-34,17,20260201-01-26-32,0,1535.0,1463
20260201-01-23-34,18,20260201-01-26-40,1,1188.0,1463
20260201-04-14-07,0,20260201-04-14-33,1,1342.0,1463
20260201-04-14-07,1,20260201-04-14-42,0,1527.0,1463
20260201-04-14-07,2,20260201-04-14-51,1,1334.0,1463
20260201-04-14-07,3,20260201-04-15-00,1,1330.0,1463
20260201-04-14-07,4,20260201-04-15-09,1,1309.0,1463
20260201-04-14-07,5,20260201-04-15-18,1,1333.0,1463
20260201-04-14-07,6,20260201-04-15-27,1,1303.0,1463
20260201-04-14-07,7,20260201-04-15-36,1,1295.0,1463
20260201-04-14-07,8,20260201-04-15-45,1,1333.0,1463
20260201-04-14-07,9,20260201-04-15-53,1,1351.0,1463
20260201-04-14-07,10,20260201-04-16-02,1,1338.0,1463
20260201-04-14-07,11,20260201-04-16-11,1,1401.0,1463
20260201-04-14-07,12,20260201-04-16-20,1,1314.0,1463
20260201-04-14-07,13,20260201-04-16-29,0,1564.0,1463
20260201-04-14-07,14,20260201-04-16-38,1,1345.0,1463
20260201-04-14-07,15,20260201-04-16-47,1,1312.0,1463
20260201-04-14-07,16,20260201-04-16-56,1,1368.0,1463
20260201-04-14-07,17,20260201-04-17-05,0,1597.0,1463
20260201-04-14-07,18,20260201-04-17-13,1,1045.0,1463
20260201-04-24-46,0,20260201-04-25-13,1,1332.0,1463
20260201-04-24-46,1,20260201-04-25-22,0,1526.0,1463
20260201-04-24-46,2,20260201-04-25-31,1,1333.0,1463
20260201-04-24-46,3,20260201-04-25-40,1,1380.0,1463
20260201-04-24-46,4,20260201-04-25-48,1,1296.0,1463
20260201-04-24-46,5,20260201-04-25-57,1,1324.0,1463
20260201-04-24-46,6,20260201-04-26-06,1,1303.0,1463
20260201-04-24-46,7,20260201-04-26-15,1,1296.0,1463
20260201-04-24-46,8,20260201-04-26-24,1,1337.0,1463
20260201-04-24-46,9,20260201-04-26-33,1,1338.0,1463
20260201-04-24-46,10,20260201-04-26-42,1,1362.0,1463
20260201-04-24-46,11,20260201-04-26-51,1,1395.0,1463
20260201-04-24-46,12,20260201-04-27-00,1,1332.0,1463
20260201-04-24-46,13,20260201-04-27-09,0,1547.0,1463
20260201-04-24-46,14,20260201-04-27-17,1,1325.0,1463
20260201-04-24-46,15,20260201-04-27-27,1,1301.0,1463
20260201-04-24-46,16,20260201-04-27-35,1,1350.0,1463
20260201-04-24-46,17,20260201-04-27-44,0,1535.0,1463
20260201-04-24-46,18,20260201-04-27-53,1,906.0,1463
20260201-05-18-04,0,20260201-05-18-31,1,1324.0,1463
20260201-05-18-04,1,20260201-05-18-40,0,1527.0,1463
20260201-05-18-04,2,20260201-05-18-48,1,1335.0,1463
20260201-05-18-04,3,20260201-05-18-57,1,1330.0,1463
20260201-05-18-04,4,20260201-05-19-06,1,1309.0,1463
20260201-05-18-04,5,20260201-05-19-15,1,1388.0,1463
20260201-05-18-04,6,20260201-05-19-24,1,1312.0,1463
20260201-05-18-04,7,20260201-05-19-33,1,1314.0,1463
20260201-05-18-04,8,20260201-05-19-42,1,1333.0,1463
20260201-05-18-04,9,20260201-05-19-51,1,1349.0,1463
20260201-05-18-04,10,20260201-05-20-00,1,1319.0,1463
20260201-05-18-04,11,20260201-05-20-09,1,1401.0,1463
20260201-05-18-04,12,20260201-05-20-18,1,1306.0,1463
20260201-05-18-04,13,20260201-05-20-27,0,1548.0,1463
20260201-05-18-04,14,20260201-05-20-35,1,1331.0,1463
20260201-05-18-04,15,20260201-05-20-44,1,1320.0,1463
20260201-05-18-04,16,20260201-05-20-53,1,1390.0,1463
20260201-05-18-04,17,20260201-05-21-02,0,1553.0,1463
20260201-05-18-04,18,20260201-05-21-10,1,381.0,1463
20260201-07-36-39,0,20260201-07-37-05,1,879.0,1463
20260201-07-36-39,1,20260201-07-37-14,0,1590.0,1463
20260201-07-36-39,2,20260201-07-37-23,1,774.0,1463
20260201-07-36-39,3,20260201-07-37-32,1,961.0,1463
20260201-07-36-39,4,20260201-07-37-41,1,1332.0,1463
20260201-07-36-39,5,20260201-07-37-50,1,1317.0,1463
20260201-07-36-39,6,20260201-07-37-59,1,1276.0,1463
20260201-07-36-39,7,20260201-07-38-08,1,791.0,1463
20260201-07-36-39,8,20260201-07-38-17,1,1299.0,1463
20260201-07-36-39,9,20260201-07-38-25,1,946.0,1463
20260201-07-36-39,10,20260201-07-38-34,1,688.0,1463
20260201-07-36-39,11,20260201-07-38-43,1,869.0,1463
20260201-07-36-39,12,20260201-07-38-52,1,941.0,1463
20260201-07-36-39,13,20260201-07-39-01,0,1587.0,1463
20260201-07-36-39,14,20260201-07-39-10,1,972.0,1463
20260201-07-36-39,15,20260201-07-39-19,1,324.0,1463
20260201-07-36-39,16,20260201-07-39-28,1,933.0,1463
20260201-07-36-39,17,20260201-07-39-37,0,1579.0,1463
20260201-07-36-39,18,20260201-07-39-45,1,980.0,1463
20260201-10-48-31,0,20260201-10-48-58,1,868.0,1463
20260201-10-48-31,1,20260201-10-49-07,0,1565.0,1463
20260201-10-48-31,2,20260201-10-49-16,1,1307.0,1463
20260201-10-48-31,3,20260201-10-49-25,1,1043.0,1463
20260201-10-48-31,4,20260201-10-49-33,1,859.0,1463
20260201-10-48-31,5,20260201-10-49-42,1,1222.0,1463
20260201-10-48-31,6,20260201-10-49-51,1,924.0,1463
20260201-10-48-31,7,20260201-10-50-00,1,499.0,1463
20260201-10-48-31,8,20260201-10-50-09,1,998.0,1463
20260201-10-48-31,9,20260201-10-50-18,1,1416.0,1463
20260201-10-48-31,10,20260201-10-50-27,1,647.0,1463
20260201-10-48-31,11,20260201-10-50-36,1,643.0,1463
20260201-10-48-31,12,20260201-10-50-45,1,930.0,1463
20260201-10-48-31,13,20260201-10-50-54,0,1591.0,1463
20260201-10-48-31,14,20260201-10-51-02,1,1063.0,1463
20260201-10-48-31,15,20260201-10-51-12,1,583.0,1463
20260201-10-48-31,16,20260201-10-51-20,1,822.0,1463
20260201-10-48-31,17,20260201-10-51-29,0,1572.0,1463
20260201-10-48-31,18,20260201-10-51-38,1,940.0,1463
20260201-11-31-10,0,20260201-11-31-36,1,836.0,1463
20260201-11-31-10,1,20260201-11-31-45,0,1584.0,1463
20260201-11-31-10,2,20260201-11-31-54,1,1313.0,1463
20260201-11-31-10,3,20260201-11-32-03,1,1113.0,1463
20260201-11-31-10,4,20260201-11-32-12,1,837.0,1463
20260201-11-31-10,5,20260201-11-32-21,1,1239.0,1463
20260201-11-31-10,6,20260201-11-32-30,1,1264.0,1463
20260201-11-31-10,7,20260201-11-32-39,1,596.0,1463
20260201-11-31-10,8,20260201-11-32-48,1,921.0,1463
20260201-11-31-10,9,20260201-11-32-56,1,1358.0,1463
20260201-11-31-10,10,20260201-11-33-05,1,458.0,1463
20260201-11-31-10,11,20260201-11-33-14,1,698.0,1463
20260201-11-31-10,12,20260201-11-33-23,1,916.0,1463
20260201-11-31-10,13,20260201-11-33-32,0,1577.0,1463
20260201-11-31-10,14,20260201-11-33-41,1,1260.0,1463
20260201-11-31-10,15,20260201-11-33-50,1,702.0,1463
20260201-11-31-10,16,20260201-11-33-59,1,871.0,1463
20260201-11-31-10,17,20260201-11-34-08,0,1552.0,1463
20260201-11-31-10,18,20260201-11-34-16,1,843.0,1463
20260201-12-35-07,0,20260201-12-35-34,1,775.0,1463
20260201-12-35-07,1,20260201-12-35-43,0,1505.0,1463
20260201-12-35-07,2,20260201-12-35-52,1,1307.0,1463
20260201-12-35-07,3,20260201-12-36-01,1,995.0,1463
20260201-12-35-07,4,20260201-12-36-09,1,1335.0,1463
20260201-12-35-07,5,20260201-12-36-18,1,515.0,1463
20260201-12-35-07,6,20260201-12-36-27,1,992.0,1463
20260201-12-35-07,7,20260201-12-36-36,1,746.0,1463
20260201-12-35-07,8,20260201-12-36-45,1,958.0,1463
20260201-12-35-07,9,20260201-12-36-54,1,1408.0,1463
20260201-12-35-07,10,20260201-12-37-03,1,614.0,1463
20260201-12-35-07,11,20260201-12-37-12,1,446.0,1463
20260201-12-35-07,12,20260201-12-37-21,1,917.0,1463
20260201-12-35-07,13,20260201-12-37-30,0,1576.0,1463
20260201-12-35-07,14,20260201-12-37-38,1,1066.0,1463
20260201-12-35-07,15,20260201-12-37-48,1,1380.0,1463
20260201-12-35-07,16,20260201-12-37-56,1,920.0,1463
20260201-12-35-07,17,20260201-12-38-05,0,1534.0,1463
20260201-12-35-07,18,20260201-12-38-14,1,854.0,1463
20260201-13-39-05,0,20260201-13-39-31,1,1018.0,1463
20260201-13-39-05,1,20260201-13-39-40,0,1554.0,1463
20260201-13-39-05,2,20260201-13-39-49,1,1311.0,1463
20260201-13-39-05,3,20260201-13-39-58,1,1182.0,1463
20260201-13-39-05,4,20260201-13-40-07,1,934.0,1463
20260201-13-39-05,5,20260201-13-40-16,1,732.0,1463
20260201-13-39-05,6,20260201-13-40-25,1,1261.0,1463
20260201-13-39-05,7,20260201-13-40-34,1,723.0,1463
20260201-13-39-05,8,20260201-13-40-43,1,913.0,1463
20260201-13-39-05,9,20260201-13-40-51,1,1370.0,1463
20260201-13-39-05,10,20260201-13-41-00,1,651.0,1463
20260201-13-39-05,11,20260201-13-41-09,1,570.0,1463
20260201-13-39-05,12,20260201-13-41-18,1,1148.0,1463
20260201-13-39-05,13,20260201-13-41-27,0,1526.0,1463
20260201-13-39-05,14,20260201-13-41-36,1,1280.0,1463
20260201-13-39-05,15,20260201-13-41-45,1,674.0,1463
20260201-13-39-05,16,20260201-13-41-54,1,929.0,1463
20260201-13-39-05,17,20260201-13-42-03,0,1538.0,1463
20260201-13-39-05,18,20260201-13-42-11,1,999.0,1463
20260201-14-00-24,0,20260201-14-00-50,1,816.0,1463
20260201-14-00-24,1,20260201-14-00-59,0,1547.0,1463
20260201-14-00-24,2,20260201-14-01-08,1,1304.0,1463
20260201-14-00-24,3,20260201-14-01-17,1,801.0,1463
20260201-14-00-24,4,20260201-14-01-26,1,912.0,1463
20260201-14-00-24,5,20260201-14-01-35,1,526.0,1463
20260201-14-00-24,6,20260201-14-01-44,1,1246.0,1463
20260201-14-00-24,7,20260201-14-01-53,1,774.0,1463
20260201-14-00-24,8,20260201-14-02-02,1,891.0,1463
20260201-14-00-24,9,20260201-14-02-11,0,1478.0,1463
20260201-14-00-24,10,20260201-14-02-19,1,478.0,1463
20260201-14-00-24,11,20260201-14-02-29,1,751.0,1463
20260201-14-00-24,12,20260201-14-02-37,1,841.0,1463
20260201-14-00-24,13,20260201-14-02-46,0,1576.0,1463
20260201-14-00-24,14,20260201-14-02-55,1,775.0,1463
20260201-14-00-24,15,20260201-14-03-04,1,1010.0,1463
20260201-14-00-24,16,20260201-14-03-13,1,956.0,1463
20260201-14-00-24,17,20260201-14-03-22,0,1582.0,1463
20260201-14-00-24,18,20260201-14-03-30,1,1052.0,1463
20260201-14-32-23,0,20260201-14-32-49,1,766.0,1463
20260201-14-32-23,1,20260201-14-32-58,0,1572.0,1463
20260201-14-32-23,2,20260201-14-33-07,1,724.0,1463
20260201-14-32-23,3,20260201-14-33-16,1,1228.0,1463
20260201-14-32-23,4,20260201-14-33-25,1,1078.0,1463
20260201-14-32-23,5,20260201-14-33-34,1,567.0,1463
20260201-14-32-23,6,20260201-14-33-43,1,751.0,1463
20260201-14-32-23,7,20260201-14-33-52,1,561.0,1463
20260201-14-32-23,8,20260201-14-34-01,1,787.0,1463
20260201-14-32-23,9,20260201-14-34-09,1,1378.0,1463
20260201-14-32-23,10,20260201-14-34-18,1,482.0,1463
20260201-14-32-23,11,20260201-14-34-27,1,380.0,1463
20260201-14-32-23,12,20260201-14-34-36,1,965.0,1463
20260201-14-32-23,13,20260201-14-34-45,0,1536.0,1463
20260201-14-32-23,14,20260201-14-34-54,1,877.5,1463
20260201-14-32-23,15,20260201-14-35-03,1,396.0,1463
20260201-14-32-23,16,20260201-14-35-12,1,884.0,1463
20260201-14-32-23,17,20260201-14-35-21,0,1562.0,1463
20260201-14-32-23,18,20260201-14-35-29,1,1013.0,1463
20260201-16-40-17,0,20260201-16-40-44,1,478.0,1463
20260201-16-40-17,1,20260201-16-40-53,0,1557.0,1463
20260201-16-40-17,2,20260201-16-41-02,1,1143.0,1463
20260201-16-40-17,3,20260201-16-41-11,1,830.0,1463
20260201-16-40-17,4,20260201-16-41-19,1,914.0,1463
20260201-16-40-17,5,20260201-16-41-28,1,760.0,1463
20260201-16-40-17,6,20260201-16-41-37,1,1307.0,1463
20260201-16-40-17,7,20260201-16-41-46,1,1146.0,1463
20260201-16-40-17,8,20260201-16-41-55,1,975.0,1463
20260201-16-40-17,9,20260201-16-42-04,1,1287.0,1463
20260201-16-40-17,10,20260201-16-42-13,1,891.0,1463
20260201-16-40-17,11,20260201-16-42-22,1,1303.0,1463
20260201-16-40-17,12,20260201-16-42-31,1,856.0,1463
20260201-16-40-17,13,20260201-16-42-40,0,1593.0,1463
20260201-16-40-17,14,20260201-16-42-48,1,1053.0,1463
20260201-16-40-17,15,20260201-16-42-58,1,581.0,1463
20260201-16-40-17,16,20260201-16-43-06,1,900.0,1463
20260201-16-40-17,17,20260201-16-43-15,0,1515.0,1463
20260201-16-40-17,18,20260201-16-43-24,1,1146.0,1463
20260201-18-26-53,0,20260201-18-27-19,1,1326.0,1463
20260201-18-26-53,1,20260201-18-27-28,0,1579.0,1463
20260201-18-26-53,2,20260201-18-27-37,1,1336.0,1463
20260201-18-26-53,3,20260201-18-27-46,1,1270.0,1463
20260201-18-26-53,4,20260201-18-27-55,1,1345.0,1463
20260201-18-26-53,5,20260201-18-28-04,1,1303.0,1463
20260201-18-26-53,6,20260201-18-28-13,1,1300.0,1463
20260201-18-26-53,7,20260201-18-28-22,1,448.0,1463
20260201-18-26-53,8,20260201-18-28-31,1,1180.0,1463
20260201-18-26-53,9,20260201-18-28-40,1,1418.0,1463
20260201-18-26-53,10,20260201-18-28-49,1,672.0,1463
20260201-18-26-53,11,20260201-18-28-58,1,637.0,1463
20260201-18-26-53,12,20260201-18-29-06,1,1310.0,1463
20260201-18-26-53,13,20260201-18-29-15,0,1535.0,1463
20260201-18-26-53,14,20260201-18-29-24,1,1062.0,1463
20260201-18-26-53,15,20260201-18-29-33,1,1294.0,1463
20260201-18-26-53,16,20260201-18-29-42,1,1395.0,1463
20260201-18-26-53,17,20260201-18-29-51,0,1570.0,1463
20260201-18-26-53,18,20260201-18-29-59,1,1270.0,1463
20260201-19-09-31,0,20260201-19-09-58,1,1340.0,1463
20260201-19-09-31,1,20260201-19-10-07,0,1488.0,1463
20260201-19-09-31,2,20260201-19-10-16,1,997.0,1463
20260201-19-09-31,3,20260201-19-10-25,1,1330.0,1463
20260201-19-09-31,4,20260201-19-10-33,1,1340.0,1463
20260201-19-09-31,5,20260201-19-10-42,1,823.0,1463
20260201-19-09-31,6,20260201-19-10-51,1,1303.0,1463
20260201-19-09-31,7,20260201-19-11-00,1,691.0,1463
20260201-19-09-31,8,20260201-19-11-09,1,910.0,1463
20260201-19-09-31,9,20260201-19-11-18,1,1377.0,1463
20260201-19-09-31,10,20260201-19-11-27,1,287.0,1463
20260201-19-09-31,11,20260201-19-11-36,1,752.0,1463
20260201-19-09-31,12,20260201-19-11-45,1,1311.0,1463
20260201-19-09-31,13,20260201-19-11-54,0,1544.0,1463
20260201-19-09-31,14,20260201-19-12-02,1,804.0,1463
20260201-19-09-31,15,20260201-19-12-12,1,1317.0,1463
20260201-19-09-31,16,20260201-19-12-20,1,1394.0,1463
20260201-19-09-31,17,20260201-19-12-29,0,1535.0,1463
20260201-19-09-31,18,20260201-19-12-38,1,1283.5,1463
20260201-19-52-10,0,20260201-19-52-36,1,1332.0,1463
20260201-19-52-10,1,20260201-19-52-45,0,1499.0,1463
20260201-19-52-10,2,20260201-19-52-54,1,1345.0,1463
20260201-19-52-10,3,20260201-19-53-03,1,1330.5,1463
20260201-19-52-10,4,20260201-19-53-12,1,1359.0,1463
20260201-19-52-10,5,20260201-19-53-21,1,1315.0,1463
20260201-19-52-10,6,20260201-19-53-30,1,1295.0,1463
20260201-19-52-10,7,20260201-19-53-39,1,375.0,1463
20260201-19-52-10,8,20260201-19-53-48,1,955.0,1463
20260201-19-52-10,9,20260201-19-53-56,1,1321.0,1463
20260201-19-52-10,10,20260201-19-54-05,1,318.0,1463
20260201-19-52-10,11,20260201-19-54-14,1,701.0,1463
20260201-19-52-10,12,20260201-19-54-23,1,1310.0,1463
20260201-19-52-10,13,20260201-19-54-32,0,1547.0,1463
20260201-19-52-10,14,20260201-19-54-41,1,1296.0,1463
20260201-19-52-10,15,20260201-19-54-50,1,308.0,1463
20260201-19-52-10,16,20260201-19-54-59,1,338.0,1463
20260201-19-52-10,17,20260201-19-55-08,0,1549.0,1463
20260201-19-52-10,18,20260201-19-55-16,1,1282.0,1463
20260201-20-45-27,0,20260201-20-45-53,1,1330.0,1463
20260201-20-45-27,1,20260201-20-46-02,0,1516.0,1463
20260201-20-45-27,2,20260201-20-46-11,1,1353.0,1463
20260201-20-45-27,3,20260201-20-46-20,1,1328.0,1463
20260201-20-45-27,4,20260201-20-46-29,1,1343.0,1463
20260201-20-45-27,5,20260201-20-46-38,1,859.0,1463
20260201-20-45-27,6,20260201-20-46-47,1,1301.0,1463
20260201-20-45-27,7,20260201-20-46-56,1,1289.0,1463
20260201-20-45-27,8,20260201-20-47-05,1,1320.0,1463
20260201-20-45-27,9,20260201-20-47-13,1,1371.0,1463
20260201-20-45-27,10,20260201-20-47-22,1,1291.0,1463
20260201-20-45-27,11,20260201-20-47-31,1,1334.0,1463
20260201-20-45-27,12,20260201-20-47-40,1,1307.0,1463
20260201-20-45-27,13,20260201-20-47-49,0,1541.0,1463
20260201-20-45-27,14,20260201-20-47-58,1,1301.0,1463
20260201-20-45-27,15,20260201-20-48-07,1,1373.0,1463
20260201-20-45-27,16,20260201-20-48-16,1,1324.0,1463
20260201-20-45-27,17,20260201-20-48-25,0,1537.0,1463
20260201-20-45-27,18,20260201-20-48-33,1,1153.5,1463
20260201-22-10-42,0,20260201-22-11-09,1,1343.0,1463
20260201-22-10-42,1,20260201-22-11-18,0,1520.0,1463
20260201-22-10-42,2,20260201-22-11-27,1,1337.0,1463
20260201-22-10-42,3,20260201-22-11-36,1,1332.0,1463
20260201-22-10-42,4,20260201-22-11-44,1,1312.0,1463
20260201-22-10-42,5,20260201-22-11-53,1,1322.0,1463
20260201-22-10-42,6,20260201-22-12-02,1,1302.0,1463
20260201-22-10-42,7,20260201-22-12-11,1,1293.0,1463
20260201-22-10-42,8,20260201-22-12-20,1,1313.0,1463
20260201-22-10-42,9,20260201-22-12-29,1,1334.0,1463
20260201-22-10-42,10,20260201-22-12-38,1,1297.0,1463
20260201-22-10-42,11,20260201-22-12-47,1,1304.0,1463
20260201-22-10-42,12,20260201-22-12-56,1,1303.0,1463
20260201-22-10-42,13,20260201-22-13-05,0,1548.0,1463
20260201-22-10-42,14,20260201-22-13-13,1,1329.0,1463
20260201-22-10-42,15,20260201-22-13-23,1,1308.0,1463
20260201-22-10-42,16,20260201-22-13-31,1,1334.0,1463
20260201-22-10-42,17,20260201-22-13-40,0,1529.0,1463
20260201-22-10-42,18,20260201-22-13-49,1,1249.0,1463
20260201-23-25-18,0,20260201-23-25-45,1,1333.0,1463
20260201-23-25-18,1,20260201-23-25-54,0,1515.0,1463
20260201-23-25-18,2,20260201-23-26-02,1,1339.0,1463
20260201-23-25-18,3,20260201-23-26-11,1,1335.0,1463
20260201-23-25-18,4,20260201-23-26-20,1,1308.0,1463
20260201-23-25-18,5,20260201-23-26-29,1,1323.0,1463
20260201-23-25-18,6,20260201-23-26-38,1,1307.0,1463
20260201-23-25-18,7,20260201-23-26-47,1,1294.0,1463
20260201-23-25-18,8,20260201-23-26-56,1,1336.0,1463
20260201-23-25-18,9,20260201-23-27-05,1,1325.0,1463
20260201-23-25-18,10,20260201-23-27-14,1,1305.0,1463
20260201-23-25-18,11,20260201-23-27-23,1,1337.0,1463
20260201-23-25-18,12,20260201-23-27-32,1,1306.0,1463
20260201-23-25-18,13,20260201-23-27-41,0,1546.0,1463
20260201-23-25-18,14,20260201-23-27-49,1,1354.0,1463
20260201-23-25-18,15,20260201-23-27-59,1,1311.0,1463
20260201-23-25-18,16,20260201-23-28-07,1,1329.0,1463
20260201-23-25-18,17,20260201-23-28-16,0,1529.0,1463
20260201-23-25-18,18,20260201-23-28-25,1,1226.0,1463
20260202-00-50-34,0,20260202-00-51-00,1,1336.0,1463
20260202-00-50-34,1,20260202-00-51-09,0,1520.0,1463
20260202-00-50-34,2,20260202-00-51-18,1,1336.0,1463
20260202-00-50-34,3,20260202-00-51-27,1,1319.0,1463
20260202-00-50-34,4,20260202-00-51-36,1,1316.0,1463
20260202-00-50-34,5,20260202-00-51-45,1,1337.0,1463
20260202-00-50-34,6,20260202-00-51-54,1,1305.0,1463
20260202-00-50-34,7,20260202-00-52-03,1,1298.0,1463
20260202-00-50-34,8,20260202-00-52-12,1,1344.0,1463
20260202-00-50-34,9,20260202-00-52-20,1,1359.0,1463
20260202-00-50-34,10,20260202-00-52-29,1,1299.0,1463
20260202-00-50-34,11,20260202-00-52-38,1,1341.0,1463
20260202-00-50-34,12,20260202-00-52-47,1,1307.0,1463
20260202-00-50-34,13,20260202-00-52-56,0,1550.0,1463
20260202-00-50-34,14,20260202-00-53-05,1,1351.0,1463
20260202-00-50-34,15,20260202-00-53-14,1,1316.0,1463
20260202-00-50-34,16,20260202-00-53-23,1,1356.0,1463
20260202-00-50-34,17,20260202-00-53-32,0,1532.0,1463
20260202-00-50-34,18,20260202-00-53-40,1,1257.0,1463
20260202-01-33-11,0,20260202-01-33-38,1,1348.0,1463
20260202-01-33-11,1,20260202-01-33-47,0,1528.0,1463
20260202-01-33-11,2,20260202-01-33-55,1,1336.0,1463
20260202-01-33-11,3,20260202-01-34-04,1,1332.0,1463
20260202-01-33-11,4,20260202-01-34-13,1,1308.0,1463
20260202-01-33-11,5,20260202-01-34-22,1,1315.0,1463
20260202-01-33-11,6,20260202-01-34-31,1,1305.0,1463
20260202-01-33-11,7,20260202-01-34-40,1,1298.0,1463
20260202-01-33-11,8,20260202-01-34-49,1,1345.0,1463
20260202-01-33-11,9,20260202-01-34-58,1,1336.0,1463
20260202-01-33-11,10,20260202-01-35-07,1,1301.0,1463
20260202-01-33-11,11,20260202-01-35-16,1,1347.0,1463
20260202-01-33-11,12,20260202-01-35-24,1,1308.0,1463
20260202-01-33-11,13,20260202-01-35-34,0,1549.0,1463
20260202-01-33-11,14,20260202-01-35-42,1,1372.0,1463
20260202-01-33-11,15,20260202-01-35-51,1,1313.0,1463
20260202-01-33-11,16,20260202-01-36-00,1,1355.0,1463
20260202-01-33-11,17,20260202-01-36-09,0,1524.0,1463
20260202-01-33-11,18,20260202-01-36-17,1,1286.0,1463
20260202-04-23-42,0,20260202-04-24-09,1,1336.0,1463
20260202-04-23-42,1,20260202-04-24-18,0,1526.0,1463
20260202-04-23-42,2,20260202-04-24-27,1,1336.0,1463
20260202-04-23-42,3,20260202-04-24-36,1,1329.0,1463
20260202-04-23-42,4,20260202-04-24-44,1,1309.0,1463
20260202-04-23-42,5,20260202-04-24-53,1,1394.0,1463
20260202-04-23-42,6,20260202-04-25-02,1,1303.0,1463
20260202-04-23-42,7,20260202-04-25-11,1,1298.0,1463
20260202-04-23-42,8,20260202-04-25-20,1,1318.0,1463
20260202-04-23-42,9,20260202-04-25-29,1,1414.0,1463
20260202-04-23-42,10,20260202-04-25-38,1,1310.0,1463
20260202-04-23-42,11,20260202-04-25-47,1,1426.0,1463
20260202-04-23-42,12,20260202-04-25-56,1,1315.0,1463
20260202-04-23-42,13,20260202-04-26-05,0,1538.0,1463
20260202-04-23-42,14,20260202-04-26-13,1,1407.0,1463
20260202-04-23-42,15,20260202-04-26-23,1,1329.0,1463
20260202-04-23-42,16,20260202-04-26-31,1,1380.0,1463
20260202-04-23-42,17,20260202-04-26-40,0,1533.0,1463
20260202-04-23-42,18,20260202-04-26-49,1,1281.0,1463
20260202-05-27-39,0,20260202-05-28-06,1,1355.0,1463
20260202-05-27-39,1,20260202-05-28-15,0,1532.0,1463
20260202-05-27-39,2,20260202-05-28-23,1,1125.0,1463
20260202-05-27-39,3,20260202-05-28-32,1,1337.0,1463
20260202-05-27-39,4,20260202-05-28-41,1,1320.0,1463
20260202-05-27-39,5,20260202-05-28-50,1,1358.0,1463
20260202-05-27-39,6,20260202-05-28-59,1,1313.0,1463
20260202-05-27-39,7,20260202-05-29-08,1,1321.0,1463
20260202-05-27-39,8,20260202-05-29-17,1,1323.0,1463
20260202-05-27-39,9,20260202-05-29-26,1,1396.0,1463
20260202-05-27-39,10,20260202-05-29-35,1,1316.0,1463
20260202-05-27-39,11,20260202-05-29-44,1,1444.0,1463
20260202-05-27-39,12,20260202-05-29-53,1,1321.0,1463
20260202-05-27-39,13,20260202-05-30-02,0,1551.0,1463
20260202-05-27-39,14,20260202-05-30-10,1,1307.0,1463
20260202-05-27-39,15,20260202-05-30-19,1,1340.0,1463
20260202-05-27-39,16,20260202-05-30-28,1,1411.0,1463
20260202-05-27-39,17,20260202-05-30-37,0,1557.0,1463
20260202-05-27-39,18,20260202-05-30-45,1,1318.0,1463
20260202-06-42-15,0,20260202-06-42-42,1,879.0,1463
20260202-06-42-15,1,20260202-06-42-51,0,1583.0,1463
20260202-06-42-15,2,20260202-06-43-00,1,1240.0,1463
20260202-06-42-15,3,20260202-06-43-09,1,1329.0,1463
20260202-06-42-15,4,20260202-06-43-17,1,1341.0,1463
20260202-06-42-15,5,20260202-06-43-26,1,1330.0,1463
20260202-06-42-15,6,20260202-06-43-35,1,350.0,1463
20260202-06-42-15,7,20260202-06-43-44,1,618.0,1463
20260202-06-42-15,8,20260202-06-43-53,1,1209.0,1463
20260202-06-42-15,9,20260202-06-44-02,1,1427.0,1463
20260202-06-42-15,10,20260202-06-44-11,1,1348.0,1463
20260202-06-42-15,11,20260202-06-44-20,1,581.0,1463
20260202-06-42-15,12,20260202-06-44-29,1,938.0,1463
20260202-06-42-15,13,20260202-06-44-38,0,1575.0,1463
20260202-06-42-15,14,20260202-06-44-46,1,1314.0,1463
20260202-06-42-15,15,20260202-06-44-56,1,1443.0,1463
20260202-06-42-15,16,20260202-06-45-04,1,867.0,1463
20260202-06-42-15,17,20260202-06-45-13,0,1570.0,1463
20260202-06-42-15,18,20260202-06-45-22,1,1336.0,1463
20260202-07-03-34,0,20260202-07-04-01,1,801.0,1463
20260202-07-03-34,1,20260202-07-04-10,0,1533.0,1463
20260202-07-03-34,2,20260202-07-04-19,1,966.0,1463
20260202-07-03-34,3,20260202-07-04-27,1,1355.0,1463
20260202-07-03-34,4,20260202-07-04-36,1,1097.0,1463
20260202-07-03-34,5,20260202-07-04-45,1,782.0,1463
20260202-07-03-34,6,20260202-07-04-54,1,809.0,1463
20260202-07-03-34,7,20260202-07-05-03,1,1131.0,1463
20260202-07-03-34,8,20260202-07-05-12,1,781.0,1463
20260202-07-03-34,9,20260202-07-05-21,1,1432.0,1463
20260202-07-03-34,10,20260202-07-05-30,1,876.0,1463
20260202-07-03-34,11,20260202-07-05-39,1,808.0,1463
20260202-07-03-34,12,20260202-07-05-48,1,897.0,1463
20260202-07-03-34,13,20260202-07-05-57,0,1560.0,1463
20260202-07-03-34,14,20260202-07-06-05,1,1316.0,1463
20260202-07-03-34,15,20260202-07-06-15,1,1334.0,1463
20260202-07-03-34,16,20260202-07-06-23,1,1024.0,1463
20260202-07-03-34,17,20260202-07-06-32,0,1516.0,1463
20260202-07-03-34,18,20260202-07-06-41,1,402.0,1463
20260202-08-28-50,0,20260202-08-29-16,1,804.0,1463
20260202-08-28-50,1,20260202-08-29-25,0,1564.0,1463
20260202-08-28-50,2,20260202-08-29-34,1,683.0,1463
20260202-08-28-50,3,20260202-08-29-43,1,1069.0,1463
20260202-08-28-50,4,20260202-08-29-52,1,483.0,1463
20260202-08-28-50,5,20260202-08-30-01,1,699.0,1463
20260202-08-28-50,6,20260202-08-30-10,1,1235.0,1463
20260202-08-28-50,7,20260202-08-30-19,1,651.0,1463
20260202-08-28-50,8,20260202-08-30-28,1,926.0,1463
20260202-08-28-50,9,20260202-08-30-36,0,1579.0,1463
20260202-08-28-50,10,20260202-08-30-45,1,795.0,1463
20260202-08-28-50,11,20260202-08-30-54,1,1167.0,1463
20260202-08-28-50,12,20260202-08-31-03,1,1093.0,1463
20260202-08-28-50,13,20260202-08-31-12,0,1607.0,1463
20260202-08-28-50,14,20260202-08-31-21,1,1269.0,1463
20260202-08-28-50,15,20260202-08-31-30,1,827.0,1463
20260202-08-28-50,16,20260202-08-31-39,1,1135.0,1463
20260202-08-28-50,17,20260202-08-31-48,0,1540.0,1463
20260202-08-28-50,18,20260202-08-31-56,1,1011.0,1463
20260202-09-11-27,0,20260202-09-11-54,1,865.0,1463
20260202-09-11-27,1,20260202-09-12-03,0,1565.0,1463
20260202-09-11-27,2,20260202-09-12-12,1,876.0,1463
20260202-09-11-27,3,20260202-09-12-21,1,760.0,1463
20260202-09-11-27,4,20260202-09-12-29,1,534.0,1463
20260202-09-11-27,5,20260202-09-12-38,1,366.0,1463
20260202-09-11-27,6,20260202-09-12-47,1,1201.0,1463
20260202-09-11-27,7,20260202-09-12-56,1,490.0,1463
20260202-09-11-27,8,20260202-09-13-05,1,1031.0,1463
20260202-09-11-27,9,20260202-09-13-14,0,1571.0,1463
20260202-09-11-27,10,20260202-09-13-23,1,719.0,1463
20260202-09-11-27,11,20260202-09-13-32,1,1296.0,1463
20260202-09-11-27,12,20260202-09-13-41,1,933.0,1463
20260202-09-11-27,13,20260202-09-13-50,0,1590.0,1463
20260202-09-11-27,14,20260202-09-13-58,1,1411.0,1463
20260202-09-11-27,15,20260202-09-14-08,1,713.0,1463
20260202-09-11-27,16,20260202-09-14-16,1,828.0,1463
20260202-09-11-27,17,20260202-09-14-25,0,1558.0,1463
20260202-09-11-27,18,20260202-09-14-34,1,765.0,1463
20260202-10-04-45,0,20260202-10-05-11,1,819.0,1463
20260202-10-04-45,1,20260202-10-05-20,0,1573.0,1463
20260202-10-04-45,2,20260202-10-05-29,1,1344.0,1463
20260202-10-04-45,3,20260202-10-05-38,1,1139.0,1463
20260202-10-04-45,4,20260202-10-05-47,1,1325.0,1463
20260202-10-04-45,5,20260202-10-05-56,1,477.0,1463
20260202-10-04-45,6,20260202-10-06-05,1,781.0,1463
20260202-10-04-45,7,20260202-10-06-14,1,976.0,1463
20260202-10-04-45,8,20260202-10-06-23,1,902.0,1463
20260202-10-04-45,9,20260202-10-06-31,0,1529.0,1463
20260202-10-04-45,10,20260202-10-06-40,1,638.0,1463
20260202-10-04-45,11,20260202-10-06-49,1,573.0,1463
20260202-10-04-45,12,20260202-10-06-58,1,1053.0,1463
20260202-10-04-45,13,20260202-10-07-07,0,1575.0,1463
20260202-10-04-45,14,20260202-10-07-16,1,821.0,1463
20260202-10-04-45,15,20260202-10-07-25,1,679.0,1463
20260202-10-04-45,16,20260202-10-07-34,1,949.0,1463
20260202-10-04-45,17,20260202-10-07-43,0,1545.0,1463
20260202-10-04-45,18,20260202-10-07-51,1,862.0,1463
20260202-10-47-23,0,20260202-10-47-49,1,854.0,1463
20260202-10-47-23,1,20260202-10-47-58,0,1566.0,1463
20260202-10-47-23,2,20260202-10-48-07,1,1314.0,1463
20260202-10-47-23,3,20260202-10-48-16,1,1118.0,1463
20260202-10-47-23,4,20260202-10-48-25,1,1346.0,1463
20260202-10-47-23,5,20260202-10-48-34,1,1216.0,1463
20260202-10-47-23,6,20260202-10-48-42,1,570.0,1463
20260202-10-47-23,7,20260202-10-48-51,1,462.0,1463
20260202-10-47-23,8,20260202-10-49-00,1,883.0,1463
20260202-10-47-23,9,20260202-10-49-09,0,1563.0,1463
20260202-10-47-23,10,20260202-10-49-18,1,552.0,1463
20260202-10-47-23,11,20260202-10-49-27,1,586.0,1463
20260202-10-47-23,12,20260202-10-49-36,1,903.0,1463
20260202-10-47-23,13,20260202-10-49-45,0,1618.0,1463
20260202-10-47-23,14,20260202-10-49-54,1,1236.0,1463
20260202-10-47-23,15,20260202-10-50-03,1,688.0,1463
20260202-10-47-23,16,20260202-10-50-12,1,992.0,1463
20260202-10-47-23,17,20260202-10-50-21,0,1539.0,1463
20260202-10-47-23,18,20260202-10-50-29,1,884.0,1463
20260202-11-51-02,0,20260202-11-51-28,1,1240.0,1463
20260202-11-51-02,1,20260202-11-51-37,0,1555.0,1463
20260202-11-51-02,2,20260202-11-51-46,1,1287.0,1463
20260202-11-51-02,3,20260202-11-51-55,1,746.0,1463
20260202-11-51-02,4,20260202-11-52-04,1,723.0,1463
20260202-11-51-02,5,20260202-11-52-13,1,513.0,1463
20260202-11-51-02,6,20260202-11-52-22,1,795.0,1463
20260202-11-51-02,7,20260202-11-52-31,1,498.0,1463
20260202-11-51-02,8,20260202-11-52-40,1,882.0,1463
20260202-11-51-02,9,20260202-11-52-48,0,1545.0,1463
20260202-11-51-02,10,20260202-11-52-57,1,637.0,1463
20260202-11-51-02,11,20260202-11-53-06,1,621.0,1463
20260202-11-51-02,12,20260202-11-53-15,1,810.0,1463
20260202-11-51-02,13,20260202-11-53-24,0,1582.0,1463
20260202-11-51-02,14,20260202-11-53-33,1,1073.0,1463
20260202-11-51-02,15,20260202-11-53-42,1,542.0,1463
20260202-11-51-02,16,20260202-11-53-51,1,902.0,1463
20260202-11-51-02,17,20260202-11-54-00,0,1527.0,1463
20260202-11-51-02,18,20260202-11-54-08,1,665.0,1463
20260202-12-33-40,0,20260202-12-34-06,1,1280.0,1463
20260202-12-33-40,1,20260202-12-34-15,0,1543.0,1463
20260202-12-33-40,2,20260202-12-34-24,1,1312.0,1463
20260202-12-33-40,3,20260202-12-34-33,1,861.0,1463
20260202-12-33-40,4,20260202-12-34-42,1,387.0,1463
20260202-12-33-40,5,20260202-12-34-51,1,460.0,1463
20260202-12-33-40,6,20260202-12-34-59,1,759.0,1463
20260202-12-33-40,7,20260202-12-35-08,1,654.0,1463
20260202-12-33-40,8,20260202-12-35-17,1,931.0,1463
20260202-12-33-40,9,20260202-12-35-26,0,1526.0,1463
20260202-12-33-40,10,20260202-12-35-35,1,621.0,1463
20260202-12-33-40,11,20260202-12-35-44,1,622.0,1463
20260202-12-33-40,12,20260202-12-35-53,1,398.0,1463
20260202-12-33-40,13,20260202-12-36-02,0,1563.0,1463
20260202-12-33-40,14,20260202-12-36-11,1,1053.0,1463
20260202-12-33-40,15,20260202-12-36-20,1,1448.0,1463
20260202-12-33-40,16,20260202-12-36-29,1,774.0,1463
20260202-12-33-40,17,20260202-12-36-38,0,1519.0,1463
20260202-12-33-40,18,20260202-12-36-46,1,529.0,1463
20260202-13-58-55,0,20260202-13-59-21,1,1085.0,1463
20260202-13-58-55,1,20260202-13-59-30,0,1539.0,1463
20260202-13-58-55,2,20260202-13-59-39,1,1315.0,1463
20260202-13-58-55,3,20260202-13-59-48,1,1063.0,1463
20260202-13-58-55,4,20260202-13-59-57,1,704.0,1463
20260202-13-58-55,5,20260202-14-00-06,1,618.0,1463
20260202-13-58-55,6,20260202-14-00-15,1,847.0,1463
20260202-13-58-55,7,20260202-14-00-24,1,708.0,1463
20260202-13-58-55,8,20260202-14-00-33,1,795.0,1463
20260202-13-58-55,9,20260202-14-00-41,0,1554.0,1463
20260202-13-58-55,10,20260202-14-00-50,1,650.0,1463
20260202-13-58-55,11,20260202-14-01-00,1,655.0,1463
20260202-13-58-55,12,20260202-14-01-08,1,997.0,1463
20260202-13-58-55,13,20260202-14-01-17,0,1586.0,1463
20260202-13-58-55,14,20260202-14-01-26,1,1296.0,1463
20260202-13-58-55,15,20260202-14-01-35,1,490.0,1463
20260202-13-58-55,16,20260202-14-01-44,1,368.0,1463
20260202-13-58-55,17,20260202-14-01-53,0,1541.0,1463
20260202-13-58-55,18,20260202-14-02-01,1,858.0,1463
20260202-16-17-28,0,20260202-16-17-45,1,935.0,1463
20260202-16-17-28,1,20260202-16-17-54,1,851.0,1463
20260202-16-17-28,2,20260202-16-18-03,0,1543.0,1463
20260202-16-17-28,3,20260202-16-18-12,1,1322.0,1463
20260202-16-17-28,4,20260202-16-18-21,1,1098.0,1463
20260202-16-17-28,5,20260202-16-18-30,1,942.0,1463
20260202-16-17-28,6,20260202-16-18-39,1,797.0,1463
20260202-16-17-28,7,20260202-16-18-48,1,1283.0,1463
20260202-16-17-28,8,20260202-16-18-57,1,498.0,1463
20260202-16-17-28,9,20260202-16-19-06,1,955.0,1463
20260202-16-17-28,10,20260202-16-19-15,0,1557.0,1463
20260202-16-17-28,11,20260202-16-19-23,1,672.0,1463
20260202-16-17-28,12,20260202-16-19-33,1,612.0,1463
20260202-16-17-28,13,20260202-16-19-41,1,525.0,1463
20260202-16-17-28,14,20260202-16-19-50,0,1596.0,1463
20260202-16-17-28,15,20260202-16-19-59,1,1278.0,1463
20260202-16-17-28,16,20260202-16-20-08,1,641.0,1463
20260202-16-17-28,17,20260202-16-20-17,1,399.0,1463
20260202-16-17-28,18,20260202-16-20-26,0,1517.0,1463
20260202-16-17-28,19,20260202-16-20-34,1,522.0,1463
20260202-16-38-47,0,20260202-16-39-04,1,642.0,1463
20260202-16-38-47,1,20260202-16-39-13,1,628.0,1463
20260202-16-38-47,2,20260202-16-39-22,0,1569.0,1463
20260202-16-38-47,3,20260202-16-39-31,1,1242.0,1463
20260202-16-38-47,4,20260202-16-39-40,1,423.0,1463
20260202-16-38-47,5,20260202-16-39-49,1,721.0,1463
20260202-16-38-47,6,20260202-16-39-58,1,509.0,1463
20260202-16-38-47,7,20260202-16-40-07,1,942.0,1463
20260202-16-38-47,8,20260202-16-40-16,1,611.0,1463
20260202-16-38-47,9,20260202-16-40-25,1,1007.0,1463
20260202-16-38-47,10,20260202-16-40-33,0,1543.0,1463
20260202-16-38-47,11,20260202-16-40-42,1,488.0,1463
20260202-16-38-47,12,20260202-16-40-52,1,553.0,1463
20260202-16-38-47,13,20260202-16-41-00,1,436.0,1463
20260202-16-38-47,14,20260202-16-41-09,0,1596.0,1463
20260202-16-38-47,15,20260202-16-41-18,1,1161.0,1463
20260202-16-38-47,16,20260202-16-41-27,1,604.0,1463
20260202-16-38-47,17,20260202-16-41-36,1,447.0,1463
20260202-16-38-47,18,20260202-16-41-45,0,1530.0,1463
20260202-16-38-47,19,20260202-16-41-53,1,1167.0,1463
20260202-17-10-45,0,20260202-17-11-03,1,628.0,1463
20260202-17-10-45,1,20260202-17-11-12,1,630.0,1463
20260202-17-10-45,2,20260202-17-11-21,0,1489.0,1463
20260202-17-10-45,3,20260202-17-11-30,1,1099.0,1463
20260202-17-10-45,4,20260202-17-11-39,1,1099.0,1463
20260202-17-10-45,5,20260202-17-11-47,1,716.0,1463
20260202-17-10-45,6,20260202-17-11-56,1,399.0,1463
20260202-17-10-45,7,20260202-17-12-05,1,1303.0,1463
20260202-17-10-45,8,20260202-17-12-14,1,537.0,1463
20260202-17-10-45,9,20260202-17-12-23,1,983.0,1463
20260202-17-10-45,10,20260202-17-12-32,0,1565.0,1463
20260202-17-10-45,11,20260202-17-12-41,1,1169.0,1463
20260202-17-10-45,12,20260202-17-12-50,1,737.0,1463
20260202-17-10-45,13,20260202-17-12-59,1,1287.0,1463
20260202-17-10-45,14,20260202-17-13-08,0,1526.0,1463
20260202-17-10-45,15,20260202-17-13-16,1,896.0,1463
20260202-17-10-45,16,20260202-17-13-26,1,807.0,1463
20260202-17-10-45,17,20260202-17-13-34,1,574.0,1463
20260202-17-10-45,18,20260202-17-13-43,0,1526.0,1463
20260202-17-10-45,19,20260202-17-13-52,1,1253.0,1463
20260202-17-42-44,0,20260202-17-43-01,1,1313.0,1463
20260202-17-42-44,1,20260202-17-43-10,1,1029.0,1463
20260202-17-42-44,2,20260202-17-43-19,0,1558.0,1463
20260202-17-42-44,3,20260202-17-43-28,1,1268.0,1463
20260202-17-42-44,4,20260202-17-43-37,1,1255.0,1463
20260202-17-42-44,5,20260202-17-43-46,1,1352.0,1463
20260202-17-42-44,6,20260202-17-43-55,1,1300.0,1463
20260202-17-42-44,7,20260202-17-44-03,1,1315.0,1463
20260202-17-42-44,8,20260202-17-44-12,1,1030.0,1463
20260202-17-42-44,9,20260202-17-44-21,1,749.0,1463
20260202-17-42-44,10,20260202-17-44-30,0,1541.0,1463
20260202-17-42-44,11,20260202-17-44-39,1,676.0,1463
20260202-17-42-44,12,20260202-17-44-48,1,753.0,1463
20260202-17-42-44,13,20260202-17-44-57,1,1300.0,1463
20260202-17-42-44,14,20260202-17-45-06,0,1580.0,1463
20260202-17-42-44,15,20260202-17-45-15,1,1259.0,1463
20260202-17-42-44,16,20260202-17-45-24,1,667.0,1463
20260202-17-42-44,17,20260202-17-45-32,1,977.0,1463
20260202-17-42-44,18,20260202-17-45-42,0,1506.0,1463
20260202-17-42-44,19,20260202-17-45-50,1,1256.0,1463
20260202-19-08-00,0,20260202-19-08-17,1,1338.0,1463
20260202-19-08-00,1,20260202-19-08-26,1,1342.0,1463
20260202-19-08-00,2,20260202-19-08-35,0,1519.0,1463
20260202-19-08-00,3,20260202-19-08-44,1,1097.0,1463
20260202-19-08-00,4,20260202-19-08-53,1,897.0,1463
20260202-19-08-00,5,20260202-19-09-02,1,378.0,1463
20260202-19-08-00,6,20260202-19-09-11,1,775.0,1463
20260202-19-08-00,7,20260202-19-09-20,1,1307.0,1463
20260202-19-08-00,8,20260202-19-09-29,1,481.0,1463
20260202-19-08-00,9,20260202-19-09-37,1,906.0,1463
20260202-19-08-00,10,20260202-19-09-46,0,1537.0,1463
20260202-19-08-00,11,20260202-19-09-55,1,1324.0,1463
20260202-19-08-00,12,20260202-19-10-04,1,656.0,1463
20260202-19-08-00,13,20260202-19-10-13,1,1303.0,1463
20260202-19-08-00,14,20260202-19-10-22,0,1561.0,1463
20260202-19-08-00,15,20260202-19-10-31,1,1296.0,1463
20260202-19-08-00,16,20260202-19-10-40,1,1397.0,1463
20260202-19-08-00,17,20260202-19-10-49,1,1310.0,1463
20260202-19-08-00,18,20260202-19-10-58,0,1524.0,1463
20260202-19-08-00,19,20260202-19-11-06,1,1148.0,1463
20260202-19-18-39,0,20260202-19-18-57,1,1339.0,1463
20260202-19-18-39,1,20260202-19-19-06,1,1341.0,1463
20260202-19-18-39,2,20260202-19-19-14,0,1543.0,1463
20260202-19-18-39,3,20260202-19-19-23,1,1065.0,1463
20260202-19-18-39,4,20260202-19-19-32,1,1313.0,1463
20260202-19-18-39,5,20260202-19-19-41,1,1326.0,1463
20260202-19-18-39,6,20260202-19-19-50,1,697.0,1463
20260202-19-18-39,7,20260202-19-19-59,1,1309.0,1463
20260202-19-18-39,8,20260202-19-20-08,1,1302.0,1463
20260202-19-18-39,9,20260202-19-20-17,1,1121.0,1463
20260202-19-18-39,10,20260202-19-20-26,0,1522.0,1463
20260202-19-18-39,11,20260202-19-20-34,1,495.0,1463
20260202-19-18-39,12,20260202-19-20-44,1,473.0,1463
20260202-19-18-39,13,20260202-19-20-52,1,1307.0,1463
20260202-19-18-39,14,20260202-19-21-01,0,1565.0,1463
20260202-19-18-39,15,20260202-19-21-10,1,1082.0,1463
20260202-19-18-39,16,20260202-19-21-19,1,1334.0,1463
20260202-19-18-39,17,20260202-19-21-28,1,1271.0,1463
20260202-19-18-39,18,20260202-19-21-37,0,1529.0,1463
20260202-19-18-39,19,20260202-19-21-45,1,1154.0,1463
20260202-19-29-19,0,20260202-19-29-36,1,1340.0,1463
20260202-19-29-19,1,20260202-19-29-45,1,1341.0,1463
20260202-19-29-19,2,20260202-19-29-54,0,1571.0,1463
20260202-19-29-19,3,20260202-19-30-03,1,1283.0,1463
20260202-19-29-19,4,20260202-19-30-12,1,1318.0,1463
20260202-19-29-19,5,20260202-19-30-20,1,1334.0,1463
20260202-19-29-19,6,20260202-19-30-29,1,525.0,1463
20260202-19-29-19,7,20260202-19-30-38,1,1298.0,1463
20260202-19-29-19,8,20260202-19-30-47,1,1301.0,1463
20260202-19-29-19,9,20260202-19-30-56,1,1215.0,1463
20260202-19-29-19,10,20260202-19-31-05,0,1535.0,1463
20260202-19-29-19,11,20260202-19-31-14,1,1299.0,1463
20260202-19-29-19,12,20260202-19-31-23,1,975.0,1463
20260202-19-29-19,13,20260202-19-31-32,1,1306.0,1463
20260202-19-29-19,14,20260202-19-31-41,0,1547.0,1463
20260202-19-29-19,15,20260202-19-31-49,1,393.0,1463
20260202-19-29-19,16,20260202-19-31-59,1,1336.0,1463
20260202-19-29-19,17,20260202-19-32-07,1,1415.0,1463
20260202-19-29-19,18,20260202-19-32-16,0,1531.0,1463
20260202-19-29-19,19,20260202-19-32-25,1,1113.0,1463
20260202-19-50-37,0,20260202-19-50-55,1,513.0,1463
20260202-19-50-37,1,20260202-19-51-04,1,1342.0,1463
20260202-19-50-37,2,20260202-19-51-13,0,1538.0,1463
20260202-19-50-37,3,20260202-19-51-22,1,1071.0,1463
20260202-19-50-37,4,20260202-19-51-31,1,1320.0,1463
20260202-19-50-37,5,20260202-19-51-39,1,1315.0,1463
20260202-19-50-37,6,20260202-19-51-48,1,1323.0,1463
20260202-19-50-37,7,20260202-19-51-57,1,1304.0,1463
20260202-19-50-37,8,20260202-19-52-06,1,1295.0,1463
20260202-19-50-37,9,20260202-19-52-15,1,953.0,1463
20260202-19-50-37,10,20260202-19-52-24,0,1536.0,1463
20260202-19-50-37,11,20260202-19-52-33,1,1304.0,1463
20260202-19-50-37,12,20260202-19-52-42,1,1305.0,1463
20260202-19-50-37,13,20260202-19-52-51,1,1303.0,1463
20260202-19-50-37,14,20260202-19-53-00,0,1539.0,1463
20260202-19-50-37,15,20260202-19-53-08,1,752.0,1463
20260202-19-50-37,16,20260202-19-53-18,1,1293.0,1463
20260202-19-50-37,17,20260202-19-53-26,1,1408.0,1463
20260202-19-50-37,18,20260202-19-53-35,0,1510.0,1463
20260202-19-50-37,19,20260202-19-53-44,1,1135.0,1463
20260202-20-01-17,0,20260202-20-01-34,1,1336.0,1463
20260202-20-01-17,1,20260202-20-01-43,1,1342.0,1463
20260202-20-01-17,2,20260202-20-01-52,0,1537.0,1463
20260202-20-01-17,3,20260202-20-02-01,1,1234.0,1463
20260202-20-01-17,4,20260202-20-02-10,1,1287.0,1463
20260202-20-01-17,5,20260202-20-02-19,1,1324.0,1463
20260202-20-01-17,6,20260202-20-02-28,1,1318.0,1463
20260202-20-01-17,7,20260202-20-02-37,1,1302.0,1463
20260202-20-01-17,8,20260202-20-02-46,1,1295.0,1463
20260202-20-01-17,9,20260202-20-02-55,1,908.0,1463
20260202-20-01-17,10,20260202-20-03-03,0,1529.0,1463
20260202-20-01-17,11,20260202-20-03-12,1,1306.0,1463
20260202-20-01-17,12,20260202-20-03-21,1,1309.0,1463
20260202-20-01-17,13,20260202-20-03-30,1,1303.0,1463
20260202-20-01-17,14,20260202-20-03-39,0,1549.0,1463
20260202-20-01-17,15,20260202-20-03-48,1,542.0,1463
20260202-20-01-17,16,20260202-20-03-57,1,1306.0,1463
20260202-20-01-17,17,20260202-20-04-06,1,1358.0,1463
20260202-20-01-17,18,20260202-20-04-15,0,1520.0,1463
20260202-20-01-17,19,20260202-20-04-23,1,1144.0,1463
20260202-20-54-34,0,20260202-20-54-52,1,1347.0,1463
20260202-20-54-34,1,20260202-20-55-01,1,1340.0,1463
20260202-20-54-34,2,20260202-20-55-10,0,1548.0,1463
20260202-20-54-34,3,20260202-20-55-18,1,1101.0,1463
20260202-20-54-34,4,20260202-20-55-27,1,1319.0,1463
20260202-20-54-34,5,20260202-20-55-36,1,1322.0,1463
20260202-20-54-34,6,20260202-20-55-45,1,1311.0,1463
20260202-20-54-34,7,20260202-20-55-54,1,1302.0,1463
20260202-20-54-34,8,20260202-20-56-03,1,1289.0,1463
20260202-20-54-34,9,20260202-20-56-12,1,1293.0,1463
20260202-20-54-34,10,20260202-20-56-21,0,1548.0,1463
20260202-20-54-34,11,20260202-20-56-30,1,1300.0,1463
20260202-20-54-34,12,20260202-20-56-39,1,1310.0,1463
20260202-20-54-34,13,20260202-20-56-48,1,1301.0,1463
20260202-20-54-34,14,20260202-20-56-57,0,1546.0,1463
20260202-20-54-34,15,20260202-20-57-05,1,1310.0,1463
20260202-20-54-34,16,20260202-20-57-15,1,1320.0,1463
20260202-20-54-34,17,20260202-20-57-23,1,1364.0,1463
20260202-20-54-34,18,20260202-20-57-32,0,1517.0,1463
20260202-20-54-34,19,20260202-20-57-41,1,1168.0,1463
20260202-21-26-32,0,20260202-21-26-50,1,1343.0,1463
20260202-21-26-32,1,20260202-21-26-59,1,1340.0,1463
20260202-21-26-32,2,20260202-21-27-08,0,1538.0,1463
20260202-21-26-32,3,20260202-21-27-17,1,1320.0,1463
20260202-21-26-32,4,20260202-21-27-26,1,1318.0,1463
20260202-21-26-32,5,20260202-21-27-34,1,1311.0,1463
20260202-21-26-32,6,20260202-21-27-43,1,1310.0,1463
20260202-21-26-32,7,20260202-21-27-52,1,1301.0,1463
20260202-21-26-32,8,20260202-21-28-01,1,1306.0,1463
20260202-21-26-32,9,20260202-21-28-10,1,1324.0,1463
20260202-21-26-32,10,20260202-21-28-19,0,1538.0,1463
20260202-21-26-32,11,20260202-21-28-28,1,1299.0,1463
20260202-21-26-32,12,20260202-21-28-37,1,1339.0,1463
20260202-21-26-32,13,20260202-21-28-46,1,1302.0,1463
20260202-21-26-32,14,20260202-21-28-55,0,1534.0,1463
20260202-21-26-32,15,20260202-21-29-03,1,1308.0,1463
20260202-21-26-32,16,20260202-21-29-13,1,1301.0,1463
20260202-21-26-32,17,20260202-21-29-21,1,1384.0,1463
20260202-21-26-32,18,20260202-21-29-30,0,1523.0,1463
20260202-21-26-32,19,20260202-21-29-39,1,1131.0,1463
20260202-23-13-07,0,20260202-23-13-24,1,1344.0,1463
20260202-23-13-07,1,20260202-23-13-33,1,1343.0,1463
20260202-23-13-07,2,20260202-23-13-42,0,1533.0,1463
20260202-23-13-07,3,20260202-23-13-51,1,1324.0,1463
20260202-23-13-07,4,20260202-23-14-00,1,1321.0,1463
20260202-23-13-07,5,20260202-23-14-09,1,1311.0,1463
20260202-23-13-07,6,20260202-23-14-18,1,1340.0,1463
20260202-23-13-07,7,20260202-23-14-27,1,1304.0,1463
20260202-23-13-07,8,20260202-23-14-36,1,1302.0,1463
20260202-23-13-07,9,20260202-23-14-45,1,1333.0,1463
20260202-23-13-07,10,20260202-23-14-53,0,1536.0,1463
20260202-23-13-07,11,20260202-23-15-02,1,1334.0,1463
20260202-23-13-07,12,20260202-23-15-11,1,1379.0,1463
20260202-23-13-07,13,20260202-23-15-20,1,1306.0,1463
20260202-23-13-07,14,20260202-23-15-29,0,1564.0,1463
20260202-23-13-07,15,20260202-23-15-38,1,1325.0,1463
20260202-23-13-07,16,20260202-23-15-47,1,1359.0,1463
20260202-23-13-07,17,20260202-23-15-56,1,1315.0,1463
20260202-23-13-07,18,20260202-23-16-05,0,1518.0,1463
20260202-23-13-07,19,20260202-23-16-13,1,1121.0,1463
20260202-23-34-26,0,20260202-23-34-43,1,1347.0,1463
20260202-23-34-26,1,20260202-23-34-52,1,1342.0,1463
20260202-23-34-26,2,20260202-23-35-01,0,1525.0,1463
20260202-23-34-26,3,20260202-23-35-10,1,1324.0,1463
20260202-23-34-26,4,20260202-23-35-19,1,1319.0,1463
20260202-23-34-26,5,20260202-23-35-28,1,1313.0,1463
20260202-23-34-26,6,20260202-23-35-37,1,1319.0,1463
20260202-23-34-26,7,20260202-23-35-46,1,1302.0,1463
20260202-23-34-26,8,20260202-23-35-55,1,1302.0,1463
20260202-23-34-26,9,20260202-23-36-04,1,1326.0,1463
20260202-23-34-26,10,20260202-23-36-12,0,1538.0,1463
20260202-23-34-26,11,20260202-23-36-21,1,1330.0,1463
20260202-23-34-26,12,20260202-23-36-30,1,1305.0,1463
20260202-23-34-26,13,20260202-23-36-39,1,1306.0,1463
20260202-23-34-26,14,20260202-23-36-48,0,1561.0,1463
20260202-23-34-26,15,20260202-23-36-57,1,1325.0,1463
20260202-23-34-26,16,20260202-23-37-06,1,1342.0,1463
20260202-23-34-26,17,20260202-23-37-15,1,1319.0,1463
20260202-23-34-26,18,20260202-23-37-24,0,1520.0,1463
20260202-23-34-26,19,20260202-23-37-32,1,1188.0,1463
20260202-23-55-45,0,20260202-23-56-02,1,1353.0,1463
20260202-23-55-45,1,20260202-23-56-11,1,1341.0,1463
20260202-23-55-45,2,20260202-23-56-20,0,1536.0,1463
20260202-23-55-45,3,20260202-23-56-29,1,1325.0,1463
20260202-23-55-45,4,20260202-23-56-38,1,1321.0,1463
20260202-23-55-45,5,20260202-23-56-47,1,1313.0,1463
20260202-23-55-45,6,20260202-23-56-56,1,1321.0,1463
20260202-23-55-45,7,20260202-23-57-05,1,1306.0,1463
20260202-23-55-45,8,20260202-23-57-14,1,1304.0,1463
20260202-23-55-45,9,20260202-23-57-23,1,1361.0,1463
20260202-23-55-45,10,20260202-23-57-31,0,1543.0,1463
20260202-23-55-45,11,20260202-23-57-40,1,1334.0,1463
20260202-23-55-45,12,20260202-23-57-49,1,1380.0,1463
20260202-23-55-45,13,20260202-23-57-58,1,1301.0,1463
20260202-23-55-45,14,20260202-23-58-07,0,1576.0,1463
20260202-23-55-45,15,20260202-23-58-16,1,1319.0,1463
20260202-23-55-45,16,20260202-23-58-25,1,1330.0,1463
20260202-23-55-45,17,20260202-23-58-34,1,1323.0,1463
20260202-23-55-45,18,20260202-23-58-43,0,1526.0,1463
20260202-23-55-45,19,20260202-23-58-51,1,1058.0,1463
20260203-00-17-04,0,20260203-00-17-21,1,1360.0,1463
20260203-00-17-04,1,20260203-00-17-30,1,1347.0,1463
20260203-00-17-04,2,20260203-00-17-39,0,1539.0,1463
20260203-00-17-04,3,20260203-00-17-48,1,1329.0,1463
20260203-00-17-04,4,20260203-00-17-57,1,1325.0,1463
20260203-00-17-04,5,20260203-00-18-06,1,1316.0,1463
20260203-00-17-04,6,20260203-00-18-15,1,1359.0,1463
20260203-00-17-04,7,20260203-00-18-24,1,1323.0,1463
20260203-00-17-04,8,20260203-00-18-32,1,1307.0,1463
20260203-00-17-04,9,20260203-00-18-41,1,1383.0,1463
20260203-00-17-04,10,20260203-00-18-50,0,1540.0,1463
20260203-00-17-04,11,20260203-00-18-59,1,1342.0,1463
20260203-00-17-04,12,20260203-00-19-08,1,1402.0,1463
20260203-00-17-04,13,20260203-00-19-17,1,1306.0,1463
20260203-00-17-04,14,20260203-00-19-26,0,1572.0,1463
20260203-00-17-04,15,20260203-00-19-35,1,1324.0,1463
20260203-00-17-04,16,20260203-00-19-44,1,1352.0,1463
20260203-00-17-04,17,20260203-00-19-52,1,1320.0,1463
20260203-00-17-04,18,20260203-00-20-02,0,1524.0,1463
20260203-00-17-04,19,20260203-00-20-10,1,1177.0,1463
20260203-01-21-00,0,20260203-01-21-18,1,461.0,1463
20260203-01-21-00,1,20260203-01-21-27,1,1343.0,1463
20260203-01-21-00,2,20260203-01-21-36,0,1540.0,1463
20260203-01-21-00,3,20260203-01-21-44,1,1329.0,1463
20260203-01-21-00,4,20260203-01-21-53,1,1321.0,1463
20260203-01-21-00,5,20260203-01-22-02,1,1313.0,1463
20260203-01-21-00,6,20260203-01-22-11,1,1354.0,1463
20260203-01-21-00,7,20260203-01-22-20,1,1307.0,1463
20260203-01-21-00,8,20260203-01-22-29,1,1297.0,1463
20260203-01-21-00,9,20260203-01-22-38,1,1383.0,1463
20260203-01-21-00,10,20260203-01-22-47,0,1537.0,1463
20260203-01-21-00,11,20260203-01-22-56,1,1321.0,1463
20260203-01-21-00,12,20260203-01-23-05,1,1382.0,1463
20260203-01-21-00,13,20260203-01-23-14,1,1301.0,1463
20260203-01-21-00,14,20260203-01-23-23,0,1564.0,1463
20260203-01-21-00,15,20260203-01-23-31,1,1318.0,1463
20260203-01-21-00,16,20260203-01-23-41,1,1357.0,1463
20260203-01-21-00,17,20260203-01-23-49,1,1324.0,1463
20260203-01-21-00,18,20260203-01-23-58,0,1534.0,1463
20260203-01-21-00,19,20260203-01-24-07,1,1173.0,1463
20260203-02-14-17,0,20260203-02-14-35,1,1340.0,1463
20260203-02-14-17,1,20260203-02-14-44,1,1341.0,1463
20260203-02-14-17,2,20260203-02-14-53,0,1543.0,1463
20260203-02-14-17,3,20260203-02-15-02,1,1325.0,1463
20260203-02-14-17,4,20260203-02-15-11,1,1326.0,1463
20260203-02-14-17,5,20260203-02-15-19,1,1317.0,1463
20260203-02-14-17,6,20260203-02-15-28,1,1333.0,1463
20260203-02-14-17,7,20260203-02-15-37,1,1304.0,1463
20260203-02-14-17,8,20260203-02-15-46,1,1297.0,1463
20260203-02-14-17,9,20260203-02-15-55,1,1396.0,1463
20260203-02-14-17,10,20260203-02-16-04,0,1534.0,1463
20260203-02-14-17,11,20260203-02-16-13,1,1310.0,1463
20260203-02-14-17,12,20260203-02-16-22,1,1359.0,1463
20260203-02-14-17,13,20260203-02-16-31,1,1298.0,1463
20260203-02-14-17,14,20260203-02-16-40,0,1568.0,1463
20260203-02-14-17,15,20260203-02-16-48,1,1323.0,1463
20260203-02-14-17,16,20260203-02-16-58,1,1316.0,1463
20260203-02-14-17,17,20260203-02-17-06,1,1353.0,1463
20260203-02-14-17,18,20260203-02-17-15,0,1524.0,1463
20260203-02-14-17,19,20260203-02-17-24,1,1155.0,1463
20260203-03-18-14,0,20260203-03-18-32,1,1344.0,1463
20260203-03-18-14,1,20260203-03-18-41,1,1344.0,1463
20260203-03-18-14,2,20260203-03-18-50,0,1518.0,1463
20260203-03-18-14,3,20260203-03-18-58,1,1349.0,1463
20260203-03-18-14,4,20260203-03-19-07,1,1327.0,1463
20260203-03-18-14,5,20260203-03-19-16,1,1316.0,1463
20260203-03-18-14,6,20260203-03-19-25,1,1332.0,1463
20260203-03-18-14,7,20260203-03-19-34,1,1302.0,1463
20260203-03-18-14,8,20260203-03-19-43,1,1305.0,1463
20260203-03-18-14,9,20260203-03-19-52,1,1365.0,1463
20260203-03-18-14,10,20260203-03-20-01,0,1538.0,1463
20260203-03-18-14,11,20260203-03-20-10,1,1322.0,1463
20260203-03-18-14,12,20260203-03-20-19,1,1375.0,1463
20260203-03-18-14,13,20260203-03-20-27,1,1306.0,1463
20260203-03-18-14,14,20260203-03-20-36,0,1557.0,1463
20260203-03-18-14,15,20260203-03-20-45,1,1314.0,1463
20260203-03-18-14,16,20260203-03-20-54,1,1327.0,1463
20260203-03-18-14,17,20260203-03-21-03,1,1325.0,1463
20260203-03-18-14,18,20260203-03-21-12,0,1527.0,1463
20260203-03-18-14,19,20260203-03-21-20,1,1162.0,1463
20260203-03-50-12,0,20260203-03-50-30,1,1338.0,1463
20260203-03-50-12,1,20260203-03-50-39,1,1349.0,1463
20260203-03-50-12,2,20260203-03-50-48,0,1515.0,1463
20260203-03-50-12,3,20260203-03-50-57,1,1337.0,1463
20260203-03-50-12,4,20260203-03-51-06,1,1327.0,1463
20260203-03-50-12,5,20260203-03-51-14,1,1319.0,1463
20260203-03-50-12,6,20260203-03-51-23,1,1325.0,1463
20260203-03-50-12,7,20260203-03-51-32,1,1317.0,1463
20260203-03-50-12,8,20260203-03-51-41,1,1318.0,1463
20260203-03-50-12,9,20260203-03-51-50,1,1372.0,1463
20260203-03-50-12,10,20260203-03-51-59,0,1536.0,1463
20260203-03-50-12,11,20260203-03-52-08,1,1328.0,1463
20260203-03-50-12,12,20260203-03-52-17,1,1389.0,1463
20260203-03-50-12,13,20260203-03-52-26,1,1303.0,1463
20260203-03-50-12,14,20260203-03-52-35,0,1555.0,1463
20260203-03-50-12,15,20260203-03-52-43,1,1310.0,1463
20260203-03-50-12,16,20260203-03-52-53,1,1317.0,1463
20260203-03-50-12,17,20260203-03-53-01,1,1327.0,1463
20260203-03-50-12,18,20260203-03-53-10,0,1515.0,1463
20260203-03-50-12,19,20260203-03-53-19,1,1156.0,1463
20260203-04-11-31,0,20260203-04-11-49,1,1338.0,1463
20260203-04-11-31,1,20260203-04-11-58,1,1350.0,1463
20260203-04-11-31,2,20260203-04-12-07,0,1514.0,1463
20260203-04-11-31,3,20260203-04-12-16,1,1332.0,1463
20260203-04-11-31,4,20260203-04-12-24,1,1324.0,1463
20260203-04-11-31,5,20260203-04-12-33,1,1319.0,1463
20260203-04-11-31,6,20260203-04-12-42,1,1331.0,1463
20260203-04-11-31,7,20260203-04-12-51,1,1306.0,1463
20260203-04-11-31,8,20260203-04-13-00,1,1320.0,1463
20260203-04-11-31,9,20260203-04-13-09,1,1371.0,1463
20260203-04-11-31,10,20260203-04-13-18,0,1528.0,1463
20260203-04-11-31,11,20260203-04-13-27,1,1350.0,1463
20260203-04-11-31,12,20260203-04-13-36,1,1417.0,1463
20260203-04-11-31,13,20260203-04-13-45,1,1305.0,1463
20260203-04-11-31,14,20260203-04-13-54,0,1558.0,1463
20260203-04-11-31,15,20260203-04-14-02,1,1304.0,1463
20260203-04-11-31,16,20260203-04-14-12,1,1304.0,1463
20260203-04-11-31,17,20260203-04-14-20,1,1328.0,1463
20260203-04-11-31,18,20260203-04-14-29,0,1524.0,1463
20260203-04-11-31,19,20260203-04-14-38,1,1125.0,1463
20260203-04-54-09,0,20260203-04-54-27,1,1345.0,1463
20260203-04-54-09,1,20260203-04-54-35,1,1343.0,1463
20260203-04-54-09,2,20260203-04-54-44,0,1537.0,1463
20260203-04-54-09,3,20260203-04-54-53,1,1331.0,1463
20260203-04-54-09,4,20260203-04-55-02,1,1337.0,1463
20260203-04-54-09,5,20260203-04-55-11,1,1324.0,1463
20260203-04-54-09,6,20260203-04-55-20,1,1317.0,1463
20260203-04-54-09,7,20260203-04-55-29,1,1310.0,1463
20260203-04-54-09,8,20260203-04-55-38,1,1306.0,1463
20260203-04-54-09,9,20260203-04-55-47,1,1352.0,1463
20260203-04-54-09,10,20260203-04-55-56,0,1542.0,1463
20260203-04-54-09,11,20260203-04-56-04,1,1309.0,1463
20260203-04-54-09,12,20260203-04-56-14,1,1302.0,1463
20260203-04-54-09,13,20260203-04-56-22,1,1310.0,1463
20260203-04-54-09,14,20260203-04-56-31,0,1563.0,1463
20260203-04-54-09,15,20260203-04-56-40,1,1321.0,1463
20260203-04-54-09,16,20260203-04-56-49,1,1359.0,1463
20260203-04-54-09,17,20260203-04-56-58,1,1335.0,1463
20260203-04-54-09,18,20260203-04-57-07,0,1525.0,1463
20260203-04-54-09,19,20260203-04-57-15,1,1174.0,1463
20260203-05-15-28,0,20260203-05-15-46,1,1356.0,1463
20260203-05-15-28,1,20260203-05-15-55,1,1352.0,1463
20260203-05-15-28,2,20260203-05-16-03,0,1512.0,1463
20260203-05-15-28,3,20260203-05-16-12,1,1335.0,1463
20260203-05-15-28,4,20260203-05-16-21,1,1341.0,1463
20260203-05-15-28,5,20260203-05-16-30,1,1330.0,1463
20260203-05-15-28,6,20260203-05-16-39,1,1320.0,1463
20260203-05-15-28,7,20260203-05-16-48,1,1314.0,1463
20260203-05-15-28,8,20260203-05-16-57,1,1326.0,1463
20260203-05-15-28,9,20260203-05-17-06,1,1337.0,1463
20260203-05-15-28,10,20260203-05-17-15,0,1541.0,1463
20260203-05-15-28,11,20260203-05-17-24,1,1316.0,1463
20260203-05-15-28,12,20260203-05-17-33,1,1314.0,1463
20260203-05-15-28,13,20260203-05-17-41,1,1307.0,1463
20260203-05-15-28,14,20260203-05-17-50,0,1575.0,1463
20260203-05-15-28,15,20260203-05-17-59,1,1319.0,1463
20260203-05-15-28,16,20260203-05-18-08,1,1351.0,1463
20260203-05-15-28,17,20260203-05-18-17,1,1336.0,1463
20260203-05-15-28,18,20260203-05-18-26,0,1531.0,1463
20260203-05-15-28,19,20260203-05-18-34,1,1189.0,1463
20260203-05-58-06,0,20260203-05-58-23,1,1358.0,1463
20260203-05-58-06,1,20260203-05-58-32,1,1365.0,1463
20260203-05-58-06,2,20260203-05-58-41,0,1511.0,1463
20260203-05-58-06,3,20260203-05-58-50,1,1339.0,1463
20260203-05-58-06,4,20260203-05-58-59,1,1344.0,1463
20260203-05-58-06,5,20260203-05-59-08,1,1342.0,1463
20260203-05-58-06,6,20260203-05-59-17,1,1330.0,1463
20260203-05-58-06,7,20260203-05-59-26,1,1313.0,1463
20260203-05-58-06,8,20260203-05-59-35,1,1313.0,1463
20260203-05-58-06,9,20260203-05-59-44,1,1372.0,1463
20260203-05-58-06,10,20260203-05-59-52,0,1559.0,1463
20260203-05-58-06,11,20260203-06-00-01,1,1298.0,1463
20260203-05-58-06,12,20260203-06-00-10,1,1363.0,1463
20260203-05-58-06,13,20260203-06-00-19,1,1325.0,1463
20260203-05-58-06,14,20260203-06-00-28,0,1571.0,1463
20260203-05-58-06,15,20260203-06-00-37,1,1320.0,1463
20260203-05-58-06,16,20260203-06-00-46,1,1339.0,1463
20260203-05-58-06,17,20260203-06-00-55,1,1401.0,1463
20260203-05-58-06,18,20260203-06-01-04,0,1548.0,1463
20260203-05-58-06,19,20260203-06-01-12,1,1306.0,1463
20260203-06-30-04,0,20260203-06-30-22,1,1363.0,1463
20260203-06-30-04,1,20260203-06-30-31,1,1049.0,1463
20260203-06-30-04,2,20260203-06-30-40,0,1528.0,1463
20260203-06-30-04,3,20260203-06-30-49,1,1334.0,1463
20260203-06-30-04,4,20260203-06-30-58,1,1347.0,1463
20260203-06-30-04,5,20260203-06-31-06,1,1319.0,1463
20260203-06-30-04,6,20260203-06-31-15,1,1347.0,1463
20260203-06-30-04,7,20260203-06-31-24,1,466.0,1463
20260203-06-30-04,8,20260203-06-31-33,1,710.0,1463
20260203-06-30-04,9,20260203-06-31-42,1,239.0,1463
20260203-06-30-04,10,20260203-06-31-51,0,1544.0,1463
20260203-06-30-04,11,20260203-06-32-00,1,1292.0,1463
20260203-06-30-04,12,20260203-06-32-09,1,1410.0,1463
20260203-06-30-04,13,20260203-06-32-18,1,1335.0,1463
20260203-06-30-04,14,20260203-06-32-27,0,1577.0,1463
20260203-06-30-04,15,20260203-06-32-35,1,1323.0,1463
20260203-06-30-04,16,20260203-06-32-45,1,1333.0,1463
20260203-06-30-04,17,20260203-06-32-53,1,1405.0,1463
20260203-06-30-04,18,20260203-06-33-02,0,1530.0,1463
20260203-06-30-04,19,20260203-06-33-11,1,1317.0,1463
20260203-06-40-44,0,20260203-06-41-01,1,1357.0,1463
20260203-06-40-44,1,20260203-06-41-10,1,830.0,1463
20260203-06-40-44,2,20260203-06-41-19,0,1524.0,1463
20260203-06-40-44,3,20260203-06-41-28,1,1331.0,1463
20260203-06-40-44,4,20260203-06-41-37,1,1346.0,1463
20260203-06-40-44,5,20260203-06-41-46,1,1318.0,1463
20260203-06-40-44,6,20260203-06-41-55,1,1393.5,1463
20260203-06-40-44,7,20260203-06-42-04,1,531.0,1463
20260203-06-40-44,8,20260203-06-42-13,1,719.0,1463
20260203-06-40-44,9,20260203-06-42-22,1,730.0,1463
20260203-06-40-44,10,20260203-06-42-30,0,1547.0,1463
20260203-06-40-44,11,20260203-06-42-39,1,1294.0,1463
20260203-06-40-44,12,20260203-06-42-48,1,1437.0,1463
20260203-06-40-44,13,20260203-06-42-57,1,1331.0,1463
20260203-06-40-44,14,20260203-06-43-06,0,1592.0,1463
20260203-06-40-44,15,20260203-06-43-15,1,1069.0,1463
20260203-06-40-44,16,20260203-06-43-24,1,1325.0,1463
20260203-06-40-44,17,20260203-06-43-33,1,1418.0,1463
20260203-06-40-44,18,20260203-06-43-42,0,1530.0,1463
20260203-06-40-44,19,20260203-06-43-50,1,1327.0,1463
20260203-07-23-22,0,20260203-07-23-39,1,976.0,1463
20260203-07-23-22,1,20260203-07-23-48,1,988.0,1463
20260203-07-23-22,2,20260203-07-23-57,0,1522.0,1463
20260203-07-23-22,3,20260203-07-24-06,1,1333.0,1463
20260203-07-23-22,4,20260203-07-24-15,1,944.0,1463
20260203-07-23-22,5,20260203-07-24-24,1,1355.0,1463
20260203-07-23-22,6,20260203-07-24-33,1,1335.0,1463
20260203-07-23-22,7,20260203-07-24-42,1,531.0,1463
20260203-07-23-22,8,20260203-07-24-51,1,1290.0,1463
20260203-07-23-22,9,20260203-07-25-00,1,1108.0,1463
20260203-07-23-22,10,20260203-07-25-08,0,1570.0,1463
20260203-07-23-22,11,20260203-07-25-17,1,803.0,1463
20260203-07-23-22,12,20260203-07-25-26,1,875.0,1463
20260203-07-23-22,13,20260203-07-25-35,1,731.0,1463
20260203-07-23-22,14,20260203-07-25-44,0,1585.0,1463
20260203-07-23-22,15,20260203-07-25-53,1,1262.0,1463
20260203-07-23-22,16,20260203-07-26-02,1,476.0,1463
20260203-07-23-22,17,20260203-07-26-11,1,935.0,1463
20260203-07-23-22,18,20260203-07-26-20,0,1540.0,1463
20260203-07-23-22,19,20260203-07-26-28,1,945.0,1463
20260203-08-06-00,0,20260203-08-06-17,1,980.0,1463
20260203-08-06-00,1,20260203-08-06-26,1,846.0,1463
20260203-08-06-00,2,20260203-08-06-35,0,1554.0,1463
20260203-08-06-00,3,20260203-08-06-44,1,606.0,1463
20260203-08-06-00,4,20260203-08-06-53,1,608.0,1463
20260203-08-06-00,5,20260203-08-07-02,1,778.0,1463
20260203-08-06-00,6,20260203-08-07-11,1,1355.0,1463
20260203-08-06-00,7,20260203-08-07-20,1,1287.0,1463
20260203-08-06-00,8,20260203-08-07-28,1,835.0,1463
20260203-08-06-00,9,20260203-08-07-37,1,1298.0,1463
20260203-08-06-00,10,20260203-08-07-46,0,1553.0,1463
20260203-08-06-00,11,20260203-08-07-55,1,1291.0,1463
20260203-08-06-00,12,20260203-08-08-04,1,1283.0,1463
20260203-08-06-00,13,20260203-08-08-13,1,863.0,1463
20260203-08-06-00,14,20260203-08-08-22,0,1530.0,1463
20260203-08-06-00,15,20260203-08-08-31,1,1141.0,1463
20260203-08-06-00,16,20260203-08-08-40,1,1342.0,1463
20260203-08-06-00,17,20260203-08-08-49,1,1286.0,1463
20260203-08-06-00,18,20260203-08-08-58,0,1589.0,1463
20260203-08-06-00,19,20260203-08-09-06,1,1025.0,1463
20260203-08-16-39,0,20260203-08-16-57,1,1356.0,1463
20260203-08-16-39,1,20260203-08-17-06,1,1172.0,1463
20260203-08-16-39,2,20260203-08-17-14,0,1561.0,1463
20260203-08-16-39,3,20260203-08-17-23,1,1318.0,1463
20260203-08-16-39,4,20260203-08-17-32,1,1127.0,1463
20260203-08-16-39,5,20260203-08-17-41,1,1049.0,1463
20260203-08-16-39,6,20260203-08-17-50,1,1319.0,1463
20260203-08-16-39,7,20260203-08-17-59,1,1274.0,1463
20260203-08-16-39,8,20260203-08-18-08,1,1027.0,1463
20260203-08-16-39,9,20260203-08-18-17,1,1087.0,1463
20260203-08-16-39,10,20260203-08-18-26,0,1559.0,1463
20260203-08-16-39,11,20260203-08-18-35,1,879.0,1463
20260203-08-16-39,12,20260203-08-18-44,1,1249.0,1463
20260203-08-16-39,13,20260203-08-18-52,1,1303.0,1463
20260203-08-16-39,14,20260203-08-19-01,0,1573.0,1463
20260203-08-16-39,15,20260203-08-19-10,1,1128.0,1463
20260203-08-16-39,16,20260203-08-19-19,1,1295.0,1463
20260203-08-16-39,17,20260203-08-19-28,1,827.0,1463
20260203-08-16-39,18,20260203-08-19-37,0,1570.0,1463
20260203-08-16-39,19,20260203-08-19-45,1,975.0,1463
20260203-08-59-17,0,20260203-08-59-35,1,926.0,1463
20260203-08-59-17,1,20260203-08-59-43,1,1297.0,1463
20260203-08-59-17,2,20260203-08-59-52,0,1559.0,1463
20260203-08-59-17,3,20260203-09-00-01,1,706.0,1463
20260203-08-59-17,4,20260203-09-00-10,1,1175.5,1463
20260203-08-59-17,5,20260203-09-00-19,1,973.0,1463
20260203-08-59-17,6,20260203-09-00-28,1,423.0,1463
20260203-08-59-17,7,20260203-09-00-37,1,1238.0,1463
20260203-08-59-17,8,20260203-09-00-46,1,694.0,1463
20260203-08-59-17,9,20260203-09-00-55,1,899.0,1463
20260203-08-59-17,10,20260203-09-01-04,0,1552.0,1463
20260203-08-59-17,11,20260203-09-01-12,1,761.0,1463
20260203-08-59-17,12,20260203-09-01-22,1,1265.0,1463
20260203-08-59-17,13,20260203-09-01-30,1,1303.0,1463
20260203-08-59-17,14,20260203-09-01-39,0,1611.0,1463
20260203-08-59-17,15,20260203-09-01-48,1,1146.0,1463
20260203-08-59-17,16,20260203-09-01-57,1,635.0,1463
20260203-08-59-17,17,20260203-09-02-06,1,1266.0,1463
20260203-08-59-17,18,20260203-09-02-15,0,1534.0,1463
20260203-08-59-17,19,20260203-09-02-23,1,981.0,1463
