timestamp_folder,total_frames,standing,sitting,lying,standing_pct,sitting_pct,lying_pct,avg_confidence
20260211-09-17-32,20,12,2,6,60.0,10.0,30.0,0.9019
20260211-09-28-11,20,9,2,9,45.0,10.0,45.0,0.932
20260211-09-38-51,20,6,1,13,30.0,5.0,65.0,0.9119
20260211-09-49-30,20,4,1,15,20.0,5.0,75.0,0.9272
20260211-10-00-10,20,2,1,17,10.0,5.0,85.0,0.8943
20260211-10-10-49,20,4,0,16,20.0,0.0,80.0,0.9189
20260211-10-21-29,20,2,0,18,10.0,0.0,90.0,0.9019
20260211-10-32-08,20,3,0,17,15.0,0.0,85.0,0.9009
20260211-10-42-48,20,1,1,18,5.0,5.0,90.0,0.9184
20260211-10-53-28,20,4,1,15,20.0,5.0,75.0,0.9209
20260211-11-04-07,20,1,2,17,5.0,10.0,85.0,0.8842
20260211-11-14-47,20,5,4,11,25.0,20.0,55.0,0.8692
20260211-11-25-26,20,6,2,12,30.0,10.0,60.0,0.9131
20260211-11-36-06,20,6,0,14,30.0,0.0,70.0,0.9134
20260211-11-46-45,20,5,0,15,25.0,0.0,75.0,0.9229
20260211-11-57-25,20,7,0,13,35.0,0.0,65.0,0.9053
20260211-12-08-04,20,4,1,15,20.0,5.0,75.0,0.9133
20260211-12-18-44,20,10,4,6,50.0,20.0,30.0,0.92
20260211-12-29-23,20,13,2,5,65.0,10.0,25.0,0.9338
20260211-12-40-03,20,10,1,9,50.0,5.0,45.0,0.9173
20260211-12-50-42,20,8,1,11,40.0,5.0,55.0,0.9121
20260211-13-01-22,20,14,2,4,70.0,10.0,20.0,0.9367
20260211-13-12-02,20,10,3,7,50.0,15.0,35.0,0.9004
20260211-13-22-41,20,7,3,10,35.0,15.0,50.0,0.9253
20260211-13-33-21,20,5,5,10,25.0,25.0,50.0,0.8663
20260211-13-44-00,20,8,1,11,40.0,5.0,55.0,0.941
20260211-13-54-40,20,3,2,15,15.0,10.0,75.0,0.9143
20260211-14-05-19,20,2,2,16,10.0,10.0,80.0,0.9122
20260211-14-15-59,20,3,3,14,15.0,15.0,70.0,0.8925
20260211-14-26-38,20,4,4,12,20.0,20.0,60.0,0.8943
20260211-14-37-18,20,5,2,13,25.0,10.0,65.0,0.8957
20260211-14-47-57,20,3,0,17,15.0,0.0,85.0,0.9293
20260211-14-58-37,20,3,0,17,15.0,0.0,85.0,0.8955
20260211-15-09-16,20,5,1,14,25.0,5.0,70.0,0.9118
20260211-15-19-56,20,4,0,16,20.0,0.0,80.0,0.9071
20260211-15-30-35,20,4,1,15,20.0,5.0,75.0,0.9043
20260211-15-41-15,20,8,1,11,40.0,5.0,55.0,0.9268
20260211-15-51-54,20,8,2,10,40.0,10.0,50.0,0.909
20260211-16-02-34,20,4,4,12,20.0,20.0,60.0,0.8521
20260211-16-13-13,20,6,3,11,30.0,15.0,55.0,0.8855
20260211-16-23-53,20,16,1,3,80.0,5.0,15.0,0.8908
20260211-16-34-32,19,16,0,3,84.2,0.0,15.8,0.9175
20260211-16-45-12,20,16,2,2,80.0,10.0,10.0,0.9237
20260211-16-55-51,20,17,1,2,85.0,5.0,10.0,0.9509
20260211-17-06-31,20,14,2,4,70.0,10.0,20.0,0.9059
20260211-17-17-10,20,14,2,4,70.0,10.0,20.0,0.9165
20260211-17-27-50,20,5,0,15,25.0,0.0,75.0,0.9314
20260211-17-38-29,20,3,0,17,15.0,0.0,85.0,0.9325
20260211-17-49-09,20,0,0,20,0.0,0.0,100.0,0.9209
20260211-17-59-48,20,0,0,20,0.0,0.0,100.0,0.9328
20260211-18-10-28,20,1,0,19,5.0,0.0,95.0,0.9351
20260211-18-21-07,20,0,0,20,0.0,0.0,100.0,0.9137
20260211-18-31-47,20,0,0,20,0.0,0.0,100.0,0.9121
20260211-18-42-26,20,1,1,18,5.0,5.0,90.0,0.9018
20260211-18-53-06,20,2,0,18,10.0,0.0,90.0,0.9187
20260211-19-03-45,20,1,0,19,5.0,0.0,95.0,0.9145
20260211-19-14-25,20,1,0,19,5.0,0.0,95.0,0.9069
20260211-19-25-04,20,1,0,19,5.0,0.0,95.0,0.9145
20260211-19-35-44,20,2,0,18,10.0,0.0,90.0,0.9158
20260211-19-46-23,20,3,1,16,15.0,5.0,80.0,0.9145
20260211-19-57-03,20,0,0,20,0.0,0.0,100.0,0.9078
20260211-20-07-42,20,1,0,19,5.0,0.0,95.0,0.9275
20260211-20-18-22,20,1,0,19,5.0,0.0,95.0,0.9084
20260211-20-29-02,20,0,0,20,0.0,0.0,100.0,0.9128
20260211-20-39-41,20,0,0,20,0.0,0.0,100.0,0.9068
20260211-20-50-21,20,0,0,20,0.0,0.0,100.0,0.91
20260211-21-01-00,20,0,0,20,0.0,0.0,100.0,0.9014
20260211-21-11-39,20,0,0,20,0.0,0.0,100.0,0.8973
20260211-21-22-19,20,1,0,19,5.0,0.0,95.0,0.913
20260211-21-32-58,20,0,1,19,0.0,5.0,95.0,0.8987
20260211-21-43-38,20,1,0,19,5.0,0.0,95.0,0.916
20260211-21-54-17,20,0,0,20,0.0,0.0,100.0,0.9138
20260211-22-04-57,20,0,0,20,0.0,0.0,100.0,0.9195
20260211-22-15-36,20,0,0,20,0.0,0.0,100.0,0.8873
20260211-22-26-16,20,0,0,20,0.0,0.0,100.0,0.9021
20260211-22-36-55,20,0,0,20,0.0,0.0,100.0,0.9057
20260211-22-47-35,20,0,0,20,0.0,0.0,100.0,0.8878
20260211-22-58-15,20,0,0,20,0.0,0.0,100.0,0.9078
20260211-23-08-54,20,0,0,20,0.0,0.0,100.0,0.907
20260211-23-19-33,20,0,0,20,0.0,0.0,100.0,0.8879
20260211-23-30-13,20,3,0,17,15.0,0.0,85.0,0.9241
20260211-23-40-52,20,0,0,20,0.0,0.0,100.0,0.9084
20260211-23-51-32,20,5,1,14,25.0,5.0,70.0,0.904
20260212-00-02-12,20,0,0,20,0.0,0.0,100.0,0.9
20260212-00-12-51,20,0,0,20,0.0,0.0,100.0,0.9204
20260212-00-23-31,20,0,0,20,0.0,0.0,100.0,0.9006
20260212-00-34-10,20,0,0,20,0.0,0.0,100.0,0.9119
20260212-00-44-50,20,0,0,20,0.0,0.0,100.0,0.908
20260212-00-55-29,20,0,0,20,0.0,0.0,100.0,0.9006
20260212-01-06-09,20,0,0,20,0.0,0.0,100.0,0.911
20260212-01-16-49,20,0,0,20,0.0,0.0,100.0,0.9014
20260212-01-27-28,20,0,0,20,0.0,0.0,100.0,0.9183
20260212-01-38-08,20,0,0,20,0.0,0.0,100.0,0.9092
20260212-01-48-47,20,0,0,20,0.0,0.0,100.0,0.9103
20260212-01-59-27,20,1,0,19,5.0,0.0,95.0,0.8932
20260212-02-10-06,20,0,0,20,0.0,0.0,100.0,0.8998
20260212-02-20-46,20,2,0,18,10.0,0.0,90.0,0.9205
20260212-02-31-25,20,1,0,19,5.0,0.0,95.0,0.9084
20260212-02-42-05,20,0,0,20,0.0,0.0,100.0,0.9173
20260212-02-52-44,20,0,0,20,0.0,0.0,100.0,0.9035
20260212-03-03-24,20,0,0,20,0.0,0.0,100.0,0.9015
20260212-03-14-03,20,2,0,18,10.0,0.0,90.0,0.9123
20260212-03-24-43,20,1,0,19,5.0,0.0,95.0,0.9077
20260212-03-35-22,20,3,0,17,15.0,0.0,85.0,0.9357
20260212-03-46-02,20,0,1,19,0.0,5.0,95.0,0.8898
20260212-03-56-41,20,0,1,19,0.0,5.0,95.0,0.893
20260212-04-07-21,20,0,0,20,0.0,0.0,100.0,0.8981
20260212-04-18-00,20,0,0,20,0.0,0.0,100.0,0.8942
20260212-04-28-40,20,0,0,20,0.0,0.0,100.0,0.9085
20260212-04-39-19,20,1,0,19,5.0,0.0,95.0,0.9193
20260212-04-49-59,20,0,0,20,0.0,0.0,100.0,0.9082
20260212-05-00-38,20,0,0,20,0.0,0.0,100.0,0.9066
20260212-05-11-18,20,2,0,18,10.0,0.0,90.0,0.9251
20260212-05-21-57,20,0,0,20,0.0,0.0,100.0,0.9096
20260212-05-32-37,20,2,0,18,10.0,0.0,90.0,0.9365
20260212-05-43-17,20,0,0,20,0.0,0.0,100.0,0.9098
20260212-05-53-56,20,3,0,17,15.0,0.0,85.0,0.9296
20260212-06-04-36,20,0,0,20,0.0,0.0,100.0,0.9231
20260212-06-15-15,20,0,0,20,0.0,0.0,100.0,0.9296
20260212-06-25-55,20,0,0,20,0.0,0.0,100.0,0.923
20260212-06-36-34,20,2,0,18,10.0,0.0,90.0,0.9239
20260212-06-47-14,20,3,0,17,15.0,0.0,85.0,0.912
20260212-06-57-54,20,1,0,19,5.0,0.0,95.0,0.9324
20260212-07-08-33,20,4,0,16,20.0,0.0,80.0,0.9135
20260212-07-19-13,20,2,1,17,10.0,5.0,85.0,0.8922
20260212-07-29-52,20,4,0,16,20.0,0.0,80.0,0.9132
20260212-07-40-32,19,7,0,12,36.8,0.0,63.2,0.9285
20260212-07-51-11,20,7,2,11,35.0,10.0,55.0,0.8927
20260212-08-01-51,20,6,2,12,30.0,10.0,60.0,0.9201
20260212-08-12-30,20,9,3,8,45.0,15.0,40.0,0.9246
20260212-08-23-10,20,19,0,1,95.0,0.0,5.0,0.9608
20260212-08-33-49,20,20,0,0,100.0,0.0,0.0,0.9692
20260212-08-44-29,20,17,1,2,85.0,5.0,10.0,0.9551
20260212-08-55-08,20,16,1,3,80.0,5.0,15.0,0.9365
20260212-09-05-48,19,17,0,2,89.5,0.0,10.5,0.9519
20260212-09-16-27,18,12,3,3,66.7,16.7,16.7,0.9092
20260212-09-27-07,18,8,2,8,44.4,11.1,44.4,0.9168
20260212-09-37-46,18,5,0,13,27.8,0.0,72.2,0.9236
20260212-09-48-26,18,3,0,15,16.7,0.0,83.3,0.9272
20260212-09-59-05,18,4,0,14,22.2,0.0,77.8,0.913
20260212-10-09-45,18,5,1,12,27.8,5.6,66.7,0.9053
20260212-10-20-25,18,6,2,10,33.3,11.1,55.6,0.9121
20260212-10-31-04,18,5,2,11,27.8,11.1,61.1,0.9381
20260212-10-41-44,17,7,1,9,41.2,5.9,52.9,0.9084
20260212-10-52-23,18,10,4,4,55.6,22.2,22.2,0.9047
20260212-11-03-03,18,5,0,13,27.8,0.0,72.2,0.9298
20260212-11-13-42,18,5,1,12,27.8,5.6,66.7,0.9336
20260212-11-24-22,18,1,1,16,5.6,5.6,88.9,0.9075
20260212-11-35-01,18,1,0,17,5.6,0.0,94.4,0.8866
20260212-11-45-41,18,2,0,16,11.1,0.0,88.9,0.9229
20260212-11-56-20,18,1,0,17,5.6,0.0,94.4,0.9011
20260212-12-07-00,19,3,0,16,15.8,0.0,84.2,0.9068
20260212-12-17-39,18,4,0,14,22.2,0.0,77.8,0.9377
20260212-12-28-19,18,4,1,13,22.2,5.6,72.2,0.9231
20260212-12-38-58,19,3,0,16,15.8,0.0,84.2,0.8961
20260212-12-49-38,19,3,0,16,15.8,0.0,84.2,0.8891
20260212-13-00-17,18,3,0,15,16.7,0.0,83.3,0.91
20260212-13-10-57,18,1,2,15,5.6,11.1,83.3,0.9108
20260212-13-21-36,18,1,2,15,5.6,11.1,83.3,0.9156
20260212-13-32-16,19,4,0,15,21.1,0.0,78.9,0.9041
20260212-13-42-55,18,6,0,12,33.3,0.0,66.7,0.9108
20260212-13-53-35,18,4,1,13,22.2,5.6,72.2,0.9148
20260212-14-04-14,18,3,2,13,16.7,11.1,72.2,0.9272
20260212-14-14-54,18,4,2,12,22.2,11.1,66.7,0.8876
20260212-14-25-33,18,5,0,13,27.8,0.0,72.2,0.9093
20260212-14-36-13,18,7,2,9,38.9,11.1,50.0,0.9046
20260212-14-46-53,18,3,2,13,16.7,11.1,72.2,0.8894
20260212-14-57-32,18,1,0,17,5.6,0.0,94.4,0.9114
20260212-15-08-11,18,1,1,16,5.6,5.6,88.9,0.9184
20260212-15-18-51,18,2,0,16,11.1,0.0,88.9,0.9361
20260212-15-29-31,18,0,0,18,0.0,0.0,100.0,0.9245
20260212-15-40-10,18,1,1,16,5.6,5.6,88.9,0.8702
20260212-15-50-50,18,3,1,14,16.7,5.6,77.8,0.912
20260212-16-01-29,18,3,2,13,16.7,11.1,72.2,0.9272
20260212-16-12-09,18,2,1,15,11.1,5.6,83.3,0.9187
20260212-16-22-48,18,4,0,14,22.2,0.0,77.8,0.9096
20260212-16-33-28,18,3,1,14,16.7,5.6,77.8,0.9284
20260212-16-44-07,18,1,3,14,5.6,16.7,77.8,0.8953
20260212-16-54-47,19,4,0,15,21.1,0.0,78.9,0.9155
20260212-17-05-26,18,2,0,16,11.1,0.0,88.9,0.9312
20260212-17-16-06,18,1,0,17,5.6,0.0,94.4,0.9334
20260212-17-26-45,18,0,0,18,0.0,0.0,100.0,0.9255
20260212-17-37-25,18,3,0,15,16.7,0.0,83.3,0.9171
20260212-17-48-04,19,16,0,3,84.2,0.0,15.8,0.9361
20260212-17-58-43,18,14,1,3,77.8,5.6,16.7,0.9358
20260212-18-09-23,18,15,0,3,83.3,0.0,16.7,0.9374
20260212-18-20-02,18,9,1,8,50.0,5.6,44.4,0.9288
20260212-18-30-42,18,3,1,14,16.7,5.6,77.8,0.9321
20260212-18-41-21,18,1,1,16,5.6,5.6,88.9,0.9213
20260212-18-52-01,18,1,1,16,5.6,5.6,88.9,0.9101
20260212-19-02-40,18,1,0,17,5.6,0.0,94.4,0.9223
20260212-19-13-20,18,1,0,17,5.6,0.0,94.4,0.9374
20260212-19-23-59,18,0,0,18,0.0,0.0,100.0,0.926
20260212-19-34-39,18,0,0,18,0.0,0.0,100.0,0.9164
20260212-19-45-18,18,0,0,18,0.0,0.0,100.0,0.9287
20260212-19-55-58,18,0,0,18,0.0,0.0,100.0,0.9115
20260212-20-06-37,18,0,1,17,0.0,5.6,94.4,0.9105
20260212-20-17-17,18,0,0,18,0.0,0.0,100.0,0.909
20260212-20-27-56,18,0,0,18,0.0,0.0,100.0,0.9131
20260212-20-38-36,18,0,0,18,0.0,0.0,100.0,0.8915
20260212-20-49-15,18,0,0,18,0.0,0.0,100.0,0.9144
20260212-20-59-55,18,0,0,18,0.0,0.0,100.0,0.9078
20260212-21-10-34,18,0,0,18,0.0,0.0,100.0,0.9285
20260212-21-21-14,18,0,0,18,0.0,0.0,100.0,0.905
20260212-21-31-53,18,0,0,18,0.0,0.0,100.0,0.9104
20260212-21-42-33,18,0,0,18,0.0,0.0,100.0,0.9222
20260212-21-53-12,18,0,0,18,0.0,0.0,100.0,0.9174
20260212-22-03-52,18,0,0,18,0.0,0.0,100.0,0.9116
20260212-22-14-31,18,0,0,18,0.0,0.0,100.0,0.9001
20260212-22-25-11,18,0,0,18,0.0,0.0,100.0,0.9072
20260212-22-35-50,18,0,0,18,0.0,0.0,100.0,0.9106
20260212-22-46-30,18,0,0,18,0.0,0.0,100.0,0.8967
20260212-22-57-09,18,0,0,18,0.0,0.0,100.0,0.9096
20260212-23-07-49,18,0,0,18,0.0,0.0,100.0,0.9189
20260212-23-18-28,18,0,0,18,0.0,0.0,100.0,0.9288
20260212-23-29-08,18,0,0,18,0.0,0.0,100.0,0.9179
20260212-23-39-47,18,0,0,18,0.0,0.0,100.0,0.9087
20260212-23-50-27,18,0,0,18,0.0,0.0,100.0,0.9151
20260213-00-01-06,18,0,0,18,0.0,0.0,100.0,0.9212
20260213-00-11-46,18,0,0,18,0.0,0.0,100.0,0.9006
20260213-00-22-25,18,0,0,18,0.0,0.0,100.0,0.9048
20260213-00-33-05,18,0,0,18,0.0,0.0,100.0,0.9137
20260213-00-43-44,18,0,0,18,0.0,0.0,100.0,0.9122
20260213-00-54-24,18,0,0,18,0.0,0.0,100.0,0.9128
20260213-01-05-03,18,0,0,18,0.0,0.0,100.0,0.9073
20260213-01-15-43,18,1,0,17,5.6,0.0,94.4,0.9101
20260213-01-26-22,18,0,0,18,0.0,0.0,100.0,0.9324
20260213-01-37-02,18,0,0,18,0.0,0.0,100.0,0.915
20260213-01-47-42,18,0,0,18,0.0,0.0,100.0,0.9078
20260213-01-58-21,18,0,0,18,0.0,0.0,100.0,0.9082
20260213-02-09-01,18,1,0,17,5.6,0.0,94.4,0.9357
20260213-02-19-40,18,0,0,18,0.0,0.0,100.0,0.9202
20260213-02-30-20,18,0,0,18,0.0,0.0,100.0,0.915
20260213-02-40-59,18,0,0,18,0.0,0.0,100.0,0.9036
20260213-02-51-39,18,0,0,18,0.0,0.0,100.0,0.9022
20260213-03-02-18,18,0,0,18,0.0,0.0,100.0,0.9084
20260213-03-12-58,18,0,0,18,0.0,0.0,100.0,0.8983
20260213-03-23-37,18,1,0,17,5.6,0.0,94.4,0.9257
20260213-03-34-17,18,0,0,18,0.0,0.0,100.0,0.9013
20260213-03-44-56,18,0,0,18,0.0,0.0,100.0,0.9096
20260213-03-55-36,18,0,1,17,0.0,5.6,94.4,0.9019
20260213-04-06-15,18,0,0,18,0.0,0.0,100.0,0.9028
20260213-04-16-55,18,0,0,18,0.0,0.0,100.0,0.914
20260213-04-27-35,18,0,0,18,0.0,0.0,100.0,0.9108
20260213-04-38-14,18,0,0,18,0.0,0.0,100.0,0.9135
20260213-04-48-54,18,0,0,18,0.0,0.0,100.0,0.9065
20260213-04-59-33,18,0,0,18,0.0,0.0,100.0,0.8933
20260213-05-10-13,18,0,0,18,0.0,0.0,100.0,0.9188
20260213-05-20-52,18,1,0,17,5.6,0.0,94.4,0.9224
20260213-05-31-32,18,0,0,18,0.0,0.0,100.0,0.9078
20260213-05-42-11,18,0,0,18,0.0,0.0,100.0,0.9227
20260213-05-52-51,18,1,0,17,5.6,0.0,94.4,0.8993
20260213-06-03-30,18,0,0,18,0.0,0.0,100.0,0.9075
20260213-06-14-10,18,0,0,18,0.0,0.0,100.0,0.9188
20260213-06-24-49,18,1,1,16,5.6,5.6,88.9,0.9123
20260213-06-35-29,18,1,0,17,5.6,0.0,94.4,0.9085
20260213-06-46-09,18,1,0,17,5.6,0.0,94.4,0.9117
20260213-06-56-48,18,2,1,15,11.1,5.6,83.3,0.9236
20260213-07-07-28,18,5,2,11,27.8,11.1,61.1,0.8984
20260213-07-18-07,18,9,1,8,50.0,5.6,44.4,0.9003
20260213-07-28-47,18,7,2,9,38.9,11.1,50.0,0.9039
20260213-07-39-26,18,7,1,10,38.9,5.6,55.6,0.9247
20260213-07-50-06,18,5,2,11,27.8,11.1,61.1,0.8932
20260213-08-00-45,18,8,3,7,44.4,16.7,38.9,0.8973
20260213-08-11-25,18,16,0,2,88.9,0.0,11.1,0.9607
20260213-08-22-04,18,16,0,2,88.9,0.0,11.1,0.9613
20260213-08-32-44,17,14,1,2,82.4,5.9,11.8,0.9548
20260213-08-43-23,17,12,3,2,70.6,17.6,11.8,0.945
20260213-08-54-03,18,8,1,9,44.4,5.6,50.0,0.9437
20260213-09-04-42,18,9,1,8,50.0,5.6,44.4,0.9292
20260213-09-15-22,18,6,0,12,33.3,0.0,66.7,0.9448
20260213-09-26-01,18,7,1,10,38.9,5.6,55.6,0.882
20260213-09-36-41,18,5,0,13,27.8,0.0,72.2,0.935
20260213-09-47-20,18,3,1,14,16.7,5.6,77.8,0.9386
20260213-09-58-00,18,2,1,15,11.1,5.6,83.3,0.8863
20260213-10-08-39,18,5,0,13,27.8,0.0,72.2,0.9269
20260213-10-19-19,18,5,3,10,27.8,16.7,55.6,0.9053
20260213-10-29-58,18,7,1,10,38.9,5.6,55.6,0.9314
20260213-10-40-38,18,5,2,11,27.8,11.1,61.1,0.9154
20260213-10-51-17,18,3,0,15,16.7,0.0,83.3,0.9325
20260213-11-01-57,18,3,0,15,16.7,0.0,83.3,0.9267
20260213-11-12-36,18,3,0,15,16.7,0.0,83.3,0.9003
20260213-11-23-16,18,2,0,16,11.1,0.0,88.9,0.9234
20260213-11-33-55,18,1,2,15,5.6,11.1,83.3,0.9188
20260213-11-44-35,18,1,0,17,5.6,0.0,94.4,0.9326
20260213-11-55-14,18,1,0,17,5.6,0.0,94.4,0.9251
20260213-12-05-54,18,1,0,17,5.6,0.0,94.4,0.9193
20260213-12-16-33,18,2,0,16,11.1,0.0,88.9,0.913
20260213-12-27-13,18,5,2,11,27.8,11.1,61.1,0.9143
20260213-12-37-52,18,5,1,12,27.8,5.6,66.7,0.9277
20260213-12-48-32,18,5,1,12,27.8,5.6,66.7,0.9372
20260213-12-59-11,18,5,1,12,27.8,5.6,66.7,0.9312
20260213-13-09-51,18,6,1,11,33.3,5.6,61.1,0.9142
20260213-13-20-30,18,6,0,12,33.3,0.0,66.7,0.9182
20260213-13-31-10,18,6,0,12,33.3,0.0,66.7,0.9414
20260213-13-41-49,19,6,0,13,31.6,0.0,68.4,0.9289
20260213-13-52-29,19,7,1,11,36.8,5.3,57.9,0.928
20260213-14-03-08,19,7,5,7,36.8,26.3,36.8,0.8662
20260213-14-13-48,19,10,3,6,52.6,15.8,31.6,0.8932
20260213-14-24-27,19,8,2,9,42.1,10.5,47.4,0.8865
20260213-14-35-07,19,6,3,10,31.6,15.8,52.6,0.9156
20260213-14-45-46,19,8,3,8,42.1,15.8,42.1,0.9137
20260213-14-56-26,18,13,0,5,72.2,0.0,27.8,0.9317
20260213-15-07-05,19,11,2,6,57.9,10.5,31.6,0.9019
20260213-15-17-45,19,11,3,5,57.9,15.8,26.3,0.8981
20260213-15-28-24,20,7,4,9,35.0,20.0,45.0,0.8649
20260213-15-39-04,19,13,0,6,68.4,0.0,31.6,0.9057
20260213-15-49-43,20,14,1,5,70.0,5.0,25.0,0.8717
20260213-16-00-23,20,12,1,7,60.0,5.0,35.0,0.8956
20260213-16-11-02,20,16,1,3,80.0,5.0,15.0,0.92
20260213-16-21-41,20,14,2,4,70.0,10.0,20.0,0.8922
20260213-16-32-21,20,12,2,6,60.0,10.0,30.0,0.9002
20260213-16-43-00,19,8,1,10,42.1,5.3,52.6,0.9265
20260213-16-53-40,20,4,1,15,20.0,5.0,75.0,0.8855
20260213-17-04-19,19,0,0,19,0.0,0.0,100.0,0.9107
20260213-17-14-59,20,0,0,20,0.0,0.0,100.0,0.8696
20260213-17-25-38,20,3,0,17,15.0,0.0,85.0,0.908
20260213-17-36-18,19,2,0,17,10.5,0.0,89.5,0.9045
20260213-17-46-57,19,2,0,17,10.5,0.0,89.5,0.9166
20260213-17-57-37,19,1,0,18,5.3,0.0,94.7,0.8989
20260213-18-08-16,19,0,0,19,0.0,0.0,100.0,0.9058
20260213-18-18-56,19,3,1,15,15.8,5.3,78.9,0.9061
20260213-18-29-36,19,0,1,18,0.0,5.3,94.7,0.8946
20260213-18-40-15,19,0,1,18,0.0,5.3,94.7,0.8802
20260213-18-50-55,19,0,0,19,0.0,0.0,100.0,0.8919
20260213-19-01-34,19,0,0,19,0.0,0.0,100.0,0.9109
20260213-19-12-14,18,0,1,17,0.0,5.6,94.4,0.9037
20260213-19-22-53,18,0,0,18,0.0,0.0,100.0,0.9162
20260213-19-33-33,18,0,0,18,0.0,0.0,100.0,0.9249
20260213-19-44-12,18,0,0,18,0.0,0.0,100.0,0.913
20260213-19-54-52,18,0,0,18,0.0,0.0,100.0,0.9158
20260213-20-05-31,18,0,0,18,0.0,0.0,100.0,0.9213
20260213-20-16-11,18,1,1,16,5.6,5.6,88.9,0.913
20260213-20-26-50,18,2,0,16,11.1,0.0,88.9,0.9255
20260213-20-37-30,18,1,0,17,5.6,0.0,94.4,0.9139
20260213-20-48-09,18,2,0,16,11.1,0.0,88.9,0.9439
20260213-20-58-49,18,0,0,18,0.0,0.0,100.0,0.9269
20260213-21-09-28,18,0,0,18,0.0,0.0,100.0,0.9173
20260213-21-20-08,18,0,0,18,0.0,0.0,100.0,0.9256
20260213-21-30-47,18,0,0,18,0.0,0.0,100.0,0.9213
20260213-21-41-27,18,0,0,18,0.0,0.0,100.0,0.9138
20260213-21-52-06,18,1,0,17,5.6,0.0,94.4,0.9399
20260213-22-02-46,18,0,0,18,0.0,0.0,100.0,0.8994
20260213-22-13-25,18,0,0,18,0.0,0.0,100.0,0.9106
20260213-22-24-05,18,0,0,18,0.0,0.0,100.0,0.9151
20260213-22-34-44,18,1,0,17,5.6,0.0,94.4,0.9195
20260213-22-45-24,18,1,1,16,5.6,5.6,88.9,0.9049
20260213-22-56-03,18,0,0,18,0.0,0.0,100.0,0.9146
20260213-23-06-43,18,0,0,18,0.0,0.0,100.0,0.9132
20260213-23-17-22,18,0,0,18,0.0,0.0,100.0,0.8996
20260213-23-28-02,18,0,0,18,0.0,0.0,100.0,0.9096
20260213-23-38-41,18,1,0,17,5.6,0.0,94.4,0.9228
20260213-23-49-21,18,0,0,18,0.0,0.0,100.0,0.9151
20260214-00-00-00,18,0,0,18,0.0,0.0,100.0,0.9185
20260214-00-10-40,18,0,0,18,0.0,0.0,100.0,0.9142
20260214-00-21-19,18,0,0,18,0.0,0.0,100.0,0.9106
20260214-00-31-59,18,0,0,18,0.0,0.0,100.0,0.9144
20260214-00-42-38,18,0,0,18,0.0,0.0,100.0,0.9094
20260214-00-53-18,18,0,0,18,0.0,0.0,100.0,0.9095
20260214-01-03-57,18,0,0,18,0.0,0.0,100.0,0.9101
20260214-01-14-37,18,0,0,18,0.0,0.0,100.0,0.908
20260214-01-25-16,18,0,0,18,0.0,0.0,100.0,0.9226
20260214-01-35-56,18,0,0,18,0.0,0.0,100.0,0.9161
20260214-01-46-35,18,0,0,18,0.0,0.0,100.0,0.9044
20260214-01-57-15,18,0,0,18,0.0,0.0,100.0,0.9171
20260214-02-07-54,18,0,0,18,0.0,0.0,100.0,0.9084
20260214-02-18-34,18,0,0,18,0.0,0.0,100.0,0.9155
20260214-02-29-13,18,0,0,18,0.0,0.0,100.0,0.91
20260214-02-39-53,18,0,0,18,0.0,0.0,100.0,0.9258
20260214-02-50-32,18,0,0,18,0.0,0.0,100.0,0.9252
20260214-03-01-12,18,1,0,17,5.6,0.0,94.4,0.9264
20260214-03-11-51,18,0,0,18,0.0,0.0,100.0,0.9166
20260214-03-22-31,18,0,0,18,0.0,0.0,100.0,0.9133
20260214-03-33-10,18,0,0,18,0.0,0.0,100.0,0.9169
20260214-03-43-50,18,0,0,18,0.0,0.0,100.0,0.9153
20260214-03-54-29,18,1,0,17,5.6,0.0,94.4,0.9324
20260214-04-05-09,18,0,0,18,0.0,0.0,100.0,0.9172
20260214-04-15-49,18,0,0,18,0.0,0.0,100.0,0.9219
20260214-04-26-28,18,0,0,18,0.0,0.0,100.0,0.9024
20260214-04-37-08,18,0,0,18,0.0,0.0,100.0,0.9244
20260214-04-47-47,18,1,0,17,5.6,0.0,94.4,0.9365
20260214-04-58-27,18,2,1,15,11.1,5.6,83.3,0.9093
20260214-05-09-06,18,0,0,18,0.0,0.0,100.0,0.9147
20260214-05-19-46,18,0,0,18,0.0,0.0,100.0,0.9263
20260214-05-30-25,18,0,0,18,0.0,0.0,100.0,0.886
20260214-05-41-05,18,1,0,17,5.6,0.0,94.4,0.9228
20260214-05-51-44,18,1,0,17,5.6,0.0,94.4,0.9318
20260214-06-02-24,18,1,0,17,5.6,0.0,94.4,0.9274
20260214-06-13-04,18,1,0,17,5.6,0.0,94.4,0.9222
20260214-06-23-43,18,2,1,15,11.1,5.6,83.3,0.9059
20260214-06-34-23,18,4,0,14,22.2,0.0,77.8,0.9379
20260214-06-45-02,18,3,0,15,16.7,0.0,83.3,0.9266
20260214-06-55-42,18,1,0,17,5.6,0.0,94.4,0.905
20260214-07-06-21,18,2,1,15,11.1,5.6,83.3,0.9243
20260214-07-17-01,18,6,0,12,33.3,0.0,66.7,0.9389
20260214-07-27-40,17,6,0,11,35.3,0.0,64.7,0.9419
20260214-07-38-20,18,8,2,8,44.4,11.1,44.4,0.8921
20260214-07-48-59,18,10,3,5,55.6,16.7,27.8,0.8921
20260214-07-59-39,18,10,3,5,55.6,16.7,27.8,0.9387
20260214-08-10-18,17,10,3,4,58.8,17.6,23.5,0.9579
20260214-08-20-58,18,17,0,1,94.4,0.0,5.6,0.9721
20260214-08-31-37,18,17,0,1,94.4,0.0,5.6,0.9676
20260214-08-42-17,18,16,1,1,88.9,5.6,5.6,0.9501
20260214-08-52-56,18,15,1,2,83.3,5.6,11.1,0.9696
20260214-09-03-36,18,10,2,6,55.6,11.1,33.3,0.9267
20260214-09-14-15,18,8,2,8,44.4,11.1,44.4,0.9161
20260214-09-24-55,18,6,2,10,33.3,11.1,55.6,0.9478
20260214-09-35-34,18,7,1,10,38.9,5.6,55.6,0.938
20260214-09-46-14,18,5,0,13,27.8,0.0,72.2,0.9383
20260214-09-56-53,18,4,1,13,22.2,5.6,72.2,0.9185
20260214-10-07-33,18,4,1,13,22.2,5.6,72.2,0.9272
20260214-10-18-12,18,5,1,12,27.8,5.6,66.7,0.944
20260214-10-28-52,18,3,1,14,16.7,5.6,77.8,0.9133
20260214-10-39-31,18,3,1,14,16.7,5.6,77.8,0.9375
20260214-10-50-11,18,4,0,14,22.2,0.0,77.8,0.899
20260214-11-00-50,18,5,1,12,27.8,5.6,66.7,0.9286
20260214-11-11-30,18,3,0,15,16.7,0.0,83.3,0.931
20260214-11-22-09,18,3,0,15,16.7,0.0,83.3,0.9333
20260214-11-32-49,18,4,1,13,22.2,5.6,72.2,0.9355
20260214-11-43-28,18,7,3,8,38.9,16.7,44.4,0.8925
20260214-11-54-08,18,4,2,12,22.2,11.1,66.7,0.924
20260214-12-04-47,18,2,2,14,11.1,11.1,77.8,0.9091
20260214-12-15-27,19,2,1,16,10.5,5.3,84.2,0.9325
20260214-12-26-07,18,2,1,15,11.1,5.6,83.3,0.9283
20260214-12-36-46,18,3,0,15,16.7,0.0,83.3,0.9365
20260214-12-47-26,18,6,1,11,33.3,5.6,61.1,0.9271
20260214-12-58-05,18,3,1,14,16.7,5.6,77.8,0.9046
20260214-13-08-45,18,4,2,12,22.2,11.1,66.7,0.9388
20260214-13-19-24,18,5,0,13,27.8,0.0,72.2,0.916
20260214-13-30-04,18,7,0,11,38.9,0.0,61.1,0.9351
20260214-13-40-43,17,7,2,8,41.2,11.8,47.1,0.9085
20260214-13-51-23,18,7,5,6,38.9,27.8,33.3,0.8776
20260214-14-02-02,18,9,3,6,50.0,16.7,33.3,0.9315
20260214-14-12-42,18,9,3,6,50.0,16.7,33.3,0.9107
20260214-14-23-21,18,11,3,4,61.1,16.7,22.2,0.9284
20260214-14-34-01,18,13,2,3,72.2,11.1,16.7,0.9098
20260214-14-44-40,18,10,3,5,55.6,16.7,27.8,0.9081
20260214-14-55-20,18,10,2,6,55.6,11.1,33.3,0.9275
20260214-15-05-59,18,9,2,7,50.0,11.1,38.9,0.9198
20260214-15-16-39,18,12,0,6,66.7,0.0,33.3,0.9521
20260214-15-27-18,18,9,3,6,50.0,16.7,33.3,0.9327
20260214-15-37-58,18,11,2,5,61.1,11.1,27.8,0.9103
20260214-15-48-37,18,14,2,2,77.8,11.1,11.1,0.9566
20260214-15-59-17,18,13,2,3,72.2,11.1,16.7,0.9264
20260214-16-09-56,18,10,2,6,55.6,11.1,33.3,0.9388
20260214-16-20-36,18,10,0,8,55.6,0.0,44.4,0.954
20260214-16-31-15,18,7,1,10,38.9,5.6,55.6,0.9406
20260214-16-41-55,18,2,0,16,11.1,0.0,88.9,0.9208
20260214-16-52-34,18,2,1,15,11.1,5.6,83.3,0.9205
20260214-17-03-14,18,1,0,17,5.6,0.0,94.4,0.9377
20260214-17-13-53,18,3,0,15,16.7,0.0,83.3,0.9382
20260214-17-24-33,18,4,1,13,22.2,5.6,72.2,0.9032
20260214-17-35-12,18,2,0,16,11.1,0.0,88.9,0.9382
20260214-17-45-52,18,0,0,18,0.0,0.0,100.0,0.9121
20260214-17-56-31,18,0,0,18,0.0,0.0,100.0,0.9063
20260214-18-07-11,18,1,0,17,5.6,0.0,94.4,0.9208
20260214-18-17-50,18,2,0,16,11.1,0.0,88.9,0.9095
20260214-18-28-30,18,3,1,14,16.7,5.6,77.8,0.9008
20260214-18-39-09,18,1,1,16,5.6,5.6,88.9,0.9217
20260214-18-49-49,18,3,0,15,16.7,0.0,83.3,0.9334
20260214-19-00-28,18,0,0,18,0.0,0.0,100.0,0.9405
20260214-19-11-08,18,0,0,18,0.0,0.0,100.0,0.9344
20260214-19-21-47,18,0,0,18,0.0,0.0,100.0,0.926
20260214-19-32-27,18,1,0,17,5.6,0.0,94.4,0.9269
20260214-19-43-06,18,1,0,17,5.6,0.0,94.4,0.9298
20260214-19-53-46,18,0,0,18,0.0,0.0,100.0,0.9313
20260214-20-04-25,18,0,0,18,0.0,0.0,100.0,0.9319
20260214-20-15-05,18,1,0,17,5.6,0.0,94.4,0.9248
20260214-20-25-44,18,0,0,18,0.0,0.0,100.0,0.9341
20260214-20-36-24,18,0,0,18,0.0,0.0,100.0,0.9267
20260214-20-47-03,18,0,0,18,0.0,0.0,100.0,0.9237
20260214-20-57-43,18,0,0,18,0.0,0.0,100.0,0.9228
20260214-21-08-22,18,0,0,18,0.0,0.0,100.0,0.9401
20260214-21-19-02,18,1,0,17,5.6,0.0,94.4,0.9281
20260214-21-29-41,18,1,0,17,5.6,0.0,94.4,0.9272
20260214-21-40-21,18,0,0,18,0.0,0.0,100.0,0.9309
20260214-21-51-00,18,0,0,18,0.0,0.0,100.0,0.922
20260214-22-01-40,18,1,0,17,5.6,0.0,94.4,0.926
20260214-22-12-19,18,0,0,18,0.0,0.0,100.0,0.9189
20260214-22-22-59,18,0,0,18,0.0,0.0,100.0,0.9128
20260214-22-33-38,18,1,0,17,5.6,0.0,94.4,0.9257
20260214-22-44-18,18,0,0,18,0.0,0.0,100.0,0.9268
20260214-22-54-57,18,0,0,18,0.0,0.0,100.0,0.9161
20260214-23-05-37,18,0,0,18,0.0,0.0,100.0,0.9274
20260214-23-16-16,18,0,0,18,0.0,0.0,100.0,0.9104
20260214-23-26-56,18,0,0,18,0.0,0.0,100.0,0.9176
20260214-23-37-35,18,1,0,17,5.6,0.0,94.4,0.9074
20260214-23-48-15,18,1,0,17,5.6,0.0,94.4,0.9189
20260214-23-58-54,18,0,0,18,0.0,0.0,100.0,0.9267
20260215-00-09-34,18,1,0,17,5.6,0.0,94.4,0.925
20260215-00-20-13,18,0,0,18,0.0,0.0,100.0,0.919
20260215-00-30-53,18,0,0,18,0.0,0.0,100.0,0.9241
20260215-00-41-32,18,0,0,18,0.0,0.0,100.0,0.916
20260215-00-52-12,18,0,0,18,0.0,0.0,100.0,0.9205
20260215-01-02-51,18,0,0,18,0.0,0.0,100.0,0.9181
20260215-01-13-31,18,1,0,17,5.6,0.0,94.4,0.8992
20260215-01-24-10,18,0,0,18,0.0,0.0,100.0,0.9069
20260215-01-34-50,18,0,1,17,0.0,5.6,94.4,0.9197
20260215-01-45-29,18,0,0,18,0.0,0.0,100.0,0.9074
20260215-01-56-09,18,0,0,18,0.0,0.0,100.0,0.9093
20260215-02-06-48,18,0,0,18,0.0,0.0,100.0,0.9127
20260215-02-17-28,18,0,0,18,0.0,0.0,100.0,0.8968
20260215-02-28-07,18,0,0,18,0.0,0.0,100.0,0.898
20260215-02-38-47,18,0,0,18,0.0,0.0,100.0,0.9148
20260215-02-49-26,18,0,0,18,0.0,0.0,100.0,0.9176
20260215-03-00-06,18,0,0,18,0.0,0.0,100.0,0.9015
20260215-03-10-45,18,0,0,18,0.0,0.0,100.0,0.9073
20260215-03-21-25,18,1,1,16,5.6,5.6,88.9,0.9196
20260215-03-32-04,18,0,0,18,0.0,0.0,100.0,0.9156
20260215-03-42-44,18,1,0,17,5.6,0.0,94.4,0.9044
20260215-03-53-23,18,2,0,16,11.1,0.0,88.9,0.909
20260215-04-04-03,18,1,0,17,5.6,0.0,94.4,0.9209
20260215-04-14-42,18,0,0,18,0.0,0.0,100.0,0.9034
20260215-04-25-22,18,1,2,15,5.6,11.1,83.3,0.8812
20260215-04-36-01,18,1,1,16,5.6,5.6,88.9,0.8952
20260215-04-46-41,18,2,0,16,11.1,0.0,88.9,0.9185
20260215-04-57-20,18,3,0,15,16.7,0.0,83.3,0.9284
20260215-05-08-00,18,1,0,17,5.6,0.0,94.4,0.9273
20260215-05-18-39,18,0,0,18,0.0,0.0,100.0,0.9022
20260215-05-29-19,18,1,0,17,5.6,0.0,94.4,0.9206
20260215-05-39-59,18,0,0,18,0.0,0.0,100.0,0.9074
20260215-05-50-38,17,1,0,16,5.9,0.0,94.1,0.907
20260215-06-01-18,18,0,0,18,0.0,0.0,100.0,0.9231
20260215-06-11-57,18,1,0,17,5.6,0.0,94.4,0.9049
20260215-06-22-37,18,0,0,18,0.0,0.0,100.0,0.9188
20260215-06-33-16,18,1,3,14,5.6,16.7,77.8,0.9156
20260215-06-43-56,18,1,0,17,5.6,0.0,94.4,0.9125
20260215-06-54-35,18,5,2,11,27.8,11.1,61.1,0.8934
20260215-07-05-15,19,8,0,11,42.1,0.0,57.9,0.898
20260215-07-15-54,18,5,2,11,27.8,11.1,61.1,0.9056
20260215-07-26-34,18,6,3,9,33.3,16.7,50.0,0.8684
20260215-07-37-13,18,11,2,5,61.1,11.1,27.8,0.9195
20260215-07-47-53,18,12,3,3,66.7,16.7,16.7,0.9416
20260215-07-58-32,18,12,3,3,66.7,16.7,16.7,0.92
20260215-08-09-12,18,13,2,3,72.2,11.1,16.7,0.931
20260215-08-19-51,18,18,0,0,100.0,0.0,0.0,0.9796
20260215-08-30-31,18,17,0,1,94.4,0.0,5.6,0.9811
20260215-08-41-10,18,16,1,1,88.9,5.6,5.6,0.9718
20260215-08-51-50,18,15,2,1,83.3,11.1,5.6,0.9458
20260215-09-02-30,18,12,1,5,66.7,5.6,27.8,0.9489
20260215-09-13-09,18,10,0,8,55.6,0.0,44.4,0.9507
20260215-09-23-49,18,9,0,9,50.0,0.0,50.0,0.9405
20260215-09-34-28,18,8,1,9,44.4,5.6,50.0,0.9294
20260215-09-45-08,18,8,0,10,44.4,0.0,55.6,0.9477
20260215-09-55-47,18,10,0,8,55.6,0.0,44.4,0.9552
20260215-10-06-27,18,8,0,10,44.4,0.0,55.6,0.9571
20260215-10-17-06,18,8,0,10,44.4,0.0,55.6,0.9254
20260215-10-27-46,18,8,0,10,44.4,0.0,55.6,0.9509
20260215-10-38-25,18,11,2,5,61.1,11.1,27.8,0.9541
20260215-10-49-05,18,11,1,6,61.1,5.6,33.3,0.9207
20260215-10-59-44,18,4,0,14,22.2,0.0,77.8,0.9261
20260215-11-10-24,18,3,0,15,16.7,0.0,83.3,0.9228
20260215-11-21-03,18,3,0,15,16.7,0.0,83.3,0.935
20260215-11-31-43,18,2,0,16,11.1,0.0,88.9,0.9428
20260215-11-42-22,18,5,2,11,27.8,11.1,61.1,0.9227
20260215-11-53-02,18,7,1,10,38.9,5.6,55.6,0.9027
20260215-12-03-41,18,10,0,8,55.6,0.0,44.4,0.9462
20260215-12-14-21,18,10,3,5,55.6,16.7,27.8,0.9018
20260215-12-25-00,18,12,1,5,66.7,5.6,27.8,0.9286
20260215-12-35-40,18,11,2,5,61.1,11.1,27.8,0.9302
20260215-12-46-20,17,13,2,2,76.5,11.8,11.8,0.9619
20260215-12-56-59,18,11,1,6,61.1,5.6,33.3,0.9219
20260215-13-07-39,18,7,2,9,38.9,11.1,50.0,0.9075
20260215-13-18-18,18,7,1,10,38.9,5.6,55.6,0.9461
20260215-13-28-58,18,5,0,13,27.8,0.0,72.2,0.9459
20260215-13-39-37,18,5,1,12,27.8,5.6,66.7,0.9142
20260215-13-50-17,18,5,0,13,27.8,0.0,72.2,0.9372
20260215-14-00-56,18,4,2,12,22.2,11.1,66.7,0.889
20260215-14-11-36,17,6,1,10,35.3,5.9,58.8,0.9173
20260215-14-22-15,18,4,2,12,22.2,11.1,66.7,0.9124
20260215-14-32-55,17,7,0,10,41.2,0.0,58.8,0.9576
20260215-14-43-34,18,14,3,1,77.8,16.7,5.6,0.9274
20260215-14-54-14,18,12,3,3,66.7,16.7,16.7,0.9029
20260215-15-04-53,18,12,4,2,66.7,22.2,11.1,0.9112
20260215-15-15-33,18,12,2,4,66.7,11.1,22.2,0.9534
20260215-15-26-12,18,10,3,5,55.6,16.7,27.8,0.8963
20260215-15-36-52,18,11,1,6,61.1,5.6,33.3,0.9417
20260215-15-47-31,18,8,1,9,44.4,5.6,50.0,0.9276
20260215-15-58-11,18,9,1,8,50.0,5.6,44.4,0.9241
20260215-16-08-50,18,8,0,10,44.4,0.0,55.6,0.9243
20260215-16-19-30,17,7,2,8,41.2,11.8,47.1,0.9336
20260215-16-30-09,18,15,0,3,83.3,0.0,16.7,0.9453
20260215-16-40-49,18,16,1,1,88.9,5.6,5.6,0.9522
20260215-16-51-28,18,12,1,5,66.7,5.6,27.8,0.9379
20260215-17-02-08,18,7,1,10,38.9,5.6,55.6,0.9435
20260215-17-12-47,18,3,1,14,16.7,5.6,77.8,0.9107
20260215-17-23-27,18,2,0,16,11.1,0.0,88.9,0.9169
20260215-17-34-06,18,2,0,16,11.1,0.0,88.9,0.91
20260215-17-44-46,18,0,1,17,0.0,5.6,94.4,0.9156
20260215-17-55-25,16,0,0,16,0.0,0.0,100.0,0.923
20260217-16-32-59,17,15,0,2,88.2,0.0,11.8,0.9604
20260217-16-50-19,17,14,0,3,82.4,0.0,17.6,0.9488
20260217-17-03-34,17,11,1,5,64.7,5.9,29.4,0.9513
20260217-17-14-10,17,8,1,8,47.1,5.9,47.1,0.9431
20260217-17-24-47,17,5,2,10,29.4,11.8,58.8,0.9244
20260217-17-35-23,17,4,1,12,23.5,5.9,70.6,0.898
20260217-17-45-59,17,1,1,15,5.9,5.9,88.2,0.8852
20260217-17-56-36,17,0,1,16,0.0,5.9,94.1,0.9109
20260217-18-07-12,17,0,1,16,0.0,5.9,94.1,0.9095
20260217-18-17-48,17,1,0,16,5.9,0.0,94.1,0.9135
20260217-18-28-24,17,1,0,16,5.9,0.0,94.1,0.9294
20260217-18-39-01,17,0,2,15,0.0,11.8,88.2,0.8977
20260217-18-49-37,17,2,1,14,11.8,5.9,82.4,0.9203
20260217-19-00-13,17,0,1,16,0.0,5.9,94.1,0.9182
20260217-19-10-49,17,1,0,16,5.9,0.0,94.1,0.9276
20260217-19-21-26,17,0,1,16,0.0,5.9,94.1,0.9243
20260217-19-32-02,17,1,0,16,5.9,0.0,94.1,0.8991
20260217-19-42-38,17,2,1,14,11.8,5.9,82.4,0.9396
20260217-19-53-14,17,0,1,16,0.0,5.9,94.1,0.8886
20260217-20-03-50,17,0,1,16,0.0,5.9,94.1,0.9112
20260217-20-14-27,17,0,1,16,0.0,5.9,94.1,0.8974
20260217-20-25-03,17,4,1,12,23.5,5.9,70.6,0.9212
20260217-20-35-39,17,1,0,16,5.9,0.0,94.1,0.9307
20260217-20-46-15,17,0,0,17,0.0,0.0,100.0,0.9254
20260217-20-56-51,17,0,0,17,0.0,0.0,100.0,0.9271
20260217-21-07-28,17,0,0,17,0.0,0.0,100.0,0.9099
20260217-21-18-04,17,0,0,17,0.0,0.0,100.0,0.9232
20260217-21-28-40,17,0,0,17,0.0,0.0,100.0,0.9138
20260217-21-39-16,17,0,0,17,0.0,0.0,100.0,0.8927
20260217-21-49-52,17,0,0,17,0.0,0.0,100.0,0.9105
20260217-22-00-29,17,0,0,17,0.0,0.0,100.0,0.9058
20260217-22-11-05,17,0,0,17,0.0,0.0,100.0,0.8944
20260217-22-21-41,17,0,0,17,0.0,0.0,100.0,0.911
20260217-22-32-17,17,0,0,17,0.0,0.0,100.0,0.9171
20260217-22-42-54,17,0,0,17,0.0,0.0,100.0,0.9063
20260217-22-53-30,17,1,0,16,5.9,0.0,94.1,0.8886
20260217-23-04-06,17,0,0,17,0.0,0.0,100.0,0.8951
20260217-23-14-42,17,1,0,16,5.9,0.0,94.1,0.9183
20260217-23-25-19,17,0,0,17,0.0,0.0,100.0,0.9164
20260217-23-35-55,17,0,0,17,0.0,0.0,100.0,0.9164
20260217-23-46-32,17,0,0,17,0.0,0.0,100.0,0.9017
20260217-23-57-08,17,0,0,17,0.0,0.0,100.0,0.8907
20260218-00-07-44,17,0,0,17,0.0,0.0,100.0,0.8826
20260218-00-18-20,17,0,0,17,0.0,0.0,100.0,0.9296
20260218-00-28-57,17,0,1,16,0.0,5.9,94.1,0.9061
20260218-00-39-33,17,0,0,17,0.0,0.0,100.0,0.9083
20260218-00-50-09,17,0,0,17,0.0,0.0,100.0,0.9035
20260218-01-00-46,17,0,0,17,0.0,0.0,100.0,0.9003
20260218-01-11-22,17,0,0,17,0.0,0.0,100.0,0.9081
20260218-01-21-58,17,1,0,16,5.9,0.0,94.1,0.8845
20260218-01-32-34,17,0,0,17,0.0,0.0,100.0,0.9055
20260218-01-43-11,17,0,0,17,0.0,0.0,100.0,0.9105
20260218-01-53-47,17,0,0,17,0.0,0.0,100.0,0.9078
20260218-02-04-23,17,0,0,17,0.0,0.0,100.0,0.895
20260218-02-15-00,17,0,0,17,0.0,0.0,100.0,0.9128
20260218-02-25-36,17,0,0,17,0.0,0.0,100.0,0.8956
20260218-02-36-12,17,0,0,17,0.0,0.0,100.0,0.907
20260218-02-46-49,17,0,0,17,0.0,0.0,100.0,0.9202
20260218-02-57-25,17,0,0,17,0.0,0.0,100.0,0.9044
20260218-03-08-01,17,0,0,17,0.0,0.0,100.0,0.8983
20260218-03-18-38,17,0,0,17,0.0,0.0,100.0,0.9075
20260218-03-29-14,17,3,3,11,17.6,17.6,64.7,0.8887
20260218-03-39-50,17,1,0,16,5.9,0.0,94.1,0.92
20260218-03-50-26,17,0,0,17,0.0,0.0,100.0,0.9026
20260218-04-01-03,17,0,0,17,0.0,0.0,100.0,0.8909
20260218-04-11-39,17,0,0,17,0.0,0.0,100.0,0.9166
20260218-04-22-15,17,0,0,17,0.0,0.0,100.0,0.9063
20260218-04-32-52,17,1,0,16,5.9,0.0,94.1,0.9033
20260218-04-43-28,17,0,0,17,0.0,0.0,100.0,0.9121
20260218-04-54-04,17,1,1,15,5.9,5.9,88.2,0.8919
20260218-05-04-41,17,1,0,16,5.9,0.0,94.1,0.9261
20260218-05-15-17,17,1,0,16,5.9,0.0,94.1,0.9199
20260218-05-25-53,17,2,0,15,11.8,0.0,88.2,0.9075
20260218-05-36-30,17,1,1,15,5.9,5.9,88.2,0.8844
20260218-05-47-06,17,4,0,13,23.5,0.0,76.5,0.9165
20260218-05-57-42,17,6,1,10,35.3,5.9,58.8,0.9137
20260218-06-08-18,17,4,1,12,23.5,5.9,70.6,0.9311
20260218-06-18-55,17,5,1,11,29.4,5.9,64.7,0.9516
20260218-06-29-31,17,4,1,12,23.5,5.9,70.6,0.9224
20260218-06-40-07,17,3,2,12,17.6,11.8,70.6,0.9161
20260218-06-50-44,17,6,5,6,35.3,29.4,35.3,0.9019
20260218-07-01-20,17,7,4,6,41.2,23.5,35.3,0.9078
20260218-07-11-56,17,10,3,4,58.8,17.6,23.5,0.9346
20260218-07-22-33,17,16,1,0,94.1,5.9,0.0,0.966
20260218-07-33-09,17,10,3,4,58.8,17.6,23.5,0.9466
20260218-07-43-45,17,17,0,0,100.0,0.0,0.0,0.9675
20260218-07-54-22,17,13,1,3,76.5,5.9,17.6,0.9552
20260218-08-04-58,17,17,0,0,100.0,0.0,0.0,0.9665
20260218-08-15-34,17,17,0,0,100.0,0.0,0.0,0.9694
20260218-08-26-11,17,17,0,0,100.0,0.0,0.0,0.9782
20260218-08-36-47,17,15,2,0,88.2,11.8,0.0,0.9541
20260218-08-47-23,17,14,2,1,82.4,11.8,5.9,0.9712
20260218-08-58-00,17,14,1,2,82.4,5.9,11.8,0.9449
20260218-09-08-36,17,10,2,5,58.8,11.8,29.4,0.9325
20260218-09-19-12,17,10,2,5,58.8,11.8,29.4,0.9299
20260218-09-29-49,17,11,0,6,64.7,0.0,35.3,0.9533
20260218-09-40-25,17,11,0,6,64.7,0.0,35.3,0.9503
20260218-09-51-02,17,10,0,7,58.8,0.0,41.2,0.952
20260218-10-01-38,17,7,1,9,41.2,5.9,52.9,0.9104
20260218-10-12-14,17,6,0,11,35.3,0.0,64.7,0.9373
20260218-10-22-50,17,8,1,8,47.1,5.9,47.1,0.9426
20260218-10-33-27,17,7,0,10,41.2,0.0,58.8,0.9407
20260218-10-44-03,17,5,1,11,29.4,5.9,64.7,0.8909
20260218-10-54-39,19,6,0,13,31.6,0.0,68.4,0.908
20260218-11-05-16,19,4,1,14,21.1,5.3,73.7,0.9007
20260218-11-15-52,19,6,1,12,31.6,5.3,63.2,0.8893
20260218-15-33-04,19,11,2,6,57.9,10.5,31.6,0.9027
20260218-15-43-41,19,9,1,9,47.4,5.3,47.4,0.9026
20260218-16-30-58,20,9,1,10,45.0,5.0,50.0,0.9205
20260218-16-41-35,20,13,0,7,65.0,0.0,35.0,0.916
20260218-17-25-13,19,9,2,8,47.4,10.5,42.1,0.8925
20260218-17-35-49,20,5,1,14,25.0,5.0,70.0,0.8954
20260218-17-46-25,20,3,0,17,15.0,0.0,85.0,0.867
20260218-17-57-02,19,2,0,17,10.5,0.0,89.5,0.9018
20260218-18-07-38,19,2,0,17,10.5,0.0,89.5,0.8546
20260218-18-18-14,20,2,0,18,10.0,0.0,90.0,0.8618
20260218-18-28-50,20,0,0,20,0.0,0.0,100.0,0.8763
20260218-18-39-27,20,1,0,19,5.0,0.0,95.0,0.8709
20260218-18-50-03,20,0,0,20,0.0,0.0,100.0,0.8634
20260218-19-00-39,19,3,0,16,15.8,0.0,84.2,0.8942
20260219-07-52-52,17,17,0,0,100.0,0.0,0.0,0.983
20260219-08-03-29,17,17,0,0,100.0,0.0,0.0,0.984
20260219-08-14-05,17,16,1,0,94.1,5.9,0.0,0.9608
20260219-08-24-42,17,17,0,0,100.0,0.0,0.0,0.9778
20260219-08-35-18,17,16,1,0,94.1,5.9,0.0,0.9649
20260219-08-45-55,17,17,0,0,100.0,0.0,0.0,0.9832
20260219-08-56-31,17,17,0,0,100.0,0.0,0.0,0.9761
20260219-09-16-23,18,16,1,1,88.9,5.6,5.6,0.9596
20260219-09-26-59,18,16,1,1,88.9,5.6,5.6,0.9704
20260219-09-37-35,18,16,2,0,88.9,11.1,0.0,0.9667
20260219-09-48-12,18,11,1,6,61.1,5.6,33.3,0.9334
20260219-09-58-48,18,9,3,6,50.0,16.7,33.3,0.9442
20260219-10-09-24,18,12,2,4,66.7,11.1,22.2,0.9359
20260219-10-20-01,18,14,0,4,77.8,0.0,22.2,0.9668
20260219-12-19-35,18,11,2,5,61.1,11.1,27.8,0.9247
20260219-12-30-12,18,9,2,7,50.0,11.1,38.9,0.9341
20260219-12-40-48,18,15,3,0,83.3,16.7,0.0,0.954
20260219-12-51-25,18,16,1,1,88.9,5.6,5.6,0.9642
20260219-13-02-01,18,14,2,2,77.8,11.1,11.1,0.9404
20260219-13-12-37,18,15,2,1,83.3,11.1,5.6,0.9528
20260219-13-23-14,18,15,2,1,83.3,11.1,5.6,0.9617
20260219-13-33-50,18,15,2,1,83.3,11.1,5.6,0.9432
20260219-13-44-26,18,12,2,4,66.7,11.1,22.2,0.9467
20260219-13-55-02,18,13,2,3,72.2,11.1,16.7,0.9545
20260219-14-05-38,18,15,1,2,83.3,5.6,11.1,0.9736
20260219-14-16-14,18,14,1,3,77.8,5.6,16.7,0.9158
20260219-14-26-51,19,11,2,6,57.9,10.5,31.6,0.9228
20260219-14-37-27,18,11,1,6,61.1,5.6,33.3,0.9527
20260219-14-48-03,18,7,2,9,38.9,11.1,50.0,0.9015
20260219-14-58-39,18,7,2,9,38.9,11.1,50.0,0.9061
20260219-15-09-15,20,9,4,7,45.0,20.0,35.0,0.9032
20260219-15-19-51,20,14,1,5,70.0,5.0,25.0,0.9471
20260219-15-50-57,21,7,3,11,33.3,14.3,52.4,0.8501
20260219-17-04-23,20,4,2,14,20.0,10.0,70.0,0.8916
20260219-17-48-00,21,6,0,15,28.6,0.0,71.4,0.8861
20260219-17-58-36,20,6,0,14,30.0,0.0,70.0,0.9102
20260223-15-45-15,20,17,0,3,85.0,0.0,15.0,0.9484
20260223-15-54-07,20,16,1,3,80.0,5.0,15.0,0.9105
20260223-16-07-29,7,6,0,1,85.7,0.0,14.3,0.9568
20260223-16-11-49,20,16,1,3,80.0,5.0,15.0,0.9041
20260223-16-19-48,20,16,0,4,80.0,0.0,20.0,0.9251
20260223-16-27-47,20,16,0,4,80.0,0.0,20.0,0.9235
20260223-16-35-46,20,17,1,2,85.0,5.0,10.0,0.9353
20260223-16-43-44,19,16,0,3,84.2,0.0,15.8,0.9319
20260223-16-51-43,20,16,0,4,80.0,0.0,20.0,0.9236
20260223-16-59-41,20,13,0,7,65.0,0.0,35.0,0.8932
20260223-17-07-40,20,12,2,6,60.0,10.0,30.0,0.898
20260223-17-15-39,20,13,0,7,65.0,0.0,35.0,0.9046
20260223-17-23-37,20,10,1,9,50.0,5.0,45.0,0.8327
20260223-17-31-36,20,7,0,13,35.0,0.0,65.0,0.8394
20260223-17-39-34,19,7,1,11,36.8,5.3,57.9,0.8049
20260223-17-47-33,20,6,1,13,30.0,5.0,65.0,0.7754
20260223-17-55-32,20,4,1,15,20.0,5.0,75.0,0.8193
20260223-18-03-30,20,6,1,13,30.0,5.0,65.0,0.8088
20260223-18-11-29,20,4,2,14,20.0,10.0,70.0,0.7956
20260223-18-19-28,20,4,0,16,20.0,0.0,80.0,0.7864
20260223-18-27-26,20,5,0,15,25.0,0.0,75.0,0.8268
20260223-18-35-25,20,4,0,16,20.0,0.0,80.0,0.8033
20260223-18-43-24,20,3,1,16,15.0,5.0,80.0,0.807
20260223-18-51-22,20,3,0,17,15.0,0.0,85.0,0.765
20260223-18-59-21,20,3,2,15,15.0,10.0,75.0,0.8167
20260223-19-07-19,20,5,0,15,25.0,0.0,75.0,0.8079
20260223-19-15-18,20,5,0,15,25.0,0.0,75.0,0.8334
20260223-19-23-17,20,5,1,14,25.0,5.0,70.0,0.8414
20260223-19-31-15,20,5,1,14,25.0,5.0,70.0,0.8405
20260223-19-39-14,20,4,1,15,20.0,5.0,75.0,0.8109
20260223-19-47-12,19,4,1,14,21.1,5.3,73.7,0.8073
20260223-19-55-11,20,0,1,19,0.0,5.0,95.0,0.7957
20260223-20-03-10,20,0,1,19,0.0,5.0,95.0,0.8034
20260223-20-11-08,20,0,1,19,0.0,5.0,95.0,0.7878
20260223-20-19-07,20,2,0,18,10.0,0.0,90.0,0.792
20260223-20-27-05,20,0,1,19,0.0,5.0,95.0,0.779
20260223-20-35-04,20,0,2,18,0.0,10.0,90.0,0.7959
20260223-20-43-02,20,0,1,19,0.0,5.0,95.0,0.7757
20260223-20-51-01,20,1,1,18,5.0,5.0,90.0,0.791
20260223-20-59-00,20,3,0,17,15.0,0.0,85.0,0.8317
20260223-21-06-58,20,1,1,18,5.0,5.0,90.0,0.8107
20260223-21-14-57,20,1,1,18,5.0,5.0,90.0,0.8152
20260223-21-22-55,20,0,1,19,0.0,5.0,95.0,0.7838
20260223-21-30-54,20,0,1,19,0.0,5.0,95.0,0.8243
20260223-21-38-53,20,0,0,20,0.0,0.0,100.0,0.7861
20260223-21-46-51,19,0,0,19,0.0,0.0,100.0,0.8061
20260223-21-54-50,20,0,0,20,0.0,0.0,100.0,0.7849
20260223-22-02-49,20,0,0,20,0.0,0.0,100.0,0.8157
20260223-22-10-47,20,0,0,20,0.0,0.0,100.0,0.8223
20260223-22-18-46,20,0,0,20,0.0,0.0,100.0,0.7813
20260223-22-26-44,20,0,0,20,0.0,0.0,100.0,0.8158
20260223-22-34-43,20,1,2,17,5.0,10.0,85.0,0.7918
20260223-22-42-42,20,2,0,18,10.0,0.0,90.0,0.7869
20260223-22-50-40,20,5,0,15,25.0,0.0,75.0,0.8096
20260223-22-58-39,20,2,0,18,10.0,0.0,90.0,0.809
20260223-23-06-37,20,1,0,19,5.0,0.0,95.0,0.8255
20260223-23-14-36,20,0,0,20,0.0,0.0,100.0,0.8021
20260223-23-22-35,20,0,1,19,0.0,5.0,95.0,0.7747
20260223-23-30-33,20,0,0,20,0.0,0.0,100.0,0.8394
20260223-23-38-32,20,0,1,19,0.0,5.0,95.0,0.7468
20260223-23-46-30,20,0,0,20,0.0,0.0,100.0,0.8071
20260223-23-54-29,20,0,0,20,0.0,0.0,100.0,0.7951
20260224-00-02-28,20,1,0,19,5.0,0.0,95.0,0.7915
20260224-00-10-26,20,0,0,20,0.0,0.0,100.0,0.8291
20260224-00-18-25,20,0,0,20,0.0,0.0,100.0,0.7834
20260224-00-26-23,20,0,0,20,0.0,0.0,100.0,0.8272
20260224-00-34-22,20,0,0,20,0.0,0.0,100.0,0.8142
20260224-00-42-20,20,0,0,20,0.0,0.0,100.0,0.8278
20260224-00-50-19,20,0,0,20,0.0,0.0,100.0,0.8124
20260224-00-58-18,20,0,0,20,0.0,0.0,100.0,0.8346
20260224-01-06-16,20,0,0,20,0.0,0.0,100.0,0.8531
20260224-01-14-15,20,0,0,20,0.0,0.0,100.0,0.8118
20260224-01-22-13,20,0,0,20,0.0,0.0,100.0,0.7967
20260224-01-30-12,20,0,1,19,0.0,5.0,95.0,0.7956
20260224-01-38-10,20,0,0,20,0.0,0.0,100.0,0.78
20260224-01-46-09,20,0,0,20,0.0,0.0,100.0,0.8059
20260224-01-54-07,20,1,0,19,5.0,0.0,95.0,0.8372
20260224-02-02-06,20,0,0,20,0.0,0.0,100.0,0.8099
20260224-02-10-05,20,0,0,20,0.0,0.0,100.0,0.7995
20260224-02-18-03,20,0,1,19,0.0,5.0,95.0,0.8075
20260224-02-26-02,20,0,0,20,0.0,0.0,100.0,0.7783
20260224-02-34-00,20,2,0,18,10.0,0.0,90.0,0.8328
20260224-02-41-59,20,1,1,18,5.0,5.0,90.0,0.82
20260224-02-49-57,20,1,0,19,5.0,0.0,95.0,0.7969
20260224-02-57-56,20,0,0,20,0.0,0.0,100.0,0.7636
20260224-03-05-54,20,0,1,19,0.0,5.0,95.0,0.8079
20260224-03-13-53,20,0,0,20,0.0,0.0,100.0,0.8083
20260224-03-21-51,20,3,1,16,15.0,5.0,80.0,0.8108
20260224-03-29-50,20,2,2,16,10.0,10.0,80.0,0.833
20260224-03-37-49,20,2,1,17,10.0,5.0,85.0,0.8278
20260224-03-45-47,20,1,1,18,5.0,5.0,90.0,0.8078
20260224-03-53-46,20,2,1,17,10.0,5.0,85.0,0.8216
20260224-04-01-44,20,2,1,17,10.0,5.0,85.0,0.8259
20260224-04-09-43,20,2,0,18,10.0,0.0,90.0,0.8208
20260224-04-17-41,20,3,0,17,15.0,0.0,85.0,0.7493
20260224-04-25-40,20,2,0,18,10.0,0.0,90.0,0.7995
20260224-04-33-38,20,2,1,17,10.0,5.0,85.0,0.7924
20260224-04-41-37,19,2,0,17,10.5,0.0,89.5,0.8241
20260224-04-49-35,20,3,0,17,15.0,0.0,85.0,0.8302
20260224-04-57-34,20,2,0,18,10.0,0.0,90.0,0.7756
20260224-05-05-33,20,2,0,18,10.0,0.0,90.0,0.8352
20260224-05-13-31,20,2,0,18,10.0,0.0,90.0,0.7925
20260224-05-21-30,20,1,0,19,5.0,0.0,95.0,0.7987
20260224-05-29-28,19,1,0,18,5.3,0.0,94.7,0.7706
20260224-05-37-27,20,1,0,19,5.0,0.0,95.0,0.7747
20260224-05-45-26,20,3,1,16,15.0,5.0,80.0,0.7981
20260224-05-53-24,20,4,1,15,20.0,5.0,75.0,0.8264
20260224-06-01-23,20,5,0,15,25.0,0.0,75.0,0.8297
20260224-06-09-21,19,4,1,14,21.1,5.3,73.7,0.8338
20260224-06-17-20,20,5,1,14,25.0,5.0,70.0,0.8042
20260224-06-25-19,20,4,1,15,20.0,5.0,75.0,0.8383
20260224-06-33-17,20,5,3,12,25.0,15.0,60.0,0.7791
20260224-06-41-16,20,7,1,12,35.0,5.0,60.0,0.8275
20260224-06-49-14,20,8,1,11,40.0,5.0,55.0,0.82
20260224-06-57-13,20,8,4,8,40.0,20.0,40.0,0.7893
20260224-07-05-11,20,10,2,8,50.0,10.0,40.0,0.8092
20260224-07-13-10,20,10,3,7,50.0,15.0,35.0,0.8318
20260224-07-21-09,20,13,1,6,65.0,5.0,30.0,0.8938
20260224-07-29-07,20,18,0,2,90.0,0.0,10.0,0.949
20260224-07-37-06,20,18,0,2,90.0,0.0,10.0,0.9535
20260224-07-45-04,20,18,0,2,90.0,0.0,10.0,0.952
20260224-07-53-03,20,18,0,2,90.0,0.0,10.0,0.9399
20260224-08-01-02,20,18,0,2,90.0,0.0,10.0,0.9446
20260224-08-09-00,20,18,0,2,90.0,0.0,10.0,0.9427
20260224-08-16-59,20,18,0,2,90.0,0.0,10.0,0.9486
20260224-08-24-57,20,18,0,2,90.0,0.0,10.0,0.9543
20260224-08-32-56,20,18,0,2,90.0,0.0,10.0,0.9425
20260224-08-40-54,20,18,0,2,90.0,0.0,10.0,0.9431
20260224-08-48-53,20,18,0,2,90.0,0.0,10.0,0.9508
20260224-08-56-51,20,18,0,2,90.0,0.0,10.0,0.9508
20260224-09-04-50,20,17,0,3,85.0,0.0,15.0,0.9312
20260224-09-12-49,20,17,0,3,85.0,0.0,15.0,0.9365
20260224-09-20-47,20,18,0,2,90.0,0.0,10.0,0.9507
20260224-09-28-46,20,18,0,2,90.0,0.0,10.0,0.9561
20260224-09-36-45,20,17,0,3,85.0,0.0,15.0,0.941
20260224-09-44-43,20,17,0,3,85.0,0.0,15.0,0.9378
20260224-09-52-42,20,16,0,4,80.0,0.0,20.0,0.9314
20260224-10-00-40,20,14,1,5,70.0,5.0,25.0,0.8937
20260224-10-08-39,20,14,1,5,70.0,5.0,25.0,0.8999
20260224-10-16-38,20,14,1,5,70.0,5.0,25.0,0.9091
20260224-10-24-36,20,12,2,6,60.0,10.0,30.0,0.8879
20260224-10-32-35,20,12,2,6,60.0,10.0,30.0,0.8976
20260224-10-40-34,20,11,4,5,55.0,20.0,25.0,0.8857
20260224-10-48-32,20,12,2,6,60.0,10.0,30.0,0.8705
20260224-10-56-31,20,13,1,6,65.0,5.0,30.0,0.9064
20260224-11-04-30,20,13,4,3,65.0,20.0,15.0,0.8927
20260224-11-12-28,20,14,1,5,70.0,5.0,25.0,0.902
20260224-11-20-27,20,13,2,5,65.0,10.0,25.0,0.8828
20260224-11-28-26,20,12,3,5,60.0,15.0,25.0,0.8852
20260224-11-36-24,20,15,0,5,75.0,0.0,25.0,0.9149
20260224-11-44-23,20,13,1,6,65.0,5.0,30.0,0.8627
20260224-11-52-22,20,12,2,6,60.0,10.0,30.0,0.9085
20260224-12-00-20,20,12,3,5,60.0,15.0,25.0,0.8657
20260224-12-08-19,20,11,2,7,55.0,10.0,35.0,0.8766
20260224-12-16-18,20,11,2,7,55.0,10.0,35.0,0.8743
20260224-12-24-16,20,12,2,6,60.0,10.0,30.0,0.874
20260224-12-32-15,20,10,2,8,50.0,10.0,40.0,0.8545
20260224-12-40-14,20,11,2,7,55.0,10.0,35.0,0.8316
20260224-12-48-12,20,11,2,7,55.0,10.0,35.0,0.8336
20260224-12-56-11,20,12,2,6,60.0,10.0,30.0,0.8866
20260224-13-04-10,20,12,4,4,60.0,20.0,20.0,0.8805
20260224-13-12-08,20,12,3,5,60.0,15.0,25.0,0.8617
20260224-13-20-07,19,13,2,4,68.4,10.5,21.1,0.8817
20260224-13-28-06,20,13,2,5,65.0,10.0,25.0,0.907
20260224-13-36-04,20,11,3,6,55.0,15.0,30.0,0.8737
20260224-13-44-03,20,13,2,5,65.0,10.0,25.0,0.9246
20260224-13-52-02,20,15,2,3,75.0,10.0,15.0,0.9124
20260224-14-00-00,20,15,1,4,75.0,5.0,20.0,0.9142
20260224-14-07-59,20,16,0,4,80.0,0.0,20.0,0.9139
20260224-14-15-58,20,16,0,4,80.0,0.0,20.0,0.9208
20260224-14-23-56,20,15,1,4,75.0,5.0,20.0,0.881
20260224-14-31-55,20,17,1,2,85.0,5.0,10.0,0.9444
20260224-14-39-53,20,17,1,2,85.0,5.0,10.0,0.9469
20260224-14-47-52,19,15,0,4,78.9,0.0,21.1,0.9273
20260224-14-55-51,20,16,0,4,80.0,0.0,20.0,0.9378
20260224-15-03-49,20,15,0,5,75.0,0.0,25.0,0.931
20260224-15-11-48,20,14,1,5,70.0,5.0,25.0,0.9178
20260224-15-19-47,19,14,0,5,73.7,0.0,26.3,0.9227
20260224-15-27-45,20,14,1,5,70.0,5.0,25.0,0.9013
20260224-15-35-44,20,17,0,3,85.0,0.0,15.0,0.9237
20260224-15-43-43,20,15,1,4,75.0,5.0,20.0,0.942
20260224-15-51-41,20,16,0,4,80.0,0.0,20.0,0.9245
20260224-15-59-40,20,16,0,4,80.0,0.0,20.0,0.9426
20260224-16-07-38,20,14,0,6,70.0,0.0,30.0,0.8991
20260224-16-15-37,20,15,1,4,75.0,5.0,20.0,0.9185
20260224-16-23-36,20,14,1,5,70.0,5.0,25.0,0.8889
20260224-16-31-34,20,12,4,4,60.0,20.0,20.0,0.8838
20260224-16-39-33,20,14,1,5,70.0,5.0,25.0,0.9002
20260224-16-47-32,20,11,1,8,55.0,5.0,40.0,0.8652
20260224-16-55-30,20,9,2,9,45.0,10.0,45.0,0.8558
20260224-17-03-29,20,9,1,10,45.0,5.0,50.0,0.8501
20260224-17-11-28,20,11,0,9,55.0,0.0,45.0,0.8674
20260224-17-19-26,20,9,0,11,45.0,0.0,55.0,0.8663
20260224-17-27-25,20,9,1,10,45.0,5.0,50.0,0.8275
20260224-17-35-24,20,9,0,11,45.0,0.0,55.0,0.8559
20260224-17-43-22,20,10,0,10,50.0,0.0,50.0,0.8575
20260224-17-51-21,20,8,2,10,40.0,10.0,50.0,0.7851
20260224-17-59-19,20,7,2,11,35.0,10.0,55.0,0.8274
20260224-18-07-18,20,4,2,14,20.0,10.0,70.0,0.7937
20260224-18-15-17,20,3,1,16,15.0,5.0,80.0,0.7849
20260224-18-23-15,20,2,3,15,10.0,15.0,75.0,0.808
20260224-18-31-14,20,3,1,16,15.0,5.0,80.0,0.8152
20260224-18-39-13,20,2,1,17,10.0,5.0,85.0,0.7971
20260224-18-47-11,20,2,1,17,10.0,5.0,85.0,0.7929
20260224-18-55-10,20,2,1,17,10.0,5.0,85.0,0.8143
20260224-19-03-09,20,0,1,19,0.0,5.0,95.0,0.7983
20260224-19-11-07,20,1,2,17,5.0,10.0,85.0,0.7947
20260224-19-19-06,20,1,2,17,5.0,10.0,85.0,0.7761
20260224-19-27-04,20,1,1,18,5.0,5.0,90.0,0.7749
20260224-19-35-03,20,1,0,19,5.0,0.0,95.0,0.7975
20260224-19-43-02,19,1,1,17,5.3,5.3,89.5,0.8184
20260224-19-51-00,20,1,0,19,5.0,0.0,95.0,0.807
20260224-19-58-59,20,1,0,19,5.0,0.0,95.0,0.7966
20260224-20-06-57,20,1,1,18,5.0,5.0,90.0,0.8227
20260224-20-14-56,20,0,1,19,0.0,5.0,95.0,0.8219
20260224-20-22-55,20,1,1,18,5.0,5.0,90.0,0.81
20260224-20-30-53,20,1,0,19,5.0,0.0,95.0,0.8146
20260224-20-38-52,20,1,0,19,5.0,0.0,95.0,0.814
20260224-20-46-50,20,2,1,17,10.0,5.0,85.0,0.7873
20260224-20-54-49,20,1,1,18,5.0,5.0,90.0,0.7914
20260224-21-02-47,20,0,2,18,0.0,10.0,90.0,0.7931
20260224-21-10-46,20,1,0,19,5.0,0.0,95.0,0.8158
20260224-21-18-44,20,0,1,19,0.0,5.0,95.0,0.7946
20260224-21-26-43,20,1,0,19,5.0,0.0,95.0,0.8091
20260224-21-34-41,20,0,1,19,0.0,5.0,95.0,0.7818
20260224-21-42-40,20,1,1,18,5.0,5.0,90.0,0.8065
20260224-21-50-39,20,0,0,20,0.0,0.0,100.0,0.7935
20260224-21-58-37,20,0,1,19,0.0,5.0,95.0,0.7951
20260224-22-06-36,20,0,0,20,0.0,0.0,100.0,0.8056
20260224-22-14-34,20,0,1,19,0.0,5.0,95.0,0.7985
20260224-22-22-33,20,0,0,20,0.0,0.0,100.0,0.8064
20260224-22-30-31,20,0,0,20,0.0,0.0,100.0,0.7648
20260224-22-38-30,20,0,0,20,0.0,0.0,100.0,0.7778
20260224-22-46-28,20,0,0,20,0.0,0.0,100.0,0.8155
20260224-22-54-27,20,0,0,20,0.0,0.0,100.0,0.8125
20260224-23-02-25,20,0,0,20,0.0,0.0,100.0,0.819
20260224-23-10-24,20,1,0,19,5.0,0.0,95.0,0.8217
20260224-23-18-23,20,1,0,19,5.0,0.0,95.0,0.8174
20260224-23-26-21,20,1,0,19,5.0,0.0,95.0,0.7829
20260224-23-34-20,20,1,0,19,5.0,0.0,95.0,0.8149
20260224-23-42-18,20,0,0,20,0.0,0.0,100.0,0.7998
20260224-23-50-17,20,0,0,20,0.0,0.0,100.0,0.7945
20260224-23-58-16,20,0,0,20,0.0,0.0,100.0,0.8303
20260225-00-06-14,20,0,0,20,0.0,0.0,100.0,0.8257
20260225-00-14-13,19,0,1,18,0.0,5.3,94.7,0.8165
20260225-00-22-11,20,0,0,20,0.0,0.0,100.0,0.7903
20260225-00-30-10,20,0,0,20,0.0,0.0,100.0,0.8056
20260225-00-38-09,20,0,0,20,0.0,0.0,100.0,0.8185
20260225-00-46-07,20,0,0,20,0.0,0.0,100.0,0.7919
20260225-00-54-06,20,0,0,20,0.0,0.0,100.0,0.7944
20260225-01-02-04,20,0,0,20,0.0,0.0,100.0,0.7867
20260225-01-10-03,20,0,1,19,0.0,5.0,95.0,0.8256
20260225-01-18-02,20,1,0,19,5.0,0.0,95.0,0.8294
20260225-01-26-00,20,0,0,20,0.0,0.0,100.0,0.8152
20260225-01-33-59,20,0,0,20,0.0,0.0,100.0,0.783
20260225-01-41-57,20,0,0,20,0.0,0.0,100.0,0.8321
20260225-01-49-56,20,0,0,20,0.0,0.0,100.0,0.8218
20260225-01-57-55,20,0,0,20,0.0,0.0,100.0,0.8347
20260225-02-05-53,20,0,0,20,0.0,0.0,100.0,0.8331
20260225-02-13-52,20,0,0,20,0.0,0.0,100.0,0.8025
20260225-02-21-51,20,0,0,20,0.0,0.0,100.0,0.816
20260225-02-29-49,20,0,0,20,0.0,0.0,100.0,0.8301
20260225-02-37-48,20,0,0,20,0.0,0.0,100.0,0.8096
20260225-02-45-46,20,0,1,19,0.0,5.0,95.0,0.8271
20260225-02-53-45,20,0,0,20,0.0,0.0,100.0,0.8264
20260225-03-01-43,20,0,0,20,0.0,0.0,100.0,0.8254
20260225-03-09-42,20,1,0,19,5.0,0.0,95.0,0.8536
20260225-03-17-41,20,2,0,18,10.0,0.0,90.0,0.8377
20260225-03-25-39,20,0,0,20,0.0,0.0,100.0,0.8233
20260225-03-33-38,20,0,0,20,0.0,0.0,100.0,0.8104
20260225-03-41-36,20,0,1,19,0.0,5.0,95.0,0.8104
20260225-03-49-35,20,2,0,18,10.0,0.0,90.0,0.8458
20260225-03-57-34,20,2,0,18,10.0,0.0,90.0,0.7847
20260225-04-05-32,20,0,1,19,0.0,5.0,95.0,0.7879
20260225-04-13-31,20,1,0,19,5.0,0.0,95.0,0.8005
20260225-04-21-29,20,0,0,20,0.0,0.0,100.0,0.7573
20260225-04-29-28,19,1,0,18,5.3,0.0,94.7,0.7919
20260225-04-37-26,20,1,0,19,5.0,0.0,95.0,0.8272
20260225-04-45-25,20,0,1,19,0.0,5.0,95.0,0.8008
20260225-04-53-24,20,0,0,20,0.0,0.0,100.0,0.8237
20260225-05-01-22,20,0,0,20,0.0,0.0,100.0,0.788
20260225-05-09-21,20,2,1,17,10.0,5.0,85.0,0.8173
20260225-05-17-20,20,2,0,18,10.0,0.0,90.0,0.7921
20260225-05-25-18,20,5,1,14,25.0,5.0,70.0,0.8257
20260225-05-33-17,19,4,2,13,21.1,10.5,68.4,0.8033
20260225-05-41-15,20,4,1,15,20.0,5.0,75.0,0.7876
20260225-05-49-14,20,2,2,16,10.0,10.0,80.0,0.8178
20260225-05-57-12,20,2,3,15,10.0,15.0,75.0,0.7798
20260225-06-05-11,20,3,1,16,15.0,5.0,80.0,0.8182
20260225-06-13-10,20,5,4,11,25.0,20.0,55.0,0.8119
20260225-06-21-08,20,7,3,10,35.0,15.0,50.0,0.868
20260225-06-29-07,19,11,3,5,57.9,15.8,26.3,0.8554
20260225-06-37-05,20,8,0,12,40.0,0.0,60.0,0.8608
20260225-06-45-04,20,6,2,12,30.0,10.0,60.0,0.8011
20260225-06-53-03,20,10,2,8,50.0,10.0,40.0,0.8769
20260225-07-01-01,20,13,2,5,65.0,10.0,25.0,0.9064
20260225-07-09-00,19,14,2,3,73.7,10.5,15.8,0.9061
20260225-07-16-58,20,13,3,4,65.0,15.0,20.0,0.89
20260225-07-24-57,20,14,2,4,70.0,10.0,20.0,0.9192
20260225-07-32-55,20,18,0,2,90.0,0.0,10.0,0.9519
20260225-07-40-54,20,18,0,2,90.0,0.0,10.0,0.949
20260225-07-48-52,20,18,0,2,90.0,0.0,10.0,0.9444
20260225-07-56-51,20,18,0,2,90.0,0.0,10.0,0.953
20260225-08-04-50,20,18,0,2,90.0,0.0,10.0,0.951
20260225-08-12-48,20,17,1,2,85.0,5.0,10.0,0.9307
20260225-08-20-47,20,17,1,2,85.0,5.0,10.0,0.9439
20260225-08-28-45,20,18,0,2,90.0,0.0,10.0,0.9591
20260225-08-36-44,20,16,2,2,80.0,10.0,10.0,0.9387
20260225-08-44-42,20,17,1,2,85.0,5.0,10.0,0.923
20260225-08-52-41,20,16,1,3,80.0,5.0,15.0,0.9212
20260225-09-00-40,20,12,3,5,60.0,15.0,25.0,0.8518
20260225-09-08-38,20,12,2,6,60.0,10.0,30.0,0.8533
20260225-09-16-37,20,15,1,4,75.0,5.0,20.0,0.9267
20260225-09-24-35,20,14,1,5,70.0,5.0,25.0,0.9009
20260225-09-32-34,20,15,0,5,75.0,0.0,25.0,0.9267
20260225-09-40-32,20,14,1,5,70.0,5.0,25.0,0.9054
20260225-09-48-31,20,13,3,4,65.0,15.0,20.0,0.9043
20260225-09-56-29,20,14,2,4,70.0,10.0,20.0,0.91
20260225-10-04-28,20,14,1,5,70.0,5.0,25.0,0.8779
20260225-10-12-26,20,14,1,5,70.0,5.0,25.0,0.9156
20260225-10-20-25,20,13,2,5,65.0,10.0,25.0,0.9112
20260225-10-28-24,20,13,2,5,65.0,10.0,25.0,0.8909
20260225-10-36-22,20,13,2,5,65.0,10.0,25.0,0.902
20260225-10-44-21,20,15,1,4,75.0,5.0,20.0,0.9429
20260225-10-52-19,20,16,1,3,80.0,5.0,15.0,0.9421
20260225-11-00-18,20,15,1,4,75.0,5.0,20.0,0.9223
20260225-11-08-17,20,12,1,7,60.0,5.0,35.0,0.902
20260225-11-16-15,20,11,4,5,55.0,20.0,25.0,0.8809
20260225-11-24-14,20,11,3,6,55.0,15.0,30.0,0.888
20260225-11-32-12,20,10,1,9,50.0,5.0,45.0,0.8664
20260225-11-40-11,20,9,1,10,45.0,5.0,50.0,0.8567
20260225-11-48-10,20,9,1,10,45.0,5.0,50.0,0.8311
20260225-11-56-08,20,9,2,9,45.0,10.0,45.0,0.8583
20260225-12-04-07,20,8,4,8,40.0,20.0,40.0,0.8465
20260225-12-12-05,20,14,4,2,70.0,20.0,10.0,0.9165
20260225-12-20-04,20,13,2,5,65.0,10.0,25.0,0.8985
20260225-12-28-02,20,14,2,4,70.0,10.0,20.0,0.9084
20260225-12-36-01,20,14,2,4,70.0,10.0,20.0,0.8932
20260225-12-44-00,20,15,0,5,75.0,0.0,25.0,0.9025
20260225-12-51-58,20,13,1,6,65.0,5.0,30.0,0.8849
20260225-12-59-57,20,13,1,6,65.0,5.0,30.0,0.8808
20260225-13-07-55,20,13,0,7,65.0,0.0,35.0,0.8864
20260225-13-15-54,20,15,0,5,75.0,0.0,25.0,0.891
20260225-13-23-53,20,14,2,4,70.0,10.0,20.0,0.9016
20260225-13-31-51,20,13,1,6,65.0,5.0,30.0,0.8879
20260225-13-39-50,20,14,0,6,70.0,0.0,30.0,0.8678
20260225-13-47-48,20,13,1,6,65.0,5.0,30.0,0.8994
20260225-13-55-47,20,14,1,5,70.0,5.0,25.0,0.9067
20260225-14-03-46,20,13,2,5,65.0,10.0,25.0,0.8908
20260225-14-11-44,20,12,3,5,60.0,15.0,25.0,0.9113
20260225-14-19-43,20,12,3,5,60.0,15.0,25.0,0.8959
20260225-14-27-41,20,12,2,6,60.0,10.0,30.0,0.8514
20260225-14-35-40,20,12,3,5,60.0,15.0,25.0,0.911
20260225-14-43-39,20,14,0,6,70.0,0.0,30.0,0.8954
20260225-14-51-37,20,14,0,6,70.0,0.0,30.0,0.9085
20260225-14-59-36,20,14,1,5,70.0,5.0,25.0,0.8829
20260225-15-07-34,20,15,1,4,75.0,5.0,20.0,0.9057
20260225-15-15-33,20,15,0,5,75.0,0.0,25.0,0.9131
20260225-15-23-31,20,17,0,3,85.0,0.0,15.0,0.9444
20260225-15-31-30,20,17,1,2,85.0,5.0,10.0,0.9205
20260225-15-39-29,20,18,0,2,90.0,0.0,10.0,0.954
20260225-15-47-27,20,18,0,2,90.0,0.0,10.0,0.9361
20260225-15-55-26,20,17,0,3,85.0,0.0,15.0,0.9209
20260225-16-03-24,20,17,0,3,85.0,0.0,15.0,0.9348
20260225-16-11-23,20,14,1,5,70.0,5.0,25.0,0.9009
20260225-16-19-22,20,13,2,5,65.0,10.0,25.0,0.8946
20260225-16-27-20,20,13,1,6,65.0,5.0,30.0,0.873
20260225-16-35-19,20,11,1,8,55.0,5.0,40.0,0.8648
20260225-16-43-17,20,10,1,9,50.0,5.0,45.0,0.8568
20260225-16-51-16,20,9,1,10,45.0,5.0,50.0,0.866
20260225-16-59-14,20,8,1,11,40.0,5.0,55.0,0.8525
20260225-17-07-13,20,6,2,12,30.0,10.0,60.0,0.7987
20260225-17-15-12,20,5,1,14,25.0,5.0,70.0,0.8239
20260225-17-23-10,20,5,1,14,25.0,5.0,70.0,0.8245
20260225-17-31-09,20,3,1,16,15.0,5.0,80.0,0.7921
20260225-17-39-07,20,3,1,16,15.0,5.0,80.0,0.8094
20260225-17-47-06,20,3,1,16,15.0,5.0,80.0,0.8219
20260225-17-55-05,20,3,1,16,15.0,5.0,80.0,0.8054
20260225-18-03-03,20,5,1,14,25.0,5.0,70.0,0.8266
20260225-18-11-02,20,4,0,16,20.0,0.0,80.0,0.8374
20260225-18-19-01,20,3,1,16,15.0,5.0,80.0,0.8165
20260225-18-26-59,20,3,1,16,15.0,5.0,80.0,0.8365
20260225-18-34-58,20,3,1,16,15.0,5.0,80.0,0.8114
20260225-18-42-56,20,3,1,16,15.0,5.0,80.0,0.8277
20260225-18-50-55,20,6,0,14,30.0,0.0,70.0,0.8573
20260225-18-58-54,20,1,2,17,5.0,10.0,85.0,0.7953
20260225-19-06-52,20,2,1,17,10.0,5.0,85.0,0.7923
20260225-19-14-51,20,3,2,15,15.0,10.0,75.0,0.8206
20260225-19-22-50,20,2,1,17,10.0,5.0,85.0,0.7949
20260225-19-30-48,20,4,1,15,20.0,5.0,75.0,0.8151
20260225-19-38-47,20,2,0,18,10.0,0.0,90.0,0.7759
20260225-19-46-45,20,0,1,19,0.0,5.0,95.0,0.7616
20260225-19-54-44,20,1,1,18,5.0,5.0,90.0,0.8202
20260225-20-02-43,20,0,1,19,0.0,5.0,95.0,0.7531
20260225-20-10-41,20,1,1,18,5.0,5.0,90.0,0.7986
20260225-20-18-40,20,0,1,19,0.0,5.0,95.0,0.8194
20260225-20-26-39,20,0,1,19,0.0,5.0,95.0,0.7896
20260225-20-34-37,20,0,1,19,0.0,5.0,95.0,0.8015
20260225-20-42-36,20,0,1,19,0.0,5.0,95.0,0.7997
20260225-20-50-35,20,0,1,19,0.0,5.0,95.0,0.809
20260225-20-58-33,20,0,1,19,0.0,5.0,95.0,0.8127
20260225-21-06-32,20,0,1,19,0.0,5.0,95.0,0.8304
20260225-21-14-31,20,0,1,19,0.0,5.0,95.0,0.8158
20260225-21-22-29,20,0,0,20,0.0,0.0,100.0,0.7976
20260225-21-30-28,20,2,0,18,10.0,0.0,90.0,0.8078
20260225-21-38-27,20,0,2,18,0.0,10.0,90.0,0.7839
20260225-21-46-26,20,1,2,17,5.0,10.0,85.0,0.795
20260225-21-54-24,20,1,0,19,5.0,0.0,95.0,0.8133
20260225-22-02-23,20,0,0,20,0.0,0.0,100.0,0.8192
20260225-22-10-22,20,0,0,20,0.0,0.0,100.0,0.8359
20260225-22-18-20,20,0,0,20,0.0,0.0,100.0,0.8321
20260225-22-26-19,20,0,0,20,0.0,0.0,100.0,0.8224
20260225-22-34-18,20,0,0,20,0.0,0.0,100.0,0.8096
20260225-22-42-17,20,0,0,20,0.0,0.0,100.0,0.8227
20260225-22-50-16,20,0,0,20,0.0,0.0,100.0,0.8184
20260225-22-58-14,20,0,0,20,0.0,0.0,100.0,0.8248
20260225-23-06-13,20,0,0,20,0.0,0.0,100.0,0.8172
20260225-23-14-12,20,0,0,20,0.0,0.0,100.0,0.8309
20260225-23-22-11,20,0,0,20,0.0,0.0,100.0,0.8139
20260225-23-30-09,20,0,0,20,0.0,0.0,100.0,0.8136
20260225-23-38-08,20,0,0,20,0.0,0.0,100.0,0.7988
20260225-23-46-07,20,0,0,20,0.0,0.0,100.0,0.8365
20260225-23-54-05,20,0,0,20,0.0,0.0,100.0,0.8016
20260226-00-02-04,20,1,0,19,5.0,0.0,95.0,0.8468
20260226-00-10-03,20,0,0,20,0.0,0.0,100.0,0.8145
20260226-00-18-02,20,0,0,20,0.0,0.0,100.0,0.8385
20260226-00-26-00,20,0,0,20,0.0,0.0,100.0,0.8218
20260226-00-33-59,20,0,0,20,0.0,0.0,100.0,0.8235
20260226-00-41-58,20,0,0,20,0.0,0.0,100.0,0.828
20260226-00-49-57,20,0,0,20,0.0,0.0,100.0,0.8197
20260226-00-57-55,20,0,0,20,0.0,0.0,100.0,0.8377
20260226-01-05-54,20,0,0,20,0.0,0.0,100.0,0.8218
20260226-01-13-53,20,0,1,19,0.0,5.0,95.0,0.797
20260226-01-21-52,20,0,0,20,0.0,0.0,100.0,0.7859
20260226-01-29-50,20,0,0,20,0.0,0.0,100.0,0.8258
20260226-01-37-49,20,0,0,20,0.0,0.0,100.0,0.8251
20260226-01-45-48,20,0,0,20,0.0,0.0,100.0,0.8325
20260226-01-53-47,20,0,0,20,0.0,0.0,100.0,0.8011
20260226-02-01-46,20,0,0,20,0.0,0.0,100.0,0.8154
20260226-02-09-44,20,0,0,20,0.0,0.0,100.0,0.7918
20260226-02-17-43,20,0,0,20,0.0,0.0,100.0,0.8089
20260226-02-25-42,20,0,0,20,0.0,0.0,100.0,0.822
20260226-02-33-40,20,1,1,18,5.0,5.0,90.0,0.8012
20260226-02-41-39,20,0,1,19,0.0,5.0,95.0,0.8166
20260226-02-49-38,20,1,0,19,5.0,0.0,95.0,0.8213
20260226-02-57-37,20,0,0,20,0.0,0.0,100.0,0.8019
20260226-03-05-35,20,2,1,17,10.0,5.0,85.0,0.8214
20260226-03-13-34,20,1,1,18,5.0,5.0,90.0,0.8103
20260226-03-21-33,20,4,0,16,20.0,0.0,80.0,0.8117
20260226-03-29-31,20,3,1,16,15.0,5.0,80.0,0.8147
20260226-03-37-30,20,1,0,19,5.0,0.0,95.0,0.7785
20260226-03-45-28,20,1,0,19,5.0,0.0,95.0,0.795
20260226-03-53-27,20,1,0,19,5.0,0.0,95.0,0.7881
20260226-04-01-26,20,1,0,19,5.0,0.0,95.0,0.7807
20260226-04-09-24,20,1,1,18,5.0,5.0,90.0,0.8201
20260226-04-17-23,20,2,1,17,10.0,5.0,85.0,0.8328
20260226-04-25-22,20,2,0,18,10.0,0.0,90.0,0.7699
20260226-04-33-20,20,3,1,16,15.0,5.0,80.0,0.7568
20260226-04-41-19,20,2,0,18,10.0,0.0,90.0,0.8181
20260226-04-49-18,20,3,0,17,15.0,0.0,85.0,0.8158
20260226-04-57-16,20,5,2,13,25.0,10.0,65.0,0.8461
20260226-05-05-15,20,3,2,15,15.0,10.0,75.0,0.8092
20260226-05-13-14,20,4,3,13,20.0,15.0,65.0,0.8255
20260226-05-21-12,20,5,0,15,25.0,0.0,75.0,0.7995
20260226-05-29-11,20,4,1,15,20.0,5.0,75.0,0.8104
20260226-05-37-10,20,4,1,15,20.0,5.0,75.0,0.7729
20260226-05-45-08,20,5,2,13,25.0,10.0,65.0,0.8175
20260226-05-53-07,20,7,0,13,35.0,0.0,65.0,0.8516
20260226-06-01-06,20,7,0,13,35.0,0.0,65.0,0.8121
20260226-06-09-04,20,9,1,10,45.0,5.0,50.0,0.8467
20260226-06-17-03,20,6,1,13,30.0,5.0,65.0,0.8582
20260226-06-25-01,20,8,2,10,40.0,10.0,50.0,0.8552
20260226-06-33-00,20,10,0,10,50.0,0.0,50.0,0.8701
20260226-06-40-59,19,12,2,5,63.2,10.5,26.3,0.8886
20260226-06-48-57,20,15,1,4,75.0,5.0,20.0,0.9113
20260226-06-56-56,20,14,2,4,70.0,10.0,20.0,0.8832
20260226-07-04-54,20,17,1,2,85.0,5.0,10.0,0.9455
20260226-07-12-53,20,17,0,3,85.0,0.0,15.0,0.9333
20260226-07-20-52,20,17,1,2,85.0,5.0,10.0,0.9455
20260226-07-28-50,20,17,0,3,85.0,0.0,15.0,0.9369
20260226-07-36-49,20,18,0,2,90.0,0.0,10.0,0.9379
20260226-07-44-47,20,18,0,2,90.0,0.0,10.0,0.9335
20260226-07-52-46,20,18,0,2,90.0,0.0,10.0,0.9532
20260226-08-00-44,20,18,0,2,90.0,0.0,10.0,0.9593
20260226-08-08-43,20,18,0,2,90.0,0.0,10.0,0.9447
20260226-08-16-42,20,18,0,2,90.0,0.0,10.0,0.9587
20260226-08-24-40,20,17,1,2,85.0,5.0,10.0,0.9406
20260226-08-32-39,20,16,2,2,80.0,10.0,10.0,0.9232
20260226-08-40-37,20,18,0,2,90.0,0.0,10.0,0.9529
20260226-08-48-36,20,18,0,2,90.0,0.0,10.0,0.9572
20260226-08-56-35,20,15,2,3,75.0,10.0,15.0,0.9399
20260226-09-04-33,20,15,2,3,75.0,10.0,15.0,0.9465
20260226-09-12-32,20,17,1,2,85.0,5.0,10.0,0.9353
20260226-09-20-30,20,17,1,2,85.0,5.0,10.0,0.9364
20260226-09-28-29,20,16,1,3,80.0,5.0,15.0,0.9222
20260226-09-36-27,20,14,1,5,70.0,5.0,25.0,0.9143
20260226-09-44-26,20,12,2,6,60.0,10.0,30.0,0.9017
20260226-09-52-25,20,13,2,5,65.0,10.0,25.0,0.9045
20260226-10-00-23,20,14,1,5,70.0,5.0,25.0,0.898
20260226-10-08-22,20,13,2,5,65.0,10.0,25.0,0.9004
20260226-10-16-20,20,11,4,5,55.0,20.0,25.0,0.9012
20260226-10-24-19,20,12,3,5,60.0,15.0,25.0,0.8935
20260226-10-32-17,20,13,1,6,65.0,5.0,30.0,0.897
20260226-10-40-16,20,13,0,7,65.0,0.0,35.0,0.8666
20260226-10-48-14,20,13,0,7,65.0,0.0,35.0,0.8683
20260226-10-56-13,20,12,3,5,60.0,15.0,25.0,0.8956
20260226-11-04-12,20,11,1,8,55.0,5.0,40.0,0.8861
20260226-11-12-10,20,12,1,7,60.0,5.0,35.0,0.8397
20260226-11-20-09,20,12,1,7,60.0,5.0,35.0,0.8765
20260226-11-28-07,20,14,0,6,70.0,0.0,30.0,0.8823
20260226-11-36-06,20,10,1,9,50.0,5.0,45.0,0.8637
20260226-11-44-05,20,9,2,9,45.0,10.0,45.0,0.8731
20260226-11-52-03,20,10,5,5,50.0,25.0,25.0,0.8751
20260226-12-00-02,20,10,4,6,50.0,20.0,30.0,0.9076
20260226-12-08-00,20,11,3,6,55.0,15.0,30.0,0.9082
20260226-12-15-59,20,12,2,6,60.0,10.0,30.0,0.8682
20260226-12-23-58,20,12,5,3,60.0,25.0,15.0,0.9014
20260226-12-31-56,20,12,3,5,60.0,15.0,25.0,0.8769
20260226-12-39-55,20,12,3,5,60.0,15.0,25.0,0.8886
20260226-12-47-53,20,11,2,7,55.0,10.0,35.0,0.8571
20260226-12-55-52,20,10,3,7,50.0,15.0,35.0,0.8486
20260226-13-03-51,20,11,2,7,55.0,10.0,35.0,0.8831
20260226-13-11-49,20,12,2,6,60.0,10.0,30.0,0.8905
20260226-13-19-48,20,11,2,7,55.0,10.0,35.0,0.8762
20260226-13-27-46,20,12,2,6,60.0,10.0,30.0,0.8842
20260226-13-35-45,20,11,3,6,55.0,15.0,30.0,0.865
20260226-13-43-44,20,13,2,5,65.0,10.0,25.0,0.8964
20260226-13-51-42,20,13,1,6,65.0,5.0,30.0,0.8977
20260226-13-59-41,20,14,0,6,70.0,0.0,30.0,0.8969
20260226-14-07-39,20,13,1,6,65.0,5.0,30.0,0.9106
20260226-14-15-38,20,15,0,5,75.0,0.0,25.0,0.9284
20260226-14-23-37,20,16,0,4,80.0,0.0,20.0,0.9207
20260226-14-31-35,20,16,0,4,80.0,0.0,20.0,0.9357
20260226-14-39-34,20,15,0,5,75.0,0.0,25.0,0.9128
20260226-14-47-33,20,13,1,6,65.0,5.0,30.0,0.8811
20260226-14-55-31,20,14,0,6,70.0,0.0,30.0,0.9106
20260226-15-03-30,20,14,1,5,70.0,5.0,25.0,0.9353
20260226-15-11-29,20,14,1,5,70.0,5.0,25.0,0.9231
20260226-15-19-27,20,13,1,6,65.0,5.0,30.0,0.9052
20260226-15-27-26,20,14,1,5,70.0,5.0,25.0,0.9159
20260226-15-35-24,20,16,0,4,80.0,0.0,20.0,0.9274
20260226-15-43-23,20,15,1,4,75.0,5.0,20.0,0.9092
20260226-15-51-21,20,11,1,8,55.0,5.0,40.0,0.871
20260226-15-59-20,19,10,0,9,52.6,0.0,47.4,0.8444
20260226-16-07-19,20,8,2,10,40.0,10.0,50.0,0.8022
20260226-16-15-17,20,7,1,12,35.0,5.0,60.0,0.8239
20260226-16-23-16,20,6,1,13,30.0,5.0,65.0,0.8347
20260226-16-31-14,20,6,1,13,30.0,5.0,65.0,0.8425
20260226-16-39-13,20,7,0,13,35.0,0.0,65.0,0.8373
20260226-16-47-11,20,7,1,12,35.0,5.0,60.0,0.8255
20260226-16-55-10,20,6,1,13,30.0,5.0,65.0,0.8736
20260226-17-03-09,20,5,0,15,25.0,0.0,75.0,0.8245
20260226-17-11-07,20,4,2,14,20.0,10.0,70.0,0.8251
20260226-17-19-06,20,4,1,15,20.0,5.0,75.0,0.8623
20260226-17-27-04,20,2,1,17,10.0,5.0,85.0,0.8258
20260226-17-35-03,20,3,1,16,15.0,5.0,80.0,0.8321
20260226-17-43-01,20,3,0,17,15.0,0.0,85.0,0.8355
20260226-17-51-00,20,2,1,17,10.0,5.0,85.0,0.7896
20260226-17-58-59,20,4,1,15,20.0,5.0,75.0,0.828
20260226-18-06-57,20,4,1,15,20.0,5.0,75.0,0.8114
20260226-18-14-56,20,4,0,16,20.0,0.0,80.0,0.8298
20260226-18-22-54,20,3,1,16,15.0,5.0,80.0,0.8165
20260226-18-30-53,20,3,0,17,15.0,0.0,85.0,0.8151
20260226-18-38-52,20,2,1,17,10.0,5.0,85.0,0.8013
20260226-18-46-50,20,1,1,18,5.0,5.0,90.0,0.7907
20260226-18-54-49,20,0,0,20,0.0,0.0,100.0,0.7828
20260226-19-02-48,20,1,0,19,5.0,0.0,95.0,0.7847
20260226-19-10-46,20,1,1,18,5.0,5.0,90.0,0.8326
20260226-19-18-45,20,1,1,18,5.0,5.0,90.0,0.8221
20260226-19-26-43,20,2,0,18,10.0,0.0,90.0,0.8156
20260226-19-34-42,20,2,0,18,10.0,0.0,90.0,0.8296
20260226-19-42-41,20,1,1,18,5.0,5.0,90.0,0.805
20260226-19-50-39,20,0,0,20,0.0,0.0,100.0,0.8195
20260226-19-58-38,20,1,0,19,5.0,0.0,95.0,0.7977
20260226-20-06-36,20,0,0,20,0.0,0.0,100.0,0.7897
20260226-20-14-35,20,0,0,20,0.0,0.0,100.0,0.7943
20260226-20-22-33,20,1,0,19,5.0,0.0,95.0,0.8405
20260226-20-30-32,20,0,0,20,0.0,0.0,100.0,0.7639
20260226-20-38-30,20,0,0,20,0.0,0.0,100.0,0.8239
20260226-20-46-29,20,1,0,19,5.0,0.0,95.0,0.7971
20260226-20-54-28,20,0,0,20,0.0,0.0,100.0,0.8256
20260226-21-02-26,20,0,0,20,0.0,0.0,100.0,0.8111
20260226-21-10-25,20,0,0,20,0.0,0.0,100.0,0.7908
20260226-21-18-23,20,0,0,20,0.0,0.0,100.0,0.8155
20260226-21-26-22,20,1,0,19,5.0,0.0,95.0,0.8157
20260226-21-34-20,20,1,0,19,5.0,0.0,95.0,0.8335
20260226-21-42-19,20,0,0,20,0.0,0.0,100.0,0.8043
20260226-21-50-18,20,0,0,20,0.0,0.0,100.0,0.8265
20260226-21-58-16,20,0,0,20,0.0,0.0,100.0,0.8239
20260226-22-06-15,20,0,0,20,0.0,0.0,100.0,0.8344
20260226-22-14-14,20,0,0,20,0.0,0.0,100.0,0.8306
20260226-22-22-12,20,0,0,20,0.0,0.0,100.0,0.8411
20260226-22-30-11,20,0,0,20,0.0,0.0,100.0,0.8165
20260226-22-38-10,20,0,0,20,0.0,0.0,100.0,0.8465
20260226-22-46-08,20,0,0,20,0.0,0.0,100.0,0.8378
20260226-22-54-07,20,0,0,20,0.0,0.0,100.0,0.8205
20260226-23-02-05,20,0,0,20,0.0,0.0,100.0,0.8145
20260226-23-10-04,20,0,0,20,0.0,0.0,100.0,0.8113
20260226-23-18-03,20,1,0,19,5.0,0.0,95.0,0.8093
20260226-23-26-01,20,1,0,19,5.0,0.0,95.0,0.8211
20260226-23-34-00,20,1,0,19,5.0,0.0,95.0,0.832
20260226-23-41-58,20,1,0,19,5.0,0.0,95.0,0.8274
20260226-23-49-57,20,0,0,20,0.0,0.0,100.0,0.8126
20260226-23-57-56,20,0,0,20,0.0,0.0,100.0,0.8365
20260227-00-05-54,20,0,0,20,0.0,0.0,100.0,0.8193
20260227-00-13-53,20,0,0,20,0.0,0.0,100.0,0.8208
20260227-00-21-51,20,0,0,20,0.0,0.0,100.0,0.8337
20260227-00-29-50,20,0,0,20,0.0,0.0,100.0,0.8204
20260227-00-37-48,20,0,0,20,0.0,0.0,100.0,0.7697
20260227-00-45-47,20,0,0,20,0.0,0.0,100.0,0.8288
20260227-00-53-46,20,0,0,20,0.0,0.0,100.0,0.8287
20260227-01-01-44,20,1,1,18,5.0,5.0,90.0,0.8394
20260227-01-09-43,20,0,0,20,0.0,0.0,100.0,0.8161
20260227-01-17-41,20,2,0,18,10.0,0.0,90.0,0.811
20260227-01-25-40,19,1,0,18,5.3,0.0,94.7,0.8117
20260227-01-33-38,20,0,0,20,0.0,0.0,100.0,0.8085
20260227-01-41-37,20,0,0,20,0.0,0.0,100.0,0.819
20260227-01-49-36,20,0,0,20,0.0,0.0,100.0,0.8093
20260227-01-57-34,20,1,0,19,5.0,0.0,95.0,0.7764
20260227-02-05-33,20,0,1,19,0.0,5.0,95.0,0.7789
20260227-02-13-31,20,0,1,19,0.0,5.0,95.0,0.7971
20260227-02-21-30,20,0,1,19,0.0,5.0,95.0,0.7821
20260227-02-29-29,20,2,1,17,10.0,5.0,85.0,0.818
20260227-02-37-27,20,1,0,19,5.0,0.0,95.0,0.8406
20260227-02-45-26,20,1,0,19,5.0,0.0,95.0,0.8239
20260227-02-53-24,20,1,0,19,5.0,0.0,95.0,0.8177
20260227-03-01-23,20,6,1,13,30.0,5.0,65.0,0.8267
20260227-03-09-21,20,2,0,18,10.0,0.0,90.0,0.7847
20260227-03-17-20,20,2,3,15,10.0,15.0,75.0,0.7937
20260227-03-25-19,20,2,0,18,10.0,0.0,90.0,0.8141
20260227-03-33-17,20,2,0,18,10.0,0.0,90.0,0.8327
20260227-03-41-16,20,2,1,17,10.0,5.0,85.0,0.8169
20260227-03-49-15,20,3,0,17,15.0,0.0,85.0,0.8196
20260227-03-57-13,20,2,2,16,10.0,10.0,80.0,0.8375
20260227-04-05-12,20,1,0,19,5.0,0.0,95.0,0.813
20260227-04-13-10,20,1,0,19,5.0,0.0,95.0,0.8163
20260227-04-21-09,20,1,0,19,5.0,0.0,95.0,0.7876
20260227-04-29-08,20,3,0,17,15.0,0.0,85.0,0.8538
20260227-04-37-06,20,1,0,19,5.0,0.0,95.0,0.8084
20260227-04-45-05,20,2,1,17,10.0,5.0,85.0,0.8103
20260227-04-53-03,20,3,3,14,15.0,15.0,70.0,0.8174
20260227-05-01-02,20,4,1,15,20.0,5.0,75.0,0.8169
20260227-05-09-01,20,3,2,15,15.0,10.0,75.0,0.7846
20260227-05-16-59,20,4,2,14,20.0,10.0,70.0,0.7951
20260227-05-24-58,20,5,3,12,25.0,15.0,60.0,0.7903
20260227-05-32-57,20,7,1,12,35.0,5.0,60.0,0.7787
20260227-05-40-55,20,7,2,11,35.0,10.0,55.0,0.8394
20260227-05-48-54,20,6,0,14,30.0,0.0,70.0,0.8432
20260227-05-56-53,20,6,1,13,30.0,5.0,65.0,0.7908
20260227-06-04-51,20,7,0,13,35.0,0.0,65.0,0.8501
20260227-06-12-50,20,11,2,7,55.0,10.0,35.0,0.8675
20260227-06-20-48,20,18,0,2,90.0,0.0,10.0,0.9531
20260227-06-28-47,20,15,0,5,75.0,0.0,25.0,0.923
20260227-06-36-45,20,18,0,2,90.0,0.0,10.0,0.9559
20260227-06-44-44,20,17,0,3,85.0,0.0,15.0,0.9413
20260227-06-52-42,20,16,0,4,80.0,0.0,20.0,0.9345
20260227-07-00-41,19,17,1,1,89.5,5.3,5.3,0.9529
20260227-07-08-40,20,17,0,3,85.0,0.0,15.0,0.9371
20260227-07-16-38,20,17,1,2,85.0,5.0,10.0,0.9327
20260227-07-24-37,20,17,0,3,85.0,0.0,15.0,0.9416
20260227-07-32-35,20,18,0,2,90.0,0.0,10.0,0.9346
20260227-07-40-34,20,18,0,2,90.0,0.0,10.0,0.9434
20260227-07-48-33,20,18,0,2,90.0,0.0,10.0,0.9508
20260227-07-56-31,20,18,0,2,90.0,0.0,10.0,0.9608
20260227-08-04-30,20,18,0,2,90.0,0.0,10.0,0.9576
20260227-08-12-28,20,18,0,2,90.0,0.0,10.0,0.9396
20260227-08-20-27,20,18,0,2,90.0,0.0,10.0,0.937
20260227-08-28-26,20,18,0,2,90.0,0.0,10.0,0.9495
20260227-08-36-24,20,16,2,2,80.0,10.0,10.0,0.9304
20260227-08-44-23,20,15,2,3,75.0,10.0,15.0,0.9216
20260227-08-52-22,20,17,0,3,85.0,0.0,15.0,0.9428
20260227-09-00-20,20,14,1,5,70.0,5.0,25.0,0.8662
20260227-09-08-19,20,14,0,6,70.0,0.0,30.0,0.8681
20260227-09-16-17,20,13,2,5,65.0,10.0,25.0,0.878
20260227-09-24-16,20,13,1,6,65.0,5.0,30.0,0.8712
20260227-09-32-15,20,13,1,6,65.0,5.0,30.0,0.8434
20260227-09-40-13,20,13,0,7,65.0,0.0,35.0,0.8777
20260227-09-48-12,20,15,0,5,75.0,0.0,25.0,0.902
20260227-09-56-10,20,15,0,5,75.0,0.0,25.0,0.8887
20260227-10-04-09,20,12,3,5,60.0,15.0,25.0,0.8748
20260227-10-12-07,20,12,2,6,60.0,10.0,30.0,0.9122
20260227-10-20-06,20,14,2,4,70.0,10.0,20.0,0.9262
20260227-10-28-05,20,14,1,5,70.0,5.0,25.0,0.929
20260227-10-36-03,20,13,1,6,65.0,5.0,30.0,0.9022
20260227-10-44-02,20,14,2,4,70.0,10.0,20.0,0.9284
20260227-10-52-00,20,13,2,5,65.0,10.0,25.0,0.8833
20260227-10-59-59,20,12,2,6,60.0,10.0,30.0,0.9083
20260227-11-07-58,20,12,1,7,60.0,5.0,35.0,0.8938
20260227-11-15-56,20,11,2,7,55.0,10.0,35.0,0.8753
20260227-11-23-55,20,11,2,7,55.0,10.0,35.0,0.8808
20260227-11-31-53,20,10,3,7,50.0,15.0,35.0,0.8839
20260227-11-39-52,20,11,3,6,55.0,15.0,30.0,0.8865
20260227-11-47-51,20,11,0,9,55.0,0.0,45.0,0.8767
20260227-11-55-49,20,11,1,8,55.0,5.0,40.0,0.849
20260227-12-03-48,20,11,0,9,55.0,0.0,45.0,0.8634
20260227-12-11-46,20,10,1,9,50.0,5.0,45.0,0.852
20260227-12-19-45,20,11,1,8,55.0,5.0,40.0,0.8291
20260227-12-27-43,20,12,1,7,60.0,5.0,35.0,0.8536
20260227-12-35-42,20,11,3,6,55.0,15.0,30.0,0.8704
20260227-12-43-41,20,12,1,7,60.0,5.0,35.0,0.9062
20260227-12-51-39,20,12,1,7,60.0,5.0,35.0,0.8744
20260227-12-59-38,20,11,1,8,55.0,5.0,40.0,0.8832
20260227-13-07-37,20,11,1,8,55.0,5.0,40.0,0.8854
20260227-13-15-35,20,11,1,8,55.0,5.0,40.0,0.8746
20260227-13-23-34,20,13,1,6,65.0,5.0,30.0,0.9064
20260227-13-31-32,20,13,2,5,65.0,10.0,25.0,0.9113
20260227-13-39-31,20,12,5,3,60.0,25.0,15.0,0.8877
20260227-13-47-29,20,14,1,5,70.0,5.0,25.0,0.903
20260227-13-55-28,20,14,2,4,70.0,10.0,20.0,0.8925
20260227-14-03-27,20,14,1,5,70.0,5.0,25.0,0.9081
20260227-14-11-25,20,14,1,5,70.0,5.0,25.0,0.8674
20260227-14-19-24,20,15,1,4,75.0,5.0,20.0,0.921
20260227-14-27-22,20,13,1,6,65.0,5.0,30.0,0.8961
20260227-14-35-21,20,14,1,5,70.0,5.0,25.0,0.8802
20260227-14-43-20,20,13,1,6,65.0,5.0,30.0,0.8598
20260227-14-51-18,20,13,0,7,65.0,0.0,35.0,0.9124
20260227-14-59-17,20,13,0,7,65.0,0.0,35.0,0.8823
20260227-15-07-15,20,12,0,8,60.0,0.0,40.0,0.8905
20260227-15-15-14,20,10,2,8,50.0,10.0,40.0,0.8539
20260227-15-23-13,20,9,1,10,45.0,5.0,50.0,0.8659
20260227-15-31-11,20,8,3,9,40.0,15.0,45.0,0.8098
20260227-15-39-10,20,11,4,5,55.0,20.0,25.0,0.831
20260227-15-47-08,20,10,4,6,50.0,20.0,30.0,0.8219
20260227-15-55-07,20,8,2,10,40.0,10.0,50.0,0.8221
20260227-16-03-06,20,9,0,11,45.0,0.0,55.0,0.8956
20260227-16-11-04,20,8,0,12,40.0,0.0,60.0,0.8751
20260227-16-19-03,20,7,0,13,35.0,0.0,65.0,0.8132
20260227-16-27-01,20,6,1,13,30.0,5.0,65.0,0.8275
20260227-16-35-00,20,3,1,16,15.0,5.0,80.0,0.8136
20260227-16-42-58,20,4,1,15,20.0,5.0,75.0,0.8048
20260227-16-50-57,20,2,1,17,10.0,5.0,85.0,0.7677
20260227-16-58-55,20,1,0,19,5.0,0.0,95.0,0.808
20260227-17-06-54,20,1,0,19,5.0,0.0,95.0,0.8003
20260227-17-14-53,20,2,0,18,10.0,0.0,90.0,0.8156
20260227-17-22-51,20,4,1,15,20.0,5.0,75.0,0.8357
20260227-17-30-50,20,8,1,11,40.0,5.0,55.0,0.8403
20260227-17-38-48,20,10,0,10,50.0,0.0,50.0,0.8304
20260227-17-46-47,20,5,0,15,25.0,0.0,75.0,0.853
20260227-17-54-45,20,7,0,13,35.0,0.0,65.0,0.8396
20260227-18-02-44,20,2,2,16,10.0,10.0,80.0,0.7585
20260227-18-10-43,20,1,2,17,5.0,10.0,85.0,0.7597
20260227-18-18-41,20,0,0,20,0.0,0.0,100.0,0.7734
20260227-18-26-40,20,0,1,19,0.0,5.0,95.0,0.7975
20260227-18-34-38,20,0,1,19,0.0,5.0,95.0,0.7534
20260227-18-42-37,20,0,0,20,0.0,0.0,100.0,0.8059
20260227-18-50-35,20,1,0,19,5.0,0.0,95.0,0.8136
20260227-18-58-34,20,0,0,20,0.0,0.0,100.0,0.7866
20260227-19-06-32,20,0,1,19,0.0,5.0,95.0,0.8105
20260227-19-14-31,20,2,0,18,10.0,0.0,90.0,0.7958
20260227-19-22-29,20,1,0,19,5.0,0.0,95.0,0.8034
20260227-19-30-28,20,1,0,19,5.0,0.0,95.0,0.8009
20260227-19-38-26,20,0,0,20,0.0,0.0,100.0,0.7773
20260227-19-46-25,20,0,0,20,0.0,0.0,100.0,0.7838
20260227-19-54-23,20,0,0,20,0.0,0.0,100.0,0.8155
20260227-20-02-22,20,0,0,20,0.0,0.0,100.0,0.7776
20260227-20-10-20,20,0,0,20,0.0,0.0,100.0,0.7911
20260227-20-18-19,20,0,0,20,0.0,0.0,100.0,0.7724
20260227-20-26-17,20,0,0,20,0.0,0.0,100.0,0.8219
20260227-20-34-16,20,0,0,20,0.0,0.0,100.0,0.7772
20260227-20-42-15,20,0,1,19,0.0,5.0,95.0,0.7885
20260227-20-50-13,20,0,0,20,0.0,0.0,100.0,0.7998
20260227-20-58-12,20,1,0,19,5.0,0.0,95.0,0.7642
20260227-21-06-10,20,2,0,18,10.0,0.0,90.0,0.8373
20260227-21-14-09,20,1,1,18,5.0,5.0,90.0,0.784
20260227-21-22-07,20,0,1,19,0.0,5.0,95.0,0.788
20260227-21-30-06,20,0,1,19,0.0,5.0,95.0,0.8015
20260227-21-38-05,20,0,1,19,0.0,5.0,95.0,0.7834
20260227-21-46-03,20,1,0,19,5.0,0.0,95.0,0.7817
20260227-21-54-02,20,0,0,20,0.0,0.0,100.0,0.7838
20260227-22-02-01,20,0,0,20,0.0,0.0,100.0,0.7756
20260227-22-09-59,20,0,0,20,0.0,0.0,100.0,0.8095
20260227-22-17-58,20,1,0,19,5.0,0.0,95.0,0.793
20260227-22-25-56,20,1,0,19,5.0,0.0,95.0,0.8075
20260227-22-33-55,20,1,0,19,5.0,0.0,95.0,0.8207
20260227-22-41-53,20,0,0,20,0.0,0.0,100.0,0.8009
20260227-22-49-52,20,0,0,20,0.0,0.0,100.0,0.8284
20260227-22-57-50,20,0,0,20,0.0,0.0,100.0,0.8122
20260227-23-05-49,20,0,0,20,0.0,0.0,100.0,0.8008
20260227-23-13-48,20,0,0,20,0.0,0.0,100.0,0.8039
20260227-23-21-46,20,0,0,20,0.0,0.0,100.0,0.8188
20260227-23-29-45,20,0,0,20,0.0,0.0,100.0,0.822
20260227-23-37-44,20,0,0,20,0.0,0.0,100.0,0.78
20260227-23-45-42,20,0,0,20,0.0,0.0,100.0,0.8349
20260227-23-53-41,20,0,0,20,0.0,0.0,100.0,0.7927
20260228-00-01-39,20,1,0,19,5.0,0.0,95.0,0.7931
20260228-00-09-38,20,3,0,17,15.0,0.0,85.0,0.839
20260228-00-17-36,20,0,0,20,0.0,0.0,100.0,0.8011
20260228-00-25-35,20,0,2,18,0.0,10.0,90.0,0.7864
20260228-00-33-33,20,0,0,20,0.0,0.0,100.0,0.7939
20260228-00-41-32,20,0,0,20,0.0,0.0,100.0,0.7794
20260228-00-49-31,20,0,0,20,0.0,0.0,100.0,0.7828
20260228-00-57-29,20,0,0,20,0.0,0.0,100.0,0.8082
20260228-01-05-28,20,0,0,20,0.0,0.0,100.0,0.8036
20260228-01-13-26,20,0,0,20,0.0,0.0,100.0,0.7907
20260228-01-21-25,20,0,0,20,0.0,0.0,100.0,0.7917
20260228-01-29-24,20,0,0,20,0.0,0.0,100.0,0.8325
20260228-01-37-22,20,0,0,20,0.0,0.0,100.0,0.8144
20260228-01-45-21,20,0,0,20,0.0,0.0,100.0,0.8065
20260228-01-53-19,20,0,0,20,0.0,0.0,100.0,0.8305
20260228-02-01-18,20,0,0,20,0.0,0.0,100.0,0.7836
20260228-02-09-17,20,0,0,20,0.0,0.0,100.0,0.796
20260228-02-17-15,20,0,0,20,0.0,0.0,100.0,0.798
20260228-02-25-14,20,0,0,20,0.0,0.0,100.0,0.8366
20260228-02-33-12,20,0,0,20,0.0,0.0,100.0,0.7658
20260228-02-41-11,20,0,0,20,0.0,0.0,100.0,0.841
20260228-02-49-09,20,0,0,20,0.0,0.0,100.0,0.8001
20260228-02-57-08,20,0,0,20,0.0,0.0,100.0,0.802
20260228-03-05-06,20,0,1,19,0.0,5.0,95.0,0.8014
20260228-03-13-05,20,0,0,20,0.0,0.0,100.0,0.7885
20260228-03-21-04,20,1,0,19,5.0,0.0,95.0,0.8014
20260228-03-29-02,20,0,0,20,0.0,0.0,100.0,0.7831
20260228-03-37-01,20,1,1,18,5.0,5.0,90.0,0.7826
20260228-03-44-59,20,1,0,19,5.0,0.0,95.0,0.7833
20260228-03-52-58,20,1,0,19,5.0,0.0,95.0,0.8123
20260228-04-00-56,20,2,0,18,10.0,0.0,90.0,0.8406
20260228-04-08-55,20,2,1,17,10.0,5.0,85.0,0.8113
20260228-04-16-53,20,3,1,16,15.0,5.0,80.0,0.7973
20260228-04-24-52,20,2,3,15,10.0,15.0,75.0,0.7811
20260228-04-32-51,20,2,2,16,10.0,10.0,80.0,0.7985
20260228-04-40-49,20,2,2,16,10.0,10.0,80.0,0.8152
20260228-04-48-48,20,3,2,15,15.0,10.0,75.0,0.8105
20260228-04-56-46,20,3,0,17,15.0,0.0,85.0,0.8071
20260228-05-04-45,20,3,1,16,15.0,5.0,80.0,0.8048
20260228-05-12-44,20,5,2,13,25.0,10.0,65.0,0.7693
20260228-05-20-42,20,4,6,10,20.0,30.0,50.0,0.7269
20260228-05-28-41,20,6,1,13,30.0,5.0,65.0,0.8513
20260228-05-36-40,20,4,2,14,20.0,10.0,70.0,0.8108
20260228-05-44-38,20,5,2,13,25.0,10.0,65.0,0.7837
20260228-05-52-37,20,4,2,14,20.0,10.0,70.0,0.7953
20260228-06-00-35,20,3,6,11,15.0,30.0,55.0,0.782
20260228-06-08-34,20,5,3,12,25.0,15.0,60.0,0.7621
20260228-06-16-33,20,7,1,12,35.0,5.0,60.0,0.8301
20260228-06-24-31,20,12,2,6,60.0,10.0,30.0,0.8554
20260228-06-32-30,20,12,1,7,60.0,5.0,35.0,0.895
20260228-06-40-29,20,13,1,6,65.0,5.0,30.0,0.9137
20260228-06-48-27,20,13,3,4,65.0,15.0,20.0,0.8888
20260228-06-56-26,20,18,0,2,90.0,0.0,10.0,0.9456
20260228-07-04-24,20,15,1,4,75.0,5.0,20.0,0.9206
20260228-07-12-23,20,16,1,3,80.0,5.0,15.0,0.9302
20260228-07-20-22,20,17,0,3,85.0,0.0,15.0,0.9472
20260228-07-28-20,20,18,0,2,90.0,0.0,10.0,0.9493
20260228-07-36-19,20,16,0,4,80.0,0.0,20.0,0.916
20260228-07-44-17,20,16,1,3,80.0,5.0,15.0,0.9195
20260228-07-52-16,20,16,1,3,80.0,5.0,15.0,0.9222
20260228-08-00-15,20,16,1,3,80.0,5.0,15.0,0.9192
20260228-08-08-13,20,15,2,3,75.0,10.0,15.0,0.8846
20260228-08-16-12,20,17,1,2,85.0,5.0,10.0,0.9745
20260228-08-24-11,20,15,1,4,75.0,5.0,20.0,0.9217
20260228-08-32-09,20,15,1,4,75.0,5.0,20.0,0.9162
20260228-08-40-08,20,16,1,3,80.0,5.0,15.0,0.9158
20260228-08-48-06,20,14,1,5,70.0,5.0,25.0,0.9015
20260228-08-56-05,20,14,1,5,70.0,5.0,25.0,0.9277
20260228-09-04-03,20,14,0,6,70.0,0.0,30.0,0.9172
20260228-09-12-02,20,15,1,4,75.0,5.0,20.0,0.8944
20260228-09-20-01,20,13,1,6,65.0,5.0,30.0,0.895
20260228-09-27-59,20,11,2,7,55.0,10.0,35.0,0.8825
20260228-09-35-58,20,19,0,1,95.0,0.0,5.0,0.9373
20260228-09-43-56,20,18,0,2,90.0,0.0,10.0,0.9478
20260228-09-51-55,20,18,0,2,90.0,0.0,10.0,0.9432
20260228-09-59-54,20,18,0,2,90.0,0.0,10.0,0.9524
20260228-10-07-52,20,18,0,2,90.0,0.0,10.0,0.9532
20260228-10-15-51,20,18,0,2,90.0,0.0,10.0,0.9609
20260228-10-23-49,20,18,0,2,90.0,0.0,10.0,0.9625
20260228-10-31-48,20,18,0,2,90.0,0.0,10.0,0.9594
20260228-10-39-47,20,17,0,3,85.0,0.0,15.0,0.9444
20260228-10-47-45,20,16,0,4,80.0,0.0,20.0,0.9231
20260228-10-55-44,20,14,2,4,70.0,10.0,20.0,0.9083
20260228-11-03-43,20,14,2,4,70.0,10.0,20.0,0.924
20260228-11-11-41,20,13,2,5,65.0,10.0,25.0,0.9077
20260228-11-19-40,20,14,1,5,70.0,5.0,25.0,0.8663
20260228-11-27-38,20,14,1,5,70.0,5.0,25.0,0.9078
20260228-11-35-37,20,13,3,4,65.0,15.0,20.0,0.878
20260228-11-43-35,20,14,3,3,70.0,15.0,15.0,0.9164
20260228-11-51-34,20,15,2,3,75.0,10.0,15.0,0.9182
20260228-11-59-33,20,16,1,3,80.0,5.0,15.0,0.9189
20260228-12-07-31,20,15,1,4,75.0,5.0,20.0,0.9399
20260228-12-15-30,20,14,0,6,70.0,0.0,30.0,0.9385
20260228-12-23-29,20,14,0,6,70.0,0.0,30.0,0.9046
20260228-12-31-27,20,12,0,8,60.0,0.0,40.0,0.8979
20260228-12-39-26,20,12,0,8,60.0,0.0,40.0,0.8718
20260228-12-47-24,20,10,0,10,50.0,0.0,50.0,0.8636
20260228-12-55-23,20,11,1,8,55.0,5.0,40.0,0.8854
20260228-13-03-21,20,12,0,8,60.0,0.0,40.0,0.8476
20260228-13-11-20,20,11,1,8,55.0,5.0,40.0,0.8951
20260228-13-19-19,20,11,1,8,55.0,5.0,40.0,0.8682
20260228-13-27-17,20,11,2,7,55.0,10.0,35.0,0.8519
20260228-13-35-16,20,13,1,6,65.0,5.0,30.0,0.8697
20260228-13-43-14,20,14,0,6,70.0,0.0,30.0,0.8905
20260228-13-51-13,20,13,0,7,65.0,0.0,35.0,0.882
20260228-13-59-12,20,14,1,5,70.0,5.0,25.0,0.9057
20260228-14-07-10,20,13,1,6,65.0,5.0,30.0,0.8815
20260228-14-15-09,20,10,3,7,50.0,15.0,35.0,0.85
20260228-14-23-07,20,12,2,6,60.0,10.0,30.0,0.888
20260228-14-31-06,19,9,3,7,47.4,15.8,36.8,0.8486
20260228-14-39-05,20,10,2,8,50.0,10.0,40.0,0.8353
20260228-14-47-03,20,13,1,6,65.0,5.0,30.0,0.8516
20260228-14-55-02,20,11,3,6,55.0,15.0,30.0,0.8885
20260228-15-03-00,20,11,1,8,55.0,5.0,40.0,0.8764
20260228-15-10-59,20,10,2,8,50.0,10.0,40.0,0.8342
20260228-15-18-58,20,10,1,9,50.0,5.0,45.0,0.8357
20260228-15-26-56,20,9,2,9,45.0,10.0,45.0,0.8349
20260228-15-34-55,20,8,3,9,40.0,15.0,45.0,0.8222
20260228-15-42-54,20,7,3,10,35.0,15.0,50.0,0.8171
20260228-15-50-52,20,6,2,12,30.0,10.0,60.0,0.8402
20260228-15-58-51,20,6,3,11,30.0,15.0,55.0,0.8152
20260228-16-06-49,20,7,2,11,35.0,10.0,55.0,0.8668
20260228-16-14-48,20,7,2,11,35.0,10.0,55.0,0.8157
20260228-16-22-47,20,7,2,11,35.0,10.0,55.0,0.8337
20260228-16-30-45,20,8,2,10,40.0,10.0,50.0,0.8468
20260228-16-38-44,20,7,1,12,35.0,5.0,60.0,0.8367
20260228-16-46-42,20,3,1,16,15.0,5.0,80.0,0.8063
20260228-16-54-41,20,1,2,17,5.0,10.0,85.0,0.7861
20260228-17-02-39,20,2,1,17,10.0,5.0,85.0,0.78
20260228-17-10-38,20,4,0,16,20.0,0.0,80.0,0.8293
20260228-17-18-37,20,4,0,16,20.0,0.0,80.0,0.8135
20260228-17-26-35,20,3,1,16,15.0,5.0,80.0,0.8137
20260228-17-34-34,20,2,1,17,10.0,5.0,85.0,0.8024
20260228-17-42-32,20,1,1,18,5.0,5.0,90.0,0.7798
20260228-17-50-31,20,2,1,17,10.0,5.0,85.0,0.7921
20260228-17-58-29,20,1,1,18,5.0,5.0,90.0,0.8246
20260228-18-06-28,20,3,0,17,15.0,0.0,85.0,0.8237
20260228-18-14-26,20,2,0,18,10.0,0.0,90.0,0.815
20260228-18-22-25,20,1,1,18,5.0,5.0,90.0,0.8217
20260228-18-30-24,20,2,0,18,10.0,0.0,90.0,0.8383
20260228-18-38-22,20,3,0,17,15.0,0.0,85.0,0.823
20260228-18-46-21,20,1,0,19,5.0,0.0,95.0,0.8097
20260228-18-54-19,20,1,0,19,5.0,0.0,95.0,0.8255
20260228-19-02-18,20,1,1,18,5.0,5.0,90.0,0.8139
20260228-19-10-16,20,3,0,17,15.0,0.0,85.0,0.8371
20260228-19-18-15,20,3,0,17,15.0,0.0,85.0,0.8084
20260228-19-26-14,20,1,0,19,5.0,0.0,95.0,0.8381
20260228-19-34-12,20,0,0,20,0.0,0.0,100.0,0.8374
20260228-19-42-11,20,2,0,18,10.0,0.0,90.0,0.839
20260228-19-50-09,20,0,1,19,0.0,5.0,95.0,0.7992
20260228-19-58-08,20,1,0,19,5.0,0.0,95.0,0.8035
20260228-20-06-06,20,0,0,20,0.0,0.0,100.0,0.8227
20260228-20-14-05,20,0,0,20,0.0,0.0,100.0,0.8235
20260228-20-22-03,20,1,0,19,5.0,0.0,95.0,0.8056
20260228-20-30-02,20,1,0,19,5.0,0.0,95.0,0.8181
20260228-20-38-01,20,1,0,19,5.0,0.0,95.0,0.8477
20260228-20-45-59,20,0,0,20,0.0,0.0,100.0,0.8131
20260228-20-53-58,20,0,0,20,0.0,0.0,100.0,0.834
20260228-21-01-56,20,2,0,18,10.0,0.0,90.0,0.827
20260228-21-09-55,20,1,0,19,5.0,0.0,95.0,0.8158
20260228-21-17-53,20,0,0,20,0.0,0.0,100.0,0.8227
20260228-21-25-52,20,0,0,20,0.0,0.0,100.0,0.8198
20260228-21-33-51,20,1,0,19,5.0,0.0,95.0,0.8543
20260228-21-41-49,20,0,0,20,0.0,0.0,100.0,0.8008
20260228-21-49-48,20,0,1,19,0.0,5.0,95.0,0.7851
20260228-21-57-46,20,1,0,19,5.0,0.0,95.0,0.8154
20260228-22-05-45,20,0,0,20,0.0,0.0,100.0,0.8041
20260228-22-13-44,20,0,0,20,0.0,0.0,100.0,0.8082
20260228-22-21-42,20,1,0,19,5.0,0.0,95.0,0.8269
20260228-22-29-41,20,0,2,18,0.0,10.0,90.0,0.7937
20260228-22-37-39,20,0,0,20,0.0,0.0,100.0,0.7873
20260228-22-45-38,20,0,0,20,0.0,0.0,100.0,0.8043
20260228-22-53-37,20,0,0,20,0.0,0.0,100.0,0.7971
20260228-23-01-35,20,0,0,20,0.0,0.0,100.0,0.8025
20260228-23-09-34,20,0,1,19,0.0,5.0,95.0,0.7994
20260228-23-17-32,20,0,0,20,0.0,0.0,100.0,0.8046
20260228-23-25-31,20,0,0,20,0.0,0.0,100.0,0.8216
20260228-23-33-30,20,0,0,20,0.0,0.0,100.0,0.8233
20260228-23-41-28,20,0,0,20,0.0,0.0,100.0,0.7898
20260228-23-49-27,20,0,0,20,0.0,0.0,100.0,0.7923
20260228-23-57-25,20,0,0,20,0.0,0.0,100.0,0.8292
20260301-00-05-24,20,1,0,19,5.0,0.0,95.0,0.8243
20260301-00-13-23,20,0,0,20,0.0,0.0,100.0,0.8126
20260301-00-21-21,20,0,0,20,0.0,0.0,100.0,0.8095
20260301-00-29-20,20,0,0,20,0.0,0.0,100.0,0.8157
20260301-00-37-18,20,2,0,18,10.0,0.0,90.0,0.8531
20260301-00-45-17,20,0,0,20,0.0,0.0,100.0,0.8082
20260301-00-53-16,20,0,0,20,0.0,0.0,100.0,0.8379
20260301-01-01-14,20,0,0,20,0.0,0.0,100.0,0.8057
20260301-01-09-13,20,0,0,20,0.0,0.0,100.0,0.8045
20260301-01-17-11,20,0,0,20,0.0,0.0,100.0,0.8087
20260301-01-25-10,20,0,0,20,0.0,0.0,100.0,0.8118
20260301-01-33-08,20,0,0,20,0.0,0.0,100.0,0.8283
20260301-01-41-07,20,0,0,20,0.0,0.0,100.0,0.8128
20260301-01-49-05,20,1,0,19,5.0,0.0,95.0,0.8076
20260301-01-57-04,20,0,0,20,0.0,0.0,100.0,0.8206
20260301-02-05-02,20,0,0,20,0.0,0.0,100.0,0.8139
20260301-02-13-01,20,2,1,17,10.0,5.0,85.0,0.7803
20260301-02-21-00,20,2,1,17,10.0,5.0,85.0,0.7824
20260301-02-28-58,20,2,0,18,10.0,0.0,90.0,0.8214
20260301-02-36-57,20,1,0,19,5.0,0.0,95.0,0.7812
20260301-02-44-55,20,0,0,20,0.0,0.0,100.0,0.8005
20260301-02-52-54,20,0,0,20,0.0,0.0,100.0,0.7935
20260301-03-00-52,20,1,0,19,5.0,0.0,95.0,0.808
20260301-03-08-51,20,2,0,18,10.0,0.0,90.0,0.8032
20260301-03-16-49,20,0,0,20,0.0,0.0,100.0,0.7828
20260301-03-24-48,20,0,1,19,0.0,5.0,95.0,0.7815
20260301-03-32-47,20,0,1,19,0.0,5.0,95.0,0.8036
20260301-03-40-45,20,1,0,19,5.0,0.0,95.0,0.8112
20260301-03-48-44,20,1,1,18,5.0,5.0,90.0,0.8026
20260301-03-56-43,20,1,0,19,5.0,0.0,95.0,0.7922
20260301-04-04-41,20,0,1,19,0.0,5.0,95.0,0.8036
20260301-04-12-40,20,2,0,18,10.0,0.0,90.0,0.8258
20260301-04-20-38,20,3,1,16,15.0,5.0,80.0,0.7806
20260301-04-28-37,20,3,0,17,15.0,0.0,85.0,0.8296
20260301-04-36-35,20,4,0,16,20.0,0.0,80.0,0.7895
20260301-04-44-34,20,4,1,15,20.0,5.0,75.0,0.8318
20260301-04-52-33,20,5,1,14,25.0,5.0,70.0,0.8208
20260301-05-00-31,20,4,2,14,20.0,10.0,70.0,0.8361
20260301-05-08-30,19,4,4,11,21.1,21.1,57.9,0.8073
20260301-05-16-28,20,5,3,12,25.0,15.0,60.0,0.8551
20260301-05-24-27,20,7,2,11,35.0,10.0,55.0,0.8521
20260301-05-32-26,20,7,3,10,35.0,15.0,50.0,0.806
20260301-05-40-24,20,8,2,10,40.0,10.0,50.0,0.8265
20260301-05-48-23,20,10,1,9,50.0,5.0,45.0,0.8254
20260301-05-56-21,20,10,1,9,50.0,5.0,45.0,0.8498
20260301-06-04-20,20,8,2,10,40.0,10.0,50.0,0.8365
20260301-06-12-19,20,7,1,12,35.0,5.0,60.0,0.7874
20260301-06-20-17,20,10,1,9,50.0,5.0,45.0,0.8566
20260301-06-28-16,20,10,0,10,50.0,0.0,50.0,0.8586
20260301-06-36-15,20,11,3,6,55.0,15.0,30.0,0.8557
20260301-06-44-13,20,10,2,8,50.0,10.0,40.0,0.8454
20260301-06-52-12,20,11,1,8,55.0,5.0,40.0,0.8774
20260301-07-00-10,20,11,1,8,55.0,5.0,40.0,0.8741
20260301-07-08-09,20,11,2,7,55.0,10.0,35.0,0.8705
20260301-07-16-08,20,12,3,5,60.0,15.0,25.0,0.8797
20260301-07-24-06,20,11,2,7,55.0,10.0,35.0,0.8746
20260301-07-32-05,20,14,1,5,70.0,5.0,25.0,0.8806
20260301-07-40-03,20,14,0,6,70.0,0.0,30.0,0.906
20260301-07-48-02,20,15,0,5,75.0,0.0,25.0,0.9363
20260301-07-56-01,20,15,1,4,75.0,5.0,20.0,0.9435
20260301-08-03-59,20,15,2,3,75.0,10.0,15.0,0.9538
20260301-08-11-58,20,15,2,3,75.0,10.0,15.0,0.9345
20260301-08-19-56,20,16,0,4,80.0,0.0,20.0,0.934
20260301-08-27-55,20,15,0,5,75.0,0.0,25.0,0.9289
20260301-08-35-54,20,14,0,6,70.0,0.0,30.0,0.9263
20260301-08-43-52,20,14,1,5,70.0,5.0,25.0,0.9092
20260301-08-51-51,20,14,0,6,70.0,0.0,30.0,0.9203
20260301-08-59-49,20,16,1,3,80.0,5.0,15.0,0.9231
20260301-09-07-48,20,13,0,7,65.0,0.0,35.0,0.9032
20260301-09-15-47,20,13,0,7,65.0,0.0,35.0,0.899
20260301-09-23-45,20,13,2,5,65.0,10.0,25.0,0.9142
20260301-09-31-44,20,15,1,4,75.0,5.0,20.0,0.9229
20260301-09-39-42,20,15,0,5,75.0,0.0,25.0,0.8868
20260301-09-47-41,20,14,2,4,70.0,10.0,20.0,0.9073
20260301-09-55-40,20,15,1,4,75.0,5.0,20.0,0.9276
20260301-10-03-38,20,13,3,4,65.0,15.0,20.0,0.8662
20260301-10-11-37,20,16,0,4,80.0,0.0,20.0,0.903
20260301-10-19-35,20,15,1,4,75.0,5.0,20.0,0.9117
20260301-10-27-34,20,15,1,4,75.0,5.0,20.0,0.9077
20260301-10-35-33,20,16,0,4,80.0,0.0,20.0,0.901
20260301-10-43-31,20,15,1,4,75.0,5.0,20.0,0.9191
20260301-10-51-30,20,14,0,6,70.0,0.0,30.0,0.9133
20260301-10-59-28,20,14,0,6,70.0,0.0,30.0,0.9056
20260301-11-07-27,20,18,0,2,90.0,0.0,10.0,0.9451
20260301-11-15-26,20,18,0,2,90.0,0.0,10.0,0.9401
20260301-11-23-24,20,18,0,2,90.0,0.0,10.0,0.9515
20260301-11-31-23,20,18,0,2,90.0,0.0,10.0,0.948
20260301-11-39-21,20,18,0,2,90.0,0.0,10.0,0.9434
20260301-11-47-20,20,18,0,2,90.0,0.0,10.0,0.9579
20260301-11-55-19,20,18,0,2,90.0,0.0,10.0,0.9554
20260301-12-03-17,20,18,0,2,90.0,0.0,10.0,0.9376
20260301-12-11-16,20,17,1,2,85.0,5.0,10.0,0.9607
20260301-12-19-14,20,18,0,2,90.0,0.0,10.0,0.9471
20260301-12-27-13,20,18,0,2,90.0,0.0,10.0,0.9523
20260301-12-35-12,20,17,0,3,85.0,0.0,15.0,0.9437
20260301-12-43-10,20,17,0,3,85.0,0.0,15.0,0.9459
20260301-12-51-09,20,17,0,3,85.0,0.0,15.0,0.9405
20260301-12-59-07,20,15,1,4,75.0,5.0,20.0,0.9267
20260301-13-07-06,20,16,0,4,80.0,0.0,20.0,0.9312
20260301-13-15-04,20,15,1,4,75.0,5.0,20.0,0.9359
20260301-13-23-03,20,15,2,3,75.0,10.0,15.0,0.9247
20260301-13-31-02,20,17,0,3,85.0,0.0,15.0,0.9326
20260301-13-39-00,20,17,1,2,85.0,5.0,10.0,0.9499
20260301-13-46-59,20,18,0,2,90.0,0.0,10.0,0.9538
20260301-13-54-57,20,17,0,3,85.0,0.0,15.0,0.9357
20260301-14-02-56,20,17,0,3,85.0,0.0,15.0,0.9477
20260301-14-10-54,20,17,0,3,85.0,0.0,15.0,0.9528
20260301-14-18-53,20,16,0,4,80.0,0.0,20.0,0.9333
20260301-14-26-51,20,16,0,4,80.0,0.0,20.0,0.9276
20260301-14-34-50,20,14,2,4,70.0,10.0,20.0,0.9104
20260301-14-42-48,20,14,1,5,70.0,5.0,25.0,0.8876
20260301-14-50-47,20,14,1,5,70.0,5.0,25.0,0.8988
20260301-14-58-45,20,15,1,4,75.0,5.0,20.0,0.9119
20260301-15-06-44,20,15,2,3,75.0,10.0,15.0,0.9162
20260301-15-14-43,20,16,1,3,80.0,5.0,15.0,0.9132
20260301-15-22-41,20,17,0,3,85.0,0.0,15.0,0.9355
20260301-15-30-40,20,17,0,3,85.0,0.0,15.0,0.9407
20260301-15-38-38,20,16,0,4,80.0,0.0,20.0,0.9399
20260301-15-46-37,20,15,0,5,75.0,0.0,25.0,0.919
20260301-15-54-35,20,11,0,9,55.0,0.0,45.0,0.8838
20260301-16-02-34,20,10,0,10,50.0,0.0,50.0,0.8447
20260301-16-10-32,20,6,1,13,30.0,5.0,65.0,0.793
20260301-16-18-31,20,5,1,14,25.0,5.0,70.0,0.8198
20260301-16-26-30,20,5,1,14,25.0,5.0,70.0,0.8106
20260301-16-34-28,20,13,1,6,65.0,5.0,30.0,0.893
20260301-16-42-27,20,13,1,6,65.0,5.0,30.0,0.898
20260301-16-50-25,20,12,0,8,60.0,0.0,40.0,0.8434
20260301-16-58-24,20,13,0,7,65.0,0.0,35.0,0.8687
20260301-17-06-23,20,11,0,9,55.0,0.0,45.0,0.8561
20260301-17-14-21,20,7,1,12,35.0,5.0,60.0,0.856
20260301-17-22-20,20,5,0,15,25.0,0.0,75.0,0.7966
20260301-17-30-18,20,4,0,16,20.0,0.0,80.0,0.7877
20260301-17-38-17,20,4,2,14,20.0,10.0,70.0,0.7972
20260301-17-46-15,20,5,0,15,25.0,0.0,75.0,0.8178
20260301-17-54-14,20,6,0,14,30.0,0.0,70.0,0.8302
20260301-18-02-12,20,4,0,16,20.0,0.0,80.0,0.7791
20260301-18-10-11,20,6,1,13,30.0,5.0,65.0,0.8322
20260301-18-18-10,20,4,1,15,20.0,5.0,75.0,0.7845
20260301-18-26-08,20,4,0,16,20.0,0.0,80.0,0.8036
20260301-18-34-07,20,5,0,15,25.0,0.0,75.0,0.8285
20260301-18-42-05,20,3,2,15,15.0,10.0,75.0,0.8063
20260301-18-50-04,20,4,0,16,20.0,0.0,80.0,0.8319
20260301-18-58-02,20,3,0,17,15.0,0.0,85.0,0.8374
20260301-19-06-01,20,0,2,18,0.0,10.0,90.0,0.7956
20260301-19-13-59,20,1,1,18,5.0,5.0,90.0,0.7788
20260301-19-21-58,20,0,1,19,0.0,5.0,95.0,0.7775
20260301-19-29-56,20,0,1,19,0.0,5.0,95.0,0.7954
20260301-19-37-55,20,2,1,17,10.0,5.0,85.0,0.802
20260301-19-45-54,20,2,1,17,10.0,5.0,85.0,0.7986
20260301-19-53-52,20,0,1,19,0.0,5.0,95.0,0.779
20260301-20-01-51,20,0,2,18,0.0,10.0,90.0,0.7923
20260301-20-09-49,20,3,1,16,15.0,5.0,80.0,0.825
20260301-20-17-48,20,1,1,18,5.0,5.0,90.0,0.7942
20260301-20-25-46,20,1,1,18,5.0,5.0,90.0,0.796
20260301-20-33-45,20,0,1,19,0.0,5.0,95.0,0.7796
20260301-20-41-44,20,0,1,19,0.0,5.0,95.0,0.767
20260301-20-49-42,20,1,0,19,5.0,0.0,95.0,0.7628
20260301-20-57-41,20,0,1,19,0.0,5.0,95.0,0.8081
20260301-21-05-39,20,0,1,19,0.0,5.0,95.0,0.7915
20260301-21-13-38,20,0,1,19,0.0,5.0,95.0,0.7894
20260301-21-21-37,20,0,1,19,0.0,5.0,95.0,0.7781
20260301-21-29-35,20,0,1,19,0.0,5.0,95.0,0.7684
20260301-21-37-34,20,0,1,19,0.0,5.0,95.0,0.8187
20260301-21-45-32,20,0,0,20,0.0,0.0,100.0,0.7841
20260301-21-53-31,20,2,1,17,10.0,5.0,85.0,0.7777
20260301-22-01-30,20,0,2,18,0.0,10.0,90.0,0.7752
20260301-22-09-28,20,3,0,17,15.0,0.0,85.0,0.8072
20260301-22-17-27,20,1,0,19,5.0,0.0,95.0,0.8014
20260301-22-25-25,20,0,0,20,0.0,0.0,100.0,0.8129
20260301-22-33-24,20,0,0,20,0.0,0.0,100.0,0.7961
20260301-22-41-22,20,0,0,20,0.0,0.0,100.0,0.8065
20260301-22-49-21,20,1,1,18,5.0,5.0,90.0,0.776
20260301-22-57-19,20,1,0,19,5.0,0.0,95.0,0.7983
20260301-23-05-18,20,1,0,19,5.0,0.0,95.0,0.7911
20260301-23-13-17,20,0,1,19,0.0,5.0,95.0,0.8046
20260301-23-21-15,20,0,0,20,0.0,0.0,100.0,0.7943
20260301-23-29-14,20,0,0,20,0.0,0.0,100.0,0.792
20260301-23-37-12,20,0,0,20,0.0,0.0,100.0,0.78
20260301-23-45-11,20,0,0,20,0.0,0.0,100.0,0.7851
20260301-23-53-09,20,2,0,18,10.0,0.0,90.0,0.7882
20260302-00-01-08,20,1,0,19,5.0,0.0,95.0,0.8309
20260302-00-09-06,20,0,1,19,0.0,5.0,95.0,0.8066
20260302-00-17-05,20,0,0,20,0.0,0.0,100.0,0.8103
20260302-00-25-04,20,0,0,20,0.0,0.0,100.0,0.7904
20260302-00-33-02,20,0,0,20,0.0,0.0,100.0,0.8147
20260302-00-41-01,20,0,0,20,0.0,0.0,100.0,0.8058
20260302-00-48-59,20,0,0,20,0.0,0.0,100.0,0.7908
20260302-00-56-58,20,0,0,20,0.0,0.0,100.0,0.8216
20260302-01-04-57,20,0,0,20,0.0,0.0,100.0,0.794
20260302-01-12-55,20,0,0,20,0.0,0.0,100.0,0.8144
20260302-01-20-54,20,0,0,20,0.0,0.0,100.0,0.8117
20260302-01-28-52,20,0,0,20,0.0,0.0,100.0,0.8022
20260302-01-36-51,20,0,0,20,0.0,0.0,100.0,0.8195
20260302-01-44-50,20,0,0,20,0.0,0.0,100.0,0.811
20260302-01-52-48,20,0,0,20,0.0,0.0,100.0,0.8338
20260302-02-00-47,20,0,0,20,0.0,0.0,100.0,0.7979
20260302-02-08-46,20,0,0,20,0.0,0.0,100.0,0.7932
20260302-02-16-44,19,0,0,19,0.0,0.0,100.0,0.799
20260302-02-24-43,20,0,0,20,0.0,0.0,100.0,0.8053
20260302-02-32-41,20,1,0,19,5.0,0.0,95.0,0.7967
20260302-02-40-40,20,1,0,19,5.0,0.0,95.0,0.8293
20260302-02-48-38,20,1,0,19,5.0,0.0,95.0,0.802
20260302-02-56-37,20,0,0,20,0.0,0.0,100.0,0.8035
20260302-03-04-36,20,0,0,20,0.0,0.0,100.0,0.8179
20260302-03-12-34,20,0,0,20,0.0,0.0,100.0,0.7853
20260302-03-20-33,20,0,0,20,0.0,0.0,100.0,0.818
20260302-03-28-31,20,0,0,20,0.0,0.0,100.0,0.7918
20260302-03-36-30,20,0,0,20,0.0,0.0,100.0,0.8178
20260302-03-44-28,20,0,0,20,0.0,0.0,100.0,0.8158
20260302-03-52-27,20,0,0,20,0.0,0.0,100.0,0.804
20260302-04-00-26,20,0,0,20,0.0,0.0,100.0,0.8266
20260302-04-08-24,20,1,0,19,5.0,0.0,95.0,0.8111
20260302-04-16-23,20,1,0,19,5.0,0.0,95.0,0.8289
20260302-04-24-21,20,1,2,17,5.0,10.0,85.0,0.7957
20260302-04-32-20,20,1,0,19,5.0,0.0,95.0,0.7738
20260302-04-40-19,20,4,0,16,20.0,0.0,80.0,0.7781
20260302-04-48-17,20,2,0,18,10.0,0.0,90.0,0.7877
20260302-04-56-16,20,3,1,16,15.0,5.0,80.0,0.8042
20260302-05-04-14,20,3,0,17,15.0,0.0,85.0,0.8161
20260302-05-12-13,20,4,0,16,20.0,0.0,80.0,0.7783
20260302-05-20-11,20,5,1,14,25.0,5.0,70.0,0.7859
20260302-05-28-10,20,4,1,15,20.0,5.0,75.0,0.8071
20260302-05-36-09,20,4,1,15,20.0,5.0,75.0,0.8125
20260302-05-44-07,20,5,1,14,25.0,5.0,70.0,0.8237
20260302-05-52-06,20,4,1,15,20.0,5.0,75.0,0.8382
20260302-06-00-04,20,4,3,13,20.0,15.0,65.0,0.8446
20260302-06-08-03,20,9,3,8,45.0,15.0,40.0,0.8176
20260302-06-16-01,20,6,1,13,30.0,5.0,65.0,0.8185
20260302-06-24-00,20,5,0,15,25.0,0.0,75.0,0.7766
20260302-06-31-59,20,5,2,13,25.0,10.0,65.0,0.8357
20260302-06-39-57,20,6,1,13,30.0,5.0,65.0,0.8023
20260302-06-47-56,20,9,1,10,45.0,5.0,50.0,0.8411
20260302-06-55-54,20,9,0,11,45.0,0.0,55.0,0.8472
20260302-07-03-53,20,10,2,8,50.0,10.0,40.0,0.863
20260302-07-11-51,20,10,3,7,50.0,15.0,35.0,0.8202
20260302-07-19-50,20,18,0,2,90.0,0.0,10.0,0.9415
20260302-07-27-49,20,18,0,2,90.0,0.0,10.0,0.951
20260302-07-35-47,20,18,0,2,90.0,0.0,10.0,0.9559
20260302-07-43-46,20,18,0,2,90.0,0.0,10.0,0.9501
20260302-07-51-44,20,18,0,2,90.0,0.0,10.0,0.9527
20260302-07-59-43,20,18,0,2,90.0,0.0,10.0,0.9484
20260302-08-07-42,20,18,0,2,90.0,0.0,10.0,0.947
20260302-08-15-40,20,17,1,2,85.0,5.0,10.0,0.9425
20260302-08-23-39,20,18,0,2,90.0,0.0,10.0,0.9301
20260302-08-31-38,20,17,1,2,85.0,5.0,10.0,0.939
20260302-08-39-36,20,18,0,2,90.0,0.0,10.0,0.9271
20260302-08-47-35,20,18,0,2,90.0,0.0,10.0,0.917
20260302-08-55-33,20,18,0,2,90.0,0.0,10.0,0.9422
20260302-09-03-32,20,18,0,2,90.0,0.0,10.0,0.9495
20260302-09-11-30,20,15,0,5,75.0,0.0,25.0,0.918
20260302-09-19-29,20,16,0,4,80.0,0.0,20.0,0.9115
20260302-09-27-27,20,15,1,4,75.0,5.0,20.0,0.9141
20260302-09-35-26,20,14,1,5,70.0,5.0,25.0,0.9058
20260302-09-43-25,20,14,1,5,70.0,5.0,25.0,0.9148
20260302-09-51-23,20,14,1,5,70.0,5.0,25.0,0.9219
20260302-09-59-22,20,14,2,4,70.0,10.0,20.0,0.8925
20260302-10-07-20,20,15,1,4,75.0,5.0,20.0,0.8953
20260302-10-15-19,20,14,1,5,70.0,5.0,25.0,0.9096
20260302-10-23-17,20,13,0,7,65.0,0.0,35.0,0.8639
20260302-10-31-16,20,13,0,7,65.0,0.0,35.0,0.8831
20260302-10-39-14,20,13,0,7,65.0,0.0,35.0,0.9066
20260302-10-47-13,20,15,1,4,75.0,5.0,20.0,0.8774
20260302-10-55-12,20,14,1,5,70.0,5.0,25.0,0.898
20260302-11-03-10,20,14,0,6,70.0,0.0,30.0,0.8972
20260302-11-11-09,20,14,1,5,70.0,5.0,25.0,0.896
20260302-11-19-07,20,12,1,7,60.0,5.0,35.0,0.873
20260302-11-27-06,20,13,1,6,65.0,5.0,30.0,0.9078
20260302-11-35-04,20,15,0,5,75.0,0.0,25.0,0.8989
20260302-11-43-03,20,13,1,6,65.0,5.0,30.0,0.8908
20260302-11-51-01,20,13,1,6,65.0,5.0,30.0,0.8879
20260302-11-59-00,20,13,1,6,65.0,5.0,30.0,0.8838
20260302-12-06-58,20,12,2,6,60.0,10.0,30.0,0.8349
20260302-12-14-57,20,12,2,6,60.0,10.0,30.0,0.8768
20260302-12-22-55,20,17,1,2,85.0,5.0,10.0,0.9418
20260302-12-30-54,20,16,2,2,80.0,10.0,10.0,0.9127
20260302-12-38-53,20,16,2,2,80.0,10.0,10.0,0.9355
20260302-12-46-51,20,18,0,2,90.0,0.0,10.0,0.9536
20260302-12-54-50,20,17,0,3,85.0,0.0,15.0,0.9334
20260302-13-02-48,20,14,0,6,70.0,0.0,30.0,0.909
20260302-13-10-47,20,17,1,2,85.0,5.0,10.0,0.9417
20260302-13-18-45,20,16,1,3,80.0,5.0,15.0,0.9212
20260302-13-26-44,20,15,0,5,75.0,0.0,25.0,0.9237
20260302-13-34-43,20,13,0,7,65.0,0.0,35.0,0.9183
20260302-13-42-41,20,13,1,6,65.0,5.0,30.0,0.9093
20260302-13-50-40,20,14,0,6,70.0,0.0,30.0,0.9124
20260302-13-58-38,20,12,0,8,60.0,0.0,40.0,0.8986
20260302-14-06-37,20,14,2,4,70.0,10.0,20.0,0.8833
20260302-14-14-35,20,14,1,5,70.0,5.0,25.0,0.8981
20260302-14-22-34,20,14,1,5,70.0,5.0,25.0,0.9035
20260302-14-30-32,20,11,4,5,55.0,20.0,25.0,0.8496
20260302-14-38-31,20,13,3,4,65.0,15.0,20.0,0.8965
20260302-14-46-29,20,13,3,4,65.0,15.0,20.0,0.8838
20260302-14-54-28,20,16,1,3,80.0,5.0,15.0,0.9132
20260302-15-02-26,20,15,1,4,75.0,5.0,20.0,0.9066
20260302-15-10-25,20,14,2,4,70.0,10.0,20.0,0.9035
20260302-15-18-23,20,12,2,6,60.0,10.0,30.0,0.8623
20260302-15-26-22,20,13,1,6,65.0,5.0,30.0,0.8903
20260302-15-34-20,20,15,0,5,75.0,0.0,25.0,0.9218
20260302-15-42-19,20,13,1,6,65.0,5.0,30.0,0.8743
20260302-15-50-18,20,12,1,7,60.0,5.0,35.0,0.8957
20260302-15-58-16,20,12,2,6,60.0,10.0,30.0,0.8838
20260302-16-06-15,20,11,0,9,55.0,0.0,45.0,0.8937
20260302-16-14-13,20,11,0,9,55.0,0.0,45.0,0.8931
20260302-16-22-12,20,12,0,8,60.0,0.0,40.0,0.8968
20260302-16-30-10,20,10,3,7,50.0,15.0,35.0,0.8853
20260302-16-38-09,20,12,1,7,60.0,5.0,35.0,0.9039
20260302-16-46-08,20,13,0,7,65.0,0.0,35.0,0.8809
20260302-16-54-06,20,10,0,10,50.0,0.0,50.0,0.8539
20260302-17-02-05,20,11,1,8,55.0,5.0,40.0,0.8607
20260302-17-10-03,20,10,0,10,50.0,0.0,50.0,0.828
20260302-17-18-02,20,6,2,12,30.0,10.0,60.0,0.8036
20260302-17-26-00,20,9,2,9,45.0,10.0,45.0,0.8184
20260302-17-33-59,20,8,1,11,40.0,5.0,55.0,0.8339
20260302-17-41-57,20,7,3,10,35.0,15.0,50.0,0.817
20260302-17-49-56,20,9,1,10,45.0,5.0,50.0,0.8454
20260302-17-57-54,20,8,1,11,40.0,5.0,55.0,0.8438
20260302-18-05-53,20,8,0,12,40.0,0.0,60.0,0.8599
20260302-18-13-51,20,6,1,13,30.0,5.0,65.0,0.8277
20260302-18-21-50,20,8,2,10,40.0,10.0,50.0,0.8078
20260302-18-29-49,20,10,1,9,50.0,5.0,45.0,0.8345
20260302-18-37-47,20,6,1,13,30.0,5.0,65.0,0.8189
20260302-18-45-46,20,3,1,16,15.0,5.0,80.0,0.7785
20260302-18-53-44,20,2,1,17,10.0,5.0,85.0,0.8133
20260302-19-01-43,20,2,1,17,10.0,5.0,85.0,0.7916
20260302-19-09-41,20,1,2,17,5.0,10.0,85.0,0.7649
20260302-19-17-40,20,0,2,18,0.0,10.0,90.0,0.7657
20260302-19-25-38,20,0,2,18,0.0,10.0,90.0,0.7678
20260302-19-33-37,20,1,2,17,5.0,10.0,85.0,0.742
20260302-19-41-36,20,0,1,19,0.0,5.0,95.0,0.7697
20260302-19-49-34,20,0,1,19,0.0,5.0,95.0,0.7662
20260302-19-57-33,20,2,0,18,10.0,0.0,90.0,0.774
20260302-20-05-31,20,1,1,18,5.0,5.0,90.0,0.7911
20260302-20-13-30,20,2,1,17,10.0,5.0,85.0,0.79
20260302-20-21-28,20,3,0,17,15.0,0.0,85.0,0.8348
20260302-20-29-27,20,2,0,18,10.0,0.0,90.0,0.7991
20260302-20-37-25,20,1,0,19,5.0,0.0,95.0,0.7937
20260302-20-45-24,20,3,0,17,15.0,0.0,85.0,0.8117
20260302-20-53-22,20,2,0,18,10.0,0.0,90.0,0.8171
20260302-21-01-21,20,2,0,18,10.0,0.0,90.0,0.8355
20260302-21-09-20,20,0,3,17,0.0,15.0,85.0,0.7772
20260302-21-17-18,20,0,1,19,0.0,5.0,95.0,0.8176
20260302-21-25-17,20,0,0,20,0.0,0.0,100.0,0.8086
20260302-21-33-15,20,0,0,20,0.0,0.0,100.0,0.805
20260302-21-41-14,20,0,0,20,0.0,0.0,100.0,0.8068
20260302-21-49-12,20,0,0,20,0.0,0.0,100.0,0.7835
20260302-21-57-11,20,1,0,19,5.0,0.0,95.0,0.8069
20260302-22-05-10,20,1,0,19,5.0,0.0,95.0,0.7865
20260302-22-13-08,20,1,1,18,5.0,5.0,90.0,0.8157
20260302-22-21-07,20,1,0,19,5.0,0.0,95.0,0.8417
20260302-22-29-05,20,0,0,20,0.0,0.0,100.0,0.8105
20260302-22-37-04,20,1,0,19,5.0,0.0,95.0,0.782
20260302-22-45-03,20,0,0,20,0.0,0.0,100.0,0.803
20260302-22-53-01,20,0,0,20,0.0,0.0,100.0,0.824
20260302-23-01-00,20,0,1,19,0.0,5.0,95.0,0.8028
20260302-23-08-59,20,0,0,20,0.0,0.0,100.0,0.824
20260302-23-16-57,20,3,0,17,15.0,0.0,85.0,0.8209
20260302-23-24-56,20,0,0,20,0.0,0.0,100.0,0.7939
20260302-23-32-54,20,1,1,18,5.0,5.0,90.0,0.8097
20260302-23-40-53,20,0,0,20,0.0,0.0,100.0,0.8195
20260302-23-48-51,20,0,0,20,0.0,0.0,100.0,0.7797
20260302-23-56-50,20,0,0,20,0.0,0.0,100.0,0.8138
20260303-00-04-48,20,0,0,20,0.0,0.0,100.0,0.8196
20260303-00-12-47,20,0,1,19,0.0,5.0,95.0,0.7964
20260303-00-20-46,20,0,0,20,0.0,0.0,100.0,0.8135
20260303-00-28-44,20,0,0,20,0.0,0.0,100.0,0.8046
20260303-00-36-43,20,0,0,20,0.0,0.0,100.0,0.7782
20260303-00-44-41,20,0,0,20,0.0,0.0,100.0,0.8196
20260303-00-52-40,20,0,0,20,0.0,0.0,100.0,0.8328
20260303-01-00-38,20,0,0,20,0.0,0.0,100.0,0.8253
20260303-01-08-37,20,0,0,20,0.0,0.0,100.0,0.8044
20260303-01-16-36,20,0,0,20,0.0,0.0,100.0,0.7957
20260303-01-24-34,20,0,0,20,0.0,0.0,100.0,0.8317
20260303-01-32-33,20,0,0,20,0.0,0.0,100.0,0.8001
20260303-01-40-31,20,1,0,19,5.0,0.0,95.0,0.8196
20260303-01-48-30,20,0,0,20,0.0,0.0,100.0,0.7925
20260303-01-56-28,20,0,0,20,0.0,0.0,100.0,0.831
20260303-02-04-27,20,0,0,20,0.0,0.0,100.0,0.8334
20260303-02-12-26,20,0,1,19,0.0,5.0,95.0,0.7832
20260303-02-20-24,20,0,0,20,0.0,0.0,100.0,0.857
20260303-02-28-23,20,0,0,20,0.0,0.0,100.0,0.8155
20260303-02-36-21,20,0,0,20,0.0,0.0,100.0,0.8133
20260303-02-44-20,20,0,0,20,0.0,0.0,100.0,0.8462
20260303-02-52-19,20,0,0,20,0.0,0.0,100.0,0.8376
20260303-03-00-17,20,0,0,20,0.0,0.0,100.0,0.8285
20260303-03-08-16,20,1,0,19,5.0,0.0,95.0,0.8452
20260303-03-16-14,20,1,0,19,5.0,0.0,95.0,0.8207
20260303-03-24-13,20,0,0,20,0.0,0.0,100.0,0.8114
20260303-03-32-12,20,0,0,20,0.0,0.0,100.0,0.8213
20260303-03-40-10,20,0,0,20,0.0,0.0,100.0,0.8168
20260303-03-48-09,20,0,0,20,0.0,0.0,100.0,0.8364
20260303-03-56-07,20,0,0,20,0.0,0.0,100.0,0.8054
20260303-04-04-06,20,1,0,19,5.0,0.0,95.0,0.816
20260303-04-12-04,20,0,0,20,0.0,0.0,100.0,0.807
20260303-04-20-03,20,0,1,19,0.0,5.0,95.0,0.7794
20260303-04-28-02,20,0,0,20,0.0,0.0,100.0,0.8052
20260303-04-36-00,20,0,0,20,0.0,0.0,100.0,0.7982
20260303-04-43-59,20,0,0,20,0.0,0.0,100.0,0.8099
20260303-04-51-57,20,0,1,19,0.0,5.0,95.0,0.7713
20260303-04-59-56,20,2,0,18,10.0,0.0,90.0,0.7947
20260303-05-07-54,20,3,0,17,15.0,0.0,85.0,0.7609
20260303-05-15-53,20,3,1,16,15.0,5.0,80.0,0.8048
20260303-05-23-51,20,6,1,13,30.0,5.0,65.0,0.8191
20260303-05-31-50,20,5,3,12,25.0,15.0,60.0,0.8001
20260303-05-39-49,20,5,1,14,25.0,5.0,70.0,0.8578
20260303-05-47-47,20,3,2,15,15.0,10.0,75.0,0.816
20260303-05-55-46,20,5,2,13,25.0,10.0,65.0,0.8355
20260303-06-03-44,20,5,1,14,25.0,5.0,70.0,0.8207
20260303-06-11-43,20,4,1,15,20.0,5.0,75.0,0.8311
20260303-06-19-41,20,4,1,15,20.0,5.0,75.0,0.8389
20260303-06-27-40,20,4,1,15,20.0,5.0,75.0,0.8314
20260303-06-35-38,20,11,1,8,55.0,5.0,40.0,0.8542
20260303-06-43-37,20,11,1,8,55.0,5.0,40.0,0.8414
20260303-06-51-36,20,11,0,9,55.0,0.0,45.0,0.8633
20260303-06-59-34,20,12,0,8,60.0,0.0,40.0,0.8701
20260303-07-07-33,20,11,2,7,55.0,10.0,35.0,0.8441
20260303-07-15-32,20,13,1,6,65.0,5.0,30.0,0.8972
20260303-07-23-30,20,18,0,2,90.0,0.0,10.0,0.9297
20260303-07-31-29,20,18,0,2,90.0,0.0,10.0,0.9482
20260303-07-39-28,20,18,0,2,90.0,0.0,10.0,0.9438
20260303-07-47-26,20,18,0,2,90.0,0.0,10.0,0.9454
20260303-07-55-25,20,17,0,3,85.0,0.0,15.0,0.9412
20260303-08-03-23,20,18,0,2,90.0,0.0,10.0,0.9487
20260303-08-11-22,20,17,1,2,85.0,5.0,10.0,0.9029
20260303-08-19-21,20,18,0,2,90.0,0.0,10.0,0.9181
20260303-08-27-19,20,16,1,3,80.0,5.0,15.0,0.9084
20260303-08-35-18,20,18,0,2,90.0,0.0,10.0,0.9507
20260303-08-43-16,20,17,0,3,85.0,0.0,15.0,0.9239
20260303-08-51-15,20,17,0,3,85.0,0.0,15.0,0.9345
20260303-08-59-13,20,15,1,4,75.0,5.0,20.0,0.9033
20260303-09-07-12,20,13,0,7,65.0,0.0,35.0,0.8908
20260303-09-15-10,20,14,2,4,70.0,10.0,20.0,0.9048
20260303-09-23-09,20,14,1,5,70.0,5.0,25.0,0.8733
20260303-09-31-07,20,13,1,6,65.0,5.0,30.0,0.8938
20260303-09-39-06,19,13,0,6,68.4,0.0,31.6,0.895
20260303-09-47-04,20,14,1,5,70.0,5.0,25.0,0.8855
20260303-09-55-03,20,13,1,6,65.0,5.0,30.0,0.9217
20260303-10-03-01,20,13,2,5,65.0,10.0,25.0,0.904
20260303-10-11-00,20,13,0,7,65.0,0.0,35.0,0.9169
20260303-10-18-58,20,13,0,7,65.0,0.0,35.0,0.9149
20260303-10-26-57,20,14,1,5,70.0,5.0,25.0,0.903
20260303-10-34-56,13,8,1,4,61.5,7.7,30.8,0.8414
20260303-10-42-54,20,12,3,5,60.0,15.0,25.0,0.8714
20260303-10-50-53,20,13,3,4,65.0,15.0,20.0,0.851
20260303-10-58-51,20,12,3,5,60.0,15.0,25.0,0.878
20260303-11-06-50,20,12,2,6,60.0,10.0,30.0,0.8786
20260303-11-14-48,20,11,1,8,55.0,5.0,40.0,0.8674
20260303-11-22-47,20,11,1,8,55.0,5.0,40.0,0.8818
20260303-11-30-45,20,11,1,8,55.0,5.0,40.0,0.8588
20260303-11-38-44,20,13,1,6,65.0,5.0,30.0,0.8581
20260303-11-46-42,20,13,2,5,65.0,10.0,25.0,0.8957
20260303-11-54-41,20,12,2,6,60.0,10.0,30.0,0.8864
20260303-12-02-39,20,14,3,3,70.0,15.0,15.0,0.8615
20260303-12-10-38,20,14,3,3,70.0,15.0,15.0,0.9031
20260303-12-18-36,20,18,1,1,90.0,5.0,5.0,0.945
20260303-12-30-38,20,17,3,0,85.0,15.0,0.0,0.9512
20260303-12-38-36,20,18,0,2,90.0,0.0,10.0,0.951
20260303-12-46-35,20,17,1,2,85.0,5.0,10.0,0.9011
20260303-12-54-33,20,13,1,6,65.0,5.0,30.0,0.9106
20260303-13-02-32,20,13,1,6,65.0,5.0,30.0,0.9234
20260303-13-10-31,20,14,0,6,70.0,0.0,30.0,0.9195
20260303-13-18-29,20,14,1,5,70.0,5.0,25.0,0.9072
20260303-13-26-28,20,18,2,0,90.0,10.0,0.0,0.9767
20260303-13-34-26,20,15,3,2,75.0,15.0,10.0,0.9037
20260303-13-42-24,20,16,2,2,80.0,10.0,10.0,0.9424
20260303-13-50-23,20,14,2,4,70.0,10.0,20.0,0.932
20260303-13-58-21,20,15,0,5,75.0,0.0,25.0,0.9271
20260303-14-06-20,20,13,2,5,65.0,10.0,25.0,0.9145
20260303-14-14-18,20,15,0,5,75.0,0.0,25.0,0.9341
20260303-14-22-17,20,15,1,4,75.0,5.0,20.0,0.9525
20260303-14-30-15,20,13,0,7,65.0,0.0,35.0,0.9128
20260303-14-38-14,20,13,0,7,65.0,0.0,35.0,0.8928
20260303-14-46-12,20,14,1,5,70.0,5.0,25.0,0.892
20260303-14-54-11,20,15,0,5,75.0,0.0,25.0,0.8926
20260303-15-02-09,20,15,0,5,75.0,0.0,25.0,0.9088
20260303-15-10-08,20,14,0,6,70.0,0.0,30.0,0.894
20260303-15-18-06,20,12,0,8,60.0,0.0,40.0,0.886
20260303-15-26-05,20,13,0,7,65.0,0.0,35.0,0.8928
20260303-15-34-03,20,12,1,7,60.0,5.0,35.0,0.8967
20260303-15-42-02,20,16,1,3,80.0,5.0,15.0,0.9525
20260303-15-50-00,20,15,2,3,75.0,10.0,15.0,0.9458
20260303-15-57-59,20,14,2,4,70.0,10.0,20.0,0.9266
20260303-16-05-57,20,10,1,9,50.0,5.0,45.0,0.8604
20260303-16-13-56,20,9,4,7,45.0,20.0,35.0,0.8372
20260303-16-21-54,20,11,2,7,55.0,10.0,35.0,0.8853
20260303-16-29-53,20,10,1,9,50.0,5.0,45.0,0.8865
20260303-16-37-51,20,10,1,9,50.0,5.0,45.0,0.8816
20260303-16-45-50,20,9,2,9,45.0,10.0,45.0,0.8803
20260303-16-53-48,20,10,0,10,50.0,0.0,50.0,0.8486
20260303-17-01-47,20,8,3,9,40.0,15.0,45.0,0.8639
20260303-17-09-45,20,8,2,10,40.0,10.0,50.0,0.8298
20260303-17-17-44,20,9,3,8,45.0,15.0,40.0,0.8931
20260303-17-25-42,20,9,1,10,45.0,5.0,50.0,0.8889
20260303-17-33-41,20,9,1,10,45.0,5.0,50.0,0.858
20260303-17-41-40,20,7,0,13,35.0,0.0,65.0,0.878
20260303-17-49-38,20,9,0,11,45.0,0.0,55.0,0.8695
20260303-17-57-37,20,7,0,13,35.0,0.0,65.0,0.8469
20260303-18-05-36,20,8,0,12,40.0,0.0,60.0,0.8648
20260303-18-13-34,20,8,0,12,40.0,0.0,60.0,0.8686
20260303-18-21-33,20,7,1,12,35.0,5.0,60.0,0.8716
20260303-18-29-31,20,8,1,11,40.0,5.0,55.0,0.8558
20260303-18-37-29,20,8,1,11,40.0,5.0,55.0,0.8462
20260303-18-45-28,20,4,3,13,20.0,15.0,65.0,0.8196
20260303-18-53-26,20,4,2,14,20.0,10.0,70.0,0.8409
20260303-19-01-25,20,3,2,15,15.0,10.0,75.0,0.7855
20260303-19-09-23,20,3,1,16,15.0,5.0,80.0,0.7903
20260303-19-17-22,20,2,1,17,10.0,5.0,85.0,0.8414
20260303-19-25-20,20,1,0,19,5.0,0.0,95.0,0.8009
20260303-19-33-19,20,1,0,19,5.0,0.0,95.0,0.8283
20260303-19-41-17,20,1,2,17,5.0,10.0,85.0,0.8107
20260303-19-49-16,20,0,1,19,0.0,5.0,95.0,0.8034
20260303-19-57-14,20,0,1,19,0.0,5.0,95.0,0.794
20260303-20-05-13,20,1,0,19,5.0,0.0,95.0,0.8552
20260303-20-13-11,20,1,3,16,5.0,15.0,80.0,0.8415
20260303-20-21-10,20,2,1,17,10.0,5.0,85.0,0.8343
20260303-20-29-08,20,3,0,17,15.0,0.0,85.0,0.8967
20260303-20-37-06,20,3,0,17,15.0,0.0,85.0,0.8695
20260303-20-45-05,20,0,0,20,0.0,0.0,100.0,0.8648
20260303-20-53-03,20,0,0,20,0.0,0.0,100.0,0.8427
20260303-21-01-02,20,0,0,20,0.0,0.0,100.0,0.8552
20260303-21-09-00,20,1,0,19,5.0,0.0,95.0,0.8478
20260303-21-16-59,20,0,0,20,0.0,0.0,100.0,0.8721
20260303-21-24-57,20,0,0,20,0.0,0.0,100.0,0.8613
20260303-21-32-56,20,0,1,19,0.0,5.0,95.0,0.8323
20260303-21-40-54,20,0,0,20,0.0,0.0,100.0,0.834
20260303-21-48-53,20,1,1,18,5.0,5.0,90.0,0.818
20260303-21-56-51,20,0,0,20,0.0,0.0,100.0,0.8692
20260303-22-04-50,20,0,0,20,0.0,0.0,100.0,0.8515
20260303-22-12-48,20,0,0,20,0.0,0.0,100.0,0.8633
20260303-22-20-47,20,0,0,20,0.0,0.0,100.0,0.8721
20260303-22-28-45,20,1,0,19,5.0,0.0,95.0,0.8619
20260303-22-36-44,20,0,0,20,0.0,0.0,100.0,0.8547
20260303-22-44-42,20,1,1,18,5.0,5.0,90.0,0.8536
20260303-22-52-41,20,2,1,17,10.0,5.0,85.0,0.8266
20260303-23-00-39,20,0,1,19,0.0,5.0,95.0,0.8381
20260303-23-08-38,20,0,0,20,0.0,0.0,100.0,0.8529
20260303-23-16-36,20,0,0,20,0.0,0.0,100.0,0.8612
20260303-23-24-35,20,0,0,20,0.0,0.0,100.0,0.8432
20260303-23-32-33,20,0,0,20,0.0,0.0,100.0,0.8529
20260303-23-40-32,20,0,0,20,0.0,0.0,100.0,0.8604
20260303-23-48-30,20,0,0,20,0.0,0.0,100.0,0.869
20260303-23-56-29,20,0,0,20,0.0,0.0,100.0,0.8712
20260304-00-04-27,20,0,0,20,0.0,0.0,100.0,0.8578
20260304-00-12-26,20,0,0,20,0.0,0.0,100.0,0.8794
20260304-00-20-24,20,0,0,20,0.0,0.0,100.0,0.8556
20260304-00-28-23,20,0,0,20,0.0,0.0,100.0,0.8694
20260304-00-36-21,20,0,0,20,0.0,0.0,100.0,0.8597
20260304-00-44-20,20,0,0,20,0.0,0.0,100.0,0.8783
20260304-00-52-18,20,0,0,20,0.0,0.0,100.0,0.8498
20260304-01-00-17,20,0,0,20,0.0,0.0,100.0,0.8883
20260304-01-08-15,20,0,0,20,0.0,0.0,100.0,0.8755
20260304-01-16-14,20,0,0,20,0.0,0.0,100.0,0.8398
20260304-01-24-12,20,0,0,20,0.0,0.0,100.0,0.8565
20260304-01-32-11,20,0,0,20,0.0,0.0,100.0,0.8734
20260304-01-40-09,20,0,0,20,0.0,0.0,100.0,0.8742
20260304-01-48-08,20,0,0,20,0.0,0.0,100.0,0.866
20260304-01-56-07,20,1,0,19,5.0,0.0,95.0,0.8553
20260304-02-04-05,20,0,0,20,0.0,0.0,100.0,0.8663
20260304-02-12-04,20,0,0,20,0.0,0.0,100.0,0.8498
20260304-02-20-02,20,1,0,19,5.0,0.0,95.0,0.8643
20260304-02-28-01,20,0,0,20,0.0,0.0,100.0,0.8316
20260304-02-36-00,20,0,1,19,0.0,5.0,95.0,0.8396
20260304-02-43-58,20,0,0,20,0.0,0.0,100.0,0.8305
20260304-02-51-57,20,1,0,19,5.0,0.0,95.0,0.8771
20260304-02-59-55,20,0,0,20,0.0,0.0,100.0,0.8612
20260304-03-07-54,20,0,0,20,0.0,0.0,100.0,0.8468
20260304-03-15-52,20,0,0,20,0.0,0.0,100.0,0.8557
20260304-03-23-51,20,1,0,19,5.0,0.0,95.0,0.8635
20260304-03-31-49,20,0,0,20,0.0,0.0,100.0,0.828
20260304-03-39-48,20,0,0,20,0.0,0.0,100.0,0.8634
20260304-03-47-47,20,0,0,20,0.0,0.0,100.0,0.851
20260304-03-55-45,20,1,0,19,5.0,0.0,95.0,0.873
20260304-04-03-44,20,1,0,19,5.0,0.0,95.0,0.8258
20260304-04-11-42,20,2,0,18,10.0,0.0,90.0,0.8734
20260304-04-19-41,20,2,0,18,10.0,0.0,90.0,0.8847
20260304-04-27-39,20,3,0,17,15.0,0.0,85.0,0.8603
20260304-04-35-38,20,3,0,17,15.0,0.0,85.0,0.8732
20260304-04-43-37,20,1,0,19,5.0,0.0,95.0,0.8716
20260304-04-51-35,20,4,0,16,20.0,0.0,80.0,0.8371
20260304-04-59-34,20,1,0,19,5.0,0.0,95.0,0.8737
20260304-07-52-38,20,20,0,0,100.0,0.0,0.0,0.9723
20260304-08-00-36,20,20,0,0,100.0,0.0,0.0,0.9584
20260304-08-08-35,20,19,1,0,95.0,5.0,0.0,0.9519
20260304-08-16-33,20,17,2,1,85.0,10.0,5.0,0.9299
20260304-08-24-32,20,18,1,1,90.0,5.0,5.0,0.9619
20260304-08-32-30,20,16,2,2,80.0,10.0,10.0,0.9619
20260304-08-40-29,20,16,1,3,80.0,5.0,15.0,0.9411
20260304-08-48-27,20,17,0,3,85.0,0.0,15.0,0.9515
20260304-08-56-26,20,14,2,4,70.0,10.0,20.0,0.913
20260304-09-04-24,20,12,3,5,60.0,15.0,25.0,0.8876
20260304-09-12-23,20,12,2,6,60.0,10.0,30.0,0.898
20260304-09-20-21,20,12,1,7,60.0,5.0,35.0,0.9243
20260304-09-28-20,20,10,2,8,50.0,10.0,40.0,0.9087
20260304-09-36-18,20,11,1,8,55.0,5.0,40.0,0.9193
20260304-09-44-17,20,12,1,7,60.0,5.0,35.0,0.8628
20260304-09-52-15,20,11,1,8,55.0,5.0,40.0,0.8979
20260304-10-00-14,20,12,1,7,60.0,5.0,35.0,0.8742
20260304-10-08-12,20,10,3,7,50.0,15.0,35.0,0.8896
20260304-10-16-10,20,9,3,8,45.0,15.0,40.0,0.8531
20260304-10-24-09,20,9,3,8,45.0,15.0,40.0,0.8707
20260304-10-32-07,20,10,2,8,50.0,10.0,40.0,0.8974
20260304-10-40-06,20,12,2,6,60.0,10.0,30.0,0.8979
20260304-10-48-04,20,14,0,6,70.0,0.0,30.0,0.9091
20260304-10-56-03,20,12,2,6,60.0,10.0,30.0,0.9011
20260304-11-04-01,20,10,2,8,50.0,10.0,40.0,0.8756
20260304-11-12-00,20,12,2,6,60.0,10.0,30.0,0.8858
20260304-11-19-58,20,11,0,9,55.0,0.0,45.0,0.8914
20260304-11-27-57,20,11,0,9,55.0,0.0,45.0,0.897
20260304-11-35-55,20,10,0,10,50.0,0.0,50.0,0.8703
20260304-11-43-54,20,10,0,10,50.0,0.0,50.0,0.8455
20260304-11-51-52,20,8,3,9,40.0,15.0,45.0,0.8562
20260304-11-59-51,20,7,4,9,35.0,20.0,45.0,0.8546
20260304-12-07-49,20,12,3,5,60.0,15.0,25.0,0.8424
20260304-12-15-48,20,13,1,6,65.0,5.0,30.0,0.8857
20260304-12-23-46,20,17,0,3,85.0,0.0,15.0,0.9097
20260304-12-31-45,20,13,0,7,65.0,0.0,35.0,0.9113
20260304-12-39-43,20,11,0,9,55.0,0.0,45.0,0.9097
20260304-12-47-41,20,13,0,7,65.0,0.0,35.0,0.9106
20260304-12-55-40,20,11,2,7,55.0,10.0,35.0,0.8992
20260304-13-03-38,20,11,2,7,55.0,10.0,35.0,0.8988
20260304-13-11-37,20,12,3,5,60.0,15.0,25.0,0.9013
20260304-13-19-35,20,14,3,3,70.0,15.0,15.0,0.9312
20260304-13-27-34,20,16,1,3,80.0,5.0,15.0,0.9416
20260304-13-35-32,20,14,2,4,70.0,10.0,20.0,0.9434
20260304-13-43-31,20,15,1,4,75.0,5.0,20.0,0.9247
20260304-13-51-29,20,15,1,4,75.0,5.0,20.0,0.9501
20260304-13-59-28,20,16,0,4,80.0,0.0,20.0,0.935
20260304-14-07-26,20,14,1,5,70.0,5.0,25.0,0.9112
20260304-14-15-25,20,13,1,6,65.0,5.0,30.0,0.9087
20260304-14-23-23,20,14,1,5,70.0,5.0,25.0,0.9126
20260304-14-31-22,20,11,4,5,55.0,20.0,25.0,0.879
20260304-14-39-20,20,14,2,4,70.0,10.0,20.0,0.9233
20260304-14-47-19,20,13,2,5,65.0,10.0,25.0,0.9153
20260304-14-55-17,20,16,1,3,80.0,5.0,15.0,0.9624
20260304-15-03-15,20,15,1,4,75.0,5.0,20.0,0.925
20260304-15-11-14,20,17,0,3,85.0,0.0,15.0,0.9515
20260304-15-19-12,20,15,1,4,75.0,5.0,20.0,0.9255
20260304-15-27-11,20,17,1,2,85.0,5.0,10.0,0.9284
20260304-15-35-09,20,17,0,3,85.0,0.0,15.0,0.9529
20260304-15-43-08,20,15,0,5,75.0,0.0,25.0,0.9572
20260304-15-51-06,20,14,0,6,70.0,0.0,30.0,0.9268
20260304-15-59-05,20,12,2,6,60.0,10.0,30.0,0.8987
20260304-16-07-03,20,14,1,5,70.0,5.0,25.0,0.9337
20260304-16-15-02,20,12,1,7,60.0,5.0,35.0,0.9134
20260304-16-23-00,20,12,0,8,60.0,0.0,40.0,0.9094
20260304-16-30-59,20,9,0,11,45.0,0.0,55.0,0.8784
20260304-16-38-57,20,6,1,13,30.0,5.0,65.0,0.8632
20260304-16-46-56,20,7,0,13,35.0,0.0,65.0,0.8762
20260304-16-54-54,20,5,2,13,25.0,10.0,65.0,0.8491
20260304-17-02-53,20,6,2,12,30.0,10.0,60.0,0.8685
20260304-17-10-51,20,8,2,10,40.0,10.0,50.0,0.8417
20260304-17-18-50,20,9,0,11,45.0,0.0,55.0,0.8724
20260304-17-26-48,20,8,0,12,40.0,0.0,60.0,0.8734
20260304-17-34-47,20,8,0,12,40.0,0.0,60.0,0.8885
20260304-17-42-45,20,7,1,12,35.0,5.0,60.0,0.8473
20260304-17-50-43,20,5,1,14,25.0,5.0,70.0,0.8378
20260304-17-58-42,20,7,1,12,35.0,5.0,60.0,0.8506
20260304-18-06-40,20,5,1,14,25.0,5.0,70.0,0.8032
20260304-18-14-39,20,3,1,16,15.0,5.0,80.0,0.8605
20260304-18-22-37,20,3,1,16,15.0,5.0,80.0,0.7945
20260304-18-30-36,20,4,0,16,20.0,0.0,80.0,0.8466
20260304-18-38-34,20,4,1,15,20.0,5.0,75.0,0.847
20260304-18-46-33,20,4,1,15,20.0,5.0,75.0,0.8324
20260304-18-54-31,20,1,0,19,5.0,0.0,95.0,0.805
20260304-19-02-30,20,1,1,18,5.0,5.0,90.0,0.7988
20260304-19-10-28,20,0,1,19,0.0,5.0,95.0,0.808
20260304-19-18-27,20,0,1,19,0.0,5.0,95.0,0.7904
20260304-19-26-25,20,0,1,19,0.0,5.0,95.0,0.8009
20260304-19-34-24,20,0,1,19,0.0,5.0,95.0,0.8274
20260304-19-42-22,20,0,0,20,0.0,0.0,100.0,0.8213
20260304-19-50-21,20,0,0,20,0.0,0.0,100.0,0.8396
20260304-19-58-19,20,1,0,19,5.0,0.0,95.0,0.85
20260304-20-06-18,20,1,0,19,5.0,0.0,95.0,0.8661
20260304-20-14-16,20,1,0,19,5.0,0.0,95.0,0.8053
20260304-20-22-15,20,4,0,16,20.0,0.0,80.0,0.8608
20260304-20-30-13,20,4,1,15,20.0,5.0,75.0,0.8272
20260304-20-38-12,20,1,1,18,5.0,5.0,90.0,0.8215
20260304-20-46-10,20,0,0,20,0.0,0.0,100.0,0.8473
20260304-20-54-09,20,0,0,20,0.0,0.0,100.0,0.836
20260304-21-02-07,17,0,0,17,0.0,0.0,100.0,0.8303
20260304-21-10-06,20,0,0,20,0.0,0.0,100.0,0.8238
20260304-21-18-04,20,0,0,20,0.0,0.0,100.0,0.8295
20260304-21-26-03,20,1,0,19,5.0,0.0,95.0,0.8506
20260304-21-34-01,20,0,0,20,0.0,0.0,100.0,0.848
20260304-21-42-00,20,1,0,19,5.0,0.0,95.0,0.8354
20260304-21-49-58,20,1,0,19,5.0,0.0,95.0,0.8543
20260304-21-57-57,20,0,0,20,0.0,0.0,100.0,0.851
20260304-22-05-55,20,0,0,20,0.0,0.0,100.0,0.8561
20260304-22-13-54,20,0,0,20,0.0,0.0,100.0,0.8323
20260304-22-21-52,20,0,0,20,0.0,0.0,100.0,0.8465
20260304-22-29-51,20,0,0,20,0.0,0.0,100.0,0.8512
20260304-22-37-49,20,2,0,18,10.0,0.0,90.0,0.8394
20260304-22-45-48,20,0,0,20,0.0,0.0,100.0,0.88
20260304-22-53-46,20,1,0,19,5.0,0.0,95.0,0.8479
20260304-23-01-45,20,0,0,20,0.0,0.0,100.0,0.8598
20260304-23-09-43,20,0,0,20,0.0,0.0,100.0,0.8527
20260304-23-17-42,20,0,1,19,0.0,5.0,95.0,0.8237
20260304-23-25-40,20,0,0,20,0.0,0.0,100.0,0.8566
20260304-23-33-39,20,0,1,19,0.0,5.0,95.0,0.8485
20260304-23-41-37,20,0,0,20,0.0,0.0,100.0,0.8391
20260304-23-49-36,20,1,0,19,5.0,0.0,95.0,0.8716
20260304-23-57-34,20,2,0,18,10.0,0.0,90.0,0.8771
20260305-00-05-33,20,1,0,19,5.0,0.0,95.0,0.862
20260305-00-13-31,20,1,0,19,5.0,0.0,95.0,0.8722
20260305-00-21-30,20,1,0,19,5.0,0.0,95.0,0.8676
20260305-00-29-28,20,0,0,20,0.0,0.0,100.0,0.8693
20260305-00-37-27,20,0,0,20,0.0,0.0,100.0,0.855
20260305-00-45-25,20,0,0,20,0.0,0.0,100.0,0.8688
20260305-00-53-24,20,0,0,20,0.0,0.0,100.0,0.8589
20260305-01-01-23,20,0,0,20,0.0,0.0,100.0,0.8714
20260305-01-09-21,20,0,0,20,0.0,0.0,100.0,0.8577
20260305-01-17-20,20,0,0,20,0.0,0.0,100.0,0.8581
20260305-01-25-18,20,0,2,18,0.0,10.0,90.0,0.8521
20260305-01-33-17,20,1,0,19,5.0,0.0,95.0,0.8578
20260305-01-41-15,20,0,0,20,0.0,0.0,100.0,0.8724
20260305-01-49-14,20,0,0,20,0.0,0.0,100.0,0.885
20260305-01-57-12,20,1,0,19,5.0,0.0,95.0,0.8784
20260305-02-05-11,20,1,0,19,5.0,0.0,95.0,0.8435
20260305-02-13-09,20,0,0,20,0.0,0.0,100.0,0.8664
20260305-02-21-08,20,3,0,17,15.0,0.0,85.0,0.8873
20260305-02-29-06,20,0,1,19,0.0,5.0,95.0,0.8429
20260305-02-37-05,20,0,0,20,0.0,0.0,100.0,0.8612
20260305-02-45-03,20,0,1,19,0.0,5.0,95.0,0.862
20260305-02-53-02,20,0,0,20,0.0,0.0,100.0,0.8545
20260305-03-01-00,20,0,0,20,0.0,0.0,100.0,0.8452
20260305-03-08-59,20,0,0,20,0.0,0.0,100.0,0.8485
20260305-03-16-57,20,0,0,20,0.0,0.0,100.0,0.865
20260305-03-24-55,20,0,0,20,0.0,0.0,100.0,0.8521
20260305-03-32-54,20,0,0,20,0.0,0.0,100.0,0.8461
20260305-03-40-52,20,0,0,20,0.0,0.0,100.0,0.863
20260305-03-48-51,20,1,1,18,5.0,5.0,90.0,0.8272
20260305-03-56-49,20,0,0,20,0.0,0.0,100.0,0.8454
20260305-04-04-48,20,3,0,17,15.0,0.0,85.0,0.8765
20260305-04-12-46,20,1,1,18,5.0,5.0,90.0,0.8564
20260305-04-20-45,20,1,1,18,5.0,5.0,90.0,0.8352
20260305-04-28-43,20,2,1,17,10.0,5.0,85.0,0.831
20260305-04-36-42,20,1,1,18,5.0,5.0,90.0,0.8448
20260305-04-44-40,20,1,1,18,5.0,5.0,90.0,0.8264
20260305-04-52-39,20,1,2,17,5.0,10.0,85.0,0.8419
20260305-05-00-37,20,2,2,16,10.0,10.0,80.0,0.87
20260305-05-08-36,20,2,1,17,10.0,5.0,85.0,0.8626
20260305-05-16-34,20,2,1,17,10.0,5.0,85.0,0.8404
20260305-05-24-32,20,2,1,17,10.0,5.0,85.0,0.8439
20260305-05-32-31,20,3,1,16,15.0,5.0,80.0,0.853
20260305-05-40-29,20,16,1,3,80.0,5.0,15.0,0.9
20260305-05-48-28,20,10,1,9,50.0,5.0,45.0,0.8903
20260305-05-56-26,20,9,1,10,45.0,5.0,50.0,0.9005
20260305-06-04-25,20,7,1,12,35.0,5.0,60.0,0.877
20260305-06-12-23,20,7,3,10,35.0,15.0,50.0,0.8711
20260305-06-20-21,20,14,2,4,70.0,10.0,20.0,0.8714
20260305-06-28-20,20,12,1,7,60.0,5.0,35.0,0.9116
20260305-06-36-18,20,16,1,3,80.0,5.0,15.0,0.9408
20260305-06-44-17,20,14,1,5,70.0,5.0,25.0,0.9341
20260305-06-52-15,20,14,2,4,70.0,10.0,20.0,0.8954
20260305-07-00-14,20,12,2,6,60.0,10.0,30.0,0.8968
20260305-07-08-12,20,11,1,8,55.0,5.0,40.0,0.9037
20260305-07-16-11,20,20,0,0,100.0,0.0,0.0,0.9619
20260305-07-24-09,20,20,0,0,100.0,0.0,0.0,0.968
20260305-07-32-08,20,20,0,0,100.0,0.0,0.0,0.9705
20260305-07-40-06,20,20,0,0,100.0,0.0,0.0,0.9626
20260305-07-48-05,20,20,0,0,100.0,0.0,0.0,0.9739
20260305-07-56-03,20,19,0,1,95.0,0.0,5.0,0.9637
20260305-08-04-02,20,20,0,0,100.0,0.0,0.0,0.9817
20260305-08-12-00,20,18,0,2,90.0,0.0,10.0,0.9301
20260305-08-19-58,20,17,1,2,85.0,5.0,10.0,0.9408
20260305-08-27-57,20,15,2,3,75.0,10.0,15.0,0.942
20260305-08-35-55,20,20,0,0,100.0,0.0,0.0,0.977
20260305-08-43-54,15,14,1,0,93.3,6.7,0.0,0.9621
20260305-08-51-52,20,15,1,4,75.0,5.0,20.0,0.9401
20260305-08-59-51,20,13,1,6,65.0,5.0,30.0,0.9092
20260305-09-07-49,20,13,1,6,65.0,5.0,30.0,0.9074
20260305-09-15-48,20,13,1,6,65.0,5.0,30.0,0.914
20260305-09-23-46,20,12,1,7,60.0,5.0,35.0,0.8995
20260305-09-31-45,20,14,2,4,70.0,10.0,20.0,0.9344
20260305-09-39-43,20,14,2,4,70.0,10.0,20.0,0.929
20260305-09-47-42,20,12,4,4,60.0,20.0,20.0,0.8902
20260305-09-55-40,20,14,3,3,70.0,15.0,15.0,0.9055
20260305-10-03-39,20,13,1,6,65.0,5.0,30.0,0.8869
20260305-10-11-37,20,13,1,6,65.0,5.0,30.0,0.9167
20260305-10-19-36,20,12,3,5,60.0,15.0,25.0,0.8932
20260305-10-27-34,20,13,1,6,65.0,5.0,30.0,0.8977
20260305-10-35-32,20,13,1,6,65.0,5.0,30.0,0.9231
20260305-10-43-31,20,11,2,7,55.0,10.0,35.0,0.8933
20260305-10-51-29,20,12,1,7,60.0,5.0,35.0,0.9299
20260305-10-59-28,20,13,0,7,65.0,0.0,35.0,0.9085
20260305-11-07-26,20,12,1,7,60.0,5.0,35.0,0.8854
20260305-11-15-25,20,12,2,6,60.0,10.0,30.0,0.9184
20260305-11-23-23,20,11,1,8,55.0,5.0,40.0,0.8808
20260305-11-31-22,20,11,2,7,55.0,10.0,35.0,0.8825
20260305-11-39-20,20,12,0,8,60.0,0.0,40.0,0.9116
20260305-11-47-19,20,13,1,6,65.0,5.0,30.0,0.9062
20260305-11-55-17,20,11,1,8,55.0,5.0,40.0,0.8835
20260305-12-03-16,20,10,3,7,50.0,15.0,35.0,0.8975
20260305-12-11-14,20,10,2,8,50.0,10.0,40.0,0.906
20260305-12-19-13,20,10,2,8,50.0,10.0,40.0,0.9004
20260305-12-27-11,20,12,2,6,60.0,10.0,30.0,0.8879
20260305-12-35-10,20,13,2,5,65.0,10.0,25.0,0.9183
20260305-12-43-08,20,15,2,3,75.0,10.0,15.0,0.9331
20260305-12-51-07,20,15,2,3,75.0,10.0,15.0,0.9421
20260305-12-59-05,20,15,3,2,75.0,15.0,10.0,0.8994
20260305-13-07-04,20,14,2,4,70.0,10.0,20.0,0.9132
20260305-13-15-02,20,13,2,5,65.0,10.0,25.0,0.9017
20260305-13-23-01,20,12,3,5,60.0,15.0,25.0,0.9255
20260305-13-30-59,20,12,1,7,60.0,5.0,35.0,0.9217
20260305-13-38-58,20,12,2,6,60.0,10.0,30.0,0.9067
20260305-13-46-56,20,14,1,5,70.0,5.0,25.0,0.9097
20260305-13-54-55,20,15,1,4,75.0,5.0,20.0,0.9271
20260305-14-02-53,20,14,1,5,70.0,5.0,25.0,0.9333
20260305-14-10-52,20,12,3,5,60.0,15.0,25.0,0.9016
20260305-14-18-50,20,13,2,5,65.0,10.0,25.0,0.9025
20260305-14-26-49,20,14,1,5,70.0,5.0,25.0,0.9082
20260305-14-34-47,20,14,2,4,70.0,10.0,20.0,0.9102
20260305-14-42-46,20,16,0,4,80.0,0.0,20.0,0.9192
20260305-14-50-44,20,15,0,5,75.0,0.0,25.0,0.9413
20260305-14-58-43,20,15,1,4,75.0,5.0,20.0,0.9116
20260305-15-06-41,20,17,0,3,85.0,0.0,15.0,0.9649
20260305-15-14-40,20,16,0,4,80.0,0.0,20.0,0.9621
20260305-15-22-38,20,13,0,7,65.0,0.0,35.0,0.8974
20260305-15-30-37,20,13,0,7,65.0,0.0,35.0,0.8798
20260305-15-38-35,20,9,1,10,45.0,5.0,50.0,0.8608
20260305-15-46-34,20,8,1,11,40.0,5.0,55.0,0.8833
20260305-15-54-32,20,9,1,10,45.0,5.0,50.0,0.8809
20260305-16-02-31,20,10,2,8,50.0,10.0,40.0,0.8944
20260305-16-10-29,20,13,1,6,65.0,5.0,30.0,0.9139
20260305-16-18-28,20,12,0,8,60.0,0.0,40.0,0.9097
20260305-16-26-26,20,12,0,8,60.0,0.0,40.0,0.8888
20260305-16-34-24,20,8,1,11,40.0,5.0,55.0,0.854
20260305-16-42-23,20,6,1,13,30.0,5.0,65.0,0.8552
20260305-16-50-21,20,8,0,12,40.0,0.0,60.0,0.8635
20260305-16-58-20,20,7,1,12,35.0,5.0,60.0,0.8337
20260305-17-06-18,20,7,1,12,35.0,5.0,60.0,0.8572
20260305-17-14-17,20,6,0,14,30.0,0.0,70.0,0.8139
20260305-17-22-15,20,5,0,15,25.0,0.0,75.0,0.8286
20260305-17-30-14,20,5,0,15,25.0,0.0,75.0,0.8047
20260305-17-38-12,20,3,1,16,15.0,5.0,80.0,0.806
20260305-17-46-11,20,3,1,16,15.0,5.0,80.0,0.8304
20260305-17-54-09,20,2,1,17,10.0,5.0,85.0,0.8313
20260305-18-02-08,20,2,0,18,10.0,0.0,90.0,0.8584
20260305-18-10-06,20,2,0,18,10.0,0.0,90.0,0.8378
20260305-18-18-05,20,3,0,17,15.0,0.0,85.0,0.8254
20260305-18-26-03,20,3,0,17,15.0,0.0,85.0,0.8577
20260305-18-34-02,20,2,0,18,10.0,0.0,90.0,0.8626
20260305-18-42-00,20,1,0,19,5.0,0.0,95.0,0.8442
20260305-18-49-59,20,2,0,18,10.0,0.0,90.0,0.8551
20260305-18-57-57,20,3,0,17,15.0,0.0,85.0,0.8502
20260305-19-05-56,20,3,0,17,15.0,0.0,85.0,0.7941
20260305-19-13-54,20,3,0,17,15.0,0.0,85.0,0.8414
20260305-19-21-53,20,1,0,19,5.0,0.0,95.0,0.8466
20260305-19-29-51,20,1,0,19,5.0,0.0,95.0,0.8626
20260305-19-37-50,20,0,0,20,0.0,0.0,100.0,0.8536
20260305-19-45-48,20,0,0,20,0.0,0.0,100.0,0.8408
20260305-19-53-47,20,1,0,19,5.0,0.0,95.0,0.817
20260305-20-01-45,20,0,0,20,0.0,0.0,100.0,0.8489
20260305-20-09-44,20,0,0,20,0.0,0.0,100.0,0.8518
20260305-20-17-42,20,0,1,19,0.0,5.0,95.0,0.8627
20260305-20-25-41,20,1,0,19,5.0,0.0,95.0,0.8487
20260305-20-33-39,20,1,0,19,5.0,0.0,95.0,0.8635
20260305-20-41-38,20,1,0,19,5.0,0.0,95.0,0.8503
20260305-20-49-36,20,0,0,20,0.0,0.0,100.0,0.818
20260305-20-57-35,20,0,0,20,0.0,0.0,100.0,0.8479
20260305-21-05-34,20,0,0,20,0.0,0.0,100.0,0.8378
20260305-21-13-32,20,0,0,20,0.0,0.0,100.0,0.8545
20260305-21-21-31,20,0,0,20,0.0,0.0,100.0,0.8639
20260305-21-29-29,20,2,0,18,10.0,0.0,90.0,0.8567
20260305-21-37-28,20,1,0,19,5.0,0.0,95.0,0.8529
20260305-21-45-26,20,0,0,20,0.0,0.0,100.0,0.8511
20260305-21-53-25,20,1,0,19,5.0,0.0,95.0,0.861
20260305-22-01-23,20,1,0,19,5.0,0.0,95.0,0.8619
20260305-22-09-22,20,0,0,20,0.0,0.0,100.0,0.8463
20260305-22-17-20,20,0,0,20,0.0,0.0,100.0,0.8296
20260305-22-25-19,20,0,0,20,0.0,0.0,100.0,0.8564
20260305-22-33-17,20,0,0,20,0.0,0.0,100.0,0.862
20260305-22-41-16,20,0,0,20,0.0,0.0,100.0,0.8768
20260305-22-49-14,20,1,0,19,5.0,0.0,95.0,0.8631
20260305-22-57-13,20,0,0,20,0.0,0.0,100.0,0.8591
20260305-23-05-11,20,0,0,20,0.0,0.0,100.0,0.8402
20260305-23-13-10,20,0,0,20,0.0,0.0,100.0,0.8683
20260305-23-21-09,20,1,0,19,5.0,0.0,95.0,0.8495
20260305-23-29-07,20,0,0,20,0.0,0.0,100.0,0.8535
20260305-23-37-06,20,0,0,20,0.0,0.0,100.0,0.8425
20260305-23-45-04,20,0,0,20,0.0,0.0,100.0,0.8607
20260305-23-53-03,20,0,0,20,0.0,0.0,100.0,0.8495
20260306-00-01-02,20,0,0,20,0.0,0.0,100.0,0.8439
20260306-00-09-00,20,0,0,20,0.0,0.0,100.0,0.8451
20260306-00-16-59,20,0,0,20,0.0,0.0,100.0,0.8519
20260306-00-24-57,20,0,0,20,0.0,0.0,100.0,0.861
20260306-00-32-56,20,0,0,20,0.0,0.0,100.0,0.8346
20260306-00-40-54,18,0,0,18,0.0,0.0,100.0,0.8513
20260306-00-48-53,20,0,0,20,0.0,0.0,100.0,0.8557
20260306-00-56-51,20,0,0,20,0.0,0.0,100.0,0.8472
20260306-01-04-50,20,0,0,20,0.0,0.0,100.0,0.839
20260306-01-12-49,20,0,1,19,0.0,5.0,95.0,0.8473
20260306-01-20-47,20,0,0,20,0.0,0.0,100.0,0.8625
20260306-01-28-46,20,0,0,20,0.0,0.0,100.0,0.8577
20260306-01-36-44,20,0,0,20,0.0,0.0,100.0,0.8429
20260306-01-44-43,20,1,0,19,5.0,0.0,95.0,0.8599
20260306-01-52-42,20,0,0,20,0.0,0.0,100.0,0.8857
20260306-02-00-40,20,1,0,19,5.0,0.0,95.0,0.8793
20260306-02-08-39,20,3,0,17,15.0,0.0,85.0,0.8598
20260306-02-16-37,20,0,0,20,0.0,0.0,100.0,0.8579
20260306-02-24-36,20,1,0,19,5.0,0.0,95.0,0.8654
20260306-02-32-35,20,0,0,20,0.0,0.0,100.0,0.8398
20260306-02-40-33,20,0,0,20,0.0,0.0,100.0,0.8609
20260306-02-48-32,20,0,0,20,0.0,0.0,100.0,0.8648
20260306-02-56-31,20,0,0,20,0.0,0.0,100.0,0.8498
20260306-03-04-29,20,0,0,20,0.0,0.0,100.0,0.8679
20260306-03-12-28,20,1,0,19,5.0,0.0,95.0,0.8827
20260306-03-20-26,20,1,0,19,5.0,0.0,95.0,0.892
20260306-03-28-25,20,1,0,19,5.0,0.0,95.0,0.8692
20260306-03-36-24,20,1,0,19,5.0,0.0,95.0,0.8597
20260306-03-44-22,20,1,0,19,5.0,0.0,95.0,0.8712
20260306-03-52-21,20,2,0,18,10.0,0.0,90.0,0.892
20260306-04-00-20,20,1,0,19,5.0,0.0,95.0,0.844
20260306-04-08-18,20,1,0,19,5.0,0.0,95.0,0.8576
20260306-04-16-17,20,2,0,18,10.0,0.0,90.0,0.8419
20260306-04-24-15,20,4,1,15,20.0,5.0,75.0,0.8563
20260306-04-32-14,20,3,1,16,15.0,5.0,80.0,0.8435
20260306-04-40-12,20,2,4,14,10.0,20.0,70.0,0.8406
20260306-04-48-11,20,2,1,17,10.0,5.0,85.0,0.8145
20260306-04-56-10,20,2,2,16,10.0,10.0,80.0,0.8268
20260306-05-04-08,20,1,0,19,5.0,0.0,95.0,0.8667
20260306-05-12-07,20,2,1,17,10.0,5.0,85.0,0.8279
20260306-05-20-05,20,2,0,18,10.0,0.0,90.0,0.8148
20260306-05-28-04,20,3,0,17,15.0,0.0,85.0,0.8107
20260306-05-36-02,20,1,0,19,5.0,0.0,95.0,0.8521
20260306-05-44-01,20,1,0,19,5.0,0.0,95.0,0.8346
20260306-05-52-00,20,9,1,10,45.0,5.0,50.0,0.8708
20260306-05-59-58,20,10,1,9,50.0,5.0,45.0,0.8653
20260306-06-07-57,20,9,0,11,45.0,0.0,55.0,0.8547
20260306-06-15-56,20,17,2,1,85.0,10.0,5.0,0.9215
20260306-06-23-54,20,14,2,4,70.0,10.0,20.0,0.9213
20260306-06-31-53,20,15,0,5,75.0,0.0,25.0,0.9366
20260306-06-39-51,20,12,1,7,60.0,5.0,35.0,0.9292
20260306-06-47-50,20,12,0,8,60.0,0.0,40.0,0.9367
20260306-06-55-49,20,12,0,8,60.0,0.0,40.0,0.9157
20260306-07-03-47,20,13,2,5,65.0,10.0,25.0,0.8749
20260306-07-11-46,20,14,3,3,70.0,15.0,15.0,0.9109
20260306-07-19-44,20,20,0,0,100.0,0.0,0.0,0.9694
20260306-07-27-43,20,20,0,0,100.0,0.0,0.0,0.9618
20260306-07-35-41,20,20,0,0,100.0,0.0,0.0,0.9692
20260306-07-43-40,20,20,0,0,100.0,0.0,0.0,0.9665
20260306-07-51-39,20,19,0,1,95.0,0.0,5.0,0.9665
20260306-07-59-37,20,17,0,3,85.0,0.0,15.0,0.9404
20260306-08-07-36,20,18,0,2,90.0,0.0,10.0,0.9432
20260306-08-15-34,20,17,1,2,85.0,5.0,10.0,0.9253
20260306-08-23-33,20,17,1,2,85.0,5.0,10.0,0.9162
20260306-08-31-32,20,19,1,0,95.0,5.0,0.0,0.9478
20260306-08-39-30,20,19,1,0,95.0,5.0,0.0,0.9543
20260306-08-47-29,20,14,2,4,70.0,10.0,20.0,0.949
20260306-08-55-27,20,16,2,2,80.0,10.0,10.0,0.9542
20260306-09-03-26,20,15,2,3,75.0,10.0,15.0,0.94
20260306-09-11-24,20,15,2,3,75.0,10.0,15.0,0.9296
20260306-09-19-23,20,14,1,5,70.0,5.0,25.0,0.9205
20260306-09-27-22,20,10,3,7,50.0,15.0,35.0,0.8367
20260306-09-35-20,20,7,4,9,35.0,20.0,45.0,0.837
20260306-09-43-19,20,5,4,11,25.0,20.0,55.0,0.8523
20260306-09-51-17,20,8,4,8,40.0,20.0,40.0,0.8634
20260306-09-59-15,20,7,3,10,35.0,15.0,50.0,0.859
20260306-10-07-14,20,10,4,6,50.0,20.0,30.0,0.8843
20260306-10-15-12,20,7,4,9,35.0,20.0,45.0,0.8888
20260306-10-23-11,20,8,1,11,40.0,5.0,55.0,0.8633
20260306-10-31-09,20,8,1,11,40.0,5.0,55.0,0.8444
20260306-10-39-08,20,10,1,9,50.0,5.0,45.0,0.8778
20260306-10-47-06,20,7,2,11,35.0,10.0,55.0,0.8479
20260306-10-55-05,20,9,2,9,45.0,10.0,45.0,0.8616
20260306-11-03-03,20,9,3,8,45.0,15.0,40.0,0.8437
20260306-11-11-02,20,9,3,8,45.0,15.0,40.0,0.8402
20260306-11-19-00,20,11,2,7,55.0,10.0,35.0,0.8822
20260306-11-26-58,20,11,4,5,55.0,20.0,25.0,0.8545
20260306-11-34-57,20,15,2,3,75.0,10.0,15.0,0.8809
20260306-11-42-55,20,14,2,4,70.0,10.0,20.0,0.8829
20260306-11-50-54,20,11,3,6,55.0,15.0,30.0,0.8335
20260306-11-58-53,20,11,2,7,55.0,10.0,35.0,0.8609
20260306-12-06-51,20,12,3,5,60.0,15.0,25.0,0.9034
20260306-12-14-50,20,12,3,5,60.0,15.0,25.0,0.8896
20260306-12-22-48,20,13,1,6,65.0,5.0,30.0,0.891
20260306-12-30-47,20,12,1,7,60.0,5.0,35.0,0.8637
20260306-12-38-45,20,9,1,10,45.0,5.0,50.0,0.8831
20260306-12-46-44,20,7,2,11,35.0,10.0,55.0,0.8858
20260306-12-54-42,20,6,3,11,30.0,15.0,55.0,0.8583
20260306-13-02-41,20,5,3,12,25.0,15.0,60.0,0.854
20260306-13-10-39,20,7,0,13,35.0,0.0,65.0,0.8801
20260306-13-18-38,20,11,1,8,55.0,5.0,40.0,0.8861
20260306-13-26-37,20,11,0,9,55.0,0.0,45.0,0.907
20260306-13-34-35,20,11,0,9,55.0,0.0,45.0,0.8565
20260306-13-42-34,20,8,0,12,40.0,0.0,60.0,0.8414
20260306-13-50-32,20,8,0,12,40.0,0.0,60.0,0.8523
20260306-13-58-31,20,9,1,10,45.0,5.0,50.0,0.8652
20260306-14-06-29,20,9,2,9,45.0,10.0,45.0,0.8628
20260306-14-14-28,20,11,1,8,55.0,5.0,40.0,0.8721
20260306-14-22-26,20,10,2,8,50.0,10.0,40.0,0.8752
20260306-14-30-25,20,10,0,10,50.0,0.0,50.0,0.8785
20260306-14-38-23,20,13,1,6,65.0,5.0,30.0,0.8934
20260306-14-46-22,20,12,1,7,60.0,5.0,35.0,0.92
20260306-14-54-20,20,12,1,7,60.0,5.0,35.0,0.8995
20260306-15-02-19,20,12,1,7,60.0,5.0,35.0,0.9144
20260306-15-10-18,20,12,0,8,60.0,0.0,40.0,0.9093
20260306-15-18-16,20,12,0,8,60.0,0.0,40.0,0.8812
20260306-15-26-15,20,11,1,8,55.0,5.0,40.0,0.8787
20260306-15-34-13,20,9,3,8,45.0,15.0,40.0,0.8401
20260306-15-42-12,20,8,0,12,40.0,0.0,60.0,0.9102
20260306-15-50-10,20,7,0,13,35.0,0.0,65.0,0.8872
20260306-15-58-09,20,8,0,12,40.0,0.0,60.0,0.8508
20260306-16-06-07,20,5,0,15,25.0,0.0,75.0,0.8191
20260306-16-14-06,20,8,0,12,40.0,0.0,60.0,0.8811
20260306-16-22-04,20,6,2,12,30.0,10.0,60.0,0.8308
20260306-16-30-03,20,7,0,13,35.0,0.0,65.0,0.8793
20260306-16-38-01,20,6,0,14,30.0,0.0,70.0,0.8598
20260306-16-46-00,20,4,0,16,20.0,0.0,80.0,0.866
20260306-16-53-58,20,1,0,19,5.0,0.0,95.0,0.8393
20260306-17-01-57,20,2,1,17,10.0,5.0,85.0,0.8747
20260306-17-09-56,20,2,1,17,10.0,5.0,85.0,0.8908
20260306-17-17-54,20,1,0,19,5.0,0.0,95.0,0.8648
20260306-17-25-53,20,0,0,20,0.0,0.0,100.0,0.8547
20260306-17-33-51,20,1,0,19,5.0,0.0,95.0,0.8477
20260306-17-41-50,20,0,0,20,0.0,0.0,100.0,0.8639
20260306-17-49-48,20,0,0,20,0.0,0.0,100.0,0.8513
20260306-17-57-47,20,0,0,20,0.0,0.0,100.0,0.8292
20260306-18-05-45,20,0,0,20,0.0,0.0,100.0,0.8724
20260306-18-13-44,20,4,0,16,20.0,0.0,80.0,0.8552
20260306-18-21-42,20,4,0,16,20.0,0.0,80.0,0.8679
20260306-18-29-41,20,6,0,14,30.0,0.0,70.0,0.8877
20260306-18-37-40,20,4,0,16,20.0,0.0,80.0,0.8663
20260306-18-45-38,20,1,0,19,5.0,0.0,95.0,0.8288
20260306-18-53-37,20,0,0,20,0.0,0.0,100.0,0.8177
20260306-19-01-35,20,0,1,19,0.0,5.0,95.0,0.8596
20260306-19-09-34,20,0,0,20,0.0,0.0,100.0,0.8822
20260306-19-17-32,20,0,0,20,0.0,0.0,100.0,0.8875
20260306-19-25-31,20,0,0,20,0.0,0.0,100.0,0.8612
20260306-19-33-29,20,0,0,20,0.0,0.0,100.0,0.8589
20260306-19-41-28,20,0,0,20,0.0,0.0,100.0,0.8749
20260306-19-49-26,20,1,0,19,5.0,0.0,95.0,0.8665
20260306-19-57-25,20,2,0,18,10.0,0.0,90.0,0.8894
20260306-20-05-23,20,2,0,18,10.0,0.0,90.0,0.8811
20260306-20-13-22,20,0,0,20,0.0,0.0,100.0,0.8691
20260306-20-21-20,20,0,1,19,0.0,5.0,95.0,0.8436
20260306-20-29-19,20,0,0,20,0.0,0.0,100.0,0.8559
20260306-20-37-17,20,1,0,19,5.0,0.0,95.0,0.8557
20260306-20-45-16,20,0,0,20,0.0,0.0,100.0,0.8617
20260306-20-53-14,20,1,0,19,5.0,0.0,95.0,0.8962
20260306-21-01-13,20,0,0,20,0.0,0.0,100.0,0.8749
20260306-21-09-12,20,0,0,20,0.0,0.0,100.0,0.8761
20260306-21-17-10,20,0,0,20,0.0,0.0,100.0,0.8722
20260306-21-25-09,20,2,0,18,10.0,0.0,90.0,0.8782
20260306-21-33-07,20,0,0,20,0.0,0.0,100.0,0.8601
20260306-21-41-06,19,0,0,19,0.0,0.0,100.0,0.8683
20260306-21-49-04,16,0,0,16,0.0,0.0,100.0,0.8767
20260306-21-57-03,20,0,0,20,0.0,0.0,100.0,0.8627
20260306-22-05-01,20,2,0,18,10.0,0.0,90.0,0.8487
20260306-22-13-00,20,2,0,18,10.0,0.0,90.0,0.8696
20260306-22-20-58,20,0,0,20,0.0,0.0,100.0,0.8518
20260306-22-28-57,20,0,0,20,0.0,0.0,100.0,0.8389
20260306-22-36-55,20,4,1,15,20.0,5.0,75.0,0.8419
20260306-22-44-54,20,4,3,13,20.0,15.0,65.0,0.8332
20260306-22-52-53,20,1,0,19,5.0,0.0,95.0,0.8388
20260306-23-00-51,20,3,2,15,15.0,10.0,75.0,0.8201
20260306-23-08-49,20,2,1,17,10.0,5.0,85.0,0.847
20260306-23-16-48,20,1,0,19,5.0,0.0,95.0,0.8605
20260306-23-24-46,20,0,0,20,0.0,0.0,100.0,0.8397
20260306-23-32-45,20,0,0,20,0.0,0.0,100.0,0.8312
20260306-23-40-43,20,0,0,20,0.0,0.0,100.0,0.8427
20260306-23-48-42,20,0,0,20,0.0,0.0,100.0,0.8703
20260306-23-56-40,20,0,0,20,0.0,0.0,100.0,0.8597
20260307-00-04-39,20,0,0,20,0.0,0.0,100.0,0.8761
20260307-00-12-37,20,0,0,20,0.0,0.0,100.0,0.8588
20260307-00-20-36,20,2,0,18,10.0,0.0,90.0,0.8467
20260307-00-28-34,20,1,0,19,5.0,0.0,95.0,0.8692
20260307-00-36-33,20,0,0,20,0.0,0.0,100.0,0.8715
20260307-00-44-31,20,0,0,20,0.0,0.0,100.0,0.8708
20260307-00-52-30,20,0,0,20,0.0,0.0,100.0,0.8527
20260307-01-00-28,20,0,0,20,0.0,0.0,100.0,0.8664
20260307-01-08-27,20,0,0,20,0.0,0.0,100.0,0.8262
20260307-01-16-25,20,0,0,20,0.0,0.0,100.0,0.8747
20260307-01-24-24,20,1,0,19,5.0,0.0,95.0,0.8637
20260307-01-32-22,20,0,0,20,0.0,0.0,100.0,0.8659
20260307-01-40-21,20,0,0,20,0.0,0.0,100.0,0.8552
20260307-01-48-19,20,0,0,20,0.0,0.0,100.0,0.8566
20260307-01-56-18,20,0,0,20,0.0,0.0,100.0,0.8498
20260307-02-04-16,20,0,0,20,0.0,0.0,100.0,0.8661
20260307-02-12-15,20,2,0,18,10.0,0.0,90.0,0.8676
20260307-02-20-13,20,1,0,19,5.0,0.0,95.0,0.8711
20260307-02-28-12,20,0,0,20,0.0,0.0,100.0,0.8917
20260307-02-36-10,20,0,0,20,0.0,0.0,100.0,0.8819
20260307-02-44-09,20,1,0,19,5.0,0.0,95.0,0.8557
20260307-02-52-07,20,0,0,20,0.0,0.0,100.0,0.8655
20260307-03-00-06,20,0,1,19,0.0,5.0,95.0,0.8662
20260307-03-08-04,20,0,0,20,0.0,0.0,100.0,0.8839
20260307-03-16-03,20,0,0,20,0.0,0.0,100.0,0.8571
20260307-03-24-01,20,0,0,20,0.0,0.0,100.0,0.8685
20260307-03-32-00,20,0,0,20,0.0,0.0,100.0,0.8736
20260307-03-39-58,20,2,0,18,10.0,0.0,90.0,0.8616
20260307-03-47-57,20,2,0,18,10.0,0.0,90.0,0.8816
20260307-03-55-55,20,0,0,20,0.0,0.0,100.0,0.8911
20260307-04-03-54,20,0,0,20,0.0,0.0,100.0,0.8562
20260307-04-11-52,20,0,0,20,0.0,0.0,100.0,0.8713
20260307-04-19-51,20,1,0,19,5.0,0.0,95.0,0.8907
20260307-04-27-49,20,1,0,19,5.0,0.0,95.0,0.8766
20260307-04-35-48,20,2,0,18,10.0,0.0,90.0,0.8788
20260307-04-43-46,20,1,0,19,5.0,0.0,95.0,0.8484
20260307-04-51-45,20,1,0,19,5.0,0.0,95.0,0.8595
20260307-04-59-43,20,1,2,17,5.0,10.0,85.0,0.8451
20260307-05-07-42,20,1,0,19,5.0,0.0,95.0,0.8294
20260307-05-15-40,20,2,0,18,10.0,0.0,90.0,0.8705
20260307-05-23-39,20,3,2,15,15.0,10.0,75.0,0.8468
20260307-05-31-37,20,2,1,17,10.0,5.0,85.0,0.8587
20260307-05-39-36,20,3,2,15,15.0,10.0,75.0,0.8818
20260307-05-47-35,20,4,2,14,20.0,10.0,70.0,0.8526
20260307-05-55-33,20,7,3,10,35.0,15.0,50.0,0.8812
20260307-06-03-32,20,4,1,15,20.0,5.0,75.0,0.8547
20260307-06-11-30,20,6,0,14,30.0,0.0,70.0,0.8527
20260307-06-19-29,20,8,2,10,40.0,10.0,50.0,0.853
20260307-06-27-27,20,11,2,7,55.0,10.0,35.0,0.8831
20260307-06-35-26,20,14,1,5,70.0,5.0,25.0,0.9189
20260307-06-43-25,20,12,2,6,60.0,10.0,30.0,0.9241
20260307-06-51-23,20,14,1,5,70.0,5.0,25.0,0.9296
20260307-06-59-22,20,13,1,6,65.0,5.0,30.0,0.9045
20260307-07-07-20,20,13,2,5,65.0,10.0,25.0,0.9083
20260307-07-15-19,20,15,3,2,75.0,15.0,10.0,0.9288
20260307-07-23-17,20,16,1,3,80.0,5.0,15.0,0.8941
20260307-07-31-16,20,15,2,3,75.0,10.0,15.0,0.9115
20260307-07-39-14,20,13,2,5,65.0,10.0,25.0,0.9286
20260307-07-47-13,20,13,1,6,65.0,5.0,30.0,0.9299
20260307-07-55-11,20,10,3,7,50.0,15.0,35.0,0.8869
20260307-08-03-10,20,11,1,8,55.0,5.0,40.0,0.9219
20260307-08-11-08,20,18,2,0,90.0,10.0,0.0,0.949
20260307-08-19-07,20,16,1,3,80.0,5.0,15.0,0.9476
20260307-08-27-05,20,10,2,8,50.0,10.0,40.0,0.8876
20260307-08-35-04,20,20,0,0,100.0,0.0,0.0,0.9435
20260307-08-43-02,20,17,2,1,85.0,10.0,5.0,0.9531
20260307-08-51-01,20,13,2,5,65.0,10.0,25.0,0.9234
20260307-08-58-59,20,15,2,3,75.0,10.0,15.0,0.9408
20260307-09-06-58,20,13,4,3,65.0,20.0,15.0,0.9461
20260307-09-14-56,20,14,3,3,70.0,15.0,15.0,0.9208
20260307-09-22-55,20,12,1,7,60.0,5.0,35.0,0.8906
20260307-09-30-53,20,11,1,8,55.0,5.0,40.0,0.8645
20260307-09-38-51,20,12,1,7,60.0,5.0,35.0,0.8955
20260307-09-46-50,20,20,0,0,100.0,0.0,0.0,0.9626
20260307-09-54-48,20,20,0,0,100.0,0.0,0.0,0.9689
20260307-10-02-47,20,20,0,0,100.0,0.0,0.0,0.9636
20260307-10-10-45,20,20,0,0,100.0,0.0,0.0,0.9698
20260307-10-18-44,19,19,0,0,100.0,0.0,0.0,0.9756
20260307-10-26-42,20,20,0,0,100.0,0.0,0.0,0.9734
20260307-10-34-41,20,19,1,0,95.0,5.0,0.0,0.9599
20260307-10-42-39,20,18,2,0,90.0,10.0,0.0,0.9329
20260307-10-50-37,20,18,2,0,90.0,10.0,0.0,0.9587
20260307-10-58-36,20,18,1,1,90.0,5.0,5.0,0.9752
20260307-11-06-34,20,15,1,4,75.0,5.0,20.0,0.9278
20260307-11-14-33,20,15,1,4,75.0,5.0,20.0,0.9497
20260307-11-22-31,20,16,1,3,80.0,5.0,15.0,0.9361
20260307-11-30-30,20,16,1,3,80.0,5.0,15.0,0.9479
20260307-11-38-28,20,17,1,2,85.0,5.0,10.0,0.9227
20260307-11-46-27,20,17,1,2,85.0,5.0,10.0,0.9387
20260307-11-54-25,20,14,1,5,70.0,5.0,25.0,0.9288
20260307-12-02-24,20,13,2,5,65.0,10.0,25.0,0.931
20260307-12-10-22,20,14,1,5,70.0,5.0,25.0,0.9141
20260307-12-18-21,20,13,1,6,65.0,5.0,30.0,0.8902
20260307-12-26-19,20,14,0,6,70.0,0.0,30.0,0.9118
20260307-12-34-18,20,14,1,5,70.0,5.0,25.0,0.8969
20260307-12-42-16,20,12,2,6,60.0,10.0,30.0,0.8971
20260307-12-50-15,20,13,0,7,65.0,0.0,35.0,0.9197
20260307-12-58-13,20,13,0,7,65.0,0.0,35.0,0.9073
20260307-13-06-12,20,13,0,7,65.0,0.0,35.0,0.9167
20260307-13-14-10,20,13,0,7,65.0,0.0,35.0,0.9093
20260307-13-22-09,20,11,2,7,55.0,10.0,35.0,0.8924
20260307-13-30-07,20,11,2,7,55.0,10.0,35.0,0.9114
20260307-13-38-06,20,15,0,5,75.0,0.0,25.0,0.9344
20260307-13-46-04,20,15,1,4,75.0,5.0,20.0,0.9242
20260307-13-54-03,20,13,1,6,65.0,5.0,30.0,0.9092
20260307-14-02-01,20,14,1,5,70.0,5.0,25.0,0.9017
20260307-14-10-00,20,16,1,3,80.0,5.0,15.0,0.9142
20260307-14-17-58,20,15,1,4,75.0,5.0,20.0,0.9073
20260307-14-25-57,20,13,2,5,65.0,10.0,25.0,0.9143
20260307-14-33-55,20,11,3,6,55.0,15.0,30.0,0.9108
20260307-14-41-54,20,11,2,7,55.0,10.0,35.0,0.8955
20260307-14-49-52,20,12,1,7,60.0,5.0,35.0,0.8853
20260307-14-57-51,20,11,1,8,55.0,5.0,40.0,0.8916
20260307-15-05-49,20,11,2,7,55.0,10.0,35.0,0.8899
20260307-15-13-48,20,11,1,8,55.0,5.0,40.0,0.8934
20260307-15-21-46,20,13,3,4,65.0,15.0,20.0,0.9187
20260307-15-29-45,20,12,1,7,60.0,5.0,35.0,0.8825
20260307-15-37-43,20,11,1,8,55.0,5.0,40.0,0.8722
20260307-15-45-42,19,10,1,8,52.6,5.3,42.1,0.8682
20260307-15-53-40,20,10,1,9,50.0,5.0,45.0,0.8476
20260307-16-01-39,20,10,1,9,50.0,5.0,45.0,0.8723
20260307-16-09-37,20,10,1,9,50.0,5.0,45.0,0.8872
20260307-16-17-36,20,9,0,11,45.0,0.0,55.0,0.8797
20260307-16-25-34,20,9,1,10,45.0,5.0,50.0,0.8734
20260307-16-33-33,20,9,0,11,45.0,0.0,55.0,0.875
20260307-16-41-31,20,9,1,10,45.0,5.0,50.0,0.8525
20260307-16-49-30,20,7,1,12,35.0,5.0,60.0,0.834
20260307-16-57-28,20,6,0,14,30.0,0.0,70.0,0.8581
20260307-17-05-27,20,7,0,13,35.0,0.0,65.0,0.8467
20260307-17-13-25,20,8,1,11,40.0,5.0,55.0,0.8554
20260307-17-21-24,20,7,0,13,35.0,0.0,65.0,0.845
20260307-17-29-22,20,7,0,13,35.0,0.0,65.0,0.8676
20260307-17-37-21,20,5,1,14,25.0,5.0,70.0,0.834
20260307-17-45-19,20,4,1,15,20.0,5.0,75.0,0.8525
20260307-17-53-18,20,5,1,14,25.0,5.0,70.0,0.855
20260307-18-01-16,20,4,0,16,20.0,0.0,80.0,0.8607
20260307-18-09-15,20,2,0,18,10.0,0.0,90.0,0.8593
20260307-18-17-13,20,3,0,17,15.0,0.0,85.0,0.8435
20260307-18-25-12,20,2,1,17,10.0,5.0,85.0,0.8021
20260307-18-33-10,20,1,1,18,5.0,5.0,90.0,0.8623
20260307-18-41-09,20,4,0,16,20.0,0.0,80.0,0.8612
20260307-18-49-07,20,1,0,19,5.0,0.0,95.0,0.8496
20260307-18-57-06,20,1,0,19,5.0,0.0,95.0,0.8273
20260307-19-05-04,20,2,0,18,10.0,0.0,90.0,0.8557
20260307-19-13-03,20,2,0,18,10.0,0.0,90.0,0.8293
20260307-19-21-01,20,2,1,17,10.0,5.0,85.0,0.8497
20260307-19-29-00,20,0,0,20,0.0,0.0,100.0,0.8514
20260307-19-36-58,20,0,0,20,0.0,0.0,100.0,0.8465
20260307-19-44-57,20,2,0,18,10.0,0.0,90.0,0.8631
20260307-19-52-55,20,1,0,19,5.0,0.0,95.0,0.8666
20260307-20-00-54,20,2,0,18,10.0,0.0,90.0,0.8739
20260307-20-08-52,20,0,0,20,0.0,0.0,100.0,0.8723
20260307-20-16-51,20,0,0,20,0.0,0.0,100.0,0.8804
20260307-20-24-49,20,0,0,20,0.0,0.0,100.0,0.8713
20260307-20-32-48,20,0,0,20,0.0,0.0,100.0,0.8602
20260307-20-40-46,20,0,0,20,0.0,0.0,100.0,0.8909
20260307-20-48-45,20,1,0,19,5.0,0.0,95.0,0.8908
20260307-20-56-43,20,2,0,18,10.0,0.0,90.0,0.8744
20260307-21-04-42,20,2,0,18,10.0,0.0,90.0,0.8826
20260307-21-12-40,20,0,0,20,0.0,0.0,100.0,0.8796
20260307-21-20-39,20,2,0,18,10.0,0.0,90.0,0.8785
20260307-21-28-37,20,0,0,20,0.0,0.0,100.0,0.8554
20260307-21-36-36,20,0,0,20,0.0,0.0,100.0,0.8589
20260307-21-44-34,20,0,0,20,0.0,0.0,100.0,0.8442
20260307-21-52-33,20,0,0,20,0.0,0.0,100.0,0.885
20260307-22-00-31,20,0,0,20,0.0,0.0,100.0,0.86
20260307-22-08-30,20,0,0,20,0.0,0.0,100.0,0.8542
20260307-22-16-29,20,0,0,20,0.0,0.0,100.0,0.8458
20260307-22-24-27,20,0,0,20,0.0,0.0,100.0,0.8462
20260307-22-32-26,20,0,0,20,0.0,0.0,100.0,0.8631
20260307-22-40-24,20,0,0,20,0.0,0.0,100.0,0.8509
20260307-22-48-23,20,0,0,20,0.0,0.0,100.0,0.8616
20260307-22-56-22,20,0,0,20,0.0,0.0,100.0,0.8745
20260307-23-04-20,20,2,0,18,10.0,0.0,90.0,0.8485
20260307-23-12-19,20,0,0,20,0.0,0.0,100.0,0.8491
20260307-23-20-17,20,1,0,19,5.0,0.0,95.0,0.8581
20260307-23-28-16,20,0,0,20,0.0,0.0,100.0,0.8621
20260307-23-36-14,20,1,0,19,5.0,0.0,95.0,0.8753
20260307-23-44-13,20,0,0,20,0.0,0.0,100.0,0.8297
20260307-23-52-11,20,0,1,19,0.0,5.0,95.0,0.8296
20260308-00-00-10,20,0,0,20,0.0,0.0,100.0,0.857
20260308-00-08-08,20,1,0,19,5.0,0.0,95.0,0.855
20260308-00-16-07,20,0,0,20,0.0,0.0,100.0,0.8577
20260308-00-24-06,20,1,0,19,5.0,0.0,95.0,0.861
20260308-00-32-04,20,0,0,20,0.0,0.0,100.0,0.835
20260308-00-40-03,20,0,0,20,0.0,0.0,100.0,0.8402
20260308-00-48-01,20,1,0,19,5.0,0.0,95.0,0.8347
20260308-00-56-00,20,0,0,20,0.0,0.0,100.0,0.8483
20260308-01-03-58,20,3,0,17,15.0,0.0,85.0,0.8675
20260308-01-11-57,20,1,1,18,5.0,5.0,90.0,0.8368
20260308-01-19-55,20,0,0,20,0.0,0.0,100.0,0.8477
20260308-01-27-54,20,1,0,19,5.0,0.0,95.0,0.8376
20260308-01-35-52,20,0,0,20,0.0,0.0,100.0,0.8666
20260308-01-43-51,20,0,0,20,0.0,0.0,100.0,0.851
20260308-01-51-49,20,0,1,19,0.0,5.0,95.0,0.8493
20260308-01-59-48,20,0,0,20,0.0,0.0,100.0,0.8346
20260308-03-07-47,20,0,0,20,0.0,0.0,100.0,0.8605
20260308-03-15-45,20,0,0,20,0.0,0.0,100.0,0.8629
20260308-03-23-44,20,1,0,19,5.0,0.0,95.0,0.8578
20260308-03-31-42,20,1,0,19,5.0,0.0,95.0,0.8555
20260308-03-39-41,20,0,0,20,0.0,0.0,100.0,0.849
20260308-03-47-39,20,1,0,19,5.0,0.0,95.0,0.8516
20260308-03-55-38,20,2,1,17,10.0,5.0,85.0,0.8563
20260308-04-03-36,20,2,0,18,10.0,0.0,90.0,0.8652
20260308-04-11-35,20,1,1,18,5.0,5.0,90.0,0.861
20260308-04-19-34,20,1,0,19,5.0,0.0,95.0,0.8408
20260308-04-27-32,20,2,0,18,10.0,0.0,90.0,0.8651
20260308-04-35-31,20,1,0,19,5.0,0.0,95.0,0.8554
20260308-04-43-29,20,0,0,20,0.0,0.0,100.0,0.8541
20260308-04-51-28,20,1,1,18,5.0,5.0,90.0,0.835
20260308-04-59-26,20,1,0,19,5.0,0.0,95.0,0.8674
20260308-05-07-25,20,2,0,18,10.0,0.0,90.0,0.8522
20260308-05-15-24,20,4,1,15,20.0,5.0,75.0,0.8876
20260308-05-23-22,20,5,1,14,25.0,5.0,70.0,0.8394
20260308-05-31-21,20,3,2,15,15.0,10.0,75.0,0.8494
20260308-05-39-19,20,2,4,14,10.0,20.0,70.0,0.8473
20260308-05-47-18,20,2,2,16,10.0,10.0,80.0,0.8195
20260308-05-55-16,20,1,1,18,5.0,5.0,90.0,0.8456
20260308-06-03-15,20,1,2,17,5.0,10.0,85.0,0.8446
20260308-06-11-14,20,4,1,15,20.0,5.0,75.0,0.8459
20260308-06-19-12,20,5,2,13,25.0,10.0,65.0,0.8659
20260308-06-27-11,20,8,0,12,40.0,0.0,60.0,0.8755
20260308-06-35-09,20,8,0,12,40.0,0.0,60.0,0.8826
20260308-06-43-08,20,6,2,12,30.0,10.0,60.0,0.8444
20260308-06-51-06,20,10,0,10,50.0,0.0,50.0,0.8574
20260308-06-59-05,20,11,1,8,55.0,5.0,40.0,0.8589
20260308-07-07-03,20,11,5,4,55.0,25.0,20.0,0.8545
20260308-07-15-02,20,11,3,6,55.0,15.0,30.0,0.902
20260308-07-23-00,20,12,2,6,60.0,10.0,30.0,0.9045
20260308-07-30-59,20,12,3,5,60.0,15.0,25.0,0.9291
20260308-07-38-57,20,12,2,6,60.0,10.0,30.0,0.9121
20260308-07-46-56,20,14,2,4,70.0,10.0,20.0,0.9026
20260308-07-54-54,20,14,3,3,70.0,15.0,15.0,0.9368
20260308-08-02-53,20,13,3,4,65.0,15.0,20.0,0.9222
20260308-08-10-52,20,12,1,7,60.0,5.0,35.0,0.9116
20260308-08-18-50,20,19,1,0,95.0,5.0,0.0,0.9665
20260308-08-26-49,20,17,1,2,85.0,5.0,10.0,0.9512
20260308-08-34-47,20,14,3,3,70.0,15.0,15.0,0.9566
20260308-08-42-46,20,14,2,4,70.0,10.0,20.0,0.9185
20260308-08-50-44,20,13,2,5,65.0,10.0,25.0,0.9168
20260308-08-58-17,20,13,3,4,65.0,15.0,20.0,0.8874
20260308-09-06-16,20,20,0,0,100.0,0.0,0.0,0.9769
20260308-09-14-14,20,14,2,4,70.0,10.0,20.0,0.9119
20260308-09-22-13,20,14,3,3,70.0,15.0,15.0,0.9257
20260308-09-30-11,20,13,3,4,65.0,15.0,20.0,0.9136
20260308-09-38-10,20,12,4,4,60.0,20.0,20.0,0.9236
20260308-09-46-08,20,15,2,3,75.0,10.0,15.0,0.9011
20260308-09-54-07,20,12,1,7,60.0,5.0,35.0,0.9161
20260308-10-02-05,20,11,2,7,55.0,10.0,35.0,0.875
20260308-10-10-04,20,13,2,5,65.0,10.0,25.0,0.923
20260308-10-18-02,20,16,1,3,80.0,5.0,15.0,0.931
20260308-10-26-01,20,14,2,4,70.0,10.0,20.0,0.9021
20260308-10-33-59,20,14,3,3,70.0,15.0,15.0,0.9172
20260308-10-41-58,20,12,4,4,60.0,20.0,20.0,0.9052
20260308-10-49-56,20,14,2,4,70.0,10.0,20.0,0.9254
20260308-10-57-55,20,17,0,3,85.0,0.0,15.0,0.9476
20260308-11-05-53,20,20,0,0,100.0,0.0,0.0,0.9676
20260308-11-13-52,20,20,0,0,100.0,0.0,0.0,0.964
20260308-11-21-50,20,20,0,0,100.0,0.0,0.0,0.9649
20260308-11-29-49,20,20,0,0,100.0,0.0,0.0,0.9721
20260308-11-37-47,20,19,1,0,95.0,5.0,0.0,0.9551
20260308-11-45-46,20,17,1,2,85.0,5.0,10.0,0.9466
20260308-11-53-44,20,17,1,2,85.0,5.0,10.0,0.952
20260308-12-01-43,20,18,0,2,90.0,0.0,10.0,0.9577
20260308-12-09-42,20,17,1,2,85.0,5.0,10.0,0.9418
20260308-12-17-40,20,18,0,2,90.0,0.0,10.0,0.9466
20260308-12-25-39,20,19,1,0,95.0,5.0,0.0,0.9648
20260308-12-33-37,20,18,1,1,90.0,5.0,5.0,0.9559
20260308-12-41-36,20,15,2,3,75.0,10.0,15.0,0.9297
20260308-12-49-34,20,14,1,5,70.0,5.0,25.0,0.9044
20260308-12-57-33,20,12,2,6,60.0,10.0,30.0,0.8706
20260308-13-05-31,20,10,2,8,50.0,10.0,40.0,0.8763
20260308-13-13-30,20,9,2,9,45.0,10.0,45.0,0.867
20260308-13-21-28,20,12,1,7,60.0,5.0,35.0,0.8374
20260308-13-29-27,20,10,4,6,50.0,20.0,30.0,0.8469
20260308-13-37-25,20,12,2,6,60.0,10.0,30.0,0.8841
20260308-13-45-24,20,12,1,7,60.0,5.0,35.0,0.9022
20260308-13-53-22,20,12,1,7,60.0,5.0,35.0,0.894
20260308-14-01-21,20,12,0,8,60.0,0.0,40.0,0.9019
20260308-14-09-19,20,12,2,6,60.0,10.0,30.0,0.8877
20260308-14-17-18,20,13,0,7,65.0,0.0,35.0,0.8787
20260308-14-25-16,20,13,1,6,65.0,5.0,30.0,0.8882
20260308-14-33-15,20,13,0,7,65.0,0.0,35.0,0.9025
20260308-14-41-13,20,14,0,6,70.0,0.0,30.0,0.9235
20260308-14-49-12,20,13,1,6,65.0,5.0,30.0,0.8912
20260308-14-57-10,20,12,1,7,60.0,5.0,35.0,0.8557
20260308-15-05-09,20,13,1,6,65.0,5.0,30.0,0.8661
20260308-15-13-08,20,13,2,5,65.0,10.0,25.0,0.8959
20260308-15-21-06,20,17,1,2,85.0,5.0,10.0,0.941
20260308-15-29-05,20,14,1,5,70.0,5.0,25.0,0.9462
20260308-15-37-03,20,15,0,5,75.0,0.0,25.0,0.9453
20260308-15-45-02,20,15,1,4,75.0,5.0,20.0,0.9391
20260308-15-53-00,20,16,2,2,80.0,10.0,10.0,0.947
20260308-16-00-59,20,17,1,2,85.0,5.0,10.0,0.9618
20260308-16-08-58,20,17,2,1,85.0,10.0,5.0,0.9243
20260308-16-16-56,20,14,1,5,70.0,5.0,25.0,0.9147
20260308-16-24-55,20,12,3,5,60.0,15.0,25.0,0.9037
20260308-16-32-53,20,13,3,4,65.0,15.0,20.0,0.9014
20260308-16-40-52,20,12,2,6,60.0,10.0,30.0,0.8863
20260308-16-48-50,20,10,1,9,50.0,5.0,45.0,0.8671
20260308-16-56-49,20,8,1,11,40.0,5.0,55.0,0.835
20260308-17-04-48,20,9,2,9,45.0,10.0,45.0,0.8861
20260308-17-12-46,20,8,0,12,40.0,0.0,60.0,0.8707
20260308-17-20-45,20,8,1,11,40.0,5.0,55.0,0.8663
20260308-17-28-43,20,6,0,14,30.0,0.0,70.0,0.8502
20260308-17-36-42,20,5,1,14,25.0,5.0,70.0,0.8269
20260308-17-44-40,20,3,0,17,15.0,0.0,85.0,0.8315
20260308-17-52-39,20,2,1,17,10.0,5.0,85.0,0.8038
20260308-18-00-37,20,1,2,17,5.0,10.0,85.0,0.8207
20260308-18-08-36,20,2,0,18,10.0,0.0,90.0,0.8216
20260308-18-16-34,20,0,1,19,0.0,5.0,95.0,0.8238
20260308-18-24-33,20,0,0,20,0.0,0.0,100.0,0.8005
20260308-18-32-31,20,0,2,18,0.0,10.0,90.0,0.7832
20260308-18-40-30,20,0,1,19,0.0,5.0,95.0,0.8003
20260308-18-48-28,20,1,0,19,5.0,0.0,95.0,0.8225
20260308-18-56-27,20,0,1,19,0.0,5.0,95.0,0.8243
20260308-19-04-26,20,3,1,16,15.0,5.0,80.0,0.8132
20260308-19-12-24,20,4,3,13,20.0,15.0,65.0,0.8131
20260308-19-20-23,20,17,2,1,85.0,10.0,5.0,0.9385
20260308-19-28-21,20,15,0,5,75.0,0.0,25.0,0.9256
20260308-19-36-20,20,6,0,14,30.0,0.0,70.0,0.8347
20260308-19-44-18,20,3,0,17,15.0,0.0,85.0,0.8347
20260308-19-52-17,20,1,1,18,5.0,5.0,90.0,0.8169
20260308-20-00-15,20,1,1,18,5.0,5.0,90.0,0.7923
20260308-20-08-14,20,0,0,20,0.0,0.0,100.0,0.8281
20260308-20-16-12,20,0,0,20,0.0,0.0,100.0,0.8299
20260308-20-24-11,20,1,0,19,5.0,0.0,95.0,0.8369
20260308-20-32-09,20,0,0,20,0.0,0.0,100.0,0.801
20260308-20-40-08,20,1,0,19,5.0,0.0,95.0,0.8605
20260308-20-48-06,20,0,0,20,0.0,0.0,100.0,0.825
20260308-20-56-05,20,0,0,20,0.0,0.0,100.0,0.8259
20260308-21-04-04,20,0,0,20,0.0,0.0,100.0,0.8109
20260308-21-12-02,20,0,0,20,0.0,0.0,100.0,0.8365
20260308-21-20-01,20,0,0,20,0.0,0.0,100.0,0.8476
20260308-21-27-59,20,0,0,20,0.0,0.0,100.0,0.8186
20260308-21-35-58,20,1,0,19,5.0,0.0,95.0,0.844
20260308-21-43-56,20,0,0,20,0.0,0.0,100.0,0.8492
20260308-21-51-55,20,1,0,19,5.0,0.0,95.0,0.8654
20260308-21-59-53,20,0,0,20,0.0,0.0,100.0,0.8701
20260308-22-07-52,20,0,0,20,0.0,0.0,100.0,0.873
20260308-22-15-50,20,0,0,20,0.0,0.0,100.0,0.8373
20260308-22-23-49,20,1,0,19,5.0,0.0,95.0,0.8386
20260308-22-31-47,20,0,0,20,0.0,0.0,100.0,0.8389
20260308-22-39-46,20,0,0,20,0.0,0.0,100.0,0.8546
20260308-22-47-44,20,0,0,20,0.0,0.0,100.0,0.8395
20260308-22-55-43,20,0,0,20,0.0,0.0,100.0,0.8412
20260308-23-03-41,20,0,0,20,0.0,0.0,100.0,0.8432
20260308-23-11-40,20,0,0,20,0.0,0.0,100.0,0.8553
20260308-23-19-38,20,0,0,20,0.0,0.0,100.0,0.8423
20260308-23-27-36,20,0,0,20,0.0,0.0,100.0,0.8475
20260308-23-35-35,20,0,0,20,0.0,0.0,100.0,0.8637
20260308-23-43-33,20,0,0,20,0.0,0.0,100.0,0.8398
20260308-23-51-32,20,0,0,20,0.0,0.0,100.0,0.8468
20260308-23-59-30,20,0,0,20,0.0,0.0,100.0,0.859
20260309-00-07-29,20,0,0,20,0.0,0.0,100.0,0.8709
20260309-00-15-27,20,0,0,20,0.0,0.0,100.0,0.8526
20260309-00-23-26,20,1,0,19,5.0,0.0,95.0,0.8767
20260309-00-31-24,20,0,1,19,0.0,5.0,95.0,0.857
20260309-00-39-23,20,1,0,19,5.0,0.0,95.0,0.8402
20260309-00-47-21,20,0,0,20,0.0,0.0,100.0,0.875
20260309-00-55-20,20,0,0,20,0.0,0.0,100.0,0.8553
20260309-01-03-18,20,0,0,20,0.0,0.0,100.0,0.8628
20260309-01-11-17,20,0,0,20,0.0,0.0,100.0,0.864
20260309-01-19-15,20,0,0,20,0.0,0.0,100.0,0.8463
20260309-01-27-14,20,0,0,20,0.0,0.0,100.0,0.8305
20260309-01-35-12,20,0,0,20,0.0,0.0,100.0,0.8401
20260309-01-43-11,20,0,0,20,0.0,0.0,100.0,0.8517
20260309-01-51-09,20,1,0,19,5.0,0.0,95.0,0.8394
20260309-01-59-07,20,0,0,20,0.0,0.0,100.0,0.8496
20260309-02-07-06,20,0,0,20,0.0,0.0,100.0,0.881
20260309-02-15-04,20,0,0,20,0.0,0.0,100.0,0.8341
20260309-02-23-03,20,0,0,20,0.0,0.0,100.0,0.8678
20260309-02-31-02,20,0,0,20,0.0,0.0,100.0,0.8416
20260309-02-39-00,20,0,0,20,0.0,0.0,100.0,0.856
20260309-02-46-59,20,0,0,20,0.0,0.0,100.0,0.8467
20260309-02-54-57,20,0,0,20,0.0,0.0,100.0,0.8651
20260309-03-02-56,20,0,0,20,0.0,0.0,100.0,0.8844
20260309-03-10-54,20,0,0,20,0.0,0.0,100.0,0.8642
20260309-03-18-53,20,0,1,19,0.0,5.0,95.0,0.8394
20260309-03-26-51,20,0,0,20,0.0,0.0,100.0,0.8239
20260309-03-34-50,20,1,0,19,5.0,0.0,95.0,0.8605
20260309-03-42-48,20,0,3,17,0.0,15.0,85.0,0.8251
20260309-03-50-47,20,2,0,18,10.0,0.0,90.0,0.8156
20260309-03-58-45,20,2,1,17,10.0,5.0,85.0,0.8352
20260309-04-06-44,20,0,1,19,0.0,5.0,95.0,0.832
20260309-04-14-42,20,0,0,20,0.0,0.0,100.0,0.8685
20260309-04-22-41,20,0,0,20,0.0,0.0,100.0,0.8394
20260309-04-30-39,20,1,0,19,5.0,0.0,95.0,0.869
20260309-04-38-38,20,0,0,20,0.0,0.0,100.0,0.854
20260309-04-46-36,20,0,0,20,0.0,0.0,100.0,0.8579
20260309-04-54-35,20,0,0,20,0.0,0.0,100.0,0.8608
20260309-05-02-33,20,0,1,19,0.0,5.0,95.0,0.8632
20260309-05-10-32,20,1,1,18,5.0,5.0,90.0,0.8633
20260309-05-18-30,20,2,0,18,10.0,0.0,90.0,0.8793
20260309-05-26-29,20,1,0,19,5.0,0.0,95.0,0.8488
20260309-05-34-28,20,2,0,18,10.0,0.0,90.0,0.8361
20260309-05-42-26,20,3,0,17,15.0,0.0,85.0,0.8406
20260309-05-50-25,20,4,1,15,20.0,5.0,75.0,0.8278
20260309-05-58-23,20,6,1,13,30.0,5.0,65.0,0.8643
20260309-06-06-22,20,4,0,16,20.0,0.0,80.0,0.8471
20260309-06-14-20,20,6,0,14,30.0,0.0,70.0,0.8399
20260309-06-22-19,20,4,0,16,20.0,0.0,80.0,0.8564
20260309-06-30-17,20,4,1,15,20.0,5.0,75.0,0.8317
20260309-06-38-16,20,7,0,13,35.0,0.0,65.0,0.837
20260309-06-46-14,20,7,2,11,35.0,10.0,55.0,0.8383
20260309-06-54-13,20,7,2,11,35.0,10.0,55.0,0.8786
20260309-07-02-11,20,6,1,13,30.0,5.0,65.0,0.86
20260309-07-10-10,20,7,3,10,35.0,15.0,50.0,0.8662
20260309-07-18-08,20,10,1,9,50.0,5.0,45.0,0.8578
20260309-07-26-07,20,20,0,0,100.0,0.0,0.0,0.9688
20260309-07-34-05,20,20,0,0,100.0,0.0,0.0,0.9694
20260309-07-42-04,20,20,0,0,100.0,0.0,0.0,0.9756
20260309-07-50-02,20,20,0,0,100.0,0.0,0.0,0.9724
20260309-07-58-01,20,20,0,0,100.0,0.0,0.0,0.9687
20260309-08-05-59,20,18,0,2,90.0,0.0,10.0,0.952
20260309-08-13-58,20,18,0,2,90.0,0.0,10.0,0.9506
20260309-08-21-56,20,18,0,2,90.0,0.0,10.0,0.9685
20260309-08-29-55,20,18,0,2,90.0,0.0,10.0,0.9644
20260309-08-37-53,20,19,0,1,95.0,0.0,5.0,0.9641
20260309-08-45-52,20,18,0,2,90.0,0.0,10.0,0.9469
20260309-08-53-50,20,18,0,2,90.0,0.0,10.0,0.9629
20260309-09-01-49,20,17,0,3,85.0,0.0,15.0,0.9563
20260309-09-09-47,20,17,0,3,85.0,0.0,15.0,0.9504
20260309-09-17-46,20,15,1,4,75.0,5.0,20.0,0.9388
20260309-09-25-44,20,19,1,0,95.0,5.0,0.0,0.9573
20260309-09-33-43,20,20,0,0,100.0,0.0,0.0,0.9708
20260309-09-41-41,20,17,1,2,85.0,5.0,10.0,0.9191
20260309-09-49-40,20,15,1,4,75.0,5.0,20.0,0.9209
20260309-09-57-38,20,14,2,4,70.0,10.0,20.0,0.9001
20260309-10-05-36,20,13,3,4,65.0,15.0,20.0,0.8933
20260309-10-13-35,20,13,2,5,65.0,10.0,25.0,0.9015
20260309-10-21-33,20,10,2,8,50.0,10.0,40.0,0.8568
20260309-10-29-32,20,12,1,7,60.0,5.0,35.0,0.8855
20260309-10-37-30,20,9,4,7,45.0,20.0,35.0,0.893
20260309-10-45-29,20,14,2,4,70.0,10.0,20.0,0.9022
20260309-11-01-04,19,13,2,4,68.4,10.5,21.1,0.893
20260309-11-09-02,20,11,0,9,55.0,0.0,45.0,0.9143
20260309-11-17-01,20,9,1,10,45.0,5.0,50.0,0.9146
20260309-11-24-59,20,9,2,9,45.0,10.0,45.0,0.8796
20260309-11-32-58,20,9,0,11,45.0,0.0,55.0,0.8536
20260309-11-40-56,19,8,0,11,42.1,0.0,57.9,0.8867
20260309-11-48-55,20,8,1,11,40.0,5.0,55.0,0.892
20260309-11-56-53,19,8,1,10,42.1,5.3,52.6,0.8893
20260309-12-04-52,20,9,3,8,45.0,15.0,40.0,0.8654
20260309-12-12-50,20,11,1,8,55.0,5.0,40.0,0.8596
20260309-12-20-49,19,10,2,7,52.6,10.5,36.8,0.8511
20260309-12-28-48,20,9,3,8,45.0,15.0,40.0,0.861
20260309-12-36-46,20,6,0,14,30.0,0.0,70.0,0.8436
20260309-12-44-45,19,4,1,14,21.1,5.3,73.7,0.8423
20260309-12-52-43,19,4,3,12,21.1,15.8,63.2,0.8138
20260309-13-00-42,19,4,0,15,21.1,0.0,78.9,0.8449
20260309-13-08-41,19,6,2,11,31.6,10.5,57.9,0.84
20260309-13-16-39,19,8,2,9,42.1,10.5,47.4,0.8647
20260309-13-24-38,19,8,1,10,42.1,5.3,52.6,0.8698
20260309-13-32-36,19,8,0,11,42.1,0.0,57.9,0.8922
20260309-13-40-35,19,8,0,11,42.1,0.0,57.9,0.8681
20260309-13-48-34,19,6,0,13,31.6,0.0,68.4,0.8564
20260309-13-56-32,20,6,0,14,30.0,0.0,70.0,0.852
20260309-14-04-31,20,5,0,15,25.0,0.0,75.0,0.8518
20260309-14-12-29,20,5,0,15,25.0,0.0,75.0,0.8812
20260309-14-20-28,20,5,1,14,25.0,5.0,70.0,0.8254
20260309-14-28-27,20,5,0,15,25.0,0.0,75.0,0.81
20260309-14-36-25,20,4,1,15,20.0,5.0,75.0,0.8349
20260309-14-44-24,20,4,0,16,20.0,0.0,80.0,0.8472
20260309-14-52-22,20,6,1,13,30.0,5.0,65.0,0.8399
20260309-15-00-21,20,4,1,15,20.0,5.0,75.0,0.8461
20260309-15-08-20,20,3,0,17,15.0,0.0,85.0,0.8527
20260309-15-16-18,20,2,2,16,10.0,10.0,80.0,0.8386
20260309-15-24-17,20,3,0,17,15.0,0.0,85.0,0.8583
20260309-15-32-15,20,4,0,16,20.0,0.0,80.0,0.8624
20260309-15-40-14,20,5,0,15,25.0,0.0,75.0,0.8592
20260309-15-48-12,20,6,0,14,30.0,0.0,70.0,0.89
20260309-15-56-11,20,5,0,15,25.0,0.0,75.0,0.8669
20260309-16-04-10,20,5,0,15,25.0,0.0,75.0,0.8387
20260309-16-12-08,20,2,0,18,10.0,0.0,90.0,0.8659
20260309-16-20-07,20,1,0,19,5.0,0.0,95.0,0.8375
20260309-16-28-05,20,0,0,20,0.0,0.0,100.0,0.8656
20260309-16-36-04,20,0,0,20,0.0,0.0,100.0,0.8669
20260309-16-44-02,20,0,0,20,0.0,0.0,100.0,0.8448
20260309-16-52-01,20,0,0,20,0.0,0.0,100.0,0.8393
20260309-16-59-59,20,1,0,19,5.0,0.0,95.0,0.8279
20260309-17-07-58,20,1,0,19,5.0,0.0,95.0,0.8645
20260309-17-15-57,20,0,0,20,0.0,0.0,100.0,0.8688
20260309-17-23-55,20,0,0,20,0.0,0.0,100.0,0.8453
20260309-17-31-54,20,0,0,20,0.0,0.0,100.0,0.8412
20260309-17-39-52,20,0,0,20,0.0,0.0,100.0,0.845
20260309-17-47-51,20,0,0,20,0.0,0.0,100.0,0.8642
20260309-17-55-50,20,0,0,20,0.0,0.0,100.0,0.857
20260309-18-03-48,20,2,0,18,10.0,0.0,90.0,0.8828
20260309-18-11-47,20,2,0,18,10.0,0.0,90.0,0.8665
20260309-18-19-45,20,1,0,19,5.0,0.0,95.0,0.8405
20260309-18-27-44,20,0,0,20,0.0,0.0,100.0,0.8457
20260309-18-35-42,20,0,0,20,0.0,0.0,100.0,0.871
20260309-18-43-41,20,0,0,20,0.0,0.0,100.0,0.8551
20260309-18-51-39,20,0,0,20,0.0,0.0,100.0,0.8947
20260309-18-59-38,20,0,0,20,0.0,0.0,100.0,0.8492
20260309-19-07-37,20,1,0,19,5.0,0.0,95.0,0.8576
20260309-19-15-35,20,1,0,19,5.0,0.0,95.0,0.8624
20260309-19-23-34,20,0,0,20,0.0,0.0,100.0,0.8449
20260309-19-31-33,20,0,0,20,0.0,0.0,100.0,0.8849
20260309-19-39-31,20,0,0,20,0.0,0.0,100.0,0.8553
20260309-19-47-30,20,0,0,20,0.0,0.0,100.0,0.866
20260309-19-55-29,20,0,0,20,0.0,0.0,100.0,0.8739
20260309-20-03-27,20,0,0,20,0.0,0.0,100.0,0.8674
20260309-20-11-26,20,0,0,20,0.0,0.0,100.0,0.8855
20260309-20-19-24,20,0,0,20,0.0,0.0,100.0,0.8606
20260309-20-27-23,20,1,0,19,5.0,0.0,95.0,0.8678
20260309-20-35-22,20,1,0,19,5.0,0.0,95.0,0.8855
20260309-20-43-20,20,0,0,20,0.0,0.0,100.0,0.8466
20260309-20-51-19,20,0,0,20,0.0,0.0,100.0,0.8398
20260309-20-59-17,20,0,0,20,0.0,0.0,100.0,0.8598
20260309-21-07-16,20,0,0,20,0.0,0.0,100.0,0.8528
20260309-21-15-15,20,0,0,20,0.0,0.0,100.0,0.8515
20260309-21-23-13,20,0,0,20,0.0,0.0,100.0,0.8165
20260309-21-31-12,20,1,0,19,5.0,0.0,95.0,0.8649
20260309-21-39-10,20,0,0,20,0.0,0.0,100.0,0.8747
20260309-21-47-09,20,0,0,20,0.0,0.0,100.0,0.8488
20260309-21-55-07,20,0,0,20,0.0,0.0,100.0,0.8788
20260309-22-03-06,20,1,0,19,5.0,0.0,95.0,0.8538
20260309-22-11-04,20,0,0,20,0.0,0.0,100.0,0.8509
20260309-22-19-03,20,0,0,20,0.0,0.0,100.0,0.8475
20260309-22-27-02,20,0,0,20,0.0,0.0,100.0,0.8458
20260309-22-35-00,20,0,0,20,0.0,0.0,100.0,0.8654
20260309-22-42-59,20,2,0,18,10.0,0.0,90.0,0.8392
20260309-22-50-57,20,0,0,20,0.0,0.0,100.0,0.8613
20260309-22-58-56,20,0,0,20,0.0,0.0,100.0,0.8633
20260309-23-06-55,20,0,0,20,0.0,0.0,100.0,0.847
20260309-23-14-53,20,0,0,20,0.0,0.0,100.0,0.8649
20260309-23-22-52,20,0,0,20,0.0,0.0,100.0,0.8392
20260309-23-30-50,20,0,0,20,0.0,0.0,100.0,0.8472
20260309-23-38-49,20,0,0,20,0.0,0.0,100.0,0.8485
20260309-23-46-47,20,0,0,20,0.0,0.0,100.0,0.871
20260309-23-54-46,20,0,0,20,0.0,0.0,100.0,0.8588
20260310-00-02-44,20,0,0,20,0.0,0.0,100.0,0.8647
20260310-00-10-43,20,0,0,20,0.0,0.0,100.0,0.8528
20260310-00-18-42,20,0,0,20,0.0,0.0,100.0,0.8598
20260310-00-26-40,20,0,0,20,0.0,0.0,100.0,0.8433
20260310-00-34-39,20,0,0,20,0.0,0.0,100.0,0.8318
20260310-00-42-37,20,0,0,20,0.0,0.0,100.0,0.8548
20260310-00-50-36,20,0,0,20,0.0,0.0,100.0,0.8537
20260310-00-58-34,20,0,0,20,0.0,0.0,100.0,0.868
20260310-01-06-33,20,0,0,20,0.0,0.0,100.0,0.8535
20260310-01-14-31,20,0,0,20,0.0,0.0,100.0,0.8578
20260310-01-22-30,20,0,0,20,0.0,0.0,100.0,0.8645
20260310-01-30-28,20,0,0,20,0.0,0.0,100.0,0.8587
20260310-01-38-26,20,0,0,20,0.0,0.0,100.0,0.8603
20260310-01-46-25,20,0,0,20,0.0,0.0,100.0,0.837
20260310-01-54-24,20,0,0,20,0.0,0.0,100.0,0.8623
20260310-02-02-22,20,0,0,20,0.0,0.0,100.0,0.8621
20260310-02-10-21,20,0,0,20,0.0,0.0,100.0,0.8535
20260310-02-18-19,20,0,0,20,0.0,0.0,100.0,0.856
20260310-02-26-17,20,0,0,20,0.0,0.0,100.0,0.8462
20260310-02-34-16,20,0,0,20,0.0,0.0,100.0,0.8715
20260310-02-42-14,20,0,0,20,0.0,0.0,100.0,0.8506
20260310-02-50-13,20,0,0,20,0.0,0.0,100.0,0.8177
20260310-02-58-11,20,0,0,20,0.0,0.0,100.0,0.8511
20260310-03-06-10,20,1,0,19,5.0,0.0,95.0,0.8384
20260310-03-14-09,20,0,0,20,0.0,0.0,100.0,0.8745
20260310-03-22-07,20,1,0,19,5.0,0.0,95.0,0.8518
20260310-03-30-06,20,0,0,20,0.0,0.0,100.0,0.8895
20260310-03-38-04,20,0,0,20,0.0,0.0,100.0,0.85
20260310-03-46-03,20,0,0,20,0.0,0.0,100.0,0.8488
20260310-03-54-01,20,0,0,20,0.0,0.0,100.0,0.8392
20260310-04-01-59,20,0,0,20,0.0,0.0,100.0,0.8533
20260310-04-09-58,20,0,0,20,0.0,0.0,100.0,0.8801
20260310-04-17-57,19,0,0,19,0.0,0.0,100.0,0.847
20260310-04-25-55,19,0,0,19,0.0,0.0,100.0,0.8653
20260310-04-33-54,19,1,0,18,5.3,0.0,94.7,0.8614
20260310-04-41-52,19,1,0,18,5.3,0.0,94.7,0.8527
20260310-04-49-51,19,1,0,18,5.3,0.0,94.7,0.8364
20260310-04-57-50,19,0,0,19,0.0,0.0,100.0,0.8654
20260310-05-05-48,20,1,0,19,5.0,0.0,95.0,0.8513
20260310-05-13-46,19,1,0,18,5.3,0.0,94.7,0.833
20260310-05-21-45,19,2,0,17,10.5,0.0,89.5,0.8668
20260310-05-29-44,19,0,0,19,0.0,0.0,100.0,0.8429
20260310-05-37-42,19,0,0,19,0.0,0.0,100.0,0.8553
20260310-05-45-41,19,0,0,19,0.0,0.0,100.0,0.8467
20260310-05-53-39,19,1,1,17,5.3,5.3,89.5,0.8442
20260310-06-01-38,19,1,1,17,5.3,5.3,89.5,0.8407
20260310-06-09-36,19,3,1,15,15.8,5.3,78.9,0.8446
20260310-06-17-35,19,3,1,15,15.8,5.3,78.9,0.8256
20260310-06-25-33,19,3,2,14,15.8,10.5,73.7,0.8268
20260310-06-33-32,20,3,2,15,15.0,10.0,75.0,0.8558
20260310-06-41-30,19,3,2,14,15.8,10.5,73.7,0.8117
20260310-06-49-29,19,6,2,11,31.6,10.5,57.9,0.8593
20260310-06-57-28,19,5,3,11,26.3,15.8,57.9,0.8307
20260310-07-05-26,19,6,2,11,31.6,10.5,57.9,0.8479
20260310-07-13-25,19,5,2,12,26.3,10.5,63.2,0.7958
20260310-07-21-23,19,5,4,10,26.3,21.1,52.6,0.8156
20260310-07-29-22,20,19,0,1,95.0,0.0,5.0,0.9593
20260310-07-37-20,19,19,0,0,100.0,0.0,0.0,0.976
20260310-07-45-19,19,19,0,0,100.0,0.0,0.0,0.9699
20260310-07-53-17,20,18,0,2,90.0,0.0,10.0,0.9512
20260310-08-01-16,20,18,0,2,90.0,0.0,10.0,0.9465
20260310-08-09-14,20,17,0,3,85.0,0.0,15.0,0.945
20260310-08-17-13,20,16,0,4,80.0,0.0,20.0,0.9238
20260310-08-25-11,20,16,1,3,80.0,5.0,15.0,0.9264
20260310-08-33-10,20,12,2,6,60.0,10.0,30.0,0.9117
20260310-08-41-08,19,14,0,5,73.7,0.0,26.3,0.9248
20260310-08-49-07,19,15,0,4,78.9,0.0,21.1,0.9369
20260310-08-57-05,19,11,2,6,57.9,10.5,31.6,0.9
20260310-09-05-04,19,9,2,8,47.4,10.5,42.1,0.889
20260310-09-13-03,19,10,1,8,52.6,5.3,42.1,0.8464
20260310-09-21-01,20,9,2,9,45.0,10.0,45.0,0.881
20260310-09-29-00,19,10,2,7,52.6,10.5,36.8,0.8964
20260310-09-36-58,18,12,1,5,66.7,5.6,27.8,0.9232
20260310-09-44-57,19,10,2,7,52.6,10.5,36.8,0.9106
20260310-09-52-56,19,9,2,8,47.4,10.5,42.1,0.8854
20260310-10-00-54,20,10,1,9,50.0,5.0,45.0,0.8916
20260310-10-08-53,19,10,0,9,52.6,0.0,47.4,0.879
20260310-10-16-51,19,10,0,9,52.6,0.0,47.4,0.9057
20260310-10-24-50,20,8,0,12,40.0,0.0,60.0,0.9022
20260310-10-32-48,20,9,1,10,45.0,5.0,50.0,0.8466
20260310-10-40-47,20,6,3,11,30.0,15.0,55.0,0.8381
20260310-10-48-45,20,8,1,11,40.0,5.0,55.0,0.8064
20260310-10-56-44,20,5,4,11,25.0,20.0,55.0,0.8338
20260310-11-04-42,20,5,3,12,25.0,15.0,60.0,0.8517
20260310-11-12-41,20,7,1,12,35.0,5.0,60.0,0.8644
20260310-11-20-40,20,8,3,9,40.0,15.0,45.0,0.8665
20260310-11-28-38,20,8,1,11,40.0,5.0,55.0,0.8554
20260310-11-36-37,20,5,2,13,25.0,10.0,65.0,0.8602
20260310-11-44-35,20,6,2,12,30.0,10.0,60.0,0.886
20260310-11-52-34,20,6,2,12,30.0,10.0,60.0,0.8719
20260310-12-00-32,20,6,1,13,30.0,5.0,65.0,0.8496
20260310-12-08-31,20,5,2,13,25.0,10.0,65.0,0.8521
20260310-12-16-30,20,5,2,13,25.0,10.0,65.0,0.8292
20260310-12-24-28,20,5,1,14,25.0,5.0,70.0,0.872
20260310-12-32-27,19,5,2,12,26.3,10.5,63.2,0.8852
20260310-12-40-25,19,5,2,12,26.3,10.5,63.2,0.879
20260310-12-48-24,19,6,0,13,31.6,0.0,68.4,0.8895
20260310-12-56-22,19,4,2,13,21.1,10.5,68.4,0.8549
20260310-13-04-21,19,4,2,13,21.1,10.5,68.4,0.8748
20260310-13-12-20,19,4,0,15,21.1,0.0,78.9,0.8149
20260310-13-20-18,19,3,1,15,15.8,5.3,78.9,0.8677
20260310-13-28-17,19,4,0,15,21.1,0.0,78.9,0.8807
20260310-13-36-15,19,3,0,16,15.8,0.0,84.2,0.8739
20260310-13-44-14,19,7,1,11,36.8,5.3,57.9,0.8942
20260310-13-52-12,19,9,0,10,47.4,0.0,52.6,0.9122
20260310-14-00-11,19,8,0,11,42.1,0.0,57.9,0.91
20260310-14-08-09,19,4,0,15,21.1,0.0,78.9,0.8719
20260310-14-16-08,19,4,0,15,21.1,0.0,78.9,0.8667
20260310-14-24-06,19,9,0,10,47.4,0.0,52.6,0.9123
20260310-14-32-05,19,8,1,10,42.1,5.3,52.6,0.8918
20260310-14-40-03,19,7,1,11,36.8,5.3,57.9,0.8697
20260310-14-48-02,19,6,1,12,31.6,5.3,63.2,0.8747
20260310-14-56-00,20,5,1,14,25.0,5.0,70.0,0.8868
20260310-15-03-59,19,6,3,10,31.6,15.8,52.6,0.8748
20260310-15-11-57,19,6,1,12,31.6,5.3,63.2,0.9008
20260310-15-19-56,20,9,0,11,45.0,0.0,55.0,0.9079
20260310-15-27-55,20,8,1,11,40.0,5.0,55.0,0.876
20260310-15-35-53,20,6,2,12,30.0,10.0,60.0,0.8682
20260310-15-43-52,20,8,1,11,40.0,5.0,55.0,0.8799
20260310-15-51-50,20,8,1,11,40.0,5.0,55.0,0.8965
20260310-15-59-49,20,4,0,16,20.0,0.0,80.0,0.8402
20260310-16-07-47,20,4,0,16,20.0,0.0,80.0,0.8538
20260310-16-15-46,20,2,0,18,10.0,0.0,90.0,0.8481
20260310-16-23-45,20,2,0,18,10.0,0.0,90.0,0.8402
20260310-16-31-43,20,1,0,19,5.0,0.0,95.0,0.8327
20260310-16-39-42,20,1,0,19,5.0,0.0,95.0,0.8474
20260310-16-47-40,20,0,1,19,0.0,5.0,95.0,0.8181
20260310-16-55-39,20,0,1,19,0.0,5.0,95.0,0.8461
20260310-17-03-37,20,1,1,18,5.0,5.0,90.0,0.8406
20260310-17-11-36,20,1,0,19,5.0,0.0,95.0,0.8318
20260310-17-19-34,20,0,0,20,0.0,0.0,100.0,0.8715
20260310-17-27-33,20,1,0,19,5.0,0.0,95.0,0.8463
20260310-17-35-32,20,1,0,19,5.0,0.0,95.0,0.8481
20260310-17-43-30,20,1,0,19,5.0,0.0,95.0,0.8518
20260310-17-51-29,20,1,0,19,5.0,0.0,95.0,0.8559
20260310-17-59-28,20,1,0,19,5.0,0.0,95.0,0.8618
20260310-18-07-26,20,1,0,19,5.0,0.0,95.0,0.8649
20260310-18-15-25,20,1,0,19,5.0,0.0,95.0,0.8676
20260310-18-23-23,20,0,0,20,0.0,0.0,100.0,0.868
20260310-18-31-22,20,0,0,20,0.0,0.0,100.0,0.8717
20260310-18-39-21,20,0,0,20,0.0,0.0,100.0,0.8633
20260310-18-47-19,20,0,0,20,0.0,0.0,100.0,0.8674
20260310-18-55-18,20,0,1,19,0.0,5.0,95.0,0.8726
20260310-19-03-16,20,2,0,18,10.0,0.0,90.0,0.8752
20260310-19-11-15,20,2,0,18,10.0,0.0,90.0,0.8824
20260310-19-19-14,20,1,0,19,5.0,0.0,95.0,0.8619
20260310-19-27-12,20,1,0,19,5.0,0.0,95.0,0.8704
20260310-19-35-11,20,0,0,20,0.0,0.0,100.0,0.8517
20260310-19-43-10,20,0,0,20,0.0,0.0,100.0,0.8723
20260310-19-51-08,20,1,0,19,5.0,0.0,95.0,0.8629
20260310-19-59-07,20,1,0,19,5.0,0.0,95.0,0.8593
20260310-20-07-05,20,0,0,20,0.0,0.0,100.0,0.867
20260310-20-15-04,20,0,0,20,0.0,0.0,100.0,0.8731
20260310-20-23-02,20,1,0,19,5.0,0.0,95.0,0.8666
20260310-20-31-01,20,1,0,19,5.0,0.0,95.0,0.8577
20260310-20-39-00,20,1,0,19,5.0,0.0,95.0,0.872
20260310-20-46-58,20,1,0,19,5.0,0.0,95.0,0.8652
20260310-20-54-57,20,0,0,20,0.0,0.0,100.0,0.8532
20260310-21-02-56,20,2,0,18,10.0,0.0,90.0,0.8865
20260310-21-10-54,20,0,0,20,0.0,0.0,100.0,0.8592
20260310-21-18-53,20,0,0,20,0.0,0.0,100.0,0.8682
20260310-21-26-52,20,0,0,20,0.0,0.0,100.0,0.8565
20260310-21-34-50,20,0,0,20,0.0,0.0,100.0,0.8669
20260310-21-42-49,20,0,0,20,0.0,0.0,100.0,0.8734
20260310-21-50-47,20,0,0,20,0.0,0.0,100.0,0.8645
20260310-21-58-46,20,0,0,20,0.0,0.0,100.0,0.8579
20260310-22-06-45,20,0,0,20,0.0,0.0,100.0,0.8621
20260310-22-14-43,20,0,0,20,0.0,0.0,100.0,0.8946
20260310-22-22-42,20,0,0,20,0.0,0.0,100.0,0.8623
20260310-22-30-41,20,1,0,19,5.0,0.0,95.0,0.8697
20260310-22-38-39,20,0,0,20,0.0,0.0,100.0,0.8571
20260310-22-46-38,20,1,0,19,5.0,0.0,95.0,0.8618
20260310-22-54-37,20,0,0,20,0.0,0.0,100.0,0.849
20260310-23-02-35,20,0,0,20,0.0,0.0,100.0,0.8535
20260310-23-10-34,20,0,1,19,0.0,5.0,95.0,0.8564
20260310-23-18-32,20,0,0,20,0.0,0.0,100.0,0.8708
20260310-23-26-31,20,0,0,20,0.0,0.0,100.0,0.8703
20260310-23-34-30,20,0,0,20,0.0,0.0,100.0,0.8767
20260310-23-42-28,20,0,0,20,0.0,0.0,100.0,0.8486
20260310-23-50-27,20,0,0,20,0.0,0.0,100.0,0.8651
20260310-23-58-26,20,0,0,20,0.0,0.0,100.0,0.8743
20260311-00-06-24,20,1,0,19,5.0,0.0,95.0,0.8757
20260311-00-14-23,20,0,0,20,0.0,0.0,100.0,0.875
20260311-00-22-22,20,0,0,20,0.0,0.0,100.0,0.8593
20260311-00-30-20,20,0,0,20,0.0,0.0,100.0,0.8764
20260311-00-38-19,20,3,0,17,15.0,0.0,85.0,0.8631
20260311-00-46-18,20,3,0,17,15.0,0.0,85.0,0.8464
20260311-00-54-16,20,1,1,18,5.0,5.0,90.0,0.8529
20260311-01-02-15,20,1,0,19,5.0,0.0,95.0,0.8301
20260311-01-10-13,20,1,0,19,5.0,0.0,95.0,0.8598
20260311-01-18-12,20,1,0,19,5.0,0.0,95.0,0.8521
20260311-01-26-11,20,1,0,19,5.0,0.0,95.0,0.8546
20260311-01-34-09,20,0,0,20,0.0,0.0,100.0,0.8519
20260311-01-42-08,20,1,0,19,5.0,0.0,95.0,0.8522
20260311-01-50-06,20,1,0,19,5.0,0.0,95.0,0.8474
20260311-01-58-05,20,0,0,20,0.0,0.0,100.0,0.834
20260311-02-06-03,20,0,0,20,0.0,0.0,100.0,0.8543
20260311-02-14-02,20,0,0,20,0.0,0.0,100.0,0.8605
20260311-02-22-00,20,1,0,19,5.0,0.0,95.0,0.8054
20260311-02-29-59,20,0,0,20,0.0,0.0,100.0,0.8
20260311-02-37-57,20,0,0,20,0.0,0.0,100.0,0.8111
20260311-02-45-56,20,0,0,20,0.0,0.0,100.0,0.8113
20260311-02-53-54,20,0,0,20,0.0,0.0,100.0,0.8325
20260311-03-01-53,20,0,0,20,0.0,0.0,100.0,0.8592
20260311-03-09-51,20,0,0,20,0.0,0.0,100.0,0.8446
20260311-03-17-50,20,0,0,20,0.0,0.0,100.0,0.8561
20260311-03-25-49,20,0,0,20,0.0,0.0,100.0,0.867
20260311-03-33-47,20,1,0,19,5.0,0.0,95.0,0.8718
20260311-03-41-46,20,1,0,19,5.0,0.0,95.0,0.8267
20260311-03-49-44,20,2,0,18,10.0,0.0,90.0,0.8251
20260311-03-57-43,20,2,1,17,10.0,5.0,85.0,0.8492
20260311-04-05-41,20,2,0,18,10.0,0.0,90.0,0.8023
20260311-04-13-40,20,1,1,18,5.0,5.0,90.0,0.845
20260311-04-21-38,20,2,1,17,10.0,5.0,85.0,0.8198
20260311-04-29-37,19,2,0,17,10.5,0.0,89.5,0.86
20260311-04-37-35,19,4,0,15,21.1,0.0,78.9,0.8327
20260311-04-45-34,19,3,0,16,15.8,0.0,84.2,0.8582
20260311-04-53-32,19,3,0,16,15.8,0.0,84.2,0.8589
20260311-05-01-31,19,1,0,18,5.3,0.0,94.7,0.8161
20260311-05-09-30,19,1,1,17,5.3,5.3,89.5,0.8146
20260311-05-17-28,19,1,0,18,5.3,0.0,94.7,0.8346
20260311-05-25-26,20,3,0,17,15.0,0.0,85.0,0.8588
20260311-05-33-25,19,3,0,16,15.8,0.0,84.2,0.8575
20260311-05-41-23,19,4,1,14,21.1,5.3,73.7,0.82
20260311-05-49-22,19,3,3,13,15.8,15.8,68.4,0.8238
20260311-05-57-20,19,7,1,11,36.8,5.3,57.9,0.8541
20260311-06-05-19,19,8,1,10,42.1,5.3,52.6,0.8707
20260311-06-13-17,19,18,1,0,94.7,5.3,0.0,0.9614
20260311-06-21-16,20,12,2,6,60.0,10.0,30.0,0.8869
20260311-06-29-14,20,9,1,10,45.0,5.0,50.0,0.8205
20260311-06-37-13,20,6,1,13,30.0,5.0,65.0,0.8335
20260311-06-45-11,20,8,1,11,40.0,5.0,55.0,0.8443
20260311-06-53-10,20,8,1,11,40.0,5.0,55.0,0.8648
20260311-07-01-08,20,9,1,10,45.0,5.0,50.0,0.8602
20260311-07-09-06,20,12,0,8,60.0,0.0,40.0,0.8827
20260311-07-17-05,19,11,0,8,57.9,0.0,42.1,0.8939
20260311-07-25-04,19,11,3,5,57.9,15.8,26.3,0.8141
20260311-07-33-02,19,19,0,0,100.0,0.0,0.0,0.9606
20260311-07-41-01,20,19,0,1,95.0,0.0,5.0,0.9523
20260311-07-48-59,19,19,0,0,100.0,0.0,0.0,0.9796
20260311-07-56-58,19,19,0,0,100.0,0.0,0.0,0.9712
20260311-08-04-56,19,19,0,0,100.0,0.0,0.0,0.9776
20260311-08-12-55,20,17,0,3,85.0,0.0,15.0,0.9401
20260311-08-20-53,20,15,2,3,75.0,10.0,15.0,0.9149
20260311-08-28-52,20,15,1,4,75.0,5.0,20.0,0.9282
20260311-08-36-50,20,13,0,7,65.0,0.0,35.0,0.8986
20260311-08-44-49,19,15,0,4,78.9,0.0,21.1,0.9386
20260311-08-52-47,19,14,0,5,73.7,0.0,26.3,0.9028
20260311-09-00-46,19,14,1,4,73.7,5.3,21.1,0.9295
20260311-09-08-44,20,13,2,5,65.0,10.0,25.0,0.8719
20260311-09-16-43,20,12,2,6,60.0,10.0,30.0,0.8856
20260311-09-24-41,19,13,1,5,68.4,5.3,26.3,0.926
20260311-09-32-40,19,11,1,7,57.9,5.3,36.8,0.8884
20260311-09-40-38,19,11,0,8,57.9,0.0,42.1,0.8904
20260311-09-48-37,19,10,1,8,52.6,5.3,42.1,0.9064
20260311-09-56-35,19,10,1,8,52.6,5.3,42.1,0.8946
20260311-10-04-34,20,10,1,9,50.0,5.0,45.0,0.9005
20260311-10-12-32,19,11,1,7,57.9,5.3,36.8,0.8323
20260311-10-20-31,19,9,4,6,47.4,21.1,31.6,0.8406
20260311-10-28-29,19,11,2,6,57.9,10.5,31.6,0.885
20260311-10-36-28,19,19,0,0,100.0,0.0,0.0,0.9813
20260311-10-44-26,19,18,0,1,94.7,0.0,5.3,0.9554
20260311-10-52-25,20,16,0,4,80.0,0.0,20.0,0.9391
20260311-11-00-23,20,16,0,4,80.0,0.0,20.0,0.9447
20260311-11-08-22,19,15,1,3,78.9,5.3,15.8,0.927
20260311-11-16-20,20,13,1,6,65.0,5.0,30.0,0.915
20260311-11-24-19,20,11,1,8,55.0,5.0,40.0,0.8687
20260311-11-32-17,20,9,2,9,45.0,10.0,45.0,0.8898
20260311-11-40-16,20,11,1,8,55.0,5.0,40.0,0.8996
20260311-11-48-15,19,11,1,7,57.9,5.3,36.8,0.9059
20260311-11-56-13,19,10,0,9,52.6,0.0,47.4,0.8956
20260311-12-04-12,19,10,1,8,52.6,5.3,42.1,0.8984
20260311-12-12-10,19,10,3,6,52.6,15.8,31.6,0.8579
20260311-12-20-09,19,9,1,9,47.4,5.3,47.4,0.8958
20260311-12-28-07,19,10,2,7,52.6,10.5,36.8,0.8992
20260311-12-36-06,20,10,0,10,50.0,0.0,50.0,0.8674
20260311-12-44-04,19,9,1,9,47.4,5.3,47.4,0.8889
20260311-12-52-02,19,9,1,9,47.4,5.3,47.4,0.8824
20260311-13-00-01,20,9,1,10,45.0,5.0,50.0,0.8817
20260311-13-07-59,19,13,0,6,68.4,0.0,31.6,0.9137
20260311-13-15-58,19,10,0,9,52.6,0.0,47.4,0.9048
20260311-13-23-56,19,11,1,7,57.9,5.3,36.8,0.8783
20260311-13-31-55,19,8,1,10,42.1,5.3,52.6,0.8662
20260311-13-39-53,19,11,0,8,57.9,0.0,42.1,0.9262
20260311-13-47-52,20,9,1,10,45.0,5.0,50.0,0.8846
20260311-13-55-50,19,8,2,9,42.1,10.5,47.4,0.8709
20260311-14-03-49,19,7,2,10,36.8,10.5,52.6,0.8667
20260311-14-11-47,19,9,2,8,47.4,10.5,42.1,0.86
20260311-14-19-46,19,10,1,8,52.6,5.3,42.1,0.879
20260311-14-27-44,19,9,3,7,47.4,15.8,36.8,0.9166
20260311-14-35-43,19,8,3,8,42.1,15.8,42.1,0.9078
20260311-14-43-41,19,12,0,7,63.2,0.0,36.8,0.9231
20260311-14-51-40,19,11,1,7,57.9,5.3,36.8,0.9203
20260311-14-59-38,19,11,2,6,57.9,10.5,31.6,0.8789
20260311-15-07-36,20,10,2,8,50.0,10.0,40.0,0.8402
20260311-15-15-35,20,11,1,8,55.0,5.0,40.0,0.8849
20260311-15-23-33,19,12,0,7,63.2,0.0,36.8,0.9012
20260311-15-31-32,20,12,0,8,60.0,0.0,40.0,0.9159
20260311-15-39-30,19,11,1,7,57.9,5.3,36.8,0.8891
20260311-15-47-29,20,9,0,11,45.0,0.0,55.0,0.8768
20260311-15-55-27,20,9,1,10,45.0,5.0,50.0,0.8947
20260311-16-03-26,20,10,0,10,50.0,0.0,50.0,0.8645
20260311-16-11-24,19,11,0,8,57.9,0.0,42.1,0.8935
20260311-16-19-23,19,9,1,9,47.4,5.3,47.4,0.8956
20260311-16-27-21,19,9,0,10,47.4,0.0,52.6,0.9042
20260311-16-35-20,19,10,1,8,52.6,5.3,42.1,0.8946
20260311-16-43-18,19,12,0,7,63.2,0.0,36.8,0.8882
20260311-16-51-17,19,14,0,5,73.7,0.0,26.3,0.9058
20260311-16-59-15,19,13,0,6,68.4,0.0,31.6,0.9164
20260311-17-07-14,20,14,1,5,70.0,5.0,25.0,0.9384
20260311-17-15-12,19,13,1,5,68.4,5.3,26.3,0.9227
20260311-17-23-11,19,12,0,7,63.2,0.0,36.8,0.9193
20260311-17-31-09,19,13,0,6,68.4,0.0,31.6,0.926
20260311-17-39-08,19,12,1,6,63.2,5.3,31.6,0.8922
20260311-17-47-06,20,11,0,9,55.0,0.0,45.0,0.9101
20260311-17-55-05,20,9,0,11,45.0,0.0,55.0,0.8765
20260311-18-03-03,20,8,0,12,40.0,0.0,60.0,0.8908
20260311-18-11-02,20,7,0,13,35.0,0.0,65.0,0.8521
20260311-18-19-00,20,5,0,15,25.0,0.0,75.0,0.8714
20260311-18-26-59,20,4,0,16,20.0,0.0,80.0,0.857
20260311-18-34-57,20,2,1,17,10.0,5.0,85.0,0.8418
20260311-18-42-56,20,3,0,17,15.0,0.0,85.0,0.856
20260311-18-50-54,20,2,0,18,10.0,0.0,90.0,0.8209
20260311-18-58-53,20,4,0,16,20.0,0.0,80.0,0.8519
20260311-19-06-51,20,4,1,15,20.0,5.0,75.0,0.8442
20260311-19-14-50,20,2,1,17,10.0,5.0,85.0,0.8258
20260311-19-22-48,20,5,1,14,25.0,5.0,70.0,0.8643
20260311-19-30-47,20,4,0,16,20.0,0.0,80.0,0.858
20260311-19-38-45,20,4,1,15,20.0,5.0,75.0,0.8341
20260311-19-46-44,20,1,0,19,5.0,0.0,95.0,0.8323
20260311-19-54-42,20,1,0,19,5.0,0.0,95.0,0.8226
20260311-20-02-41,20,2,0,18,10.0,0.0,90.0,0.8211
20260311-20-10-39,20,2,0,18,10.0,0.0,90.0,0.8581
20260311-20-18-38,20,3,0,17,15.0,0.0,85.0,0.8413
20260311-20-26-36,20,1,0,19,5.0,0.0,95.0,0.8381
20260311-20-34-35,20,1,0,19,5.0,0.0,95.0,0.8602
20260311-20-42-33,20,0,0,20,0.0,0.0,100.0,0.8402
20260311-20-50-32,20,0,0,20,0.0,0.0,100.0,0.8498
20260311-20-58-30,20,0,0,20,0.0,0.0,100.0,0.8556
20260311-21-06-29,20,0,0,20,0.0,0.0,100.0,0.8484
20260311-21-14-27,20,2,0,18,10.0,0.0,90.0,0.8493
20260311-21-22-26,20,2,0,18,10.0,0.0,90.0,0.8607
20260311-21-30-24,20,0,0,20,0.0,0.0,100.0,0.8542
20260311-21-38-23,20,0,1,19,0.0,5.0,95.0,0.8354
20260311-21-46-21,20,0,0,20,0.0,0.0,100.0,0.8293
20260311-21-54-20,20,0,0,20,0.0,0.0,100.0,0.8115
20260311-22-02-18,20,0,1,19,0.0,5.0,95.0,0.83
20260311-22-10-17,20,0,0,20,0.0,0.0,100.0,0.8178
20260311-22-18-15,20,0,0,20,0.0,0.0,100.0,0.8293
20260311-22-26-14,20,0,1,19,0.0,5.0,95.0,0.8311
20260311-22-34-12,20,0,0,20,0.0,0.0,100.0,0.8258
20260311-22-42-11,20,2,0,18,10.0,0.0,90.0,0.8671
20260311-22-50-09,20,0,0,20,0.0,0.0,100.0,0.8205
20260311-22-58-08,20,1,0,19,5.0,0.0,95.0,0.8448
20260311-23-06-07,20,0,0,20,0.0,0.0,100.0,0.8407
20260311-23-14-05,20,0,0,20,0.0,0.0,100.0,0.8219
20260311-23-22-04,20,0,0,20,0.0,0.0,100.0,0.857
20260311-23-30-02,20,0,0,20,0.0,0.0,100.0,0.8315
20260311-23-38-01,20,0,0,20,0.0,0.0,100.0,0.8545
20260311-23-45-59,20,0,0,20,0.0,0.0,100.0,0.8235
20260311-23-53-58,20,0,0,20,0.0,0.0,100.0,0.8596
20260312-00-01-56,19,1,0,18,5.3,0.0,94.7,0.85
20260312-00-09-55,20,0,0,20,0.0,0.0,100.0,0.8365
20260312-00-17-53,19,1,0,18,5.3,0.0,94.7,0.8616
20260312-00-25-52,20,0,0,20,0.0,0.0,100.0,0.8508
20260312-00-33-50,20,0,0,20,0.0,0.0,100.0,0.8201
20260312-00-41-49,20,0,0,20,0.0,0.0,100.0,0.8379
20260312-00-49-47,20,0,0,20,0.0,0.0,100.0,0.8248
20260312-00-57-46,20,0,0,20,0.0,0.0,100.0,0.8432
20260312-01-05-44,20,0,0,20,0.0,0.0,100.0,0.8638
20260312-01-13-43,20,0,0,20,0.0,0.0,100.0,0.8633
20260312-01-21-42,20,0,1,19,0.0,5.0,95.0,0.8064
20260312-01-29-40,19,0,0,19,0.0,0.0,100.0,0.8438
20260312-01-37-39,20,0,0,20,0.0,0.0,100.0,0.8283
20260312-01-45-37,20,0,0,20,0.0,0.0,100.0,0.8564
20260312-01-53-36,20,0,0,20,0.0,0.0,100.0,0.8502
20260312-02-01-34,20,0,0,20,0.0,0.0,100.0,0.83
20260312-02-09-33,19,0,0,19,0.0,0.0,100.0,0.847
20260312-02-17-31,19,0,0,19,0.0,0.0,100.0,0.8614
20260312-02-25-30,20,1,0,19,5.0,0.0,95.0,0.8823
20260312-02-33-28,19,0,1,18,0.0,5.3,94.7,0.8177
20260312-02-41-27,19,0,1,18,0.0,5.3,94.7,0.8212
20260312-02-49-25,19,3,0,16,15.8,0.0,84.2,0.8519
20260312-02-57-24,19,3,0,16,15.8,0.0,84.2,0.8663
20260312-03-05-22,19,2,1,16,10.5,5.3,84.2,0.8385
20260312-03-13-21,19,1,0,18,5.3,0.0,94.7,0.847
20260312-03-21-19,19,1,0,18,5.3,0.0,94.7,0.851
20260312-03-29-18,19,1,0,18,5.3,0.0,94.7,0.8371
20260312-03-37-16,19,2,0,17,10.5,0.0,89.5,0.8604
20260312-03-45-15,19,0,0,19,0.0,0.0,100.0,0.7916
20260312-03-53-13,19,0,0,19,0.0,0.0,100.0,0.8366
20260312-04-01-12,19,1,0,18,5.3,0.0,94.7,0.8387
20260312-04-09-10,19,3,1,15,15.8,5.3,78.9,0.8416
20260312-04-17-09,19,5,0,14,26.3,0.0,73.7,0.8312
20260312-04-25-07,19,6,0,13,31.6,0.0,68.4,0.8704
20260312-04-33-06,19,4,1,14,21.1,5.3,73.7,0.8229
20260312-04-41-04,19,3,0,16,15.8,0.0,84.2,0.8515
20260312-04-49-03,19,4,0,15,21.1,0.0,78.9,0.861
20260312-04-57-01,19,5,0,14,26.3,0.0,73.7,0.8464
20260312-05-05-00,19,5,1,13,26.3,5.3,68.4,0.8332
20260312-05-12-58,19,5,2,12,26.3,10.5,63.2,0.8094
20260312-05-20-57,19,6,3,10,31.6,15.8,52.6,0.8323
20260312-05-28-55,19,8,3,8,42.1,15.8,42.1,0.8888
20260312-05-36-54,19,10,2,7,52.6,10.5,36.8,0.8872
20260312-05-44-52,20,10,1,9,50.0,5.0,45.0,0.8622
20260312-05-52-51,20,10,0,10,50.0,0.0,50.0,0.8934
20260312-06-00-50,20,11,2,7,55.0,10.0,35.0,0.8736
20260312-06-08-48,19,14,0,5,73.7,0.0,26.3,0.9385
20260312-06-16-47,19,15,2,2,78.9,10.5,10.5,0.9161
20260312-06-24-45,19,15,2,2,78.9,10.5,10.5,0.9102
20260312-06-32-44,19,14,1,4,73.7,5.3,21.1,0.9429
20260312-06-40-42,19,13,1,5,68.4,5.3,26.3,0.9258
20260312-06-48-41,19,12,1,6,63.2,5.3,31.6,0.931
20260312-06-56-39,19,13,0,6,68.4,0.0,31.6,0.9042
20260312-07-04-38,19,15,0,4,78.9,0.0,21.1,0.9356
20260312-07-12-36,19,16,1,2,84.2,5.3,10.5,0.9337
20260312-07-20-35,19,16,1,2,84.2,5.3,10.5,0.9471
20260312-07-28-34,19,16,0,3,84.2,0.0,15.8,0.9437
20260312-07-36-32,19,19,0,0,100.0,0.0,0.0,0.9637
20260312-07-44-31,19,19,0,0,100.0,0.0,0.0,0.9633
20260312-07-52-29,19,19,0,0,100.0,0.0,0.0,0.9734
20260312-08-00-28,20,19,0,1,95.0,0.0,5.0,0.9568
20260312-08-08-27,19,18,0,1,94.7,0.0,5.3,0.9696
20260312-08-16-25,19,16,1,2,84.2,5.3,10.5,0.9364
20260312-08-24-24,19,16,1,2,84.2,5.3,10.5,0.9125
